time | phase | epoch | batch | work | done | ETA | loss | card@1 | zone | tile | timing
-----+-------+-------+-------+------+------+-----+------+--------+------+------+-------
00:58:18 | 4.2 | 1/10 | 1/3927 |   0.00% | 512/20,102,200 | 7h12m | 5.300 | — | — | — | —
00:58:23 | 4.2 | 1/10 | 25/3927 |   0.06% | 12,800/20,102,200 | 2h26m | 4.818 | — | — | — | —
00:58:28 | 4.2 | 1/10 | 50/3927 |   0.13% | 25,600/20,102,200 | 2h20m | 4.803 | — | — | — | —
00:58:33 | 4.2 | 1/10 | 75/3927 |   0.19% | 38,400/20,102,200 | 2h17m | 4.604 | — | — | — | —
00:58:38 | 4.2 | 1/10 | 100/3927 |   0.25% | 51,200/20,102,200 | 2h16m | 4.488 | — | — | — | —
00:58:43 | 4.2 | 1/10 | 125/3927 |   0.32% | 64,000/20,102,200 | 2h15m | 4.344 | — | — | — | —
00:58:48 | 4.2 | 1/10 | 150/3927 |   0.38% | 76,800/20,102,200 | 2h14m | 4.423 | — | — | — | —
00:58:53 | 4.2 | 1/10 | 175/3927 |   0.45% | 89,600/20,102,200 | 2h14m | 4.209 | — | — | — | —
00:58:59 | 4.2 | 1/10 | 200/3927 |   0.51% | 102,400/20,102,200 | 2h14m | 4.195 | — | — | — | —
00:59:04 | 4.2 | 1/10 | 225/3927 |   0.57% | 115,200/20,102,200 | 2h14m | 4.187 | — | — | — | —
00:59:09 | 4.2 | 1/10 | 250/3927 |   0.64% | 128,000/20,102,200 | 2h14m | 4.080 | — | — | — | —
00:59:14 | 4.2 | 1/10 | 275/3927 |   0.70% | 140,800/20,102,200 | 2h13m | 4.136 | — | — | — | —
00:59:19 | 4.2 | 1/10 | 300/3927 |   0.76% | 153,600/20,102,200 | 2h13m | 4.081 | — | — | — | —
00:59:24 | 4.2 | 1/10 | 325/3927 |   0.83% | 166,400/20,102,200 | 2h13m | 4.039 | — | — | — | —
00:59:29 | 4.2 | 1/10 | 350/3927 |   0.89% | 179,200/20,102,200 | 2h13m | 4.119 | — | — | — | —
00:59:34 | 4.2 | 1/10 | 375/3927 |   0.95% | 192,000/20,102,200 | 2h12m | 4.008 | — | — | — | —
00:59:39 | 4.2 | 1/10 | 400/3927 |   1.02% | 204,800/20,102,200 | 2h12m | 4.083 | — | — | — | —
00:59:44 | 4.2 | 1/10 | 425/3927 |   1.08% | 217,600/20,102,200 | 2h12m | 4.005 | — | — | — | —
00:59:50 | 4.2 | 1/10 | 450/3927 |   1.15% | 230,400/20,102,200 | 2h12m | 3.980 | — | — | — | —
00:59:55 | 4.2 | 1/10 | 475/3927 |   1.21% | 243,200/20,102,200 | 2h12m | 3.928 | — | — | — | —
01:00:00 | 4.2 | 1/10 | 500/3927 |   1.27% | 256,000/20,102,200 | 2h12m | 4.043 | — | — | — | —
01:00:05 | 4.2 | 1/10 | 525/3927 |   1.34% | 268,800/20,102,200 | 2h12m | 3.979 | — | — | — | —
01:00:10 | 4.2 | 1/10 | 550/3927 |   1.40% | 281,600/20,102,200 | 2h12m | 3.946 | — | — | — | —
01:00:16 | 4.2 | 1/10 | 575/3927 |   1.46% | 294,400/20,102,200 | 2h12m | 3.880 | — | — | — | —
01:00:21 | 4.2 | 1/10 | 600/3927 |   1.53% | 307,200/20,102,200 | 2h12m | 3.864 | — | — | — | —
01:00:26 | 4.2 | 1/10 | 625/3927 |   1.59% | 320,000/20,102,200 | 2h12m | 3.889 | — | — | — | —
01:00:31 | 4.2 | 1/10 | 650/3927 |   1.66% | 332,800/20,102,200 | 2h12m | 3.967 | — | — | — | —
01:00:36 | 4.2 | 1/10 | 675/3927 |   1.72% | 345,600/20,102,200 | 2h12m | 3.885 | — | — | — | —
01:00:41 | 4.2 | 1/10 | 700/3927 |   1.78% | 358,400/20,102,200 | 2h12m | 3.743 | — | — | — | —
01:00:46 | 4.2 | 1/10 | 725/3927 |   1.85% | 371,200/20,102,200 | 2h12m | 3.755 | — | — | — | —
01:00:51 | 4.2 | 1/10 | 750/3927 |   1.91% | 384,000/20,102,200 | 2h11m | 3.881 | — | — | — | —
01:00:56 | 4.2 | 1/10 | 775/3927 |   1.97% | 396,800/20,102,200 | 2h11m | 3.819 | — | — | — | —
01:01:02 | 4.2 | 1/10 | 800/3927 |   2.04% | 409,600/20,102,200 | 2h11m | 3.784 | — | — | — | —
01:01:07 | 4.2 | 1/10 | 825/3927 |   2.10% | 422,400/20,102,200 | 2h11m | 3.840 | — | — | — | —
01:01:12 | 4.2 | 1/10 | 850/3927 |   2.16% | 435,200/20,102,200 | 2h11m | 3.854 | — | — | — | —
01:01:17 | 4.2 | 1/10 | 875/3927 |   2.23% | 448,000/20,102,200 | 2h11m | 3.776 | — | — | — | —
01:01:22 | 4.2 | 1/10 | 900/3927 |   2.29% | 460,800/20,102,200 | 2h11m | 3.841 | — | — | — | —
01:01:27 | 4.2 | 1/10 | 925/3927 |   2.36% | 473,600/20,102,200 | 2h11m | 3.824 | — | — | — | —
01:01:32 | 4.2 | 1/10 | 950/3927 |   2.42% | 486,400/20,102,200 | 2h11m | 3.822 | — | — | — | —
01:01:37 | 4.2 | 1/10 | 975/3927 |   2.48% | 499,200/20,102,200 | 2h11m | 3.729 | — | — | — | —
01:01:42 | 4.2 | 1/10 | 1000/3927 |   2.55% | 512,000/20,102,200 | 2h10m | 3.752 | — | — | — | —
01:01:48 | 4.2 | 1/10 | 1025/3927 |   2.61% | 524,800/20,102,200 | 2h10m | 3.777 | — | — | — | —
01:01:53 | 4.2 | 1/10 | 1050/3927 |   2.67% | 537,600/20,102,200 | 2h10m | 3.657 | — | — | — | —
01:01:58 | 4.2 | 1/10 | 1075/3927 |   2.74% | 550,400/20,102,200 | 2h10m | 3.627 | — | — | — | —
01:02:03 | 4.2 | 1/10 | 1100/3927 |   2.80% | 563,200/20,102,200 | 2h10m | 3.664 | — | — | — | —
01:02:08 | 4.2 | 1/10 | 1125/3927 |   2.86% | 576,000/20,102,200 | 2h10m | 3.684 | — | — | — | —
01:02:13 | 4.2 | 1/10 | 1150/3927 |   2.93% | 588,800/20,102,200 | 2h10m | 3.734 | — | — | — | —
01:02:18 | 4.2 | 1/10 | 1175/3927 |   2.99% | 601,600/20,102,200 | 2h10m | 3.769 | — | — | — | —
01:02:23 | 4.2 | 1/10 | 1200/3927 |   3.06% | 614,400/20,102,200 | 2h10m | 3.683 | — | — | — | —
01:02:29 | 4.2 | 1/10 | 1225/3927 |   3.12% | 627,200/20,102,200 | 2h10m | 3.666 | — | — | — | —
01:02:34 | 4.2 | 1/10 | 1250/3927 |   3.18% | 640,000/20,102,200 | 2h10m | 3.740 | — | — | — | —
01:02:39 | 4.2 | 1/10 | 1275/3927 |   3.25% | 652,800/20,102,200 | 2h10m | 3.630 | — | — | — | —
01:02:44 | 4.2 | 1/10 | 1300/3927 |   3.31% | 665,600/20,102,200 | 2h09m | 3.657 | — | — | — | —
01:02:49 | 4.2 | 1/10 | 1325/3927 |   3.37% | 678,400/20,102,200 | 2h09m | 3.558 | — | — | — | —
01:02:54 | 4.2 | 1/10 | 1350/3927 |   3.44% | 691,200/20,102,200 | 2h09m | 3.554 | — | — | — | —
01:03:00 | 4.2 | 1/10 | 1375/3927 |   3.50% | 704,000/20,102,200 | 2h09m | 3.630 | — | — | — | —
01:03:05 | 4.2 | 1/10 | 1400/3927 |   3.57% | 716,800/20,102,200 | 2h09m | 3.592 | — | — | — | —
01:03:10 | 4.2 | 1/10 | 1425/3927 |   3.63% | 729,600/20,102,200 | 2h09m | 3.510 | — | — | — | —
01:03:15 | 4.2 | 1/10 | 1450/3927 |   3.69% | 742,400/20,102,200 | 2h09m | 3.735 | — | — | — | —
01:03:20 | 4.2 | 1/10 | 1475/3927 |   3.76% | 755,200/20,102,200 | 2h09m | 3.511 | — | — | — | —
01:03:25 | 4.2 | 1/10 | 1500/3927 |   3.82% | 768,000/20,102,200 | 2h09m | 3.676 | — | — | — | —
01:03:30 | 4.2 | 1/10 | 1525/3927 |   3.88% | 780,800/20,102,200 | 2h09m | 3.572 | — | — | — | —
01:03:35 | 4.2 | 1/10 | 1550/3927 |   3.95% | 793,600/20,102,200 | 2h09m | 3.662 | — | — | — | —
01:03:41 | 4.2 | 1/10 | 1575/3927 |   4.01% | 806,400/20,102,200 | 2h08m | 3.616 | — | — | — | —
01:03:46 | 4.2 | 1/10 | 1600/3927 |   4.07% | 819,200/20,102,200 | 2h08m | 3.592 | — | — | — | —
01:03:51 | 4.2 | 1/10 | 1625/3927 |   4.14% | 832,000/20,102,200 | 2h08m | 3.620 | — | — | — | —
01:03:56 | 4.2 | 1/10 | 1650/3927 |   4.20% | 844,800/20,102,200 | 2h08m | 3.518 | — | — | — | —
01:04:01 | 4.2 | 1/10 | 1675/3927 |   4.27% | 857,600/20,102,200 | 2h08m | 3.702 | — | — | — | —
01:04:06 | 4.2 | 1/10 | 1700/3927 |   4.33% | 870,400/20,102,200 | 2h08m | 3.512 | — | — | — | —
01:04:11 | 4.2 | 1/10 | 1725/3927 |   4.39% | 883,200/20,102,200 | 2h08m | 3.553 | — | — | — | —
01:04:16 | 4.2 | 1/10 | 1750/3927 |   4.46% | 896,000/20,102,200 | 2h08m | 3.502 | — | — | — | —
01:04:21 | 4.2 | 1/10 | 1775/3927 |   4.52% | 908,800/20,102,200 | 2h08m | 3.549 | — | — | — | —
01:04:27 | 4.2 | 1/10 | 1800/3927 |   4.58% | 921,600/20,102,200 | 2h08m | 3.679 | — | — | — | —
01:04:32 | 4.2 | 1/10 | 1825/3927 |   4.65% | 934,400/20,102,200 | 2h08m | 3.544 | — | — | — | —
01:04:37 | 4.2 | 1/10 | 1850/3927 |   4.71% | 947,200/20,102,200 | 2h07m | 3.509 | — | — | — | —
01:04:42 | 4.2 | 1/10 | 1875/3927 |   4.77% | 960,000/20,102,200 | 2h07m | 3.437 | — | — | — | —
01:04:47 | 4.2 | 1/10 | 1900/3927 |   4.84% | 972,800/20,102,200 | 2h07m | 3.539 | — | — | — | —
01:04:53 | 4.2 | 1/10 | 1925/3927 |   4.90% | 985,600/20,102,200 | 2h07m | 3.583 | — | — | — | —
01:04:58 | 4.2 | 1/10 | 1950/3927 |   4.97% | 998,400/20,102,200 | 2h07m | 3.516 | — | — | — | —
01:05:03 | 4.2 | 1/10 | 1975/3927 |   5.03% | 1,011,200/20,102,200 | 2h07m | 3.465 | — | — | — | —
01:05:08 | 4.2 | 1/10 | 2000/3927 |   5.09% | 1,024,000/20,102,200 | 2h07m | 3.470 | — | — | — | —
01:05:13 | 4.2 | 1/10 | 2025/3927 |   5.16% | 1,036,800/20,102,200 | 2h07m | 3.470 | — | — | — | —
01:05:18 | 4.2 | 1/10 | 2050/3927 |   5.22% | 1,049,600/20,102,200 | 2h07m | 3.548 | — | — | — | —
01:05:23 | 4.2 | 1/10 | 2075/3927 |   5.28% | 1,062,400/20,102,200 | 2h07m | 3.516 | — | — | — | —
01:05:28 | 4.2 | 1/10 | 2100/3927 |   5.35% | 1,075,200/20,102,200 | 2h07m | 3.626 | — | — | — | —
01:05:34 | 4.2 | 1/10 | 2125/3927 |   5.41% | 1,088,000/20,102,200 | 2h07m | 3.528 | — | — | — | —
01:05:39 | 4.2 | 1/10 | 2150/3927 |   5.47% | 1,100,800/20,102,200 | 2h07m | 3.412 | — | — | — | —
01:05:44 | 4.2 | 1/10 | 2175/3927 |   5.54% | 1,113,600/20,102,200 | 2h06m | 3.535 | — | — | — | —
01:05:49 | 4.2 | 1/10 | 2200/3927 |   5.60% | 1,126,400/20,102,200 | 2h06m | 3.437 | — | — | — | —
01:05:54 | 4.2 | 1/10 | 2225/3927 |   5.67% | 1,139,200/20,102,200 | 2h06m | 3.513 | — | — | — | —
01:05:59 | 4.2 | 1/10 | 2250/3927 |   5.73% | 1,152,000/20,102,200 | 2h06m | 3.497 | — | — | — | —
01:06:04 | 4.2 | 1/10 | 2275/3927 |   5.79% | 1,164,800/20,102,200 | 2h06m | 3.500 | — | — | — | —
01:06:10 | 4.2 | 1/10 | 2300/3927 |   5.86% | 1,177,600/20,102,200 | 2h06m | 3.548 | — | — | — | —
01:06:15 | 4.2 | 1/10 | 2325/3927 |   5.92% | 1,190,400/20,102,200 | 2h06m | 3.539 | — | — | — | —
01:06:20 | 4.2 | 1/10 | 2350/3927 |   5.98% | 1,203,200/20,102,200 | 2h06m | 3.508 | — | — | — | —
01:06:25 | 4.2 | 1/10 | 2375/3927 |   6.05% | 1,216,000/20,102,200 | 2h06m | 3.523 | — | — | — | —
01:06:30 | 4.2 | 1/10 | 2400/3927 |   6.11% | 1,228,800/20,102,200 | 2h06m | 3.480 | — | — | — | —
01:06:35 | 4.2 | 1/10 | 2425/3927 |   6.18% | 1,241,600/20,102,200 | 2h06m | 3.554 | — | — | — | —
01:06:40 | 4.2 | 1/10 | 2450/3927 |   6.24% | 1,254,400/20,102,200 | 2h06m | 3.478 | — | — | — | —
01:06:45 | 4.2 | 1/10 | 2475/3927 |   6.30% | 1,267,200/20,102,200 | 2h05m | 3.495 | — | — | — | —
01:06:51 | 4.2 | 1/10 | 2500/3927 |   6.37% | 1,280,000/20,102,200 | 2h05m | 3.434 | — | — | — | —
01:06:56 | 4.2 | 1/10 | 2525/3927 |   6.43% | 1,292,800/20,102,200 | 2h05m | 3.494 | — | — | — | —
01:07:01 | 4.2 | 1/10 | 2550/3927 |   6.49% | 1,305,600/20,102,200 | 2h05m | 3.453 | — | — | — | —
01:07:06 | 4.2 | 1/10 | 2575/3927 |   6.56% | 1,318,400/20,102,200 | 2h05m | 3.405 | — | — | — | —
01:07:11 | 4.2 | 1/10 | 2600/3927 |   6.62% | 1,331,200/20,102,200 | 2h05m | 3.446 | — | — | — | —
01:07:16 | 4.2 | 1/10 | 2625/3927 |   6.68% | 1,344,000/20,102,200 | 2h05m | 3.382 | — | — | — | —
01:07:22 | 4.2 | 1/10 | 2650/3927 |   6.75% | 1,356,800/20,102,200 | 2h05m | 3.516 | — | — | — | —
01:07:27 | 4.2 | 1/10 | 2675/3927 |   6.81% | 1,369,600/20,102,200 | 2h05m | 3.329 | — | — | — | —
01:07:32 | 4.2 | 1/10 | 2700/3927 |   6.88% | 1,382,400/20,102,200 | 2h05m | 3.408 | — | — | — | —
01:07:37 | 4.2 | 1/10 | 2725/3927 |   6.94% | 1,395,200/20,102,200 | 2h05m | 3.484 | — | — | — | —
01:07:42 | 4.2 | 1/10 | 2750/3927 |   7.00% | 1,408,000/20,102,200 | 2h05m | 3.475 | — | — | — | —
01:07:47 | 4.2 | 1/10 | 2775/3927 |   7.07% | 1,420,800/20,102,200 | 2h04m | 3.428 | — | — | — | —
01:07:52 | 4.2 | 1/10 | 2800/3927 |   7.13% | 1,433,600/20,102,200 | 2h04m | 3.504 | — | — | — | —
01:07:57 | 4.2 | 1/10 | 2825/3927 |   7.19% | 1,446,400/20,102,200 | 2h04m | 3.502 | — | — | — | —
01:08:03 | 4.2 | 1/10 | 2850/3927 |   7.26% | 1,459,200/20,102,200 | 2h04m | 3.393 | — | — | — | —
01:08:08 | 4.2 | 1/10 | 2875/3927 |   7.32% | 1,472,000/20,102,200 | 2h04m | 3.511 | — | — | — | —
01:08:13 | 4.2 | 1/10 | 2900/3927 |   7.38% | 1,484,800/20,102,200 | 2h04m | 3.468 | — | — | — | —
01:08:18 | 4.2 | 1/10 | 2925/3927 |   7.45% | 1,497,600/20,102,200 | 2h04m | 3.405 | — | — | — | —
01:08:23 | 4.2 | 1/10 | 2950/3927 |   7.51% | 1,510,400/20,102,200 | 2h04m | 3.449 | — | — | — | —
01:08:28 | 4.2 | 1/10 | 2975/3927 |   7.58% | 1,523,200/20,102,200 | 2h04m | 3.466 | — | — | — | —
01:08:33 | 4.2 | 1/10 | 3000/3927 |   7.64% | 1,536,000/20,102,200 | 2h04m | 3.386 | — | — | — | —
01:08:38 | 4.2 | 1/10 | 3025/3927 |   7.70% | 1,548,800/20,102,200 | 2h04m | 3.414 | — | — | — | —
01:08:43 | 4.2 | 1/10 | 3050/3927 |   7.77% | 1,561,600/20,102,200 | 2h03m | 3.372 | — | — | — | —
01:08:49 | 4.2 | 1/10 | 3075/3927 |   7.83% | 1,574,400/20,102,200 | 2h03m | 3.399 | — | — | — | —
01:08:54 | 4.2 | 1/10 | 3100/3927 |   7.89% | 1,587,200/20,102,200 | 2h03m | 3.511 | — | — | — | —
01:08:59 | 4.2 | 1/10 | 3125/3927 |   7.96% | 1,600,000/20,102,200 | 2h03m | 3.365 | — | — | — | —
01:09:04 | 4.2 | 1/10 | 3150/3927 |   8.02% | 1,612,800/20,102,200 | 2h03m | 3.507 | — | — | — | —
01:09:09 | 4.2 | 1/10 | 3175/3927 |   8.09% | 1,625,600/20,102,200 | 2h03m | 3.286 | — | — | — | —
01:09:15 | 4.2 | 1/10 | 3200/3927 |   8.15% | 1,638,400/20,102,200 | 2h03m | 3.433 | — | — | — | —
01:09:20 | 4.2 | 1/10 | 3225/3927 |   8.21% | 1,651,200/20,102,200 | 2h03m | 3.361 | — | — | — | —
01:09:25 | 4.2 | 1/10 | 3250/3927 |   8.28% | 1,664,000/20,102,200 | 2h03m | 3.318 | — | — | — | —
01:09:30 | 4.2 | 1/10 | 3275/3927 |   8.34% | 1,676,800/20,102,200 | 2h03m | 3.393 | — | — | — | —
01:09:35 | 4.2 | 1/10 | 3300/3927 |   8.40% | 1,689,600/20,102,200 | 2h03m | 3.395 | — | — | — | —
01:09:40 | 4.2 | 1/10 | 3325/3927 |   8.47% | 1,702,400/20,102,200 | 2h03m | 3.379 | — | — | — | —
01:09:45 | 4.2 | 1/10 | 3350/3927 |   8.53% | 1,715,200/20,102,200 | 2h02m | 3.350 | — | — | — | —
01:09:50 | 4.2 | 1/10 | 3375/3927 |   8.59% | 1,728,000/20,102,200 | 2h02m | 3.422 | — | — | — | —
01:09:55 | 4.2 | 1/10 | 3400/3927 |   8.66% | 1,740,800/20,102,200 | 2h02m | 3.406 | — | — | — | —
01:10:01 | 4.2 | 1/10 | 3425/3927 |   8.72% | 1,753,600/20,102,200 | 2h02m | 3.452 | — | — | — | —
01:10:06 | 4.2 | 1/10 | 3450/3927 |   8.79% | 1,766,400/20,102,200 | 2h02m | 3.360 | — | — | — | —
01:10:11 | 4.2 | 1/10 | 3475/3927 |   8.85% | 1,779,200/20,102,200 | 2h02m | 3.396 | — | — | — | —
01:10:17 | 4.2 | 1/10 | 3500/3927 |   8.91% | 1,792,000/20,102,200 | 2h02m | 3.457 | — | — | — | —
01:10:23 | 4.2 | 1/10 | 3525/3927 |   8.98% | 1,804,800/20,102,200 | 2h02m | 3.416 | — | — | — | —
01:10:28 | 4.2 | 1/10 | 3550/3927 |   9.04% | 1,817,600/20,102,200 | 2h02m | 3.318 | — | — | — | —
01:10:33 | 4.2 | 1/10 | 3575/3927 |   9.10% | 1,830,400/20,102,200 | 2h02m | 3.351 | — | — | — | —
01:10:38 | 4.2 | 1/10 | 3600/3927 |   9.17% | 1,843,200/20,102,200 | 2h02m | 3.295 | — | — | — | —
01:10:44 | 4.2 | 1/10 | 3625/3927 |   9.23% | 1,856,000/20,102,200 | 2h02m | 3.348 | — | — | — | —
01:10:49 | 4.2 | 1/10 | 3650/3927 |   9.29% | 1,868,800/20,102,200 | 2h02m | 3.449 | — | — | — | —
01:10:54 | 4.2 | 1/10 | 3675/3927 |   9.36% | 1,881,600/20,102,200 | 2h02m | 3.229 | — | — | — | —
01:10:59 | 4.2 | 1/10 | 3700/3927 |   9.42% | 1,894,400/20,102,200 | 2h02m | 3.478 | — | — | — | —
01:11:04 | 4.2 | 1/10 | 3725/3927 |   9.49% | 1,907,200/20,102,200 | 2h02m | 3.364 | — | — | — | —
01:11:10 | 4.2 | 1/10 | 3750/3927 |   9.55% | 1,920,000/20,102,200 | 2h01m | 3.379 | — | — | — | —
01:11:15 | 4.2 | 1/10 | 3775/3927 |   9.61% | 1,932,800/20,102,200 | 2h01m | 3.383 | — | — | — | —
01:11:21 | 4.2 | 1/10 | 3800/3927 |   9.68% | 1,945,600/20,102,200 | 2h01m | 3.332 | — | — | — | —
01:11:26 | 4.2 | 1/10 | 3825/3927 |   9.74% | 1,958,400/20,102,200 | 2h01m | 3.344 | — | — | — | —
01:11:32 | 4.2 | 1/10 | 3850/3927 |   9.80% | 1,971,200/20,102,200 | 2h01m | 3.246 | — | — | — | —
01:11:37 | 4.2 | 1/10 | 3875/3927 |   9.87% | 1,984,000/20,102,200 | 2h01m | 3.463 | — | — | — | —
01:11:42 | 4.2 | 1/10 | 3900/3927 |   9.93% | 1,996,800/20,102,200 | 2h01m | 3.359 | — | — | — | —
01:11:48 | 4.2 | 1/10 | 3925/3927 |   9.99% | 2,009,600/20,102,200 | 2h01m | 3.401 | — | — | — | —
01:11:48 | 4.2 | 1/10 | 3927/3927 |  10.00% | 2,010,624/20,102,200 | 2h01m | 3.346 | — | — | — | —
01:11:57 | validation | 1/10 | epoch-end |  10.00% | 2,010,220/20,102,200 | 2h02m | 3.634 |  49.61% |  39.84% |   2.85% | 1.645
01:11:57 | 4.2 | 2/10 | 1/3927 |  10.00% | 2,011,136/20,102,200 | 2h02m | 3.415 | — | — | — | —
01:12:02 | 4.2 | 2/10 | 25/3927 |  10.06% | 2,023,424/20,102,200 | 2h02m | 3.413 | — | — | — | —
01:12:07 | 4.2 | 2/10 | 50/3927 |  10.13% | 2,036,224/20,102,200 | 2h02m | 3.395 | — | — | — | —
01:12:13 | 4.2 | 2/10 | 75/3927 |  10.19% | 2,049,024/20,102,200 | 2h02m | 3.433 | — | — | — | —
01:12:18 | 4.2 | 2/10 | 100/3927 |  10.25% | 2,061,824/20,102,200 | 2h02m | 3.352 | — | — | — | —
01:12:23 | 4.2 | 2/10 | 125/3927 |  10.32% | 2,074,624/20,102,200 | 2h02m | 3.296 | — | — | — | —
01:12:28 | 4.2 | 2/10 | 150/3927 |  10.38% | 2,087,424/20,102,200 | 2h02m | 3.288 | — | — | — | —
01:12:34 | 4.2 | 2/10 | 175/3927 |  10.45% | 2,100,224/20,102,200 | 2h02m | 3.317 | — | — | — | —
01:12:39 | 4.2 | 2/10 | 200/3927 |  10.51% | 2,113,024/20,102,200 | 2h02m | 3.331 | — | — | — | —
01:12:44 | 4.2 | 2/10 | 225/3927 |  10.57% | 2,125,824/20,102,200 | 2h02m | 3.407 | — | — | — | —
01:12:50 | 4.2 | 2/10 | 250/3927 |  10.64% | 2,138,624/20,102,200 | 2h02m | 3.232 | — | — | — | —
01:12:55 | 4.2 | 2/10 | 275/3927 |  10.70% | 2,151,424/20,102,200 | 2h02m | 3.261 | — | — | — | —
01:13:01 | 4.2 | 2/10 | 300/3927 |  10.76% | 2,164,224/20,102,200 | 2h02m | 3.235 | — | — | — | —
01:13:06 | 4.2 | 2/10 | 325/3927 |  10.83% | 2,177,024/20,102,200 | 2h02m | 3.275 | — | — | — | —
01:13:11 | 4.2 | 2/10 | 350/3927 |  10.89% | 2,189,824/20,102,200 | 2h01m | 3.269 | — | — | — | —
01:13:17 | 4.2 | 2/10 | 375/3927 |  10.95% | 2,202,624/20,102,200 | 2h01m | 3.248 | — | — | — | —
01:13:22 | 4.2 | 2/10 | 400/3927 |  11.02% | 2,215,424/20,102,200 | 2h01m | 3.263 | — | — | — | —
01:13:27 | 4.2 | 2/10 | 425/3927 |  11.08% | 2,228,224/20,102,200 | 2h01m | 3.369 | — | — | — | —
01:13:33 | 4.2 | 2/10 | 450/3927 |  11.15% | 2,241,024/20,102,200 | 2h01m | 3.254 | — | — | — | —
01:13:38 | 4.2 | 2/10 | 475/3927 |  11.21% | 2,253,824/20,102,200 | 2h01m | 3.271 | — | — | — | —
01:13:44 | 4.2 | 2/10 | 500/3927 |  11.27% | 2,266,624/20,102,200 | 2h01m | 3.307 | — | — | — | —
01:13:49 | 4.2 | 2/10 | 525/3927 |  11.34% | 2,279,424/20,102,200 | 2h01m | 3.357 | — | — | — | —
01:13:54 | 4.2 | 2/10 | 550/3927 |  11.40% | 2,292,224/20,102,200 | 2h01m | 3.324 | — | — | — | —
01:13:59 | 4.2 | 2/10 | 575/3927 |  11.46% | 2,305,024/20,102,200 | 2h01m | 3.320 | — | — | — | —
01:14:04 | 4.2 | 2/10 | 600/3927 |  11.53% | 2,317,824/20,102,200 | 2h01m | 3.214 | — | — | — | —
01:14:10 | 4.2 | 2/10 | 625/3927 |  11.59% | 2,330,624/20,102,200 | 2h01m | 3.316 | — | — | — | —
01:14:16 | 4.2 | 2/10 | 650/3927 |  11.66% | 2,343,424/20,102,200 | 2h01m | 3.325 | — | — | — | —
01:14:21 | 4.2 | 2/10 | 675/3927 |  11.72% | 2,356,224/20,102,200 | 2h01m | 3.301 | — | — | — | —
01:14:26 | 4.2 | 2/10 | 700/3927 |  11.78% | 2,369,024/20,102,200 | 2h00m | 3.342 | — | — | — | —
01:14:32 | 4.2 | 2/10 | 725/3927 |  11.85% | 2,381,824/20,102,200 | 2h00m | 3.156 | — | — | — | —
01:14:37 | 4.2 | 2/10 | 750/3927 |  11.91% | 2,394,624/20,102,200 | 2h00m | 3.379 | — | — | — | —
01:14:43 | 4.2 | 2/10 | 775/3927 |  11.97% | 2,407,424/20,102,200 | 2h00m | 3.342 | — | — | — | —
01:14:49 | 4.2 | 2/10 | 800/3927 |  12.04% | 2,420,224/20,102,200 | 2h00m | 3.310 | — | — | — | —
01:14:54 | 4.2 | 2/10 | 825/3927 |  12.10% | 2,433,024/20,102,200 | 2h00m | 3.370 | — | — | — | —
01:14:59 | 4.2 | 2/10 | 850/3927 |  12.16% | 2,445,824/20,102,200 | 2h00m | 3.234 | — | — | — | —
01:15:05 | 4.2 | 2/10 | 875/3927 |  12.23% | 2,458,624/20,102,200 | 2h00m | 3.212 | — | — | — | —
01:15:10 | 4.2 | 2/10 | 900/3927 |  12.29% | 2,471,424/20,102,200 | 2h00m | 3.290 | — | — | — | —
01:15:16 | 4.2 | 2/10 | 925/3927 |  12.36% | 2,484,224/20,102,200 | 2h00m | 3.402 | — | — | — | —
01:15:21 | 4.2 | 2/10 | 950/3927 |  12.42% | 2,497,024/20,102,200 | 2h00m | 3.224 | — | — | — | —
01:15:26 | 4.2 | 2/10 | 975/3927 |  12.48% | 2,509,824/20,102,200 | 2h00m | 3.241 | — | — | — | —
01:15:32 | 4.2 | 2/10 | 1000/3927 |  12.55% | 2,522,624/20,102,200 | 2h00m | 3.172 | — | — | — | —
01:15:38 | 4.2 | 2/10 | 1025/3927 |  12.61% | 2,535,424/20,102,200 | 2h00m | 3.340 | — | — | — | —
01:15:44 | 4.2 | 2/10 | 1050/3927 |  12.67% | 2,548,224/20,102,200 | 2h00m | 3.162 | — | — | — | —
01:15:49 | 4.2 | 2/10 | 1075/3927 |  12.74% | 2,561,024/20,102,200 | 2h00m | 3.193 | — | — | — | —
01:15:54 | 4.2 | 2/10 | 1100/3927 |  12.80% | 2,573,824/20,102,200 | 1h59m | 3.178 | — | — | — | —
01:15:59 | 4.2 | 2/10 | 1125/3927 |  12.86% | 2,586,624/20,102,200 | 1h59m | 3.224 | — | — | — | —
01:16:05 | 4.2 | 2/10 | 1150/3927 |  12.93% | 2,599,424/20,102,200 | 1h59m | 3.322 | — | — | — | —
01:16:11 | 4.2 | 2/10 | 1175/3927 |  12.99% | 2,612,224/20,102,200 | 1h59m | 3.273 | — | — | — | —
01:16:17 | 4.2 | 2/10 | 1200/3927 |  13.06% | 2,625,024/20,102,200 | 1h59m | 3.238 | — | — | — | —
01:16:22 | 4.2 | 2/10 | 1225/3927 |  13.12% | 2,637,824/20,102,200 | 1h59m | 3.321 | — | — | — | —
01:16:27 | 4.2 | 2/10 | 1250/3927 |  13.18% | 2,650,624/20,102,200 | 1h59m | 3.256 | — | — | — | —
01:16:33 | 4.2 | 2/10 | 1275/3927 |  13.25% | 2,663,424/20,102,200 | 1h59m | 3.233 | — | — | — | —
01:16:38 | 4.2 | 2/10 | 1300/3927 |  13.31% | 2,676,224/20,102,200 | 1h59m | 3.302 | — | — | — | —
01:16:44 | 4.2 | 2/10 | 1325/3927 |  13.37% | 2,689,024/20,102,200 | 1h59m | 3.269 | — | — | — | —
01:16:50 | 4.2 | 2/10 | 1350/3927 |  13.44% | 2,701,824/20,102,200 | 1h59m | 3.210 | — | — | — | —
01:16:56 | 4.2 | 2/10 | 1375/3927 |  13.50% | 2,714,624/20,102,200 | 1h59m | 3.292 | — | — | — | —
01:17:02 | 4.2 | 2/10 | 1400/3927 |  13.57% | 2,727,424/20,102,200 | 1h59m | 3.291 | — | — | — | —
01:17:07 | 4.2 | 2/10 | 1425/3927 |  13.63% | 2,740,224/20,102,200 | 1h59m | 3.405 | — | — | — | —
01:17:13 | 4.2 | 2/10 | 1450/3927 |  13.69% | 2,753,024/20,102,200 | 1h59m | 3.263 | — | — | — | —
01:17:18 | 4.2 | 2/10 | 1475/3927 |  13.76% | 2,765,824/20,102,200 | 1h59m | 3.251 | — | — | — | —
01:17:23 | 4.2 | 2/10 | 1500/3927 |  13.82% | 2,778,624/20,102,200 | 1h59m | 3.280 | — | — | — | —
01:17:28 | 4.2 | 2/10 | 1525/3927 |  13.88% | 2,791,424/20,102,200 | 1h59m | 3.238 | — | — | — | —
01:17:34 | 4.2 | 2/10 | 1550/3927 |  13.95% | 2,804,224/20,102,200 | 1h58m | 3.231 | — | — | — | —
01:17:41 | 4.2 | 2/10 | 1575/3927 |  14.01% | 2,817,024/20,102,200 | 1h59m | 3.236 | — | — | — | —
01:17:46 | 4.2 | 2/10 | 1600/3927 |  14.07% | 2,829,824/20,102,200 | 1h58m | 3.176 | — | — | — | —
01:17:52 | 4.2 | 2/10 | 1625/3927 |  14.14% | 2,842,624/20,102,200 | 1h58m | 3.143 | — | — | — | —
01:17:57 | 4.2 | 2/10 | 1650/3927 |  14.20% | 2,855,424/20,102,200 | 1h58m | 3.316 | — | — | — | —
01:18:02 | 4.2 | 2/10 | 1675/3927 |  14.27% | 2,868,224/20,102,200 | 1h58m | 3.211 | — | — | — | —
01:18:08 | 4.2 | 2/10 | 1700/3927 |  14.33% | 2,881,024/20,102,200 | 1h58m | 3.244 | — | — | — | —
01:18:13 | 4.2 | 2/10 | 1725/3927 |  14.39% | 2,893,824/20,102,200 | 1h58m | 3.219 | — | — | — | —
01:18:19 | 4.2 | 2/10 | 1750/3927 |  14.46% | 2,906,624/20,102,200 | 1h58m | 3.246 | — | — | — | —
01:18:25 | 4.2 | 2/10 | 1775/3927 |  14.52% | 2,919,424/20,102,200 | 1h58m | 3.209 | — | — | — | —
01:18:31 | 4.2 | 2/10 | 1800/3927 |  14.58% | 2,932,224/20,102,200 | 1h58m | 3.172 | — | — | — | —
01:18:37 | 4.2 | 2/10 | 1825/3927 |  14.65% | 2,945,024/20,102,200 | 1h58m | 3.290 | — | — | — | —
01:18:42 | 4.2 | 2/10 | 1850/3927 |  14.71% | 2,957,824/20,102,200 | 1h58m | 3.226 | — | — | — | —
01:18:48 | 4.2 | 2/10 | 1875/3927 |  14.77% | 2,970,624/20,102,200 | 1h58m | 3.238 | — | — | — | —
01:18:53 | 4.2 | 2/10 | 1900/3927 |  14.84% | 2,983,424/20,102,200 | 1h58m | 3.222 | — | — | — | —
01:18:59 | 4.2 | 2/10 | 1925/3927 |  14.90% | 2,996,224/20,102,200 | 1h58m | 3.339 | — | — | — | —
01:19:05 | 4.2 | 2/10 | 1950/3927 |  14.97% | 3,009,024/20,102,200 | 1h58m | 3.327 | — | — | — | —
01:19:12 | 4.2 | 2/10 | 1975/3927 |  15.03% | 3,021,824/20,102,200 | 1h58m | 3.144 | — | — | — | —
01:19:17 | 4.2 | 2/10 | 2000/3927 |  15.09% | 3,034,624/20,102,200 | 1h58m | 3.170 | — | — | — | —
01:19:23 | 4.2 | 2/10 | 2025/3927 |  15.16% | 3,047,424/20,102,200 | 1h58m | 3.206 | — | — | — | —
01:19:28 | 4.2 | 2/10 | 2050/3927 |  15.22% | 3,060,224/20,102,200 | 1h57m | 3.409 | — | — | — | —
01:19:34 | 4.2 | 2/10 | 2075/3927 |  15.28% | 3,073,024/20,102,200 | 1h57m | 3.141 | — | — | — | —
01:19:40 | 4.2 | 2/10 | 2100/3927 |  15.35% | 3,085,824/20,102,200 | 1h57m | 3.303 | — | — | — | —
01:19:45 | 4.2 | 2/10 | 2125/3927 |  15.41% | 3,098,624/20,102,200 | 1h57m | 3.272 | — | — | — | —
01:19:50 | 4.2 | 2/10 | 2150/3927 |  15.47% | 3,111,424/20,102,200 | 1h57m | 3.359 | — | — | — | —
01:19:56 | 4.2 | 2/10 | 2175/3927 |  15.54% | 3,124,224/20,102,200 | 1h57m | 3.266 | — | — | — | —
01:20:02 | 4.2 | 2/10 | 2200/3927 |  15.60% | 3,137,024/20,102,200 | 1h57m | 3.215 | — | — | — | —
01:20:07 | 4.2 | 2/10 | 2225/3927 |  15.67% | 3,149,824/20,102,200 | 1h57m | 3.318 | — | — | — | —
01:20:13 | 4.2 | 2/10 | 2250/3927 |  15.73% | 3,162,624/20,102,200 | 1h57m | 3.301 | — | — | — | —
01:20:18 | 4.2 | 2/10 | 2275/3927 |  15.79% | 3,175,424/20,102,200 | 1h57m | 3.256 | — | — | — | —
01:20:24 | 4.2 | 2/10 | 2300/3927 |  15.86% | 3,188,224/20,102,200 | 1h57m | 3.190 | — | — | — | —
01:20:30 | 4.2 | 2/10 | 2325/3927 |  15.92% | 3,201,024/20,102,200 | 1h57m | 3.148 | — | — | — | —
01:20:35 | 4.2 | 2/10 | 2350/3927 |  15.98% | 3,213,824/20,102,200 | 1h57m | 3.172 | — | — | — | —
01:20:40 | 4.2 | 2/10 | 2375/3927 |  16.05% | 3,226,624/20,102,200 | 1h57m | 3.163 | — | — | — | —
01:20:45 | 4.2 | 2/10 | 2400/3927 |  16.11% | 3,239,424/20,102,200 | 1h56m | 3.251 | — | — | — | —
01:20:51 | 4.2 | 2/10 | 2425/3927 |  16.18% | 3,252,224/20,102,200 | 1h56m | 3.288 | — | — | — | —
01:20:56 | 4.2 | 2/10 | 2450/3927 |  16.24% | 3,265,024/20,102,200 | 1h56m | 3.257 | — | — | — | —
01:21:01 | 4.2 | 2/10 | 2475/3927 |  16.30% | 3,277,824/20,102,200 | 1h56m | 3.269 | — | — | — | —
01:21:07 | 4.2 | 2/10 | 2500/3927 |  16.37% | 3,290,624/20,102,200 | 1h56m | 3.330 | — | — | — | —
01:21:12 | 4.2 | 2/10 | 2525/3927 |  16.43% | 3,303,424/20,102,200 | 1h56m | 3.196 | — | — | — | —
01:21:17 | 4.2 | 2/10 | 2550/3927 |  16.49% | 3,316,224/20,102,200 | 1h56m | 3.242 | — | — | — | —
01:21:22 | 4.2 | 2/10 | 2575/3927 |  16.56% | 3,329,024/20,102,200 | 1h56m | 3.211 | — | — | — | —
01:21:28 | 4.2 | 2/10 | 2600/3927 |  16.62% | 3,341,824/20,102,200 | 1h56m | 3.146 | — | — | — | —
01:21:33 | 4.2 | 2/10 | 2625/3927 |  16.68% | 3,354,624/20,102,200 | 1h56m | 3.161 | — | — | — | —
01:21:38 | 4.2 | 2/10 | 2650/3927 |  16.75% | 3,367,424/20,102,200 | 1h56m | 3.251 | — | — | — | —
01:21:43 | 4.2 | 2/10 | 2675/3927 |  16.81% | 3,380,224/20,102,200 | 1h55m | 3.199 | — | — | — | —
01:21:49 | 4.2 | 2/10 | 2700/3927 |  16.88% | 3,393,024/20,102,200 | 1h55m | 3.260 | — | — | — | —
01:21:54 | 4.2 | 2/10 | 2725/3927 |  16.94% | 3,405,824/20,102,200 | 1h55m | 3.387 | — | — | — | —
01:22:00 | 4.2 | 2/10 | 2750/3927 |  17.00% | 3,418,624/20,102,200 | 1h55m | 3.177 | — | — | — | —
01:22:06 | 4.2 | 2/10 | 2775/3927 |  17.07% | 3,431,424/20,102,200 | 1h55m | 3.313 | — | — | — | —
01:22:11 | 4.2 | 2/10 | 2800/3927 |  17.13% | 3,444,224/20,102,200 | 1h55m | 3.078 | — | — | — | —
01:22:16 | 4.2 | 2/10 | 2825/3927 |  17.19% | 3,457,024/20,102,200 | 1h55m | 3.152 | — | — | — | —
01:22:21 | 4.2 | 2/10 | 2850/3927 |  17.26% | 3,469,824/20,102,200 | 1h55m | 3.159 | — | — | — | —
01:22:27 | 4.2 | 2/10 | 2875/3927 |  17.32% | 3,482,624/20,102,200 | 1h55m | 3.247 | — | — | — | —
01:22:32 | 4.2 | 2/10 | 2900/3927 |  17.38% | 3,495,424/20,102,200 | 1h55m | 3.301 | — | — | — | —
01:22:37 | 4.2 | 2/10 | 2925/3927 |  17.45% | 3,508,224/20,102,200 | 1h55m | 3.320 | — | — | — | —
01:22:43 | 4.2 | 2/10 | 2950/3927 |  17.51% | 3,521,024/20,102,200 | 1h55m | 3.144 | — | — | — | —
01:22:48 | 4.2 | 2/10 | 2975/3927 |  17.58% | 3,533,824/20,102,200 | 1h54m | 3.158 | — | — | — | —
01:22:53 | 4.2 | 2/10 | 3000/3927 |  17.64% | 3,546,624/20,102,200 | 1h54m | 3.297 | — | — | — | —
01:22:59 | 4.2 | 2/10 | 3025/3927 |  17.70% | 3,559,424/20,102,200 | 1h54m | 3.121 | — | — | — | —
01:23:04 | 4.2 | 2/10 | 3050/3927 |  17.77% | 3,572,224/20,102,200 | 1h54m | 3.194 | — | — | — | —
01:23:09 | 4.2 | 2/10 | 3075/3927 |  17.83% | 3,585,024/20,102,200 | 1h54m | 3.386 | — | — | — | —
01:23:15 | 4.2 | 2/10 | 3100/3927 |  17.89% | 3,597,824/20,102,200 | 1h54m | 3.256 | — | — | — | —
01:23:20 | 4.2 | 2/10 | 3125/3927 |  17.96% | 3,610,624/20,102,200 | 1h54m | 3.259 | — | — | — | —
01:23:26 | 4.2 | 2/10 | 3150/3927 |  18.02% | 3,623,424/20,102,200 | 1h54m | 3.318 | — | — | — | —
01:23:31 | 4.2 | 2/10 | 3175/3927 |  18.09% | 3,636,224/20,102,200 | 1h54m | 3.263 | — | — | — | —
01:23:37 | 4.2 | 2/10 | 3200/3927 |  18.15% | 3,649,024/20,102,200 | 1h54m | 3.270 | — | — | — | —
01:23:42 | 4.2 | 2/10 | 3225/3927 |  18.21% | 3,661,824/20,102,200 | 1h54m | 3.163 | — | — | — | —
01:23:47 | 4.2 | 2/10 | 3250/3927 |  18.28% | 3,674,624/20,102,200 | 1h54m | 3.221 | — | — | — | —
01:23:53 | 4.2 | 2/10 | 3275/3927 |  18.34% | 3,687,424/20,102,200 | 1h53m | 3.222 | — | — | — | —
01:23:58 | 4.2 | 2/10 | 3300/3927 |  18.40% | 3,700,224/20,102,200 | 1h53m | 3.024 | — | — | — | —
01:24:04 | 4.2 | 2/10 | 3325/3927 |  18.47% | 3,713,024/20,102,200 | 1h53m | 3.368 | — | — | — | —
01:24:09 | 4.2 | 2/10 | 3350/3927 |  18.53% | 3,725,824/20,102,200 | 1h53m | 3.288 | — | — | — | —
01:24:14 | 4.2 | 2/10 | 3375/3927 |  18.59% | 3,738,624/20,102,200 | 1h53m | 3.177 | — | — | — | —
01:24:20 | 4.2 | 2/10 | 3400/3927 |  18.66% | 3,751,424/20,102,200 | 1h53m | 3.244 | — | — | — | —
01:24:25 | 4.2 | 2/10 | 3425/3927 |  18.72% | 3,764,224/20,102,200 | 1h53m | 3.057 | — | — | — | —
01:24:30 | 4.2 | 2/10 | 3450/3927 |  18.79% | 3,777,024/20,102,200 | 1h53m | 3.103 | — | — | — | —
01:24:35 | 4.2 | 2/10 | 3475/3927 |  18.85% | 3,789,824/20,102,200 | 1h53m | 3.316 | — | — | — | —
01:24:41 | 4.2 | 2/10 | 3500/3927 |  18.91% | 3,802,624/20,102,200 | 1h53m | 3.229 | — | — | — | —
01:24:47 | 4.2 | 2/10 | 3525/3927 |  18.98% | 3,815,424/20,102,200 | 1h53m | 3.263 | — | — | — | —
01:24:52 | 4.2 | 2/10 | 3550/3927 |  19.04% | 3,828,224/20,102,200 | 1h53m | 3.254 | — | — | — | —
01:24:58 | 4.2 | 2/10 | 3575/3927 |  19.10% | 3,841,024/20,102,200 | 1h52m | 3.175 | — | — | — | —
01:25:03 | 4.2 | 2/10 | 3600/3927 |  19.17% | 3,853,824/20,102,200 | 1h52m | 3.104 | — | — | — | —
01:25:08 | 4.2 | 2/10 | 3625/3927 |  19.23% | 3,866,624/20,102,200 | 1h52m | 3.221 | — | — | — | —
01:25:13 | 4.2 | 2/10 | 3650/3927 |  19.29% | 3,879,424/20,102,200 | 1h52m | 3.205 | — | — | — | —
01:25:19 | 4.2 | 2/10 | 3675/3927 |  19.36% | 3,892,224/20,102,200 | 1h52m | 3.260 | — | — | — | —
01:25:24 | 4.2 | 2/10 | 3700/3927 |  19.42% | 3,905,024/20,102,200 | 1h52m | 3.033 | — | — | — | —
01:25:29 | 4.2 | 2/10 | 3725/3927 |  19.49% | 3,917,824/20,102,200 | 1h52m | 3.217 | — | — | — | —
01:25:34 | 4.2 | 2/10 | 3750/3927 |  19.55% | 3,930,624/20,102,200 | 1h52m | 3.101 | — | — | — | —
01:25:39 | 4.2 | 2/10 | 3775/3927 |  19.61% | 3,943,424/20,102,200 | 1h52m | 3.269 | — | — | — | —
01:25:45 | 4.2 | 2/10 | 3800/3927 |  19.68% | 3,956,224/20,102,200 | 1h52m | 3.426 | — | — | — | —
01:25:51 | 4.2 | 2/10 | 3825/3927 |  19.74% | 3,969,024/20,102,200 | 1h52m | 3.124 | — | — | — | —
01:25:57 | 4.2 | 2/10 | 3850/3927 |  19.80% | 3,981,824/20,102,200 | 1h52m | 3.280 | — | — | — | —
01:26:02 | 4.2 | 2/10 | 3875/3927 |  19.87% | 3,994,624/20,102,200 | 1h51m | 3.096 | — | — | — | —
01:26:07 | 4.2 | 2/10 | 3900/3927 |  19.93% | 4,007,424/20,102,200 | 1h51m | 3.163 | — | — | — | —
01:26:12 | 4.2 | 2/10 | 3925/3927 |  19.99% | 4,020,224/20,102,200 | 1h51m | 3.147 | — | — | — | —
01:26:13 | 4.2 | 2/10 | 3927/3927 |  20.00% | 4,021,248/20,102,200 | 1h51m | 3.296 | — | — | — | —
01:26:21 | validation | 2/10 | epoch-end |  20.00% | 4,020,440/20,102,200 | 1h52m | 3.259 |  52.38% |  42.06% |   3.30% | 1.594
01:26:22 | 4.2 | 3/10 | 1/3927 |  20.00% | 4,021,760/20,102,200 | 1h52m | 3.100 | — | — | — | —
01:26:27 | 4.2 | 3/10 | 25/3927 |  20.06% | 4,034,048/20,102,200 | 1h52m | 3.238 | — | — | — | —
01:26:32 | 4.2 | 3/10 | 50/3927 |  20.13% | 4,046,848/20,102,200 | 1h52m | 3.252 | — | — | — | —
01:26:37 | 4.2 | 3/10 | 75/3927 |  20.19% | 4,059,648/20,102,200 | 1h51m | 3.284 | — | — | — | —
01:26:43 | 4.2 | 3/10 | 100/3927 |  20.25% | 4,072,448/20,102,200 | 1h51m | 3.252 | — | — | — | —
01:26:49 | 4.2 | 3/10 | 125/3927 |  20.32% | 4,085,248/20,102,200 | 1h51m | 3.219 | — | — | — | —
01:26:54 | 4.2 | 3/10 | 150/3927 |  20.38% | 4,098,048/20,102,200 | 1h51m | 3.222 | — | — | — | —
01:26:59 | 4.2 | 3/10 | 175/3927 |  20.45% | 4,110,848/20,102,200 | 1h51m | 3.127 | — | — | — | —
01:27:05 | 4.2 | 3/10 | 200/3927 |  20.51% | 4,123,648/20,102,200 | 1h51m | 3.046 | — | — | — | —
01:27:10 | 4.2 | 3/10 | 225/3927 |  20.57% | 4,136,448/20,102,200 | 1h51m | 3.220 | — | — | — | —
01:27:15 | 4.2 | 3/10 | 250/3927 |  20.64% | 4,149,248/20,102,200 | 1h51m | 3.255 | — | — | — | —
01:27:20 | 4.2 | 3/10 | 275/3927 |  20.70% | 4,162,048/20,102,200 | 1h51m | 3.105 | — | — | — | —
01:27:26 | 4.2 | 3/10 | 300/3927 |  20.76% | 4,174,848/20,102,200 | 1h51m | 3.222 | — | — | — | —
01:27:31 | 4.2 | 3/10 | 325/3927 |  20.83% | 4,187,648/20,102,200 | 1h51m | 3.257 | — | — | — | —
01:27:37 | 4.2 | 3/10 | 350/3927 |  20.89% | 4,200,448/20,102,200 | 1h51m | 3.261 | — | — | — | —
01:27:43 | 4.2 | 3/10 | 375/3927 |  20.95% | 4,213,248/20,102,200 | 1h50m | 3.167 | — | — | — | —
01:27:48 | 4.2 | 3/10 | 400/3927 |  21.02% | 4,226,048/20,102,200 | 1h50m | 3.188 | — | — | — | —
01:27:53 | 4.2 | 3/10 | 425/3927 |  21.08% | 4,238,848/20,102,200 | 1h50m | 3.114 | — | — | — | —
01:27:59 | 4.2 | 3/10 | 450/3927 |  21.15% | 4,251,648/20,102,200 | 1h50m | 3.118 | — | — | — | —
01:28:05 | 4.2 | 3/10 | 475/3927 |  21.21% | 4,264,448/20,102,200 | 1h50m | 3.091 | — | — | — | —
01:28:10 | 4.2 | 3/10 | 500/3927 |  21.27% | 4,277,248/20,102,200 | 1h50m | 3.189 | — | — | — | —
01:28:15 | 4.2 | 3/10 | 525/3927 |  21.34% | 4,290,048/20,102,200 | 1h50m | 3.257 | — | — | — | —
01:28:21 | 4.2 | 3/10 | 550/3927 |  21.40% | 4,302,848/20,102,200 | 1h50m | 3.081 | — | — | — | —
01:28:26 | 4.2 | 3/10 | 575/3927 |  21.46% | 4,315,648/20,102,200 | 1h50m | 3.387 | — | — | — | —
01:28:32 | 4.2 | 3/10 | 600/3927 |  21.53% | 4,328,448/20,102,200 | 1h50m | 3.203 | — | — | — | —
01:28:37 | 4.2 | 3/10 | 625/3927 |  21.59% | 4,341,248/20,102,200 | 1h50m | 3.185 | — | — | — | —
01:28:42 | 4.2 | 3/10 | 650/3927 |  21.66% | 4,354,048/20,102,200 | 1h50m | 3.301 | — | — | — | —
01:28:48 | 4.2 | 3/10 | 675/3927 |  21.72% | 4,366,848/20,102,200 | 1h49m | 3.340 | — | — | — | —
01:28:53 | 4.2 | 3/10 | 700/3927 |  21.78% | 4,379,648/20,102,200 | 1h49m | 3.127 | — | — | — | —
01:28:58 | 4.2 | 3/10 | 725/3927 |  21.85% | 4,392,448/20,102,200 | 1h49m | 3.158 | — | — | — | —
01:29:03 | 4.2 | 3/10 | 750/3927 |  21.91% | 4,405,248/20,102,200 | 1h49m | 3.230 | — | — | — | —
01:29:09 | 4.2 | 3/10 | 775/3927 |  21.97% | 4,418,048/20,102,200 | 1h49m | 3.182 | — | — | — | —
01:29:14 | 4.2 | 3/10 | 800/3927 |  22.04% | 4,430,848/20,102,200 | 1h49m | 3.162 | — | — | — | —
01:29:19 | 4.2 | 3/10 | 825/3927 |  22.10% | 4,443,648/20,102,200 | 1h49m | 3.190 | — | — | — | —
01:29:24 | 4.2 | 3/10 | 850/3927 |  22.16% | 4,456,448/20,102,200 | 1h49m | 3.066 | — | — | — | —
01:29:30 | 4.2 | 3/10 | 875/3927 |  22.23% | 4,469,248/20,102,200 | 1h49m | 3.061 | — | — | — | —
01:29:35 | 4.2 | 3/10 | 900/3927 |  22.29% | 4,482,048/20,102,200 | 1h49m | 3.162 | — | — | — | —
01:29:41 | 4.2 | 3/10 | 925/3927 |  22.36% | 4,494,848/20,102,200 | 1h49m | 3.181 | — | — | — | —
01:29:46 | 4.2 | 3/10 | 950/3927 |  22.42% | 4,507,648/20,102,200 | 1h48m | 3.172 | — | — | — | —
01:29:52 | 4.2 | 3/10 | 975/3927 |  22.48% | 4,520,448/20,102,200 | 1h48m | 3.117 | — | — | — | —
01:29:57 | 4.2 | 3/10 | 1000/3927 |  22.55% | 4,533,248/20,102,200 | 1h48m | 3.226 | — | — | — | —
01:30:02 | 4.2 | 3/10 | 1025/3927 |  22.61% | 4,546,048/20,102,200 | 1h48m | 3.041 | — | — | — | —
01:30:07 | 4.2 | 3/10 | 1050/3927 |  22.67% | 4,558,848/20,102,200 | 1h48m | 3.234 | — | — | — | —
01:30:12 | 4.2 | 3/10 | 1075/3927 |  22.74% | 4,571,648/20,102,200 | 1h48m | 3.167 | — | — | — | —
01:30:18 | 4.2 | 3/10 | 1100/3927 |  22.80% | 4,584,448/20,102,200 | 1h48m | 3.167 | — | — | — | —
01:30:24 | 4.2 | 3/10 | 1125/3927 |  22.86% | 4,597,248/20,102,200 | 1h48m | 3.254 | — | — | — | —
01:30:30 | 4.2 | 3/10 | 1150/3927 |  22.93% | 4,610,048/20,102,200 | 1h48m | 3.253 | — | — | — | —
01:30:35 | 4.2 | 3/10 | 1175/3927 |  22.99% | 4,622,848/20,102,200 | 1h48m | 3.211 | — | — | — | —
01:30:40 | 4.2 | 3/10 | 1200/3927 |  23.06% | 4,635,648/20,102,200 | 1h48m | 3.159 | — | — | — | —
01:30:46 | 4.2 | 3/10 | 1225/3927 |  23.12% | 4,648,448/20,102,200 | 1h47m | 3.085 | — | — | — | —
01:30:51 | 4.2 | 3/10 | 1250/3927 |  23.18% | 4,661,248/20,102,200 | 1h47m | 3.186 | — | — | — | —
01:30:56 | 4.2 | 3/10 | 1275/3927 |  23.25% | 4,674,048/20,102,200 | 1h47m | 3.155 | — | — | — | —
01:31:01 | 4.2 | 3/10 | 1300/3927 |  23.31% | 4,686,848/20,102,200 | 1h47m | 3.117 | — | — | — | —
01:31:07 | 4.2 | 3/10 | 1325/3927 |  23.37% | 4,699,648/20,102,200 | 1h47m | 3.207 | — | — | — | —
01:31:12 | 4.2 | 3/10 | 1350/3927 |  23.44% | 4,712,448/20,102,200 | 1h47m | 3.122 | — | — | — | —
01:31:18 | 4.2 | 3/10 | 1375/3927 |  23.50% | 4,725,248/20,102,200 | 1h47m | 3.028 | — | — | — | —
01:31:23 | 4.2 | 3/10 | 1400/3927 |  23.57% | 4,738,048/20,102,200 | 1h47m | 3.178 | — | — | — | —
01:31:28 | 4.2 | 3/10 | 1425/3927 |  23.63% | 4,750,848/20,102,200 | 1h47m | 3.149 | — | — | — | —
01:31:33 | 4.2 | 3/10 | 1450/3927 |  23.69% | 4,763,648/20,102,200 | 1h47m | 3.301 | — | — | — | —
01:31:39 | 4.2 | 3/10 | 1475/3927 |  23.76% | 4,776,448/20,102,200 | 1h47m | 3.173 | — | — | — | —
01:31:44 | 4.2 | 3/10 | 1500/3927 |  23.82% | 4,789,248/20,102,200 | 1h46m | 3.181 | — | — | — | —
01:31:49 | 4.2 | 3/10 | 1525/3927 |  23.88% | 4,802,048/20,102,200 | 1h46m | 3.069 | — | — | — | —
01:31:55 | 4.2 | 3/10 | 1550/3927 |  23.95% | 4,814,848/20,102,200 | 1h46m | 3.222 | — | — | — | —
01:32:01 | 4.2 | 3/10 | 1575/3927 |  24.01% | 4,827,648/20,102,200 | 1h46m | 3.109 | — | — | — | —
01:32:06 | 4.2 | 3/10 | 1600/3927 |  24.07% | 4,840,448/20,102,200 | 1h46m | 3.062 | — | — | — | —
01:32:11 | 4.2 | 3/10 | 1625/3927 |  24.14% | 4,853,248/20,102,200 | 1h46m | 3.145 | — | — | — | —
01:32:16 | 4.2 | 3/10 | 1650/3927 |  24.20% | 4,866,048/20,102,200 | 1h46m | 3.212 | — | — | — | —
01:32:22 | 4.2 | 3/10 | 1675/3927 |  24.27% | 4,878,848/20,102,200 | 1h46m | 3.328 | — | — | — | —
01:32:27 | 4.2 | 3/10 | 1700/3927 |  24.33% | 4,891,648/20,102,200 | 1h46m | 3.159 | — | — | — | —
01:32:33 | 4.2 | 3/10 | 1725/3927 |  24.39% | 4,904,448/20,102,200 | 1h46m | 3.103 | — | — | — | —
01:32:39 | 4.2 | 3/10 | 1750/3927 |  24.46% | 4,917,248/20,102,200 | 1h46m | 3.083 | — | — | — | —
01:32:44 | 4.2 | 3/10 | 1775/3927 |  24.52% | 4,930,048/20,102,200 | 1h46m | 3.084 | — | — | — | —
01:32:50 | 4.2 | 3/10 | 1800/3927 |  24.58% | 4,942,848/20,102,200 | 1h45m | 3.338 | — | — | — | —
01:32:56 | 4.2 | 3/10 | 1825/3927 |  24.65% | 4,955,648/20,102,200 | 1h45m | 3.147 | — | — | — | —
01:33:01 | 4.2 | 3/10 | 1850/3927 |  24.71% | 4,968,448/20,102,200 | 1h45m | 3.102 | — | — | — | —
01:33:06 | 4.2 | 3/10 | 1875/3927 |  24.77% | 4,981,248/20,102,200 | 1h45m | 3.186 | — | — | — | —
01:33:13 | 4.2 | 3/10 | 1900/3927 |  24.84% | 4,994,048/20,102,200 | 1h45m | 3.153 | — | — | — | —
01:33:19 | 4.2 | 3/10 | 1925/3927 |  24.90% | 5,006,848/20,102,200 | 1h45m | 3.106 | — | — | — | —
01:33:24 | 4.2 | 3/10 | 1950/3927 |  24.97% | 5,019,648/20,102,200 | 1h45m | 3.141 | — | — | — | —
01:33:29 | 4.2 | 3/10 | 1975/3927 |  25.03% | 5,032,448/20,102,200 | 1h45m | 3.103 | — | — | — | —
01:33:35 | 4.2 | 3/10 | 2000/3927 |  25.09% | 5,045,248/20,102,200 | 1h45m | 3.160 | — | — | — | —
01:33:40 | 4.2 | 3/10 | 2025/3927 |  25.16% | 5,058,048/20,102,200 | 1h45m | 3.052 | — | — | — | —
01:33:46 | 4.2 | 3/10 | 2050/3927 |  25.22% | 5,070,848/20,102,200 | 1h45m | 3.244 | — | — | — | —
01:33:52 | 4.2 | 3/10 | 2075/3927 |  25.28% | 5,083,648/20,102,200 | 1h45m | 3.039 | — | — | — | —
01:33:58 | 4.2 | 3/10 | 2100/3927 |  25.35% | 5,096,448/20,102,200 | 1h45m | 3.161 | — | — | — | —
01:34:03 | 4.2 | 3/10 | 2125/3927 |  25.41% | 5,109,248/20,102,200 | 1h44m | 3.232 | — | — | — | —
01:34:09 | 4.2 | 3/10 | 2150/3927 |  25.47% | 5,122,048/20,102,200 | 1h44m | 3.085 | — | — | — | —
01:34:14 | 4.2 | 3/10 | 2175/3927 |  25.54% | 5,134,848/20,102,200 | 1h44m | 3.096 | — | — | — | —
01:34:19 | 4.2 | 3/10 | 2200/3927 |  25.60% | 5,147,648/20,102,200 | 1h44m | 3.174 | — | — | — | —
01:34:25 | 4.2 | 3/10 | 2225/3927 |  25.67% | 5,160,448/20,102,200 | 1h44m | 3.107 | — | — | — | —
01:34:30 | 4.2 | 3/10 | 2250/3927 |  25.73% | 5,173,248/20,102,200 | 1h44m | 3.097 | — | — | — | —
01:34:35 | 4.2 | 3/10 | 2275/3927 |  25.79% | 5,186,048/20,102,200 | 1h44m | 3.238 | — | — | — | —
01:34:41 | 4.2 | 3/10 | 2300/3927 |  25.86% | 5,198,848/20,102,200 | 1h44m | 3.205 | — | — | — | —
01:34:46 | 4.2 | 3/10 | 2325/3927 |  25.92% | 5,211,648/20,102,200 | 1h44m | 3.084 | — | — | — | —
01:34:51 | 4.2 | 3/10 | 2350/3927 |  25.98% | 5,224,448/20,102,200 | 1h44m | 3.134 | — | — | — | —
01:34:57 | 4.2 | 3/10 | 2375/3927 |  26.05% | 5,237,248/20,102,200 | 1h44m | 3.192 | — | — | — | —
01:35:02 | 4.2 | 3/10 | 2400/3927 |  26.11% | 5,250,048/20,102,200 | 1h43m | 3.250 | — | — | — | —
01:35:08 | 4.2 | 3/10 | 2425/3927 |  26.18% | 5,262,848/20,102,200 | 1h43m | 3.161 | — | — | — | —
01:35:14 | 4.2 | 3/10 | 2450/3927 |  26.24% | 5,275,648/20,102,200 | 1h43m | 3.111 | — | — | — | —
01:35:19 | 4.2 | 3/10 | 2475/3927 |  26.30% | 5,288,448/20,102,200 | 1h43m | 3.130 | — | — | — | —
01:35:24 | 4.2 | 3/10 | 2500/3927 |  26.37% | 5,301,248/20,102,200 | 1h43m | 3.296 | — | — | — | —
01:35:29 | 4.2 | 3/10 | 2525/3927 |  26.43% | 5,314,048/20,102,200 | 1h43m | 3.127 | — | — | — | —
01:35:35 | 4.2 | 3/10 | 2550/3927 |  26.49% | 5,326,848/20,102,200 | 1h43m | 3.080 | — | — | — | —
01:35:40 | 4.2 | 3/10 | 2575/3927 |  26.56% | 5,339,648/20,102,200 | 1h43m | 3.028 | — | — | — | —
01:35:45 | 4.2 | 3/10 | 2600/3927 |  26.62% | 5,352,448/20,102,200 | 1h43m | 3.094 | — | — | — | —
01:35:50 | 4.2 | 3/10 | 2625/3927 |  26.68% | 5,365,248/20,102,200 | 1h43m | 3.106 | — | — | — | —
01:35:56 | 4.2 | 3/10 | 2650/3927 |  26.75% | 5,378,048/20,102,200 | 1h43m | 3.213 | — | — | — | —
01:36:01 | 4.2 | 3/10 | 2675/3927 |  26.81% | 5,390,848/20,102,200 | 1h42m | 3.160 | — | — | — | —
01:36:06 | 4.2 | 3/10 | 2700/3927 |  26.88% | 5,403,648/20,102,200 | 1h42m | 3.113 | — | — | — | —
01:36:11 | 4.2 | 3/10 | 2725/3927 |  26.94% | 5,416,448/20,102,200 | 1h42m | 3.197 | — | — | — | —
01:36:17 | 4.2 | 3/10 | 2750/3927 |  27.00% | 5,429,248/20,102,200 | 1h42m | 3.107 | — | — | — | —
01:36:22 | 4.2 | 3/10 | 2775/3927 |  27.07% | 5,442,048/20,102,200 | 1h42m | 3.135 | — | — | — | —
01:36:27 | 4.2 | 3/10 | 2800/3927 |  27.13% | 5,454,848/20,102,200 | 1h42m | 3.172 | — | — | — | —
01:36:32 | 4.2 | 3/10 | 2825/3927 |  27.19% | 5,467,648/20,102,200 | 1h42m | 3.120 | — | — | — | —
01:36:37 | 4.2 | 3/10 | 2850/3927 |  27.26% | 5,480,448/20,102,200 | 1h42m | 3.264 | — | — | — | —
01:36:42 | 4.2 | 3/10 | 2875/3927 |  27.32% | 5,493,248/20,102,200 | 1h42m | 3.097 | — | — | — | —
01:36:48 | 4.2 | 3/10 | 2900/3927 |  27.38% | 5,506,048/20,102,200 | 1h42m | 3.101 | — | — | — | —
01:36:53 | 4.2 | 3/10 | 2925/3927 |  27.45% | 5,518,848/20,102,200 | 1h41m | 3.184 | — | — | — | —
01:36:58 | 4.2 | 3/10 | 2950/3927 |  27.51% | 5,531,648/20,102,200 | 1h41m | 3.165 | — | — | — | —
01:37:03 | 4.2 | 3/10 | 2975/3927 |  27.58% | 5,544,448/20,102,200 | 1h41m | 3.193 | — | — | — | —
01:37:09 | 4.2 | 3/10 | 3000/3927 |  27.64% | 5,557,248/20,102,200 | 1h41m | 3.181 | — | — | — | —
01:37:14 | 4.2 | 3/10 | 3025/3927 |  27.70% | 5,570,048/20,102,200 | 1h41m | 3.201 | — | — | — | —
01:37:19 | 4.2 | 3/10 | 3050/3927 |  27.77% | 5,582,848/20,102,200 | 1h41m | 3.257 | — | — | — | —
01:37:24 | 4.2 | 3/10 | 3075/3927 |  27.83% | 5,595,648/20,102,200 | 1h41m | 3.223 | — | — | — | —
01:37:30 | 4.2 | 3/10 | 3100/3927 |  27.89% | 5,608,448/20,102,200 | 1h41m | 3.081 | — | — | — | —
01:37:35 | 4.2 | 3/10 | 3125/3927 |  27.96% | 5,621,248/20,102,200 | 1h41m | 3.045 | — | — | — | —
01:37:41 | 4.2 | 3/10 | 3150/3927 |  28.02% | 5,634,048/20,102,200 | 1h41m | 3.243 | — | — | — | —
01:37:46 | 4.2 | 3/10 | 3175/3927 |  28.09% | 5,646,848/20,102,200 | 1h41m | 3.134 | — | — | — | —
01:37:52 | 4.2 | 3/10 | 3200/3927 |  28.15% | 5,659,648/20,102,200 | 1h41m | 3.091 | — | — | — | —
01:37:58 | 4.2 | 3/10 | 3225/3927 |  28.21% | 5,672,448/20,102,200 | 1h40m | 3.138 | — | — | — | —
01:38:03 | 4.2 | 3/10 | 3250/3927 |  28.28% | 5,685,248/20,102,200 | 1h40m | 3.150 | — | — | — | —
01:38:09 | 4.2 | 3/10 | 3275/3927 |  28.34% | 5,698,048/20,102,200 | 1h40m | 3.108 | — | — | — | —
01:38:14 | 4.2 | 3/10 | 3300/3927 |  28.40% | 5,710,848/20,102,200 | 1h40m | 3.258 | — | — | — | —
01:38:20 | 4.2 | 3/10 | 3325/3927 |  28.47% | 5,723,648/20,102,200 | 1h40m | 3.019 | — | — | — | —
01:38:25 | 4.2 | 3/10 | 3350/3927 |  28.53% | 5,736,448/20,102,200 | 1h40m | 3.091 | — | — | — | —
01:38:30 | 4.2 | 3/10 | 3375/3927 |  28.59% | 5,749,248/20,102,200 | 1h40m | 3.155 | — | — | — | —
01:38:35 | 4.2 | 3/10 | 3400/3927 |  28.66% | 5,762,048/20,102,200 | 1h40m | 3.039 | — | — | — | —
01:38:41 | 4.2 | 3/10 | 3425/3927 |  28.72% | 5,774,848/20,102,200 | 1h40m | 3.044 | — | — | — | —
01:38:46 | 4.2 | 3/10 | 3450/3927 |  28.79% | 5,787,648/20,102,200 | 1h40m | 3.015 | — | — | — | —
01:38:53 | 4.2 | 3/10 | 3475/3927 |  28.85% | 5,800,448/20,102,200 | 1h40m | 3.128 | — | — | — | —
01:38:58 | 4.2 | 3/10 | 3500/3927 |  28.91% | 5,813,248/20,102,200 | 1h40m | 3.110 | — | — | — | —
01:39:03 | 4.2 | 3/10 | 3525/3927 |  28.98% | 5,826,048/20,102,200 | 1h39m | 2.975 | — | — | — | —
01:39:08 | 4.2 | 3/10 | 3550/3927 |  29.04% | 5,838,848/20,102,200 | 1h39m | 3.117 | — | — | — | —
01:39:14 | 4.2 | 3/10 | 3575/3927 |  29.10% | 5,851,648/20,102,200 | 1h39m | 3.132 | — | — | — | —
01:39:19 | 4.2 | 3/10 | 3600/3927 |  29.17% | 5,864,448/20,102,200 | 1h39m | 3.146 | — | — | — | —
01:39:24 | 4.2 | 3/10 | 3625/3927 |  29.23% | 5,877,248/20,102,200 | 1h39m | 3.183 | — | — | — | —
01:39:30 | 4.2 | 3/10 | 3650/3927 |  29.29% | 5,890,048/20,102,200 | 1h39m | 3.095 | — | — | — | —
01:39:36 | 4.2 | 3/10 | 3675/3927 |  29.36% | 5,902,848/20,102,200 | 1h39m | 3.125 | — | — | — | —
01:39:41 | 4.2 | 3/10 | 3700/3927 |  29.42% | 5,915,648/20,102,200 | 1h39m | 3.120 | — | — | — | —
01:39:46 | 4.2 | 3/10 | 3725/3927 |  29.49% | 5,928,448/20,102,200 | 1h39m | 3.120 | — | — | — | —
01:39:52 | 4.2 | 3/10 | 3750/3927 |  29.55% | 5,941,248/20,102,200 | 1h39m | 3.135 | — | — | — | —
01:39:57 | 4.2 | 3/10 | 3775/3927 |  29.61% | 5,954,048/20,102,200 | 1h39m | 3.004 | — | — | — | —
01:40:02 | 4.2 | 3/10 | 3800/3927 |  29.68% | 5,966,848/20,102,200 | 1h38m | 3.166 | — | — | — | —
01:40:08 | 4.2 | 3/10 | 3825/3927 |  29.74% | 5,979,648/20,102,200 | 1h38m | 3.283 | — | — | — | —
01:40:13 | 4.2 | 3/10 | 3850/3927 |  29.80% | 5,992,448/20,102,200 | 1h38m | 3.059 | — | — | — | —
01:40:19 | 4.2 | 3/10 | 3875/3927 |  29.87% | 6,005,248/20,102,200 | 1h38m | 3.149 | — | — | — | —
01:40:25 | 4.2 | 3/10 | 3900/3927 |  29.93% | 6,018,048/20,102,200 | 1h38m | 3.198 | — | — | — | —
01:40:30 | 4.2 | 3/10 | 3925/3927 |  29.99% | 6,030,848/20,102,200 | 1h38m | 3.069 | — | — | — | —
01:40:30 | 4.2 | 3/10 | 3927/3927 |  30.00% | 6,031,872/20,102,200 | 1h38m | 3.104 | — | — | — | —
01:40:39 | validation | 3/10 | epoch-end |  30.00% | 6,030,660/20,102,200 | 1h38m | 3.153 |  53.56% |  43.10% |   3.84% | 1.572
01:40:39 | 4.2 | 4/10 | 1/3927 |  30.00% | 6,032,384/20,102,200 | 1h38m | 3.056 | — | — | — | —
01:40:44 | 4.2 | 4/10 | 25/3927 |  30.06% | 6,044,672/20,102,200 | 1h38m | 3.321 | — | — | — | —
01:40:50 | 4.2 | 4/10 | 50/3927 |  30.13% | 6,057,472/20,102,200 | 1h38m | 3.149 | — | — | — | —
01:40:55 | 4.2 | 4/10 | 75/3927 |  30.19% | 6,070,272/20,102,200 | 1h38m | 3.156 | — | — | — | —
01:41:01 | 4.2 | 4/10 | 100/3927 |  30.25% | 6,083,072/20,102,200 | 1h38m | 3.229 | — | — | — | —
01:41:06 | 4.2 | 4/10 | 125/3927 |  30.32% | 6,095,872/20,102,200 | 1h38m | 2.983 | — | — | — | —
01:41:12 | 4.2 | 4/10 | 150/3927 |  30.38% | 6,108,672/20,102,200 | 1h38m | 3.122 | — | — | — | —
01:41:17 | 4.2 | 4/10 | 175/3927 |  30.45% | 6,121,472/20,102,200 | 1h38m | 3.019 | — | — | — | —
01:41:23 | 4.2 | 4/10 | 200/3927 |  30.51% | 6,134,272/20,102,200 | 1h38m | 3.206 | — | — | — | —
01:41:28 | 4.2 | 4/10 | 225/3927 |  30.57% | 6,147,072/20,102,200 | 1h38m | 3.063 | — | — | — | —
01:41:33 | 4.2 | 4/10 | 250/3927 |  30.64% | 6,159,872/20,102,200 | 1h37m | 2.998 | — | — | — | —
01:41:39 | 4.2 | 4/10 | 275/3927 |  30.70% | 6,172,672/20,102,200 | 1h37m | 3.232 | — | — | — | —
01:41:44 | 4.2 | 4/10 | 300/3927 |  30.76% | 6,185,472/20,102,200 | 1h37m | 3.076 | — | — | — | —
01:41:50 | 4.2 | 4/10 | 325/3927 |  30.83% | 6,198,272/20,102,200 | 1h37m | 3.165 | — | — | — | —
01:41:55 | 4.2 | 4/10 | 350/3927 |  30.89% | 6,211,072/20,102,200 | 1h37m | 2.992 | — | — | — | —
01:42:01 | 4.2 | 4/10 | 375/3927 |  30.95% | 6,223,872/20,102,200 | 1h37m | 3.165 | — | — | — | —
01:42:06 | 4.2 | 4/10 | 400/3927 |  31.02% | 6,236,672/20,102,200 | 1h37m | 3.177 | — | — | — | —
01:42:12 | 4.2 | 4/10 | 425/3927 |  31.08% | 6,249,472/20,102,200 | 1h37m | 3.095 | — | — | — | —
01:42:17 | 4.2 | 4/10 | 450/3927 |  31.15% | 6,262,272/20,102,200 | 1h37m | 3.073 | — | — | — | —
01:42:22 | 4.2 | 4/10 | 475/3927 |  31.21% | 6,275,072/20,102,200 | 1h37m | 3.072 | — | — | — | —
01:42:28 | 4.2 | 4/10 | 500/3927 |  31.27% | 6,287,872/20,102,200 | 1h37m | 3.023 | — | — | — | —
01:42:33 | 4.2 | 4/10 | 525/3927 |  31.34% | 6,300,672/20,102,200 | 1h36m | 3.129 | — | — | — | —
01:42:39 | 4.2 | 4/10 | 550/3927 |  31.40% | 6,313,472/20,102,200 | 1h36m | 3.114 | — | — | — | —
01:42:44 | 4.2 | 4/10 | 575/3927 |  31.46% | 6,326,272/20,102,200 | 1h36m | 3.062 | — | — | — | —
01:42:50 | 4.2 | 4/10 | 600/3927 |  31.53% | 6,339,072/20,102,200 | 1h36m | 2.993 | — | — | — | —
01:42:55 | 4.2 | 4/10 | 625/3927 |  31.59% | 6,351,872/20,102,200 | 1h36m | 3.132 | — | — | — | —
01:43:00 | 4.2 | 4/10 | 650/3927 |  31.66% | 6,364,672/20,102,200 | 1h36m | 3.178 | — | — | — | —
01:43:05 | 4.2 | 4/10 | 675/3927 |  31.72% | 6,377,472/20,102,200 | 1h36m | 3.042 | — | — | — | —
01:43:11 | 4.2 | 4/10 | 700/3927 |  31.78% | 6,390,272/20,102,200 | 1h36m | 3.225 | — | — | — | —
01:43:17 | 4.2 | 4/10 | 725/3927 |  31.85% | 6,403,072/20,102,200 | 1h36m | 3.161 | — | — | — | —
01:43:22 | 4.2 | 4/10 | 750/3927 |  31.91% | 6,415,872/20,102,200 | 1h36m | 3.058 | — | — | — | —
01:43:27 | 4.2 | 4/10 | 775/3927 |  31.97% | 6,428,672/20,102,200 | 1h36m | 3.039 | — | — | — | —
01:43:32 | 4.2 | 4/10 | 800/3927 |  32.04% | 6,441,472/20,102,200 | 1h35m | 3.113 | — | — | — | —
01:43:37 | 4.2 | 4/10 | 825/3927 |  32.10% | 6,454,272/20,102,200 | 1h35m | 3.178 | — | — | — | —
01:43:43 | 4.2 | 4/10 | 850/3927 |  32.16% | 6,467,072/20,102,200 | 1h35m | 3.059 | — | — | — | —
01:43:49 | 4.2 | 4/10 | 875/3927 |  32.23% | 6,479,872/20,102,200 | 1h35m | 3.138 | — | — | — | —
01:43:55 | 4.2 | 4/10 | 900/3927 |  32.29% | 6,492,672/20,102,200 | 1h35m | 3.032 | — | — | — | —
01:44:01 | 4.2 | 4/10 | 925/3927 |  32.36% | 6,505,472/20,102,200 | 1h35m | 3.061 | — | — | — | —
01:44:07 | 4.2 | 4/10 | 950/3927 |  32.42% | 6,518,272/20,102,200 | 1h35m | 3.094 | — | — | — | —
01:44:12 | 4.2 | 4/10 | 975/3927 |  32.48% | 6,531,072/20,102,200 | 1h35m | 3.125 | — | — | — | —
01:44:17 | 4.2 | 4/10 | 1000/3927 |  32.55% | 6,543,872/20,102,200 | 1h35m | 3.114 | — | — | — | —
01:44:23 | 4.2 | 4/10 | 1025/3927 |  32.61% | 6,556,672/20,102,200 | 1h35m | 3.086 | — | — | — | —
01:44:29 | 4.2 | 4/10 | 1050/3927 |  32.67% | 6,569,472/20,102,200 | 1h35m | 3.084 | — | — | — | —
01:44:34 | 4.2 | 4/10 | 1075/3927 |  32.74% | 6,582,272/20,102,200 | 1h35m | 3.037 | — | — | — | —
01:44:41 | 4.2 | 4/10 | 1100/3927 |  32.80% | 6,595,072/20,102,200 | 1h35m | 3.063 | — | — | — | —
01:44:46 | 4.2 | 4/10 | 1125/3927 |  32.86% | 6,607,872/20,102,200 | 1h34m | 3.154 | — | — | — | —
01:44:51 | 4.2 | 4/10 | 1150/3927 |  32.93% | 6,620,672/20,102,200 | 1h34m | 3.160 | — | — | — | —
01:44:56 | 4.2 | 4/10 | 1175/3927 |  32.99% | 6,633,472/20,102,200 | 1h34m | 3.093 | — | — | — | —
01:45:02 | 4.2 | 4/10 | 1200/3927 |  33.06% | 6,646,272/20,102,200 | 1h34m | 3.229 | — | — | — | —
01:45:07 | 4.2 | 4/10 | 1225/3927 |  33.12% | 6,659,072/20,102,200 | 1h34m | 3.111 | — | — | — | —
01:45:13 | 4.2 | 4/10 | 1250/3927 |  33.18% | 6,671,872/20,102,200 | 1h34m | 3.054 | — | — | — | —
01:45:18 | 4.2 | 4/10 | 1275/3927 |  33.25% | 6,684,672/20,102,200 | 1h34m | 3.027 | — | — | — | —
01:45:23 | 4.2 | 4/10 | 1300/3927 |  33.31% | 6,697,472/20,102,200 | 1h34m | 3.072 | — | — | — | —
01:45:28 | 4.2 | 4/10 | 1325/3927 |  33.37% | 6,710,272/20,102,200 | 1h34m | 3.198 | — | — | — | —
01:45:33 | 4.2 | 4/10 | 1350/3927 |  33.44% | 6,723,072/20,102,200 | 1h34m | 3.048 | — | — | — | —
01:45:39 | 4.2 | 4/10 | 1375/3927 |  33.50% | 6,735,872/20,102,200 | 1h34m | 3.094 | — | — | — | —
01:45:44 | 4.2 | 4/10 | 1400/3927 |  33.57% | 6,748,672/20,102,200 | 1h33m | 3.040 | — | — | — | —
01:45:49 | 4.2 | 4/10 | 1425/3927 |  33.63% | 6,761,472/20,102,200 | 1h33m | 3.044 | — | — | — | —
01:45:54 | 4.2 | 4/10 | 1450/3927 |  33.69% | 6,774,272/20,102,200 | 1h33m | 3.108 | — | — | — | —
01:45:59 | 4.2 | 4/10 | 1475/3927 |  33.76% | 6,787,072/20,102,200 | 1h33m | 3.170 | — | — | — | —
01:46:05 | 4.2 | 4/10 | 1500/3927 |  33.82% | 6,799,872/20,102,200 | 1h33m | 3.017 | — | — | — | —
01:46:10 | 4.2 | 4/10 | 1525/3927 |  33.88% | 6,812,672/20,102,200 | 1h33m | 3.019 | — | — | — | —
01:46:15 | 4.2 | 4/10 | 1550/3927 |  33.95% | 6,825,472/20,102,200 | 1h33m | 3.032 | — | — | — | —
01:46:20 | 4.2 | 4/10 | 1575/3927 |  34.01% | 6,838,272/20,102,200 | 1h33m | 3.036 | — | — | — | —
01:46:26 | 4.2 | 4/10 | 1600/3927 |  34.07% | 6,851,072/20,102,200 | 1h33m | 3.081 | — | — | — | —
01:46:31 | 4.2 | 4/10 | 1625/3927 |  34.14% | 6,863,872/20,102,200 | 1h33m | 3.080 | — | — | — | —
01:46:36 | 4.2 | 4/10 | 1650/3927 |  34.20% | 6,876,672/20,102,200 | 1h32m | 3.051 | — | — | — | —
01:46:41 | 4.2 | 4/10 | 1675/3927 |  34.27% | 6,889,472/20,102,200 | 1h32m | 3.010 | — | — | — | —
01:46:47 | 4.2 | 4/10 | 1700/3927 |  34.33% | 6,902,272/20,102,200 | 1h32m | 3.187 | — | — | — | —
01:46:52 | 4.2 | 4/10 | 1725/3927 |  34.39% | 6,915,072/20,102,200 | 1h32m | 3.161 | — | — | — | —
01:46:58 | 4.2 | 4/10 | 1750/3927 |  34.46% | 6,927,872/20,102,200 | 1h32m | 3.160 | — | — | — | —
01:47:03 | 4.2 | 4/10 | 1775/3927 |  34.52% | 6,940,672/20,102,200 | 1h32m | 3.137 | — | — | — | —
01:47:09 | 4.2 | 4/10 | 1800/3927 |  34.58% | 6,953,472/20,102,200 | 1h32m | 3.109 | — | — | — | —
01:47:14 | 4.2 | 4/10 | 1825/3927 |  34.65% | 6,966,272/20,102,200 | 1h32m | 3.040 | — | — | — | —
01:47:20 | 4.2 | 4/10 | 1850/3927 |  34.71% | 6,979,072/20,102,200 | 1h32m | 3.072 | — | — | — | —
01:47:26 | 4.2 | 4/10 | 1875/3927 |  34.77% | 6,991,872/20,102,200 | 1h32m | 3.137 | — | — | — | —
01:47:31 | 4.2 | 4/10 | 1900/3927 |  34.84% | 7,004,672/20,102,200 | 1h32m | 3.170 | — | — | — | —
01:47:36 | 4.2 | 4/10 | 1925/3927 |  34.90% | 7,017,472/20,102,200 | 1h31m | 3.090 | — | — | — | —
01:47:42 | 4.2 | 4/10 | 1950/3927 |  34.97% | 7,030,272/20,102,200 | 1h31m | 3.085 | — | — | — | —
01:47:47 | 4.2 | 4/10 | 1975/3927 |  35.03% | 7,043,072/20,102,200 | 1h31m | 3.110 | — | — | — | —
01:47:54 | 4.2 | 4/10 | 2000/3927 |  35.09% | 7,055,872/20,102,200 | 1h31m | 3.037 | — | — | — | —
01:48:00 | 4.2 | 4/10 | 2025/3927 |  35.16% | 7,068,672/20,102,200 | 1h31m | 3.010 | — | — | — | —
01:48:06 | 4.2 | 4/10 | 2050/3927 |  35.22% | 7,081,472/20,102,200 | 1h31m | 3.178 | — | — | — | —
01:48:12 | 4.2 | 4/10 | 2075/3927 |  35.28% | 7,094,272/20,102,200 | 1h31m | 3.206 | — | — | — | —
01:48:17 | 4.2 | 4/10 | 2100/3927 |  35.35% | 7,107,072/20,102,200 | 1h31m | 3.146 | — | — | — | —
01:48:22 | 4.2 | 4/10 | 2125/3927 |  35.41% | 7,119,872/20,102,200 | 1h31m | 3.039 | — | — | — | —
01:48:28 | 4.2 | 4/10 | 2150/3927 |  35.47% | 7,132,672/20,102,200 | 1h31m | 3.135 | — | — | — | —
01:48:34 | 4.2 | 4/10 | 2175/3927 |  35.54% | 7,145,472/20,102,200 | 1h31m | 3.297 | — | — | — | —
01:48:39 | 4.2 | 4/10 | 2200/3927 |  35.60% | 7,158,272/20,102,200 | 1h31m | 3.177 | — | — | — | —
01:48:44 | 4.2 | 4/10 | 2225/3927 |  35.67% | 7,171,072/20,102,200 | 1h30m | 3.028 | — | — | — | —
01:48:49 | 4.2 | 4/10 | 2250/3927 |  35.73% | 7,183,872/20,102,200 | 1h30m | 3.119 | — | — | — | —
01:48:55 | 4.2 | 4/10 | 2275/3927 |  35.79% | 7,196,672/20,102,200 | 1h30m | 3.093 | — | — | — | —
01:49:01 | 4.2 | 4/10 | 2300/3927 |  35.86% | 7,209,472/20,102,200 | 1h30m | 2.946 | — | — | — | —
01:49:06 | 4.2 | 4/10 | 2325/3927 |  35.92% | 7,222,272/20,102,200 | 1h30m | 3.064 | — | — | — | —
01:49:11 | 4.2 | 4/10 | 2350/3927 |  35.98% | 7,235,072/20,102,200 | 1h30m | 3.067 | — | — | — | —
01:49:17 | 4.2 | 4/10 | 2375/3927 |  36.05% | 7,247,872/20,102,200 | 1h30m | 3.178 | — | — | — | —
01:49:23 | 4.2 | 4/10 | 2400/3927 |  36.11% | 7,260,672/20,102,200 | 1h30m | 3.084 | — | — | — | —
01:49:28 | 4.2 | 4/10 | 2425/3927 |  36.18% | 7,273,472/20,102,200 | 1h30m | 3.060 | — | — | — | —
01:49:33 | 4.2 | 4/10 | 2450/3927 |  36.24% | 7,286,272/20,102,200 | 1h30m | 3.146 | — | — | — | —
01:49:38 | 4.2 | 4/10 | 2475/3927 |  36.30% | 7,299,072/20,102,200 | 1h30m | 3.060 | — | — | — | —
01:49:44 | 4.2 | 4/10 | 2500/3927 |  36.37% | 7,311,872/20,102,200 | 1h30m | 3.155 | — | — | — | —
01:49:50 | 4.2 | 4/10 | 2525/3927 |  36.43% | 7,324,672/20,102,200 | 1h29m | 3.053 | — | — | — | —
01:49:55 | 4.2 | 4/10 | 2550/3927 |  36.49% | 7,337,472/20,102,200 | 1h29m | 3.150 | — | — | — | —
01:50:00 | 4.2 | 4/10 | 2575/3927 |  36.56% | 7,350,272/20,102,200 | 1h29m | 3.167 | — | — | — | —
01:50:05 | 4.2 | 4/10 | 2600/3927 |  36.62% | 7,363,072/20,102,200 | 1h29m | 3.114 | — | — | — | —
01:50:10 | 4.2 | 4/10 | 2625/3927 |  36.68% | 7,375,872/20,102,200 | 1h29m | 3.199 | — | — | — | —
01:50:16 | 4.2 | 4/10 | 2650/3927 |  36.75% | 7,388,672/20,102,200 | 1h29m | 3.144 | — | — | — | —
01:50:22 | 4.2 | 4/10 | 2675/3927 |  36.81% | 7,401,472/20,102,200 | 1h29m | 3.060 | — | — | — | —
01:50:27 | 4.2 | 4/10 | 2700/3927 |  36.88% | 7,414,272/20,102,200 | 1h29m | 3.099 | — | — | — | —
01:50:32 | 4.2 | 4/10 | 2725/3927 |  36.94% | 7,427,072/20,102,200 | 1h29m | 3.069 | — | — | — | —
01:50:37 | 4.2 | 4/10 | 2750/3927 |  37.00% | 7,439,872/20,102,200 | 1h29m | 3.170 | — | — | — | —
01:50:43 | 4.2 | 4/10 | 2775/3927 |  37.07% | 7,452,672/20,102,200 | 1h29m | 3.076 | — | — | — | —
01:50:48 | 4.2 | 4/10 | 2800/3927 |  37.13% | 7,465,472/20,102,200 | 1h28m | 3.216 | — | — | — | —
01:50:53 | 4.2 | 4/10 | 2825/3927 |  37.19% | 7,478,272/20,102,200 | 1h28m | 3.099 | — | — | — | —
01:50:59 | 4.2 | 4/10 | 2850/3927 |  37.26% | 7,491,072/20,102,200 | 1h28m | 2.976 | — | — | — | —
01:51:04 | 4.2 | 4/10 | 2875/3927 |  37.32% | 7,503,872/20,102,200 | 1h28m | 3.087 | — | — | — | —
01:51:10 | 4.2 | 4/10 | 2900/3927 |  37.38% | 7,516,672/20,102,200 | 1h28m | 3.065 | — | — | — | —
01:51:15 | 4.2 | 4/10 | 2925/3927 |  37.45% | 7,529,472/20,102,200 | 1h28m | 3.102 | — | — | — | —
01:51:20 | 4.2 | 4/10 | 2950/3927 |  37.51% | 7,542,272/20,102,200 | 1h28m | 3.094 | — | — | — | —
01:51:25 | 4.2 | 4/10 | 2975/3927 |  37.58% | 7,555,072/20,102,200 | 1h28m | 3.122 | — | — | — | —
01:51:30 | 4.2 | 4/10 | 3000/3927 |  37.64% | 7,567,872/20,102,200 | 1h28m | 3.072 | — | — | — | —
01:51:35 | 4.2 | 4/10 | 3025/3927 |  37.70% | 7,580,672/20,102,200 | 1h28m | 3.060 | — | — | — | —
01:51:41 | 4.2 | 4/10 | 3050/3927 |  37.77% | 7,593,472/20,102,200 | 1h27m | 3.047 | — | — | — | —
01:51:46 | 4.2 | 4/10 | 3075/3927 |  37.83% | 7,606,272/20,102,200 | 1h27m | 3.061 | — | — | — | —
01:51:51 | 4.2 | 4/10 | 3100/3927 |  37.89% | 7,619,072/20,102,200 | 1h27m | 3.139 | — | — | — | —
01:51:56 | 4.2 | 4/10 | 3125/3927 |  37.96% | 7,631,872/20,102,200 | 1h27m | 3.026 | — | — | — | —
01:52:01 | 4.2 | 4/10 | 3150/3927 |  38.02% | 7,644,672/20,102,200 | 1h27m | 3.082 | — | — | — | —
01:52:06 | 4.2 | 4/10 | 3175/3927 |  38.09% | 7,657,472/20,102,200 | 1h27m | 3.187 | — | — | — | —
01:52:11 | 4.2 | 4/10 | 3200/3927 |  38.15% | 7,670,272/20,102,200 | 1h27m | 3.117 | — | — | — | —
01:52:16 | 4.2 | 4/10 | 3225/3927 |  38.21% | 7,683,072/20,102,200 | 1h27m | 3.109 | — | — | — | —
01:52:21 | 4.2 | 4/10 | 3250/3927 |  38.28% | 7,695,872/20,102,200 | 1h27m | 3.094 | — | — | — | —
01:52:27 | 4.2 | 4/10 | 3275/3927 |  38.34% | 7,708,672/20,102,200 | 1h27m | 3.135 | — | — | — | —
01:52:32 | 4.2 | 4/10 | 3300/3927 |  38.40% | 7,721,472/20,102,200 | 1h26m | 3.134 | — | — | — | —
01:52:37 | 4.2 | 4/10 | 3325/3927 |  38.47% | 7,734,272/20,102,200 | 1h26m | 3.141 | — | — | — | —
01:52:42 | 4.2 | 4/10 | 3350/3927 |  38.53% | 7,747,072/20,102,200 | 1h26m | 3.058 | — | — | — | —
01:52:47 | 4.2 | 4/10 | 3375/3927 |  38.59% | 7,759,872/20,102,200 | 1h26m | 3.151 | — | — | — | —
01:52:53 | 4.2 | 4/10 | 3400/3927 |  38.66% | 7,772,672/20,102,200 | 1h26m | 3.173 | — | — | — | —
01:52:58 | 4.2 | 4/10 | 3425/3927 |  38.72% | 7,785,472/20,102,200 | 1h26m | 3.198 | — | — | — | —
01:53:03 | 4.2 | 4/10 | 3450/3927 |  38.79% | 7,798,272/20,102,200 | 1h26m | 3.154 | — | — | — | —
01:53:08 | 4.2 | 4/10 | 3475/3927 |  38.85% | 7,811,072/20,102,200 | 1h26m | 3.072 | — | — | — | —
01:53:14 | 4.2 | 4/10 | 3500/3927 |  38.91% | 7,823,872/20,102,200 | 1h26m | 2.944 | — | — | — | —
01:53:19 | 4.2 | 4/10 | 3525/3927 |  38.98% | 7,836,672/20,102,200 | 1h26m | 3.121 | — | — | — | —
01:53:25 | 4.2 | 4/10 | 3550/3927 |  39.04% | 7,849,472/20,102,200 | 1h26m | 3.148 | — | — | — | —
01:53:30 | 4.2 | 4/10 | 3575/3927 |  39.10% | 7,862,272/20,102,200 | 1h25m | 3.095 | — | — | — | —
01:53:35 | 4.2 | 4/10 | 3600/3927 |  39.17% | 7,875,072/20,102,200 | 1h25m | 3.074 | — | — | — | —
01:53:40 | 4.2 | 4/10 | 3625/3927 |  39.23% | 7,887,872/20,102,200 | 1h25m | 2.998 | — | — | — | —
01:53:45 | 4.2 | 4/10 | 3650/3927 |  39.29% | 7,900,672/20,102,200 | 1h25m | 3.132 | — | — | — | —
01:53:50 | 4.2 | 4/10 | 3675/3927 |  39.36% | 7,913,472/20,102,200 | 1h25m | 3.116 | — | — | — | —
01:53:56 | 4.2 | 4/10 | 3700/3927 |  39.42% | 7,926,272/20,102,200 | 1h25m | 3.122 | — | — | — | —
01:54:02 | 4.2 | 4/10 | 3725/3927 |  39.49% | 7,939,072/20,102,200 | 1h25m | 3.024 | — | — | — | —
01:54:07 | 4.2 | 4/10 | 3750/3927 |  39.55% | 7,951,872/20,102,200 | 1h25m | 3.267 | — | — | — | —
01:54:13 | 4.2 | 4/10 | 3775/3927 |  39.61% | 7,964,672/20,102,200 | 1h25m | 3.164 | — | — | — | —
01:54:18 | 4.2 | 4/10 | 3800/3927 |  39.68% | 7,977,472/20,102,200 | 1h25m | 3.055 | — | — | — | —
01:54:23 | 4.2 | 4/10 | 3825/3927 |  39.74% | 7,990,272/20,102,200 | 1h25m | 3.034 | — | — | — | —
01:54:28 | 4.2 | 4/10 | 3850/3927 |  39.80% | 8,003,072/20,102,200 | 1h24m | 3.057 | — | — | — | —
01:54:33 | 4.2 | 4/10 | 3875/3927 |  39.87% | 8,015,872/20,102,200 | 1h24m | 3.029 | — | — | — | —
01:54:38 | 4.2 | 4/10 | 3900/3927 |  39.93% | 8,028,672/20,102,200 | 1h24m | 3.095 | — | — | — | —
01:54:43 | 4.2 | 4/10 | 3925/3927 |  39.99% | 8,041,472/20,102,200 | 1h24m | 3.051 | — | — | — | —
01:54:44 | 4.2 | 4/10 | 3927/3927 |  40.00% | 8,042,496/20,102,200 | 1h24m | 2.790 | — | — | — | —
01:54:54 | validation | 4/10 | epoch-end |  40.00% | 8,040,880/20,102,200 | 1h24m | 3.095 |  54.32% |  43.33% |   4.17% | 1.561
01:54:54 | 4.2 | 5/10 | 1/3927 |  40.00% | 8,043,008/20,102,200 | 1h24m | 3.118 | — | — | — | —
01:54:59 | 4.2 | 5/10 | 25/3927 |  40.06% | 8,055,296/20,102,200 | 1h24m | 3.076 | — | — | — | —
01:55:04 | 4.2 | 5/10 | 50/3927 |  40.13% | 8,068,096/20,102,200 | 1h24m | 3.072 | — | — | — | —
01:55:09 | 4.2 | 5/10 | 75/3927 |  40.19% | 8,080,896/20,102,200 | 1h24m | 3.031 | — | — | — | —
01:55:14 | 4.2 | 5/10 | 100/3927 |  40.25% | 8,093,696/20,102,200 | 1h24m | 3.177 | — | — | — | —
01:55:19 | 4.2 | 5/10 | 125/3927 |  40.32% | 8,106,496/20,102,200 | 1h24m | 3.170 | — | — | — | —
01:55:25 | 4.2 | 5/10 | 150/3927 |  40.38% | 8,119,296/20,102,200 | 1h24m | 3.090 | — | — | — | —
01:55:30 | 4.2 | 5/10 | 175/3927 |  40.45% | 8,132,096/20,102,200 | 1h24m | 3.071 | — | — | — | —
01:55:36 | 4.2 | 5/10 | 200/3927 |  40.51% | 8,144,896/20,102,200 | 1h24m | 3.171 | — | — | — | —
01:55:41 | 4.2 | 5/10 | 225/3927 |  40.57% | 8,157,696/20,102,200 | 1h24m | 3.224 | — | — | — | —
01:55:46 | 4.2 | 5/10 | 250/3927 |  40.64% | 8,170,496/20,102,200 | 1h23m | 3.108 | — | — | — | —
01:55:52 | 4.2 | 5/10 | 275/3927 |  40.70% | 8,183,296/20,102,200 | 1h23m | 3.064 | — | — | — | —
01:55:57 | 4.2 | 5/10 | 300/3927 |  40.76% | 8,196,096/20,102,200 | 1h23m | 3.052 | — | — | — | —
01:56:02 | 4.2 | 5/10 | 325/3927 |  40.83% | 8,208,896/20,102,200 | 1h23m | 3.089 | — | — | — | —
01:56:07 | 4.2 | 5/10 | 350/3927 |  40.89% | 8,221,696/20,102,200 | 1h23m | 3.033 | — | — | — | —
01:56:13 | 4.2 | 5/10 | 375/3927 |  40.95% | 8,234,496/20,102,200 | 1h23m | 3.046 | — | — | — | —
01:56:19 | 4.2 | 5/10 | 400/3927 |  41.02% | 8,247,296/20,102,200 | 1h23m | 3.061 | — | — | — | —
01:56:24 | 4.2 | 5/10 | 425/3927 |  41.08% | 8,260,096/20,102,200 | 1h23m | 3.073 | — | — | — | —
01:56:29 | 4.2 | 5/10 | 450/3927 |  41.15% | 8,272,896/20,102,200 | 1h23m | 3.107 | — | — | — | —
01:56:34 | 4.2 | 5/10 | 475/3927 |  41.21% | 8,285,696/20,102,200 | 1h23m | 3.128 | — | — | — | —
01:56:39 | 4.2 | 5/10 | 500/3927 |  41.27% | 8,298,496/20,102,200 | 1h23m | 3.027 | — | — | — | —
01:56:45 | 4.2 | 5/10 | 525/3927 |  41.34% | 8,311,296/20,102,200 | 1h22m | 2.970 | — | — | — | —
01:56:50 | 4.2 | 5/10 | 550/3927 |  41.40% | 8,324,096/20,102,200 | 1h22m | 3.014 | — | — | — | —
01:56:55 | 4.2 | 5/10 | 575/3927 |  41.46% | 8,336,896/20,102,200 | 1h22m | 3.001 | — | — | — | —
01:57:01 | 4.2 | 5/10 | 600/3927 |  41.53% | 8,349,696/20,102,200 | 1h22m | 2.912 | — | — | — | —
01:57:06 | 4.2 | 5/10 | 625/3927 |  41.59% | 8,362,496/20,102,200 | 1h22m | 3.049 | — | — | — | —
01:57:11 | 4.2 | 5/10 | 650/3927 |  41.66% | 8,375,296/20,102,200 | 1h22m | 3.044 | — | — | — | —
01:57:16 | 4.2 | 5/10 | 675/3927 |  41.72% | 8,388,096/20,102,200 | 1h22m | 3.073 | — | — | — | —
01:57:22 | 4.2 | 5/10 | 700/3927 |  41.78% | 8,400,896/20,102,200 | 1h22m | 3.024 | — | — | — | —
01:57:27 | 4.2 | 5/10 | 725/3927 |  41.85% | 8,413,696/20,102,200 | 1h22m | 2.884 | — | — | — | —
01:57:32 | 4.2 | 5/10 | 750/3927 |  41.91% | 8,426,496/20,102,200 | 1h22m | 3.147 | — | — | — | —
01:57:37 | 4.2 | 5/10 | 775/3927 |  41.97% | 8,439,296/20,102,200 | 1h22m | 3.049 | — | — | — | —
01:57:43 | 4.2 | 5/10 | 800/3927 |  42.04% | 8,452,096/20,102,200 | 1h21m | 3.108 | — | — | — | —
01:57:52 | 4.2 | 5/10 | 825/3927 |  42.10% | 8,464,896/20,102,200 | 1h21m | 3.073 | — | — | — | —
01:58:00 | 4.2 | 5/10 | 850/3927 |  42.16% | 8,477,696/20,102,200 | 1h21m | 3.086 | — | — | — | —
01:58:09 | 4.2 | 5/10 | 875/3927 |  42.23% | 8,490,496/20,102,200 | 1h21m | 3.066 | — | — | — | —
01:58:16 | 4.2 | 5/10 | 900/3927 |  42.29% | 8,503,296/20,102,200 | 1h21m | 3.020 | — | — | — | —
01:58:25 | 4.2 | 5/10 | 925/3927 |  42.36% | 8,516,096/20,102,200 | 1h21m | 3.008 | — | — | — | —
01:58:35 | 4.2 | 5/10 | 950/3927 |  42.42% | 8,528,896/20,102,200 | 1h21m | 3.108 | — | — | — | —
01:58:45 | 4.2 | 5/10 | 975/3927 |  42.48% | 8,541,696/20,102,200 | 1h21m | 3.055 | — | — | — | —
01:58:53 | 4.2 | 5/10 | 1000/3927 |  42.55% | 8,554,496/20,102,200 | 1h21m | 2.983 | — | — | — | —
01:59:03 | 4.2 | 5/10 | 1025/3927 |  42.61% | 8,567,296/20,102,200 | 1h21m | 3.177 | — | — | — | —
01:59:13 | 4.2 | 5/10 | 1050/3927 |  42.67% | 8,580,096/20,102,200 | 1h21m | 2.962 | — | — | — | —
01:59:22 | 4.2 | 5/10 | 1075/3927 |  42.74% | 8,592,896/20,102,200 | 1h21m | 3.196 | — | — | — | —
01:59:32 | 4.2 | 5/10 | 1100/3927 |  42.80% | 8,605,696/20,102,200 | 1h21m | 3.085 | — | — | — | —
01:59:41 | 4.2 | 5/10 | 1125/3927 |  42.86% | 8,618,496/20,102,200 | 1h21m | 2.898 | — | — | — | —
01:59:51 | 4.2 | 5/10 | 1150/3927 |  42.93% | 8,631,296/20,102,200 | 1h21m | 3.005 | — | — | — | —
02:00:02 | 4.2 | 5/10 | 1175/3927 |  42.99% | 8,644,096/20,102,200 | 1h21m | 3.061 | — | — | — | —
02:00:11 | 4.2 | 5/10 | 1200/3927 |  43.06% | 8,656,896/20,102,200 | 1h21m | 3.072 | — | — | — | —
02:00:24 | 4.2 | 5/10 | 1225/3927 |  43.12% | 8,669,696/20,102,200 | 1h21m | 3.114 | — | — | — | —
02:00:33 | 4.2 | 5/10 | 1250/3927 |  43.18% | 8,682,496/20,102,200 | 1h21m | 2.965 | — | — | — | —
02:00:42 | 4.2 | 5/10 | 1275/3927 |  43.25% | 8,695,296/20,102,200 | 1h21m | 3.022 | — | — | — | —
02:00:51 | 4.2 | 5/10 | 1300/3927 |  43.31% | 8,708,096/20,102,200 | 1h21m | 3.141 | — | — | — | —
02:01:03 | 4.2 | 5/10 | 1325/3927 |  43.37% | 8,720,896/20,102,200 | 1h21m | 3.114 | — | — | — | —
02:01:12 | 4.2 | 5/10 | 1350/3927 |  43.44% | 8,733,696/20,102,200 | 1h21m | 3.033 | — | — | — | —
02:01:21 | 4.2 | 5/10 | 1375/3927 |  43.50% | 8,746,496/20,102,200 | 1h21m | 3.068 | — | — | — | —
02:01:31 | 4.2 | 5/10 | 1400/3927 |  43.57% | 8,759,296/20,102,200 | 1h21m | 2.985 | — | — | — | —
02:01:44 | 4.2 | 5/10 | 1425/3927 |  43.63% | 8,772,096/20,102,200 | 1h21m | 3.122 | — | — | — | —
02:01:53 | 4.2 | 5/10 | 1450/3927 |  43.69% | 8,784,896/20,102,200 | 1h21m | 3.148 | — | — | — | —
02:02:02 | 4.2 | 5/10 | 1475/3927 |  43.76% | 8,797,696/20,102,200 | 1h21m | 3.026 | — | — | — | —
02:02:13 | 4.2 | 5/10 | 1500/3927 |  43.82% | 8,810,496/20,102,200 | 1h21m | 3.130 | — | — | — | —
02:02:25 | 4.2 | 5/10 | 1525/3927 |  43.88% | 8,823,296/20,102,200 | 1h22m | 3.065 | — | — | — | —
02:02:33 | 4.2 | 5/10 | 1550/3927 |  43.95% | 8,836,096/20,102,200 | 1h21m | 3.005 | — | — | — | —
02:02:44 | 4.2 | 5/10 | 1575/3927 |  44.01% | 8,848,896/20,102,200 | 1h21m | 3.118 | — | — | — | —
02:02:56 | 4.2 | 5/10 | 1600/3927 |  44.07% | 8,861,696/20,102,200 | 1h22m | 2.929 | — | — | — | —
02:03:04 | 4.2 | 5/10 | 1625/3927 |  44.14% | 8,874,496/20,102,200 | 1h21m | 3.002 | — | — | — | —
02:03:16 | 4.2 | 5/10 | 1650/3927 |  44.20% | 8,887,296/20,102,200 | 1h22m | 3.014 | — | — | — | —
02:03:24 | 4.2 | 5/10 | 1675/3927 |  44.27% | 8,900,096/20,102,200 | 1h21m | 3.009 | — | — | — | —
02:03:36 | 4.2 | 5/10 | 1700/3927 |  44.33% | 8,912,896/20,102,200 | 1h22m | 2.980 | — | — | — | —
02:03:45 | 4.2 | 5/10 | 1725/3927 |  44.39% | 8,925,696/20,102,200 | 1h21m | 3.113 | — | — | — | —
02:03:54 | 4.2 | 5/10 | 1750/3927 |  44.46% | 8,938,496/20,102,200 | 1h21m | 3.101 | — | — | — | —
02:04:07 | 4.2 | 5/10 | 1775/3927 |  44.52% | 8,951,296/20,102,200 | 1h22m | 3.022 | — | — | — | —
02:04:16 | 4.2 | 5/10 | 1800/3927 |  44.58% | 8,964,096/20,102,200 | 1h22m | 3.134 | — | — | — | —
02:04:25 | 4.2 | 5/10 | 1825/3927 |  44.65% | 8,976,896/20,102,200 | 1h21m | 3.037 | — | — | — | —
02:04:38 | 4.2 | 5/10 | 1850/3927 |  44.71% | 8,989,696/20,102,200 | 1h22m | 3.084 | — | — | — | —
02:04:47 | 4.2 | 5/10 | 1875/3927 |  44.77% | 9,002,496/20,102,200 | 1h22m | 3.022 | — | — | — | —
02:04:59 | 4.2 | 5/10 | 1900/3927 |  44.84% | 9,015,296/20,102,200 | 1h22m | 3.175 | — | — | — | —
02:05:11 | 4.2 | 5/10 | 1925/3927 |  44.90% | 9,028,096/20,102,200 | 1h22m | 3.067 | — | — | — | —
02:05:21 | 4.2 | 5/10 | 1950/3927 |  44.97% | 9,040,896/20,102,200 | 1h22m | 2.917 | — | — | — | —
02:05:30 | 4.2 | 5/10 | 1975/3927 |  45.03% | 9,053,696/20,102,200 | 1h22m | 3.063 | — | — | — | —
02:05:42 | 4.2 | 5/10 | 2000/3927 |  45.09% | 9,066,496/20,102,200 | 1h22m | 3.069 | — | — | — | —
02:05:52 | 4.2 | 5/10 | 2025/3927 |  45.16% | 9,079,296/20,102,200 | 1h22m | 3.107 | — | — | — | —
02:06:01 | 4.2 | 5/10 | 2050/3927 |  45.22% | 9,092,096/20,102,200 | 1h22m | 3.039 | — | — | — | —
02:06:14 | 4.2 | 5/10 | 2075/3927 |  45.28% | 9,104,896/20,102,200 | 1h22m | 3.087 | — | — | — | —
02:06:23 | 4.2 | 5/10 | 2100/3927 |  45.35% | 9,117,696/20,102,200 | 1h22m | 3.107 | — | — | — | —
02:06:32 | 4.2 | 5/10 | 2125/3927 |  45.41% | 9,130,496/20,102,200 | 1h22m | 2.996 | — | — | — | —
02:06:46 | 4.2 | 5/10 | 2150/3927 |  45.47% | 9,143,296/20,102,200 | 1h22m | 2.963 | — | — | — | —
02:06:54 | 4.2 | 5/10 | 2175/3927 |  45.54% | 9,156,096/20,102,200 | 1h22m | 3.090 | — | — | — | —
02:07:03 | 4.2 | 5/10 | 2200/3927 |  45.60% | 9,168,896/20,102,200 | 1h22m | 3.105 | — | — | — | —
02:07:13 | 4.2 | 5/10 | 2225/3927 |  45.67% | 9,181,696/20,102,200 | 1h22m | 3.125 | — | — | — | —
02:07:25 | 4.2 | 5/10 | 2250/3927 |  45.73% | 9,194,496/20,102,200 | 1h22m | 3.057 | — | — | — | —
02:07:35 | 4.2 | 5/10 | 2275/3927 |  45.79% | 9,207,296/20,102,200 | 1h22m | 3.009 | — | — | — | —
02:07:46 | 4.2 | 5/10 | 2300/3927 |  45.86% | 9,220,096/20,102,200 | 1h22m | 3.154 | — | — | — | —
02:07:56 | 4.2 | 5/10 | 2325/3927 |  45.92% | 9,232,896/20,102,200 | 1h22m | 3.084 | — | — | — | —
02:08:08 | 4.2 | 5/10 | 2350/3927 |  45.98% | 9,245,696/20,102,200 | 1h22m | 3.185 | — | — | — | —
02:08:17 | 4.2 | 5/10 | 2375/3927 |  46.05% | 9,258,496/20,102,200 | 1h22m | 2.908 | — | — | — | —
02:08:28 | 4.2 | 5/10 | 2400/3927 |  46.11% | 9,271,296/20,102,200 | 1h22m | 3.028 | — | — | — | —
02:08:37 | 4.2 | 5/10 | 2425/3927 |  46.18% | 9,284,096/20,102,200 | 1h21m | 3.048 | — | — | — | —
02:08:46 | 4.2 | 5/10 | 2450/3927 |  46.24% | 9,296,896/20,102,200 | 1h21m | 3.112 | — | — | — | —
02:08:55 | 4.2 | 5/10 | 2475/3927 |  46.30% | 9,309,696/20,102,200 | 1h21m | 3.102 | — | — | — | —
02:09:05 | 4.2 | 5/10 | 2500/3927 |  46.37% | 9,322,496/20,102,200 | 1h21m | 2.944 | — | — | — | —
02:09:15 | 4.2 | 5/10 | 2525/3927 |  46.43% | 9,335,296/20,102,200 | 1h21m | 2.962 | — | — | — | —
02:09:24 | 4.2 | 5/10 | 2550/3927 |  46.49% | 9,348,096/20,102,200 | 1h21m | 2.962 | — | — | — | —
02:09:33 | 4.2 | 5/10 | 2575/3927 |  46.56% | 9,360,896/20,102,200 | 1h21m | 2.961 | — | — | — | —
02:09:42 | 4.2 | 5/10 | 2600/3927 |  46.62% | 9,373,696/20,102,200 | 1h21m | 3.086 | — | — | — | —
02:09:51 | 4.2 | 5/10 | 2625/3927 |  46.68% | 9,386,496/20,102,200 | 1h21m | 2.968 | — | — | — | —
02:10:00 | 4.2 | 5/10 | 2650/3927 |  46.75% | 9,399,296/20,102,200 | 1h21m | 3.037 | — | — | — | —
02:10:08 | 4.2 | 5/10 | 2675/3927 |  46.81% | 9,412,096/20,102,200 | 1h21m | 2.997 | — | — | — | —
02:10:18 | 4.2 | 5/10 | 2700/3927 |  46.88% | 9,424,896/20,102,200 | 1h21m | 3.104 | — | — | — | —
02:10:27 | 4.2 | 5/10 | 2725/3927 |  46.94% | 9,437,696/20,102,200 | 1h21m | 3.183 | — | — | — | —
02:10:40 | 4.2 | 5/10 | 2750/3927 |  47.00% | 9,450,496/20,102,200 | 1h21m | 3.004 | — | — | — | —
02:10:49 | 4.2 | 5/10 | 2775/3927 |  47.07% | 9,463,296/20,102,200 | 1h21m | 3.088 | — | — | — | —
02:10:58 | 4.2 | 5/10 | 2800/3927 |  47.13% | 9,476,096/20,102,200 | 1h21m | 2.999 | — | — | — | —
02:11:07 | 4.2 | 5/10 | 2825/3927 |  47.19% | 9,488,896/20,102,200 | 1h21m | 2.912 | — | — | — | —
02:11:18 | 4.2 | 5/10 | 2850/3927 |  47.26% | 9,501,696/20,102,200 | 1h21m | 3.006 | — | — | — | —
02:11:29 | 4.2 | 5/10 | 2875/3927 |  47.32% | 9,514,496/20,102,200 | 1h21m | 3.042 | — | — | — | —
02:11:38 | 4.2 | 5/10 | 2900/3927 |  47.38% | 9,527,296/20,102,200 | 1h21m | 2.888 | — | — | — | —
02:11:46 | 4.2 | 5/10 | 2925/3927 |  47.45% | 9,540,096/20,102,200 | 1h21m | 2.992 | — | — | — | —
02:11:54 | 4.2 | 5/10 | 2950/3927 |  47.51% | 9,552,896/20,102,200 | 1h21m | 3.092 | — | — | — | —
02:12:03 | 4.2 | 5/10 | 2975/3927 |  47.58% | 9,565,696/20,102,200 | 1h21m | 3.038 | — | — | — | —
02:12:11 | 4.2 | 5/10 | 3000/3927 |  47.64% | 9,578,496/20,102,200 | 1h21m | 3.103 | — | — | — | —
02:12:20 | 4.2 | 5/10 | 3025/3927 |  47.70% | 9,591,296/20,102,200 | 1h21m | 3.020 | — | — | — | —
02:12:31 | 4.2 | 5/10 | 3050/3927 |  47.77% | 9,604,096/20,102,200 | 1h21m | 3.053 | — | — | — | —
02:12:40 | 4.2 | 5/10 | 3075/3927 |  47.83% | 9,616,896/20,102,200 | 1h21m | 3.084 | — | — | — | —
02:12:53 | 4.2 | 5/10 | 3100/3927 |  47.89% | 9,629,696/20,102,200 | 1h21m | 3.014 | — | — | — | —
02:13:03 | 4.2 | 5/10 | 3125/3927 |  47.96% | 9,642,496/20,102,200 | 1h21m | 2.909 | — | — | — | —
02:13:11 | 4.2 | 5/10 | 3150/3927 |  48.02% | 9,655,296/20,102,200 | 1h21m | 3.136 | — | — | — | —
02:13:19 | 4.2 | 5/10 | 3175/3927 |  48.09% | 9,668,096/20,102,200 | 1h21m | 3.036 | — | — | — | —
02:13:27 | 4.2 | 5/10 | 3200/3927 |  48.15% | 9,680,896/20,102,200 | 1h20m | 2.981 | — | — | — | —
02:13:35 | 4.2 | 5/10 | 3225/3927 |  48.21% | 9,693,696/20,102,200 | 1h20m | 3.054 | — | — | — | —
02:13:43 | 4.2 | 5/10 | 3250/3927 |  48.28% | 9,706,496/20,102,200 | 1h20m | 2.991 | — | — | — | —
02:13:51 | 4.2 | 5/10 | 3275/3927 |  48.34% | 9,719,296/20,102,200 | 1h20m | 2.992 | — | — | — | —
02:13:59 | 4.2 | 5/10 | 3300/3927 |  48.40% | 9,732,096/20,102,200 | 1h20m | 2.988 | — | — | — | —
02:14:07 | 4.2 | 5/10 | 3325/3927 |  48.47% | 9,744,896/20,102,200 | 1h20m | 3.032 | — | — | — | —
02:14:15 | 4.2 | 5/10 | 3350/3927 |  48.53% | 9,757,696/20,102,200 | 1h20m | 3.137 | — | — | — | —
02:14:24 | 4.2 | 5/10 | 3375/3927 |  48.59% | 9,770,496/20,102,200 | 1h20m | 3.052 | — | — | — | —
02:14:32 | 4.2 | 5/10 | 3400/3927 |  48.66% | 9,783,296/20,102,200 | 1h20m | 3.074 | — | — | — | —
02:14:40 | 4.2 | 5/10 | 3425/3927 |  48.72% | 9,796,096/20,102,200 | 1h20m | 2.912 | — | — | — | —
02:14:49 | 4.2 | 5/10 | 3450/3927 |  48.79% | 9,808,896/20,102,200 | 1h20m | 2.996 | — | — | — | —
02:14:57 | 4.2 | 5/10 | 3475/3927 |  48.85% | 9,821,696/20,102,200 | 1h20m | 2.967 | — | — | — | —
02:15:05 | 4.2 | 5/10 | 3500/3927 |  48.91% | 9,834,496/20,102,200 | 1h20m | 3.161 | — | — | — | —
02:15:13 | 4.2 | 5/10 | 3525/3927 |  48.98% | 9,847,296/20,102,200 | 1h20m | 3.169 | — | — | — | —
02:15:21 | 4.2 | 5/10 | 3550/3927 |  49.04% | 9,860,096/20,102,200 | 1h20m | 3.055 | — | — | — | —
02:15:29 | 4.2 | 5/10 | 3575/3927 |  49.10% | 9,872,896/20,102,200 | 1h20m | 3.072 | — | — | — | —
02:15:36 | 4.2 | 5/10 | 3600/3927 |  49.17% | 9,885,696/20,102,200 | 1h19m | 3.057 | — | — | — | —
02:15:44 | 4.2 | 5/10 | 3625/3927 |  49.23% | 9,898,496/20,102,200 | 1h19m | 3.008 | — | — | — | —
02:15:52 | 4.2 | 5/10 | 3650/3927 |  49.29% | 9,911,296/20,102,200 | 1h19m | 3.006 | — | — | — | —
02:16:01 | 4.2 | 5/10 | 3675/3927 |  49.36% | 9,924,096/20,102,200 | 1h19m | 3.022 | — | — | — | —
02:16:09 | 4.2 | 5/10 | 3700/3927 |  49.42% | 9,936,896/20,102,200 | 1h19m | 3.103 | — | — | — | —
02:16:17 | 4.2 | 5/10 | 3725/3927 |  49.49% | 9,949,696/20,102,200 | 1h19m | 3.043 | — | — | — | —
02:16:25 | 4.2 | 5/10 | 3750/3927 |  49.55% | 9,962,496/20,102,200 | 1h19m | 3.058 | — | — | — | —
02:16:33 | 4.2 | 5/10 | 3775/3927 |  49.61% | 9,975,296/20,102,200 | 1h19m | 3.091 | — | — | — | —
02:16:41 | 4.2 | 5/10 | 3800/3927 |  49.68% | 9,988,096/20,102,200 | 1h19m | 3.028 | — | — | — | —
02:16:49 | 4.2 | 5/10 | 3825/3927 |  49.74% | 10,000,896/20,102,200 | 1h19m | 3.137 | — | — | — | —
02:16:56 | 4.2 | 5/10 | 3850/3927 |  49.80% | 10,013,696/20,102,200 | 1h19m | 3.073 | — | — | — | —
02:17:04 | 4.2 | 5/10 | 3875/3927 |  49.87% | 10,026,496/20,102,200 | 1h19m | 3.022 | — | — | — | —
02:17:12 | 4.2 | 5/10 | 3900/3927 |  49.93% | 10,039,296/20,102,200 | 1h19m | 3.181 | — | — | — | —
02:17:21 | 4.2 | 5/10 | 3925/3927 |  49.99% | 10,052,096/20,102,200 | 1h19m | 3.084 | — | — | — | —
02:17:22 | 4.2 | 5/10 | 3927/3927 |  50.00% | 10,053,120/20,102,200 | 1h19m | 3.195 | — | — | — | —
02:17:40 | validation | 5/10 | epoch-end |  50.00% | 10,051,100/20,102,200 | 1h19m | 3.054 |  54.87% |  43.89% |   4.43% | 1.546
02:17:41 | 4.2 | 6/10 | 1/3927 |  50.00% | 10,053,632/20,102,200 | 1h19m | 3.102 | — | — | — | —
02:17:49 | 4.2 | 6/10 | 25/3927 |  50.06% | 10,065,920/20,102,200 | 1h19m | 3.119 | — | — | — | —
02:17:56 | 4.2 | 6/10 | 50/3927 |  50.13% | 10,078,720/20,102,200 | 1h19m | 3.006 | — | — | — | —
02:18:05 | 4.2 | 6/10 | 75/3927 |  50.19% | 10,091,520/20,102,200 | 1h19m | 2.845 | — | — | — | —
02:18:13 | 4.2 | 6/10 | 100/3927 |  50.25% | 10,104,320/20,102,200 | 1h19m | 3.088 | — | — | — | —
02:18:21 | 4.2 | 6/10 | 125/3927 |  50.32% | 10,117,120/20,102,200 | 1h19m | 2.869 | — | — | — | —
02:18:32 | 4.2 | 6/10 | 150/3927 |  50.38% | 10,129,920/20,102,200 | 1h19m | 3.061 | — | — | — | —
02:18:40 | 4.2 | 6/10 | 175/3927 |  50.45% | 10,142,720/20,102,200 | 1h18m | 2.914 | — | — | — | —
02:18:48 | 4.2 | 6/10 | 200/3927 |  50.51% | 10,155,520/20,102,200 | 1h18m | 3.052 | — | — | — | —
02:18:57 | 4.2 | 6/10 | 225/3927 |  50.57% | 10,168,320/20,102,200 | 1h18m | 3.030 | — | — | — | —
02:19:07 | 4.2 | 6/10 | 250/3927 |  50.64% | 10,181,120/20,102,200 | 1h18m | 3.025 | — | — | — | —
02:19:16 | 4.2 | 6/10 | 275/3927 |  50.70% | 10,193,920/20,102,200 | 1h18m | 2.983 | — | — | — | —
02:19:24 | 4.2 | 6/10 | 300/3927 |  50.76% | 10,206,720/20,102,200 | 1h18m | 3.045 | — | — | — | —
02:19:33 | 4.2 | 6/10 | 325/3927 |  50.83% | 10,219,520/20,102,200 | 1h18m | 3.065 | — | — | — | —
02:19:42 | 4.2 | 6/10 | 350/3927 |  50.89% | 10,232,320/20,102,200 | 1h18m | 3.144 | — | — | — | —
02:19:52 | 4.2 | 6/10 | 375/3927 |  50.95% | 10,245,120/20,102,200 | 1h18m | 2.881 | — | — | — | —
02:20:00 | 4.2 | 6/10 | 400/3927 |  51.02% | 10,257,920/20,102,200 | 1h18m | 3.123 | — | — | — | —
02:20:11 | 4.2 | 6/10 | 425/3927 |  51.08% | 10,270,720/20,102,200 | 1h18m | 3.075 | — | — | — | —
02:20:23 | 4.2 | 6/10 | 450/3927 |  51.15% | 10,283,520/20,102,200 | 1h18m | 3.081 | — | — | — | —
02:20:33 | 4.2 | 6/10 | 475/3927 |  51.21% | 10,296,320/20,102,200 | 1h18m | 3.053 | — | — | — | —
02:20:45 | 4.2 | 6/10 | 500/3927 |  51.27% | 10,309,120/20,102,200 | 1h18m | 3.175 | — | — | — | —
02:20:54 | 4.2 | 6/10 | 525/3927 |  51.34% | 10,321,920/20,102,200 | 1h18m | 3.034 | — | — | — | —
02:21:02 | 4.2 | 6/10 | 550/3927 |  51.40% | 10,334,720/20,102,200 | 1h18m | 2.999 | — | — | — | —
02:21:13 | 4.2 | 6/10 | 575/3927 |  51.46% | 10,347,520/20,102,200 | 1h18m | 3.058 | — | — | — | —
02:21:25 | 4.2 | 6/10 | 600/3927 |  51.53% | 10,360,320/20,102,200 | 1h18m | 2.933 | — | — | — | —
02:21:34 | 4.2 | 6/10 | 625/3927 |  51.59% | 10,373,120/20,102,200 | 1h18m | 3.092 | — | — | — | —
02:21:43 | 4.2 | 6/10 | 650/3927 |  51.66% | 10,385,920/20,102,200 | 1h18m | 3.102 | — | — | — | —
02:21:52 | 4.2 | 6/10 | 675/3927 |  51.72% | 10,398,720/20,102,200 | 1h18m | 3.124 | — | — | — | —
02:22:01 | 4.2 | 6/10 | 700/3927 |  51.78% | 10,411,520/20,102,200 | 1h17m | 3.116 | — | — | — | —
02:22:13 | 4.2 | 6/10 | 725/3927 |  51.85% | 10,424,320/20,102,200 | 1h17m | 3.111 | — | — | — | —
02:22:22 | 4.2 | 6/10 | 750/3927 |  51.91% | 10,437,120/20,102,200 | 1h17m | 3.069 | — | — | — | —
02:22:30 | 4.2 | 6/10 | 775/3927 |  51.97% | 10,449,920/20,102,200 | 1h17m | 3.228 | — | — | — | —
02:22:40 | 4.2 | 6/10 | 800/3927 |  52.04% | 10,462,720/20,102,200 | 1h17m | 3.103 | — | — | — | —
02:22:52 | 4.2 | 6/10 | 825/3927 |  52.10% | 10,475,520/20,102,200 | 1h17m | 3.016 | — | — | — | —
02:23:03 | 4.2 | 6/10 | 850/3927 |  52.16% | 10,488,320/20,102,200 | 1h17m | 3.174 | — | — | — | —
02:23:12 | 4.2 | 6/10 | 875/3927 |  52.23% | 10,501,120/20,102,200 | 1h17m | 3.004 | — | — | — | —
02:23:22 | 4.2 | 6/10 | 900/3927 |  52.29% | 10,513,920/20,102,200 | 1h17m | 3.080 | — | — | — | —
02:23:32 | 4.2 | 6/10 | 925/3927 |  52.36% | 10,526,720/20,102,200 | 1h17m | 3.036 | — | — | — | —
02:23:44 | 4.2 | 6/10 | 950/3927 |  52.42% | 10,539,520/20,102,200 | 1h17m | 3.086 | — | — | — | —
02:23:54 | 4.2 | 6/10 | 975/3927 |  52.48% | 10,552,320/20,102,200 | 1h17m | 3.106 | — | — | — | —
02:24:05 | 4.2 | 6/10 | 1000/3927 |  52.55% | 10,565,120/20,102,200 | 1h17m | 2.953 | — | — | — | —
02:24:18 | 4.2 | 6/10 | 1025/3927 |  52.61% | 10,577,920/20,102,200 | 1h17m | 2.987 | — | — | — | —
02:24:26 | 4.2 | 6/10 | 1050/3927 |  52.67% | 10,590,720/20,102,200 | 1h17m | 3.152 | — | — | — | —
02:24:35 | 4.2 | 6/10 | 1075/3927 |  52.74% | 10,603,520/20,102,200 | 1h17m | 3.050 | — | — | — | —
02:24:46 | 4.2 | 6/10 | 1100/3927 |  52.80% | 10,616,320/20,102,200 | 1h17m | 3.066 | — | — | — | —
02:24:59 | 4.2 | 6/10 | 1125/3927 |  52.86% | 10,629,120/20,102,200 | 1h17m | 3.142 | — | — | — | —
02:25:08 | 4.2 | 6/10 | 1150/3927 |  52.93% | 10,641,920/20,102,200 | 1h17m | 3.191 | — | — | — | —
02:25:19 | 4.2 | 6/10 | 1175/3927 |  52.99% | 10,654,720/20,102,200 | 1h17m | 3.184 | — | — | — | —
02:25:30 | 4.2 | 6/10 | 1200/3927 |  53.06% | 10,667,520/20,102,200 | 1h17m | 3.152 | — | — | — | —
02:25:40 | 4.2 | 6/10 | 1225/3927 |  53.12% | 10,680,320/20,102,200 | 1h17m | 3.058 | — | — | — | —
02:25:50 | 4.2 | 6/10 | 1250/3927 |  53.18% | 10,693,120/20,102,200 | 1h17m | 2.989 | — | — | — | —
02:26:02 | 4.2 | 6/10 | 1275/3927 |  53.25% | 10,705,920/20,102,200 | 1h17m | 3.080 | — | — | — | —
02:26:12 | 4.2 | 6/10 | 1300/3927 |  53.31% | 10,718,720/20,102,200 | 1h16m | 3.098 | — | — | — | —
02:26:21 | 4.2 | 6/10 | 1325/3927 |  53.37% | 10,731,520/20,102,200 | 1h16m | 2.944 | — | — | — | —
02:26:30 | 4.2 | 6/10 | 1350/3927 |  53.44% | 10,744,320/20,102,200 | 1h16m | 3.124 | — | — | — | —
02:26:41 | 4.2 | 6/10 | 1375/3927 |  53.50% | 10,757,120/20,102,200 | 1h16m | 3.048 | — | — | — | —
02:26:51 | 4.2 | 6/10 | 1400/3927 |  53.57% | 10,769,920/20,102,200 | 1h16m | 2.981 | — | — | — | —
02:26:59 | 4.2 | 6/10 | 1425/3927 |  53.63% | 10,782,720/20,102,200 | 1h16m | 3.002 | — | — | — | —
02:27:12 | 4.2 | 6/10 | 1450/3927 |  53.69% | 10,795,520/20,102,200 | 1h16m | 2.927 | — | — | — | —
02:27:22 | 4.2 | 6/10 | 1475/3927 |  53.76% | 10,808,320/20,102,200 | 1h16m | 2.899 | — | — | — | —
02:27:31 | 4.2 | 6/10 | 1500/3927 |  53.82% | 10,821,120/20,102,200 | 1h16m | 3.018 | — | — | — | —
02:27:41 | 4.2 | 6/10 | 1525/3927 |  53.88% | 10,833,920/20,102,200 | 1h16m | 2.910 | — | — | — | —
02:27:53 | 4.2 | 6/10 | 1550/3927 |  53.95% | 10,846,720/20,102,200 | 1h16m | 3.094 | — | — | — | —
02:28:02 | 4.2 | 6/10 | 1575/3927 |  54.01% | 10,859,520/20,102,200 | 1h16m | 3.109 | — | — | — | —
02:28:14 | 4.2 | 6/10 | 1600/3927 |  54.07% | 10,872,320/20,102,200 | 1h16m | 3.110 | — | — | — | —
02:28:23 | 4.2 | 6/10 | 1625/3927 |  54.14% | 10,885,120/20,102,200 | 1h16m | 3.084 | — | — | — | —
02:28:35 | 4.2 | 6/10 | 1650/3927 |  54.20% | 10,897,920/20,102,200 | 1h16m | 3.071 | — | — | — | —
02:28:45 | 4.2 | 6/10 | 1675/3927 |  54.27% | 10,910,720/20,102,200 | 1h16m | 3.096 | — | — | — | —
02:28:54 | 4.2 | 6/10 | 1700/3927 |  54.33% | 10,923,520/20,102,200 | 1h16m | 3.049 | — | — | — | —
02:29:05 | 4.2 | 6/10 | 1725/3927 |  54.39% | 10,936,320/20,102,200 | 1h16m | 2.871 | — | — | — | —
02:29:16 | 4.2 | 6/10 | 1750/3927 |  54.46% | 10,949,120/20,102,200 | 1h16m | 3.107 | — | — | — | —
02:29:25 | 4.2 | 6/10 | 1775/3927 |  54.52% | 10,961,920/20,102,200 | 1h16m | 3.076 | — | — | — | —
02:29:36 | 4.2 | 6/10 | 1800/3927 |  54.58% | 10,974,720/20,102,200 | 1h15m | 2.954 | — | — | — | —
02:29:46 | 4.2 | 6/10 | 1825/3927 |  54.65% | 10,987,520/20,102,200 | 1h15m | 3.113 | — | — | — | —
02:29:55 | 4.2 | 6/10 | 1850/3927 |  54.71% | 11,000,320/20,102,200 | 1h15m | 3.123 | — | — | — | —
02:30:05 | 4.2 | 6/10 | 1875/3927 |  54.77% | 11,013,120/20,102,200 | 1h15m | 3.055 | — | — | — | —
02:30:16 | 4.2 | 6/10 | 1900/3927 |  54.84% | 11,025,920/20,102,200 | 1h15m | 3.040 | — | — | — | —
02:30:25 | 4.2 | 6/10 | 1925/3927 |  54.90% | 11,038,720/20,102,200 | 1h15m | 3.043 | — | — | — | —
02:30:36 | 4.2 | 6/10 | 1950/3927 |  54.97% | 11,051,520/20,102,200 | 1h15m | 2.987 | — | — | — | —
02:30:46 | 4.2 | 6/10 | 1975/3927 |  55.03% | 11,064,320/20,102,200 | 1h15m | 3.033 | — | — | — | —
02:30:57 | 4.2 | 6/10 | 2000/3927 |  55.09% | 11,077,120/20,102,200 | 1h15m | 3.102 | — | — | — | —
02:31:06 | 4.2 | 6/10 | 2025/3927 |  55.16% | 11,089,920/20,102,200 | 1h15m | 2.956 | — | — | — | —
02:31:17 | 4.2 | 6/10 | 2050/3927 |  55.22% | 11,102,720/20,102,200 | 1h15m | 3.116 | — | — | — | —
02:31:27 | 4.2 | 6/10 | 2075/3927 |  55.28% | 11,115,520/20,102,200 | 1h15m | 3.028 | — | — | — | —
02:31:37 | 4.2 | 6/10 | 2100/3927 |  55.35% | 11,128,320/20,102,200 | 1h15m | 2.929 | — | — | — | —
02:31:48 | 4.2 | 6/10 | 2125/3927 |  55.41% | 11,141,120/20,102,200 | 1h15m | 3.125 | — | — | — | —
02:31:57 | 4.2 | 6/10 | 2150/3927 |  55.47% | 11,153,920/20,102,200 | 1h15m | 3.042 | — | — | — | —
02:32:06 | 4.2 | 6/10 | 2175/3927 |  55.54% | 11,166,720/20,102,200 | 1h15m | 3.049 | — | — | — | —
02:32:14 | 4.2 | 6/10 | 2200/3927 |  55.60% | 11,179,520/20,102,200 | 1h15m | 3.147 | — | — | — | —
02:32:24 | 4.2 | 6/10 | 2225/3927 |  55.67% | 11,192,320/20,102,200 | 1h14m | 3.005 | — | — | — | —
02:32:35 | 4.2 | 6/10 | 2250/3927 |  55.73% | 11,205,120/20,102,200 | 1h14m | 2.980 | — | — | — | —
02:32:44 | 4.2 | 6/10 | 2275/3927 |  55.79% | 11,217,920/20,102,200 | 1h14m | 3.134 | — | — | — | —
02:32:52 | 4.2 | 6/10 | 2300/3927 |  55.86% | 11,230,720/20,102,200 | 1h14m | 2.894 | — | — | — | —
02:33:03 | 4.2 | 6/10 | 2325/3927 |  55.92% | 11,243,520/20,102,200 | 1h14m | 3.122 | — | — | — | —
02:33:13 | 4.2 | 6/10 | 2350/3927 |  55.98% | 11,256,320/20,102,200 | 1h14m | 3.120 | — | — | — | —
02:33:21 | 4.2 | 6/10 | 2375/3927 |  56.05% | 11,269,120/20,102,200 | 1h14m | 2.954 | — | — | — | —
02:33:31 | 4.2 | 6/10 | 2400/3927 |  56.11% | 11,281,920/20,102,200 | 1h14m | 3.018 | — | — | — | —
02:33:39 | 4.2 | 6/10 | 2425/3927 |  56.18% | 11,294,720/20,102,200 | 1h14m | 2.949 | — | — | — | —
02:33:51 | 4.2 | 6/10 | 2450/3927 |  56.24% | 11,307,520/20,102,200 | 1h14m | 3.120 | — | — | — | —
02:34:01 | 4.2 | 6/10 | 2475/3927 |  56.30% | 11,320,320/20,102,200 | 1h14m | 3.031 | — | — | — | —
02:34:11 | 4.2 | 6/10 | 2500/3927 |  56.37% | 11,333,120/20,102,200 | 1h14m | 3.014 | — | — | — | —
02:34:20 | 4.2 | 6/10 | 2525/3927 |  56.43% | 11,345,920/20,102,200 | 1h14m | 2.930 | — | — | — | —
02:34:30 | 4.2 | 6/10 | 2550/3927 |  56.49% | 11,358,720/20,102,200 | 1h14m | 3.066 | — | — | — | —
02:34:41 | 4.2 | 6/10 | 2575/3927 |  56.56% | 11,371,520/20,102,200 | 1h14m | 2.997 | — | — | — | —
02:34:51 | 4.2 | 6/10 | 2600/3927 |  56.62% | 11,384,320/20,102,200 | 1h13m | 2.984 | — | — | — | —
02:34:59 | 4.2 | 6/10 | 2625/3927 |  56.68% | 11,397,120/20,102,200 | 1h13m | 3.097 | — | — | — | —
02:35:09 | 4.2 | 6/10 | 2650/3927 |  56.75% | 11,409,920/20,102,200 | 1h13m | 3.037 | — | — | — | —
02:35:19 | 4.2 | 6/10 | 2675/3927 |  56.81% | 11,422,720/20,102,200 | 1h13m | 2.990 | — | — | — | —
02:35:29 | 4.2 | 6/10 | 2700/3927 |  56.88% | 11,435,520/20,102,200 | 1h13m | 3.049 | — | — | — | —
02:35:38 | 4.2 | 6/10 | 2725/3927 |  56.94% | 11,448,320/20,102,200 | 1h13m | 3.054 | — | — | — | —
02:35:48 | 4.2 | 6/10 | 2750/3927 |  57.00% | 11,461,120/20,102,200 | 1h13m | 3.062 | — | — | — | —
02:35:58 | 4.2 | 6/10 | 2775/3927 |  57.07% | 11,473,920/20,102,200 | 1h13m | 3.044 | — | — | — | —
02:36:09 | 4.2 | 6/10 | 2800/3927 |  57.13% | 11,486,720/20,102,200 | 1h13m | 2.972 | — | — | — | —
02:36:18 | 4.2 | 6/10 | 2825/3927 |  57.19% | 11,499,520/20,102,200 | 1h13m | 3.116 | — | — | — | —
02:36:27 | 4.2 | 6/10 | 2850/3927 |  57.26% | 11,512,320/20,102,200 | 1h13m | 3.067 | — | — | — | —
02:36:36 | 4.2 | 6/10 | 2875/3927 |  57.32% | 11,525,120/20,102,200 | 1h13m | 2.990 | — | — | — | —
02:36:48 | 4.2 | 6/10 | 2900/3927 |  57.38% | 11,537,920/20,102,200 | 1h13m | 3.020 | — | — | — | —
02:36:58 | 4.2 | 6/10 | 2925/3927 |  57.45% | 11,550,720/20,102,200 | 1h13m | 3.033 | — | — | — | —
02:37:06 | 4.2 | 6/10 | 2950/3927 |  57.51% | 11,563,520/20,102,200 | 1h13m | 3.027 | — | — | — | —
02:37:16 | 4.2 | 6/10 | 2975/3927 |  57.58% | 11,576,320/20,102,200 | 1h12m | 3.064 | — | — | — | —
02:37:28 | 4.2 | 6/10 | 3000/3927 |  57.64% | 11,589,120/20,102,200 | 1h12m | 2.942 | — | — | — | —
02:37:37 | 4.2 | 6/10 | 3025/3927 |  57.70% | 11,601,920/20,102,200 | 1h12m | 3.036 | — | — | — | —
02:37:46 | 4.2 | 6/10 | 3050/3927 |  57.77% | 11,614,720/20,102,200 | 1h12m | 3.010 | — | — | — | —
02:37:55 | 4.2 | 6/10 | 3075/3927 |  57.83% | 11,627,520/20,102,200 | 1h12m | 3.060 | — | — | — | —
02:38:07 | 4.2 | 6/10 | 3100/3927 |  57.89% | 11,640,320/20,102,200 | 1h12m | 3.102 | — | — | — | —
02:38:16 | 4.2 | 6/10 | 3125/3927 |  57.96% | 11,653,120/20,102,200 | 1h12m | 3.013 | — | — | — | —
02:38:25 | 4.2 | 6/10 | 3150/3927 |  58.02% | 11,665,920/20,102,200 | 1h12m | 3.110 | — | — | — | —
02:38:35 | 4.2 | 6/10 | 3175/3927 |  58.09% | 11,678,720/20,102,200 | 1h12m | 3.094 | — | — | — | —
02:38:47 | 4.2 | 6/10 | 3200/3927 |  58.15% | 11,691,520/20,102,200 | 1h12m | 3.106 | — | — | — | —
02:38:57 | 4.2 | 6/10 | 3225/3927 |  58.21% | 11,704,320/20,102,200 | 1h12m | 3.043 | — | — | — | —
02:39:07 | 4.2 | 6/10 | 3250/3927 |  58.28% | 11,717,120/20,102,200 | 1h12m | 3.074 | — | — | — | —
02:39:15 | 4.2 | 6/10 | 3275/3927 |  58.34% | 11,729,920/20,102,200 | 1h12m | 3.094 | — | — | — | —
02:39:26 | 4.2 | 6/10 | 3300/3927 |  58.40% | 11,742,720/20,102,200 | 1h12m | 3.000 | — | — | — | —
02:39:35 | 4.2 | 6/10 | 3325/3927 |  58.47% | 11,755,520/20,102,200 | 1h11m | 3.015 | — | — | — | —
02:39:44 | 4.2 | 6/10 | 3350/3927 |  58.53% | 11,768,320/20,102,200 | 1h11m | 2.980 | — | — | — | —
02:39:54 | 4.2 | 6/10 | 3375/3927 |  58.59% | 11,781,120/20,102,200 | 1h11m | 2.844 | — | — | — | —
02:40:03 | 4.2 | 6/10 | 3400/3927 |  58.66% | 11,793,920/20,102,200 | 1h11m | 2.919 | — | — | — | —
02:40:16 | 4.2 | 6/10 | 3425/3927 |  58.72% | 11,806,720/20,102,200 | 1h11m | 3.031 | — | — | — | —
02:40:25 | 4.2 | 6/10 | 3450/3927 |  58.79% | 11,819,520/20,102,200 | 1h11m | 3.116 | — | — | — | —
02:40:33 | 4.2 | 6/10 | 3475/3927 |  58.85% | 11,832,320/20,102,200 | 1h11m | 3.073 | — | — | — | —
02:40:44 | 4.2 | 6/10 | 3500/3927 |  58.91% | 11,845,120/20,102,200 | 1h11m | 3.160 | — | — | — | —
02:40:55 | 4.2 | 6/10 | 3525/3927 |  58.98% | 11,857,920/20,102,200 | 1h11m | 3.143 | — | — | — | —
02:41:04 | 4.2 | 6/10 | 3550/3927 |  59.04% | 11,870,720/20,102,200 | 1h11m | 2.991 | — | — | — | —
02:41:15 | 4.2 | 6/10 | 3575/3927 |  59.10% | 11,883,520/20,102,200 | 1h11m | 2.967 | — | — | — | —
02:41:26 | 4.2 | 6/10 | 3600/3927 |  59.17% | 11,896,320/20,102,200 | 1h11m | 3.095 | — | — | — | —
02:41:37 | 4.2 | 6/10 | 3625/3927 |  59.23% | 11,909,120/20,102,200 | 1h11m | 2.995 | — | — | — | —
02:41:47 | 4.2 | 6/10 | 3650/3927 |  59.29% | 11,921,920/20,102,200 | 1h11m | 3.028 | — | — | — | —
02:41:56 | 4.2 | 6/10 | 3675/3927 |  59.36% | 11,934,720/20,102,200 | 1h10m | 3.008 | — | — | — | —
02:42:05 | 4.2 | 6/10 | 3700/3927 |  59.42% | 11,947,520/20,102,200 | 1h10m | 3.082 | — | — | — | —
02:42:14 | 4.2 | 6/10 | 3725/3927 |  59.49% | 11,960,320/20,102,200 | 1h10m | 2.987 | — | — | — | —
02:42:23 | 4.2 | 6/10 | 3750/3927 |  59.55% | 11,973,120/20,102,200 | 1h10m | 2.989 | — | — | — | —
02:42:31 | 4.2 | 6/10 | 3775/3927 |  59.61% | 11,985,920/20,102,200 | 1h10m | 3.008 | — | — | — | —
02:42:40 | 4.2 | 6/10 | 3800/3927 |  59.68% | 11,998,720/20,102,200 | 1h10m | 2.963 | — | — | — | —
02:42:49 | 4.2 | 6/10 | 3825/3927 |  59.74% | 12,011,520/20,102,200 | 1h10m | 3.131 | — | — | — | —
02:42:57 | 4.2 | 6/10 | 3850/3927 |  59.80% | 12,024,320/20,102,200 | 1h10m | 2.892 | — | — | — | —
02:43:06 | 4.2 | 6/10 | 3875/3927 |  59.87% | 12,037,120/20,102,200 | 1h10m | 3.041 | — | — | — | —
02:43:14 | 4.2 | 6/10 | 3900/3927 |  59.93% | 12,049,920/20,102,200 | 1h10m | 3.197 | — | — | — | —
02:43:24 | 4.2 | 6/10 | 3925/3927 |  59.99% | 12,062,720/20,102,200 | 1h10m | 2.961 | — | — | — | —
02:43:25 | 4.2 | 6/10 | 3927/3927 |  60.00% | 12,063,744/20,102,200 | 1h10m | 2.984 | — | — | — | —
02:43:40 | validation | 6/10 | epoch-end |  60.00% | 12,061,320/20,102,200 | 1h10m | 3.025 |  55.15% |  44.20% |   4.66% | 1.542
02:43:41 | 4.2 | 7/10 | 1/3927 |  60.00% | 12,064,256/20,102,200 | 1h10m | 3.009 | — | — | — | —
02:43:50 | 4.2 | 7/10 | 25/3927 |  60.06% | 12,076,544/20,102,200 | 1h10m | 2.868 | — | — | — | —
02:43:58 | 4.2 | 7/10 | 50/3927 |  60.13% | 12,089,344/20,102,200 | 1h10m | 3.007 | — | — | — | —
02:44:07 | 4.2 | 7/10 | 75/3927 |  60.19% | 12,102,144/20,102,200 | 1h09m | 3.141 | — | — | — | —
02:44:16 | 4.2 | 7/10 | 100/3927 |  60.25% | 12,114,944/20,102,200 | 1h09m | 3.058 | — | — | — | —
02:44:27 | 4.2 | 7/10 | 125/3927 |  60.32% | 12,127,744/20,102,200 | 1h09m | 3.048 | — | — | — | —
02:44:35 | 4.2 | 7/10 | 150/3927 |  60.38% | 12,140,544/20,102,200 | 1h09m | 3.033 | — | — | — | —
02:44:44 | 4.2 | 7/10 | 175/3927 |  60.45% | 12,153,344/20,102,200 | 1h09m | 3.084 | — | — | — | —
02:44:53 | 4.2 | 7/10 | 200/3927 |  60.51% | 12,166,144/20,102,200 | 1h09m | 3.028 | — | — | — | —
02:45:02 | 4.2 | 7/10 | 225/3927 |  60.57% | 12,178,944/20,102,200 | 1h09m | 3.030 | — | — | — | —
02:45:12 | 4.2 | 7/10 | 250/3927 |  60.64% | 12,191,744/20,102,200 | 1h09m | 3.012 | — | — | — | —
02:45:21 | 4.2 | 7/10 | 275/3927 |  60.70% | 12,204,544/20,102,200 | 1h09m | 2.992 | — | — | — | —
02:45:31 | 4.2 | 7/10 | 300/3927 |  60.76% | 12,217,344/20,102,200 | 1h09m | 2.893 | — | — | — | —
02:45:40 | 4.2 | 7/10 | 325/3927 |  60.83% | 12,230,144/20,102,200 | 1h09m | 2.842 | — | — | — | —
02:45:49 | 4.2 | 7/10 | 350/3927 |  60.89% | 12,242,944/20,102,200 | 1h09m | 3.024 | — | — | — | —
02:45:58 | 4.2 | 7/10 | 375/3927 |  60.95% | 12,255,744/20,102,200 | 1h08m | 3.000 | — | — | — | —
02:46:07 | 4.2 | 7/10 | 400/3927 |  61.02% | 12,268,544/20,102,200 | 1h08m | 3.003 | — | — | — | —
02:46:16 | 4.2 | 7/10 | 425/3927 |  61.08% | 12,281,344/20,102,200 | 1h08m | 3.008 | — | — | — | —
02:46:28 | 4.2 | 7/10 | 450/3927 |  61.15% | 12,294,144/20,102,200 | 1h08m | 3.000 | — | — | — | —
02:46:38 | 4.2 | 7/10 | 475/3927 |  61.21% | 12,306,944/20,102,200 | 1h08m | 2.877 | — | — | — | —
02:46:48 | 4.2 | 7/10 | 500/3927 |  61.27% | 12,319,744/20,102,200 | 1h08m | 2.921 | — | — | — | —
02:46:57 | 4.2 | 7/10 | 525/3927 |  61.34% | 12,332,544/20,102,200 | 1h08m | 3.085 | — | — | — | —
02:47:06 | 4.2 | 7/10 | 550/3927 |  61.40% | 12,345,344/20,102,200 | 1h08m | 2.964 | — | — | — | —
02:47:14 | 4.2 | 7/10 | 575/3927 |  61.46% | 12,358,144/20,102,200 | 1h08m | 3.056 | — | — | — | —
02:47:23 | 4.2 | 7/10 | 600/3927 |  61.53% | 12,370,944/20,102,200 | 1h08m | 3.089 | — | — | — | —
02:47:33 | 4.2 | 7/10 | 625/3927 |  61.59% | 12,383,744/20,102,200 | 1h08m | 2.920 | — | — | — | —
02:47:43 | 4.2 | 7/10 | 650/3927 |  61.66% | 12,396,544/20,102,200 | 1h08m | 3.063 | — | — | — | —
02:47:51 | 4.2 | 7/10 | 675/3927 |  61.72% | 12,409,344/20,102,200 | 1h07m | 3.100 | — | — | — | —
02:47:59 | 4.2 | 7/10 | 700/3927 |  61.78% | 12,422,144/20,102,200 | 1h07m | 3.000 | — | — | — | —
02:48:08 | 4.2 | 7/10 | 725/3927 |  61.85% | 12,434,944/20,102,200 | 1h07m | 3.124 | — | — | — | —
02:48:17 | 4.2 | 7/10 | 750/3927 |  61.91% | 12,447,744/20,102,200 | 1h07m | 2.940 | — | — | — | —
02:48:26 | 4.2 | 7/10 | 775/3927 |  61.97% | 12,460,544/20,102,200 | 1h07m | 3.004 | — | — | — | —
02:48:34 | 4.2 | 7/10 | 800/3927 |  62.04% | 12,473,344/20,102,200 | 1h07m | 3.048 | — | — | — | —
02:48:44 | 4.2 | 7/10 | 825/3927 |  62.10% | 12,486,144/20,102,200 | 1h07m | 3.114 | — | — | — | —
02:48:52 | 4.2 | 7/10 | 850/3927 |  62.16% | 12,498,944/20,102,200 | 1h07m | 3.008 | — | — | — | —
02:49:01 | 4.2 | 7/10 | 875/3927 |  62.23% | 12,511,744/20,102,200 | 1h07m | 2.965 | — | — | — | —
02:49:19 | 4.2 | 7/10 | 900/3927 |  62.29% | 12,524,544/20,102,200 | 1h07m | 2.953 | — | — | — | —
02:49:36 | 4.2 | 7/10 | 925/3927 |  62.36% | 12,537,344/20,102,200 | 1h07m | 2.944 | — | — | — | —
02:49:55 | 4.2 | 7/10 | 950/3927 |  62.42% | 12,550,144/20,102,200 | 1h07m | 3.127 | — | — | — | —
02:50:12 | 4.2 | 7/10 | 975/3927 |  62.48% | 12,562,944/20,102,200 | 1h07m | 2.971 | — | — | — | —
02:50:30 | 4.2 | 7/10 | 1000/3927 |  62.55% | 12,575,744/20,102,200 | 1h07m | 3.133 | — | — | — | —
02:50:47 | 4.2 | 7/10 | 1025/3927 |  62.61% | 12,588,544/20,102,200 | 1h07m | 3.080 | — | — | — | —
02:51:04 | 4.2 | 7/10 | 1050/3927 |  62.67% | 12,601,344/20,102,200 | 1h07m | 3.050 | — | — | — | —
02:51:22 | 4.2 | 7/10 | 1075/3927 |  62.74% | 12,614,144/20,102,200 | 1h07m | 3.018 | — | — | — | —
02:51:39 | 4.2 | 7/10 | 1100/3927 |  62.80% | 12,626,944/20,102,200 | 1h07m | 2.911 | — | — | — | —
02:51:56 | 4.2 | 7/10 | 1125/3927 |  62.86% | 12,639,744/20,102,200 | 1h07m | 2.967 | — | — | — | —
02:52:13 | 4.2 | 7/10 | 1150/3927 |  62.93% | 12,652,544/20,102,200 | 1h07m | 3.034 | — | — | — | —
02:52:31 | 4.2 | 7/10 | 1175/3927 |  62.99% | 12,665,344/20,102,200 | 1h07m | 3.025 | — | — | — | —
02:52:49 | 4.2 | 7/10 | 1200/3927 |  63.06% | 12,678,144/20,102,200 | 1h07m | 3.088 | — | — | — | —
02:53:06 | 4.2 | 7/10 | 1225/3927 |  63.12% | 12,690,944/20,102,200 | 1h07m | 3.127 | — | — | — | —
02:53:24 | 4.2 | 7/10 | 1250/3927 |  63.18% | 12,703,744/20,102,200 | 1h07m | 2.916 | — | — | — | —
02:53:42 | 4.2 | 7/10 | 1275/3927 |  63.25% | 12,716,544/20,102,200 | 1h07m | 3.005 | — | — | — | —
02:53:59 | 4.2 | 7/10 | 1300/3927 |  63.31% | 12,729,344/20,102,200 | 1h07m | 3.139 | — | — | — | —
02:54:17 | 4.2 | 7/10 | 1325/3927 |  63.37% | 12,742,144/20,102,200 | 1h07m | 2.934 | — | — | — | —
02:54:35 | 4.2 | 7/10 | 1350/3927 |  63.44% | 12,754,944/20,102,200 | 1h07m | 3.058 | — | — | — | —
02:54:53 | 4.2 | 7/10 | 1375/3927 |  63.50% | 12,767,744/20,102,200 | 1h07m | 3.034 | — | — | — | —
02:55:10 | 4.2 | 7/10 | 1400/3927 |  63.57% | 12,780,544/20,102,200 | 1h06m | 3.051 | — | — | — | —
02:55:28 | 4.2 | 7/10 | 1425/3927 |  63.63% | 12,793,344/20,102,200 | 1h06m | 3.086 | — | — | — | —
02:55:45 | 4.2 | 7/10 | 1450/3927 |  63.69% | 12,806,144/20,102,200 | 1h06m | 2.985 | — | — | — | —
02:56:02 | 4.2 | 7/10 | 1475/3927 |  63.76% | 12,818,944/20,102,200 | 1h06m | 2.904 | — | — | — | —
02:56:21 | 4.2 | 7/10 | 1500/3927 |  63.82% | 12,831,744/20,102,200 | 1h06m | 2.931 | — | — | — | —
02:56:37 | 4.2 | 7/10 | 1525/3927 |  63.88% | 12,844,544/20,102,200 | 1h06m | 2.908 | — | — | — | —
02:56:54 | 4.2 | 7/10 | 1550/3927 |  63.95% | 12,857,344/20,102,200 | 1h06m | 2.930 | — | — | — | —
02:57:11 | 4.2 | 7/10 | 1575/3927 |  64.01% | 12,870,144/20,102,200 | 1h06m | 2.936 | — | — | — | —
02:57:29 | 4.2 | 7/10 | 1600/3927 |  64.07% | 12,882,944/20,102,200 | 1h06m | 2.824 | — | — | — | —
02:57:48 | 4.2 | 7/10 | 1625/3927 |  64.14% | 12,895,744/20,102,200 | 1h06m | 3.008 | — | — | — | —
02:58:00 | 4.2 | 7/10 | 1650/3927 |  64.20% | 12,908,544/20,102,200 | 1h06m | 2.978 | — | — | — | —
02:58:05 | 4.2 | 7/10 | 1675/3927 |  64.27% | 12,921,344/20,102,200 | 1h06m | 3.095 | — | — | — | —
02:58:11 | 4.2 | 7/10 | 1700/3927 |  64.33% | 12,934,144/20,102,200 | 1h06m | 2.960 | — | — | — | —
02:58:16 | 4.2 | 7/10 | 1725/3927 |  64.39% | 12,946,944/20,102,200 | 1h06m | 3.096 | — | — | — | —
02:58:22 | 4.2 | 7/10 | 1750/3927 |  64.46% | 12,959,744/20,102,200 | 1h06m | 3.118 | — | — | — | —
02:58:27 | 4.2 | 7/10 | 1775/3927 |  64.52% | 12,972,544/20,102,200 | 1h06m | 2.966 | — | — | — | —
02:58:33 | 4.2 | 7/10 | 1800/3927 |  64.58% | 12,985,344/20,102,200 | 1h05m | 3.130 | — | — | — | —
02:58:38 | 4.2 | 7/10 | 1825/3927 |  64.65% | 12,998,144/20,102,200 | 1h05m | 3.081 | — | — | — | —
02:58:44 | 4.2 | 7/10 | 1850/3927 |  64.71% | 13,010,944/20,102,200 | 1h05m | 3.032 | — | — | — | —
02:58:49 | 4.2 | 7/10 | 1875/3927 |  64.77% | 13,023,744/20,102,200 | 1h05m | 3.061 | — | — | — | —
02:58:55 | 4.2 | 7/10 | 1900/3927 |  64.84% | 13,036,544/20,102,200 | 1h05m | 3.062 | — | — | — | —
02:59:00 | 4.2 | 7/10 | 1925/3927 |  64.90% | 13,049,344/20,102,200 | 1h05m | 3.066 | — | — | — | —
02:59:06 | 4.2 | 7/10 | 1950/3927 |  64.97% | 13,062,144/20,102,200 | 1h05m | 2.896 | — | — | — | —
02:59:11 | 4.2 | 7/10 | 1975/3927 |  65.03% | 13,074,944/20,102,200 | 1h05m | 2.929 | — | — | — | —
02:59:17 | 4.2 | 7/10 | 2000/3927 |  65.09% | 13,087,744/20,102,200 | 1h04m | 2.936 | — | — | — | —
02:59:22 | 4.2 | 7/10 | 2025/3927 |  65.16% | 13,100,544/20,102,200 | 1h04m | 3.006 | — | — | — | —
02:59:27 | 4.2 | 7/10 | 2050/3927 |  65.22% | 13,113,344/20,102,200 | 1h04m | 2.918 | — | — | — | —
02:59:33 | 4.2 | 7/10 | 2075/3927 |  65.28% | 13,126,144/20,102,200 | 1h04m | 3.020 | — | — | — | —
02:59:38 | 4.2 | 7/10 | 2100/3927 |  65.35% | 13,138,944/20,102,200 | 1h04m | 3.052 | — | — | — | —
02:59:43 | 4.2 | 7/10 | 2125/3927 |  65.41% | 13,151,744/20,102,200 | 1h04m | 3.115 | — | — | — | —
02:59:49 | 4.2 | 7/10 | 2150/3927 |  65.47% | 13,164,544/20,102,200 | 1h04m | 3.080 | — | — | — | —
02:59:54 | 4.2 | 7/10 | 2175/3927 |  65.54% | 13,177,344/20,102,200 | 1h03m | 3.018 | — | — | — | —
02:59:59 | 4.2 | 7/10 | 2200/3927 |  65.60% | 13,190,144/20,102,200 | 1h03m | 2.967 | — | — | — | —
03:00:05 | 4.2 | 7/10 | 2225/3927 |  65.67% | 13,202,944/20,102,200 | 1h03m | 3.068 | — | — | — | —
03:00:10 | 4.2 | 7/10 | 2250/3927 |  65.73% | 13,215,744/20,102,200 | 1h03m | 3.188 | — | — | — | —
03:00:16 | 4.2 | 7/10 | 2275/3927 |  65.79% | 13,228,544/20,102,200 | 1h03m | 2.974 | — | — | — | —
03:00:21 | 4.2 | 7/10 | 2300/3927 |  65.86% | 13,241,344/20,102,200 | 1h03m | 2.944 | — | — | — | —
03:00:27 | 4.2 | 7/10 | 2325/3927 |  65.92% | 13,254,144/20,102,200 | 1h03m | 3.056 | — | — | — | —
03:00:32 | 4.2 | 7/10 | 2350/3927 |  65.98% | 13,266,944/20,102,200 | 1h03m | 2.866 | — | — | — | —
03:00:38 | 4.2 | 7/10 | 2375/3927 |  66.05% | 13,279,744/20,102,200 | 1h02m | 3.030 | — | — | — | —
03:00:43 | 4.2 | 7/10 | 2400/3927 |  66.11% | 13,292,544/20,102,200 | 1h02m | 3.030 | — | — | — | —
03:00:49 | 4.2 | 7/10 | 2425/3927 |  66.18% | 13,305,344/20,102,200 | 1h02m | 2.971 | — | — | — | —
03:00:54 | 4.2 | 7/10 | 2450/3927 |  66.24% | 13,318,144/20,102,200 | 1h02m | 2.921 | — | — | — | —
03:00:59 | 4.2 | 7/10 | 2475/3927 |  66.30% | 13,330,944/20,102,200 | 1h02m | 2.904 | — | — | — | —
03:01:05 | 4.2 | 7/10 | 2500/3927 |  66.37% | 13,343,744/20,102,200 | 1h02m | 3.076 | — | — | — | —
03:01:10 | 4.2 | 7/10 | 2525/3927 |  66.43% | 13,356,544/20,102,200 | 1h02m | 2.995 | — | — | — | —
03:01:16 | 4.2 | 7/10 | 2550/3927 |  66.49% | 13,369,344/20,102,200 | 1h01m | 2.930 | — | — | — | —
03:01:21 | 4.2 | 7/10 | 2575/3927 |  66.56% | 13,382,144/20,102,200 | 1h01m | 2.974 | — | — | — | —
03:01:26 | 4.2 | 7/10 | 2600/3927 |  66.62% | 13,394,944/20,102,200 | 1h01m | 2.986 | — | — | — | —
03:01:32 | 4.2 | 7/10 | 2625/3927 |  66.68% | 13,407,744/20,102,200 | 1h01m | 3.002 | — | — | — | —
03:01:37 | 4.2 | 7/10 | 2650/3927 |  66.75% | 13,420,544/20,102,200 | 1h01m | 3.058 | — | — | — | —
03:01:42 | 4.2 | 7/10 | 2675/3927 |  66.81% | 13,433,344/20,102,200 | 1h01m | 2.810 | — | — | — | —
03:01:48 | 4.2 | 7/10 | 2700/3927 |  66.88% | 13,446,144/20,102,200 | 1h01m | 3.050 | — | — | — | —
03:01:53 | 4.2 | 7/10 | 2725/3927 |  66.94% | 13,458,944/20,102,200 | 1h01m | 3.037 | — | — | — | —
03:01:58 | 4.2 | 7/10 | 2750/3927 |  67.00% | 13,471,744/20,102,200 | 1h00m | 3.090 | — | — | — | —
03:02:04 | 4.2 | 7/10 | 2775/3927 |  67.07% | 13,484,544/20,102,200 | 1h00m | 3.047 | — | — | — | —
03:02:09 | 4.2 | 7/10 | 2800/3927 |  67.13% | 13,497,344/20,102,200 | 1h00m | 2.998 | — | — | — | —
03:02:15 | 4.2 | 7/10 | 2825/3927 |  67.19% | 13,510,144/20,102,200 | 1h00m | 2.929 | — | — | — | —
03:02:20 | 4.2 | 7/10 | 2850/3927 |  67.26% | 13,522,944/20,102,200 | 1h00m | 3.027 | — | — | — | —
03:02:26 | 4.2 | 7/10 | 2875/3927 |  67.32% | 13,535,744/20,102,200 | 1h00m | 3.001 | — | — | — | —
03:02:31 | 4.2 | 7/10 | 2900/3927 |  67.38% | 13,548,544/20,102,200 | 1h00m | 3.077 | — | — | — | —
03:02:37 | 4.2 | 7/10 | 2925/3927 |  67.45% | 13,561,344/20,102,200 | 1h00m | 3.093 | — | — | — | —
03:02:43 | 4.2 | 7/10 | 2950/3927 |  67.51% | 13,574,144/20,102,200 | 59m52s | 3.083 | — | — | — | —
03:02:48 | 4.2 | 7/10 | 2975/3927 |  67.58% | 13,586,944/20,102,200 | 59m44s | 2.978 | — | — | — | —
03:02:54 | 4.2 | 7/10 | 3000/3927 |  67.64% | 13,599,744/20,102,200 | 59m36s | 2.946 | — | — | — | —
03:02:59 | 4.2 | 7/10 | 3025/3927 |  67.70% | 13,612,544/20,102,200 | 59m29s | 3.077 | — | — | — | —
03:03:04 | 4.2 | 7/10 | 3050/3927 |  67.77% | 13,625,344/20,102,200 | 59m21s | 2.708 | — | — | — | —
03:03:10 | 4.2 | 7/10 | 3075/3927 |  67.83% | 13,638,144/20,102,200 | 59m13s | 3.055 | — | — | — | —
03:03:15 | 4.2 | 7/10 | 3100/3927 |  67.89% | 13,650,944/20,102,200 | 59m05s | 3.158 | — | — | — | —
03:03:21 | 4.2 | 7/10 | 3125/3927 |  67.96% | 13,663,744/20,102,200 | 58m57s | 3.002 | — | — | — | —
03:03:26 | 4.2 | 7/10 | 3150/3927 |  68.02% | 13,676,544/20,102,200 | 58m50s | 2.963 | — | — | — | —
03:03:31 | 4.2 | 7/10 | 3175/3927 |  68.09% | 13,689,344/20,102,200 | 58m42s | 2.953 | — | — | — | —
03:03:37 | 4.2 | 7/10 | 3200/3927 |  68.15% | 13,702,144/20,102,200 | 58m34s | 3.054 | — | — | — | —
03:03:42 | 4.2 | 7/10 | 3225/3927 |  68.21% | 13,714,944/20,102,200 | 58m26s | 3.090 | — | — | — | —
03:03:49 | 4.2 | 7/10 | 3250/3927 |  68.28% | 13,727,744/20,102,200 | 58m19s | 3.027 | — | — | — | —
03:03:55 | 4.2 | 7/10 | 3275/3927 |  68.34% | 13,740,544/20,102,200 | 58m12s | 2.882 | — | — | — | —
03:04:01 | 4.2 | 7/10 | 3300/3927 |  68.40% | 13,753,344/20,102,200 | 58m04s | 2.986 | — | — | — | —
03:04:06 | 4.2 | 7/10 | 3325/3927 |  68.47% | 13,766,144/20,102,200 | 57m56s | 2.964 | — | — | — | —
03:04:12 | 4.2 | 7/10 | 3350/3927 |  68.53% | 13,778,944/20,102,200 | 57m49s | 3.026 | — | — | — | —
03:04:17 | 4.2 | 7/10 | 3375/3927 |  68.59% | 13,791,744/20,102,200 | 57m41s | 2.958 | — | — | — | —
03:04:23 | 4.2 | 7/10 | 3400/3927 |  68.66% | 13,804,544/20,102,200 | 57m33s | 3.016 | — | — | — | —
03:04:28 | 4.2 | 7/10 | 3425/3927 |  68.72% | 13,817,344/20,102,200 | 57m25s | 2.970 | — | — | — | —
03:04:34 | 4.2 | 7/10 | 3450/3927 |  68.79% | 13,830,144/20,102,200 | 57m18s | 2.969 | — | — | — | —
03:04:39 | 4.2 | 7/10 | 3475/3927 |  68.85% | 13,842,944/20,102,200 | 57m10s | 2.995 | — | — | — | —
03:04:45 | 4.2 | 7/10 | 3500/3927 |  68.91% | 13,855,744/20,102,200 | 57m02s | 2.913 | — | — | — | —
03:04:50 | 4.2 | 7/10 | 3525/3927 |  68.98% | 13,868,544/20,102,200 | 56m55s | 3.045 | — | — | — | —
03:04:55 | 4.2 | 7/10 | 3550/3927 |  69.04% | 13,881,344/20,102,200 | 56m47s | 3.045 | — | — | — | —
03:05:01 | 4.2 | 7/10 | 3575/3927 |  69.10% | 13,894,144/20,102,200 | 56m39s | 3.052 | — | — | — | —
03:05:07 | 4.2 | 7/10 | 3600/3927 |  69.17% | 13,906,944/20,102,200 | 56m31s | 3.023 | — | — | — | —
03:05:12 | 4.2 | 7/10 | 3625/3927 |  69.23% | 13,919,744/20,102,200 | 56m24s | 3.103 | — | — | — | —
03:05:17 | 4.2 | 7/10 | 3650/3927 |  69.29% | 13,932,544/20,102,200 | 56m16s | 3.037 | — | — | — | —
03:05:23 | 4.2 | 7/10 | 3675/3927 |  69.36% | 13,945,344/20,102,200 | 56m08s | 2.854 | — | — | — | —
03:05:28 | 4.2 | 7/10 | 3700/3927 |  69.42% | 13,958,144/20,102,200 | 56m01s | 2.904 | — | — | — | —
03:05:33 | 4.2 | 7/10 | 3725/3927 |  69.49% | 13,970,944/20,102,200 | 55m53s | 2.989 | — | — | — | —
03:05:39 | 4.2 | 7/10 | 3750/3927 |  69.55% | 13,983,744/20,102,200 | 55m45s | 2.966 | — | — | — | —
03:05:45 | 4.2 | 7/10 | 3775/3927 |  69.61% | 13,996,544/20,102,200 | 55m38s | 3.005 | — | — | — | —
03:05:50 | 4.2 | 7/10 | 3800/3927 |  69.68% | 14,009,344/20,102,200 | 55m30s | 2.958 | — | — | — | —
03:05:56 | 4.2 | 7/10 | 3825/3927 |  69.74% | 14,022,144/20,102,200 | 55m23s | 3.050 | — | — | — | —
03:06:01 | 4.2 | 7/10 | 3850/3927 |  69.80% | 14,034,944/20,102,200 | 55m15s | 2.965 | — | — | — | —
03:06:07 | 4.2 | 7/10 | 3875/3927 |  69.87% | 14,047,744/20,102,200 | 55m07s | 2.897 | — | — | — | —
03:06:12 | 4.2 | 7/10 | 3900/3927 |  69.93% | 14,060,544/20,102,200 | 55m00s | 2.993 | — | — | — | —
03:06:18 | 4.2 | 7/10 | 3925/3927 |  69.99% | 14,073,344/20,102,200 | 54m52s | 2.933 | — | — | — | —
03:06:18 | 4.2 | 7/10 | 3927/3927 |  70.00% | 14,074,368/20,102,200 | 54m51s | 2.979 | — | — | — | —
03:06:28 | validation | 7/10 | epoch-end |  70.00% | 14,071,540/20,102,200 | 54m56s | 3.005 |  55.43% |  44.29% |   4.68% | 1.539
03:06:29 | 4.2 | 8/10 | 1/3927 |  70.00% | 14,074,880/20,102,200 | 54m55s | 2.979 | — | — | — | —
03:06:34 | 4.2 | 8/10 | 25/3927 |  70.06% | 14,087,168/20,102,200 | 54m48s | 3.007 | — | — | — | —
03:06:39 | 4.2 | 8/10 | 50/3927 |  70.13% | 14,099,968/20,102,200 | 54m40s | 3.199 | — | — | — | —
03:06:45 | 4.2 | 8/10 | 75/3927 |  70.19% | 14,112,768/20,102,200 | 54m33s | 2.900 | — | — | — | —
03:06:50 | 4.2 | 8/10 | 100/3927 |  70.25% | 14,125,568/20,102,200 | 54m25s | 2.977 | — | — | — | —
03:06:55 | 4.2 | 8/10 | 125/3927 |  70.32% | 14,138,368/20,102,200 | 54m17s | 2.970 | — | — | — | —
03:07:01 | 4.2 | 8/10 | 150/3927 |  70.38% | 14,151,168/20,102,200 | 54m10s | 3.066 | — | — | — | —
03:07:07 | 4.2 | 8/10 | 175/3927 |  70.45% | 14,163,968/20,102,200 | 54m02s | 2.966 | — | — | — | —
03:07:12 | 4.2 | 8/10 | 200/3927 |  70.51% | 14,176,768/20,102,200 | 53m55s | 3.026 | — | — | — | —
03:07:17 | 4.2 | 8/10 | 225/3927 |  70.57% | 14,189,568/20,102,200 | 53m47s | 2.887 | — | — | — | —
03:07:23 | 4.2 | 8/10 | 250/3927 |  70.64% | 14,202,368/20,102,200 | 53m40s | 2.932 | — | — | — | —
03:07:29 | 4.2 | 8/10 | 275/3927 |  70.70% | 14,215,168/20,102,200 | 53m32s | 3.008 | — | — | — | —
03:07:35 | 4.2 | 8/10 | 300/3927 |  70.76% | 14,227,968/20,102,200 | 53m24s | 3.020 | — | — | — | —
03:07:40 | 4.2 | 8/10 | 325/3927 |  70.83% | 14,240,768/20,102,200 | 53m17s | 2.975 | — | — | — | —
03:07:45 | 4.2 | 8/10 | 350/3927 |  70.89% | 14,253,568/20,102,200 | 53m09s | 3.080 | — | — | — | —
03:07:51 | 4.2 | 8/10 | 375/3927 |  70.95% | 14,266,368/20,102,200 | 53m02s | 3.056 | — | — | — | —
03:07:56 | 4.2 | 8/10 | 400/3927 |  71.02% | 14,279,168/20,102,200 | 52m54s | 2.866 | — | — | — | —
03:08:01 | 4.2 | 8/10 | 425/3927 |  71.08% | 14,291,968/20,102,200 | 52m46s | 2.977 | — | — | — | —
03:08:07 | 4.2 | 8/10 | 450/3927 |  71.15% | 14,304,768/20,102,200 | 52m39s | 2.840 | — | — | — | —
03:08:12 | 4.2 | 8/10 | 475/3927 |  71.21% | 14,317,568/20,102,200 | 52m31s | 2.986 | — | — | — | —
03:08:18 | 4.2 | 8/10 | 500/3927 |  71.27% | 14,330,368/20,102,200 | 52m23s | 2.948 | — | — | — | —
03:08:23 | 4.2 | 8/10 | 525/3927 |  71.34% | 14,343,168/20,102,200 | 52m16s | 2.920 | — | — | — | —
03:08:28 | 4.2 | 8/10 | 550/3927 |  71.40% | 14,355,968/20,102,200 | 52m08s | 2.957 | — | — | — | —
03:08:34 | 4.2 | 8/10 | 575/3927 |  71.46% | 14,368,768/20,102,200 | 52m01s | 2.923 | — | — | — | —
03:08:39 | 4.2 | 8/10 | 600/3927 |  71.53% | 14,381,568/20,102,200 | 51m53s | 3.043 | — | — | — | —
03:08:45 | 4.2 | 8/10 | 625/3927 |  71.59% | 14,394,368/20,102,200 | 51m46s | 3.026 | — | — | — | —
03:08:50 | 4.2 | 8/10 | 650/3927 |  71.66% | 14,407,168/20,102,200 | 51m38s | 2.988 | — | — | — | —
03:08:55 | 4.2 | 8/10 | 675/3927 |  71.72% | 14,419,968/20,102,200 | 51m30s | 2.923 | — | — | — | —
03:09:01 | 4.2 | 8/10 | 700/3927 |  71.78% | 14,432,768/20,102,200 | 51m23s | 3.012 | — | — | — | —
03:09:06 | 4.2 | 8/10 | 725/3927 |  71.85% | 14,445,568/20,102,200 | 51m15s | 3.087 | — | — | — | —
03:09:11 | 4.2 | 8/10 | 750/3927 |  71.91% | 14,458,368/20,102,200 | 51m08s | 2.884 | — | — | — | —
03:09:17 | 4.2 | 8/10 | 775/3927 |  71.97% | 14,471,168/20,102,200 | 51m00s | 3.062 | — | — | — | —
03:09:22 | 4.2 | 8/10 | 800/3927 |  72.04% | 14,483,968/20,102,200 | 50m52s | 3.032 | — | — | — | —
03:09:27 | 4.2 | 8/10 | 825/3927 |  72.10% | 14,496,768/20,102,200 | 50m45s | 3.045 | — | — | — | —
03:09:33 | 4.2 | 8/10 | 850/3927 |  72.16% | 14,509,568/20,102,200 | 50m37s | 3.028 | — | — | — | —
03:09:38 | 4.2 | 8/10 | 875/3927 |  72.23% | 14,522,368/20,102,200 | 50m30s | 2.945 | — | — | — | —
03:09:44 | 4.2 | 8/10 | 900/3927 |  72.29% | 14,535,168/20,102,200 | 50m22s | 2.966 | — | — | — | —
03:09:50 | 4.2 | 8/10 | 925/3927 |  72.36% | 14,547,968/20,102,200 | 50m15s | 2.902 | — | — | — | —
03:09:55 | 4.2 | 8/10 | 950/3927 |  72.42% | 14,560,768/20,102,200 | 50m08s | 2.983 | — | — | — | —
03:10:01 | 4.2 | 8/10 | 975/3927 |  72.48% | 14,573,568/20,102,200 | 50m00s | 2.939 | — | — | — | —
03:10:06 | 4.2 | 8/10 | 1000/3927 |  72.55% | 14,586,368/20,102,200 | 49m52s | 2.892 | — | — | — | —
03:10:12 | 4.2 | 8/10 | 1025/3927 |  72.61% | 14,599,168/20,102,200 | 49m45s | 2.951 | — | — | — | —
03:10:17 | 4.2 | 8/10 | 1050/3927 |  72.67% | 14,611,968/20,102,200 | 49m37s | 2.955 | — | — | — | —
03:10:22 | 4.2 | 8/10 | 1075/3927 |  72.74% | 14,624,768/20,102,200 | 49m30s | 2.979 | — | — | — | —
03:10:28 | 4.2 | 8/10 | 1100/3927 |  72.80% | 14,637,568/20,102,200 | 49m22s | 3.059 | — | — | — | —
03:10:33 | 4.2 | 8/10 | 1125/3927 |  72.86% | 14,650,368/20,102,200 | 49m15s | 2.970 | — | — | — | —
03:10:38 | 4.2 | 8/10 | 1150/3927 |  72.93% | 14,663,168/20,102,200 | 49m07s | 2.974 | — | — | — | —
03:10:44 | 4.2 | 8/10 | 1175/3927 |  72.99% | 14,675,968/20,102,200 | 49m00s | 2.829 | — | — | — | —
03:10:50 | 4.2 | 8/10 | 1200/3927 |  73.06% | 14,688,768/20,102,200 | 48m53s | 2.896 | — | — | — | —
03:10:55 | 4.2 | 8/10 | 1225/3927 |  73.12% | 14,701,568/20,102,200 | 48m45s | 3.068 | — | — | — | —
03:11:01 | 4.2 | 8/10 | 1250/3927 |  73.18% | 14,714,368/20,102,200 | 48m38s | 3.132 | — | — | — | —
03:11:06 | 4.2 | 8/10 | 1275/3927 |  73.25% | 14,727,168/20,102,200 | 48m30s | 3.062 | — | — | — | —
03:11:12 | 4.2 | 8/10 | 1300/3927 |  73.31% | 14,739,968/20,102,200 | 48m23s | 3.044 | — | — | — | —
03:11:17 | 4.2 | 8/10 | 1325/3927 |  73.37% | 14,752,768/20,102,200 | 48m15s | 2.979 | — | — | — | —
03:11:23 | 4.2 | 8/10 | 1350/3927 |  73.44% | 14,765,568/20,102,200 | 48m08s | 3.120 | — | — | — | —
03:11:28 | 4.2 | 8/10 | 1375/3927 |  73.50% | 14,778,368/20,102,200 | 48m00s | 3.005 | — | — | — | —
03:11:34 | 4.2 | 8/10 | 1400/3927 |  73.57% | 14,791,168/20,102,200 | 47m53s | 3.032 | — | — | — | —
03:11:39 | 4.2 | 8/10 | 1425/3927 |  73.63% | 14,803,968/20,102,200 | 47m46s | 3.117 | — | — | — | —
03:11:45 | 4.2 | 8/10 | 1450/3927 |  73.69% | 14,816,768/20,102,200 | 47m38s | 2.935 | — | — | — | —
03:11:50 | 4.2 | 8/10 | 1475/3927 |  73.76% | 14,829,568/20,102,200 | 47m31s | 3.054 | — | — | — | —
03:11:56 | 4.2 | 8/10 | 1500/3927 |  73.82% | 14,842,368/20,102,200 | 47m23s | 2.961 | — | — | — | —
03:12:01 | 4.2 | 8/10 | 1525/3927 |  73.88% | 14,855,168/20,102,200 | 47m16s | 2.974 | — | — | — | —
03:12:06 | 4.2 | 8/10 | 1550/3927 |  73.95% | 14,867,968/20,102,200 | 47m08s | 2.963 | — | — | — | —
03:12:12 | 4.2 | 8/10 | 1575/3927 |  74.01% | 14,880,768/20,102,200 | 47m01s | 3.027 | — | — | — | —
03:12:18 | 4.2 | 8/10 | 1600/3927 |  74.07% | 14,893,568/20,102,200 | 46m54s | 3.012 | — | — | — | —
03:12:23 | 4.2 | 8/10 | 1625/3927 |  74.14% | 14,906,368/20,102,200 | 46m46s | 2.970 | — | — | — | —
03:12:29 | 4.2 | 8/10 | 1650/3927 |  74.20% | 14,919,168/20,102,200 | 46m39s | 2.967 | — | — | — | —
03:12:34 | 4.2 | 8/10 | 1675/3927 |  74.27% | 14,931,968/20,102,200 | 46m31s | 2.940 | — | — | — | —
03:12:39 | 4.2 | 8/10 | 1700/3927 |  74.33% | 14,944,768/20,102,200 | 46m24s | 2.924 | — | — | — | —
03:12:45 | 4.2 | 8/10 | 1725/3927 |  74.39% | 14,957,568/20,102,200 | 46m16s | 3.058 | — | — | — | —
03:12:50 | 4.2 | 8/10 | 1750/3927 |  74.46% | 14,970,368/20,102,200 | 46m09s | 2.976 | — | — | — | —
03:12:56 | 4.2 | 8/10 | 1775/3927 |  74.52% | 14,983,168/20,102,200 | 46m02s | 3.028 | — | — | — | —
03:13:01 | 4.2 | 8/10 | 1800/3927 |  74.58% | 14,995,968/20,102,200 | 45m54s | 3.010 | — | — | — | —
03:13:06 | 4.2 | 8/10 | 1825/3927 |  74.65% | 15,008,768/20,102,200 | 45m47s | 2.857 | — | — | — | —
03:13:12 | 4.2 | 8/10 | 1850/3927 |  74.71% | 15,021,568/20,102,200 | 45m39s | 3.013 | — | — | — | —
03:13:17 | 4.2 | 8/10 | 1875/3927 |  74.77% | 15,034,368/20,102,200 | 45m32s | 2.820 | — | — | — | —
03:13:23 | 4.2 | 8/10 | 1900/3927 |  74.84% | 15,047,168/20,102,200 | 45m25s | 2.988 | — | — | — | —
03:13:28 | 4.2 | 8/10 | 1925/3927 |  74.90% | 15,059,968/20,102,200 | 45m17s | 3.025 | — | — | — | —
03:13:33 | 4.2 | 8/10 | 1950/3927 |  74.97% | 15,072,768/20,102,200 | 45m10s | 3.104 | — | — | — | —
03:13:39 | 4.2 | 8/10 | 1975/3927 |  75.03% | 15,085,568/20,102,200 | 45m02s | 3.061 | — | — | — | —
03:13:44 | 4.2 | 8/10 | 2000/3927 |  75.09% | 15,098,368/20,102,200 | 44m55s | 3.048 | — | — | — | —
03:13:50 | 4.2 | 8/10 | 2025/3927 |  75.16% | 15,111,168/20,102,200 | 44m48s | 2.924 | — | — | — | —
03:13:55 | 4.2 | 8/10 | 2050/3927 |  75.22% | 15,123,968/20,102,200 | 44m40s | 2.983 | — | — | — | —
03:14:00 | 4.2 | 8/10 | 2075/3927 |  75.28% | 15,136,768/20,102,200 | 44m33s | 2.999 | — | — | — | —
03:14:06 | 4.2 | 8/10 | 2100/3927 |  75.35% | 15,149,568/20,102,200 | 44m26s | 3.056 | — | — | — | —
03:14:11 | 4.2 | 8/10 | 2125/3927 |  75.41% | 15,162,368/20,102,200 | 44m18s | 2.962 | — | — | — | —
03:14:17 | 4.2 | 8/10 | 2150/3927 |  75.47% | 15,175,168/20,102,200 | 44m11s | 3.005 | — | — | — | —
03:14:22 | 4.2 | 8/10 | 2175/3927 |  75.54% | 15,187,968/20,102,200 | 44m03s | 2.976 | — | — | — | —
03:14:27 | 4.2 | 8/10 | 2200/3927 |  75.60% | 15,200,768/20,102,200 | 43m56s | 3.107 | — | — | — | —
03:14:33 | 4.2 | 8/10 | 2225/3927 |  75.67% | 15,213,568/20,102,200 | 43m49s | 3.052 | — | — | — | —
03:14:39 | 4.2 | 8/10 | 2250/3927 |  75.73% | 15,226,368/20,102,200 | 43m42s | 2.983 | — | — | — | —
03:14:44 | 4.2 | 8/10 | 2275/3927 |  75.79% | 15,239,168/20,102,200 | 43m34s | 2.939 | — | — | — | —
03:14:49 | 4.2 | 8/10 | 2300/3927 |  75.86% | 15,251,968/20,102,200 | 43m27s | 2.975 | — | — | — | —
03:14:55 | 4.2 | 8/10 | 2325/3927 |  75.92% | 15,264,768/20,102,200 | 43m20s | 3.021 | — | — | — | —
03:15:00 | 4.2 | 8/10 | 2350/3927 |  75.98% | 15,277,568/20,102,200 | 43m12s | 2.958 | — | — | — | —
03:15:06 | 4.2 | 8/10 | 2375/3927 |  76.05% | 15,290,368/20,102,200 | 43m05s | 2.915 | — | — | — | —
03:15:11 | 4.2 | 8/10 | 2400/3927 |  76.11% | 15,303,168/20,102,200 | 42m57s | 3.097 | — | — | — | —
03:15:16 | 4.2 | 8/10 | 2425/3927 |  76.18% | 15,315,968/20,102,200 | 42m50s | 2.993 | — | — | — | —
03:15:22 | 4.2 | 8/10 | 2450/3927 |  76.24% | 15,328,768/20,102,200 | 42m43s | 2.950 | — | — | — | —
03:15:27 | 4.2 | 8/10 | 2475/3927 |  76.30% | 15,341,568/20,102,200 | 42m35s | 2.959 | — | — | — | —
03:15:33 | 4.2 | 8/10 | 2500/3927 |  76.37% | 15,354,368/20,102,200 | 42m28s | 3.101 | — | — | — | —
03:15:38 | 4.2 | 8/10 | 2525/3927 |  76.43% | 15,367,168/20,102,200 | 42m21s | 3.026 | — | — | — | —
03:15:43 | 4.2 | 8/10 | 2550/3927 |  76.49% | 15,379,968/20,102,200 | 42m14s | 3.024 | — | — | — | —
03:15:49 | 4.2 | 8/10 | 2575/3927 |  76.56% | 15,392,768/20,102,200 | 42m06s | 2.835 | — | — | — | —
03:15:55 | 4.2 | 8/10 | 2600/3927 |  76.62% | 15,405,568/20,102,200 | 41m59s | 3.079 | — | — | — | —
03:16:01 | 4.2 | 8/10 | 2625/3927 |  76.68% | 15,418,368/20,102,200 | 41m52s | 3.057 | — | — | — | —
03:16:06 | 4.2 | 8/10 | 2650/3927 |  76.75% | 15,431,168/20,102,200 | 41m45s | 2.848 | — | — | — | —
03:16:11 | 4.2 | 8/10 | 2675/3927 |  76.81% | 15,443,968/20,102,200 | 41m37s | 3.056 | — | — | — | —
03:16:17 | 4.2 | 8/10 | 2700/3927 |  76.88% | 15,456,768/20,102,200 | 41m30s | 2.858 | — | — | — | —
03:16:22 | 4.2 | 8/10 | 2725/3927 |  76.94% | 15,469,568/20,102,200 | 41m23s | 3.052 | — | — | — | —
03:16:28 | 4.2 | 8/10 | 2750/3927 |  77.00% | 15,482,368/20,102,200 | 41m15s | 3.012 | — | — | — | —
03:16:33 | 4.2 | 8/10 | 2775/3927 |  77.07% | 15,495,168/20,102,200 | 41m08s | 2.852 | — | — | — | —
03:16:38 | 4.2 | 8/10 | 2800/3927 |  77.13% | 15,507,968/20,102,200 | 41m01s | 3.047 | — | — | — | —
03:16:44 | 4.2 | 8/10 | 2825/3927 |  77.19% | 15,520,768/20,102,200 | 40m54s | 2.935 | — | — | — | —
03:16:49 | 4.2 | 8/10 | 2850/3927 |  77.26% | 15,533,568/20,102,200 | 40m46s | 3.150 | — | — | — | —
03:16:55 | 4.2 | 8/10 | 2875/3927 |  77.32% | 15,546,368/20,102,200 | 40m39s | 2.987 | — | — | — | —
03:17:00 | 4.2 | 8/10 | 2900/3927 |  77.38% | 15,559,168/20,102,200 | 40m32s | 2.950 | — | — | — | —
03:17:06 | 4.2 | 8/10 | 2925/3927 |  77.45% | 15,571,968/20,102,200 | 40m25s | 3.048 | — | — | — | —
03:17:12 | 4.2 | 8/10 | 2950/3927 |  77.51% | 15,584,768/20,102,200 | 40m18s | 3.096 | — | — | — | —
03:17:17 | 4.2 | 8/10 | 2975/3927 |  77.58% | 15,597,568/20,102,200 | 40m10s | 3.005 | — | — | — | —
03:17:23 | 4.2 | 8/10 | 3000/3927 |  77.64% | 15,610,368/20,102,200 | 40m03s | 3.009 | — | — | — | —
03:17:29 | 4.2 | 8/10 | 3025/3927 |  77.70% | 15,623,168/20,102,200 | 39m56s | 2.879 | — | — | — | —
03:17:34 | 4.2 | 8/10 | 3050/3927 |  77.77% | 15,635,968/20,102,200 | 39m49s | 3.009 | — | — | — | —
03:17:40 | 4.2 | 8/10 | 3075/3927 |  77.83% | 15,648,768/20,102,200 | 39m42s | 2.897 | — | — | — | —
03:17:46 | 4.2 | 8/10 | 3100/3927 |  77.89% | 15,661,568/20,102,200 | 39m34s | 2.979 | — | — | — | —
03:17:51 | 4.2 | 8/10 | 3125/3927 |  77.96% | 15,674,368/20,102,200 | 39m27s | 2.935 | — | — | — | —
03:17:56 | 4.2 | 8/10 | 3150/3927 |  78.02% | 15,687,168/20,102,200 | 39m20s | 2.974 | — | — | — | —
03:18:02 | 4.2 | 8/10 | 3175/3927 |  78.09% | 15,699,968/20,102,200 | 39m13s | 2.863 | — | — | — | —
03:18:07 | 4.2 | 8/10 | 3200/3927 |  78.15% | 15,712,768/20,102,200 | 39m05s | 3.053 | — | — | — | —
03:18:12 | 4.2 | 8/10 | 3225/3927 |  78.21% | 15,725,568/20,102,200 | 38m58s | 2.979 | — | — | — | —
03:18:18 | 4.2 | 8/10 | 3250/3927 |  78.28% | 15,738,368/20,102,200 | 38m51s | 2.955 | — | — | — | —
03:18:24 | 4.2 | 8/10 | 3275/3927 |  78.34% | 15,751,168/20,102,200 | 38m44s | 2.911 | — | — | — | —
03:18:29 | 4.2 | 8/10 | 3300/3927 |  78.40% | 15,763,968/20,102,200 | 38m37s | 3.068 | — | — | — | —
03:18:35 | 4.2 | 8/10 | 3325/3927 |  78.47% | 15,776,768/20,102,200 | 38m29s | 2.992 | — | — | — | —
03:18:41 | 4.2 | 8/10 | 3350/3927 |  78.53% | 15,789,568/20,102,200 | 38m22s | 3.017 | — | — | — | —
03:18:46 | 4.2 | 8/10 | 3375/3927 |  78.59% | 15,802,368/20,102,200 | 38m15s | 3.119 | — | — | — | —
03:18:52 | 4.2 | 8/10 | 3400/3927 |  78.66% | 15,815,168/20,102,200 | 38m08s | 3.041 | — | — | — | —
03:18:58 | 4.2 | 8/10 | 3425/3927 |  78.72% | 15,827,968/20,102,200 | 38m01s | 2.945 | — | — | — | —
03:19:03 | 4.2 | 8/10 | 3450/3927 |  78.79% | 15,840,768/20,102,200 | 37m54s | 2.953 | — | — | — | —
03:19:09 | 4.2 | 8/10 | 3475/3927 |  78.85% | 15,853,568/20,102,200 | 37m47s | 2.946 | — | — | — | —
03:19:15 | 4.2 | 8/10 | 3500/3927 |  78.91% | 15,866,368/20,102,200 | 37m40s | 3.029 | — | — | — | —
03:19:20 | 4.2 | 8/10 | 3525/3927 |  78.98% | 15,879,168/20,102,200 | 37m32s | 2.939 | — | — | — | —
03:19:26 | 4.2 | 8/10 | 3550/3927 |  79.04% | 15,891,968/20,102,200 | 37m25s | 2.870 | — | — | — | —
03:19:31 | 4.2 | 8/10 | 3575/3927 |  79.10% | 15,904,768/20,102,200 | 37m18s | 3.079 | — | — | — | —
03:19:36 | 4.2 | 8/10 | 3600/3927 |  79.17% | 15,917,568/20,102,200 | 37m11s | 2.958 | — | — | — | —
03:19:42 | 4.2 | 8/10 | 3625/3927 |  79.23% | 15,930,368/20,102,200 | 37m04s | 3.074 | — | — | — | —
03:19:47 | 4.2 | 8/10 | 3650/3927 |  79.29% | 15,943,168/20,102,200 | 36m56s | 3.018 | — | — | — | —
03:19:53 | 4.2 | 8/10 | 3675/3927 |  79.36% | 15,955,968/20,102,200 | 36m49s | 2.922 | — | — | — | —
03:19:58 | 4.2 | 8/10 | 3700/3927 |  79.42% | 15,968,768/20,102,200 | 36m42s | 2.915 | — | — | — | —
03:20:04 | 4.2 | 8/10 | 3725/3927 |  79.49% | 15,981,568/20,102,200 | 36m35s | 3.039 | — | — | — | —
03:20:09 | 4.2 | 8/10 | 3750/3927 |  79.55% | 15,994,368/20,102,200 | 36m28s | 2.913 | — | — | — | —
03:20:14 | 4.2 | 8/10 | 3775/3927 |  79.61% | 16,007,168/20,102,200 | 36m21s | 2.913 | — | — | — | —
03:20:20 | 4.2 | 8/10 | 3800/3927 |  79.68% | 16,019,968/20,102,200 | 36m13s | 2.952 | — | — | — | —
03:20:25 | 4.2 | 8/10 | 3825/3927 |  79.74% | 16,032,768/20,102,200 | 36m06s | 2.990 | — | — | — | —
03:20:30 | 4.2 | 8/10 | 3850/3927 |  79.80% | 16,045,568/20,102,200 | 35m59s | 3.060 | — | — | — | —
03:20:36 | 4.2 | 8/10 | 3875/3927 |  79.87% | 16,058,368/20,102,200 | 35m52s | 2.978 | — | — | — | —
03:20:41 | 4.2 | 8/10 | 3900/3927 |  79.93% | 16,071,168/20,102,200 | 35m45s | 3.044 | — | — | — | —
03:20:46 | 4.2 | 8/10 | 3925/3927 |  79.99% | 16,083,968/20,102,200 | 35m37s | 2.960 | — | — | — | —
03:20:47 | 4.2 | 8/10 | 3927/3927 |  80.00% | 16,084,992/20,102,200 | 35m37s | 2.867 | — | — | — | —
03:20:55 | validation | 8/10 | epoch-end |  80.00% | 16,081,760/20,102,200 | 35m39s | 2.989 |  55.45% |  44.39% |   4.76% | 1.536
03:20:56 | 4.2 | 9/10 | 1/3927 |  80.00% | 16,085,504/20,102,200 | 35m39s | 3.088 | — | — | — | —
03:21:01 | 4.2 | 9/10 | 25/3927 |  80.06% | 16,097,792/20,102,200 | 35m32s | 2.835 | — | — | — | —
03:21:06 | 4.2 | 9/10 | 50/3927 |  80.13% | 16,110,592/20,102,200 | 35m25s | 2.992 | — | — | — | —
03:21:12 | 4.2 | 9/10 | 75/3927 |  80.19% | 16,123,392/20,102,200 | 35m18s | 3.023 | — | — | — | —
03:21:17 | 4.2 | 9/10 | 100/3927 |  80.25% | 16,136,192/20,102,200 | 35m10s | 3.018 | — | — | — | —
03:21:22 | 4.2 | 9/10 | 125/3927 |  80.32% | 16,148,992/20,102,200 | 35m03s | 3.027 | — | — | — | —
03:21:28 | 4.2 | 9/10 | 150/3927 |  80.38% | 16,161,792/20,102,200 | 34m56s | 2.999 | — | — | — | —
03:21:33 | 4.2 | 9/10 | 175/3927 |  80.45% | 16,174,592/20,102,200 | 34m49s | 3.078 | — | — | — | —
03:21:39 | 4.2 | 9/10 | 200/3927 |  80.51% | 16,187,392/20,102,200 | 34m42s | 3.078 | — | — | — | —
03:21:44 | 4.2 | 9/10 | 225/3927 |  80.57% | 16,200,192/20,102,200 | 34m35s | 3.038 | — | — | — | —
03:21:50 | 4.2 | 9/10 | 250/3927 |  80.64% | 16,212,992/20,102,200 | 34m28s | 3.015 | — | — | — | —
03:21:55 | 4.2 | 9/10 | 275/3927 |  80.70% | 16,225,792/20,102,200 | 34m20s | 3.088 | — | — | — | —
03:22:00 | 4.2 | 9/10 | 300/3927 |  80.76% | 16,238,592/20,102,200 | 34m13s | 2.995 | — | — | — | —
03:22:06 | 4.2 | 9/10 | 325/3927 |  80.83% | 16,251,392/20,102,200 | 34m06s | 2.835 | — | — | — | —
03:22:11 | 4.2 | 9/10 | 350/3927 |  80.89% | 16,264,192/20,102,200 | 33m59s | 3.051 | — | — | — | —
03:22:17 | 4.2 | 9/10 | 375/3927 |  80.95% | 16,276,992/20,102,200 | 33m52s | 3.017 | — | — | — | —
03:22:22 | 4.2 | 9/10 | 400/3927 |  81.02% | 16,289,792/20,102,200 | 33m45s | 3.070 | — | — | — | —
03:22:27 | 4.2 | 9/10 | 425/3927 |  81.08% | 16,302,592/20,102,200 | 33m38s | 2.923 | — | — | — | —
03:22:33 | 4.2 | 9/10 | 450/3927 |  81.15% | 16,315,392/20,102,200 | 33m31s | 2.921 | — | — | — | —
03:22:39 | 4.2 | 9/10 | 475/3927 |  81.21% | 16,328,192/20,102,200 | 33m24s | 3.071 | — | — | — | —
03:22:44 | 4.2 | 9/10 | 500/3927 |  81.27% | 16,340,992/20,102,200 | 33m16s | 2.950 | — | — | — | —
03:22:49 | 4.2 | 9/10 | 525/3927 |  81.34% | 16,353,792/20,102,200 | 33m09s | 2.957 | — | — | — | —
03:22:55 | 4.2 | 9/10 | 550/3927 |  81.40% | 16,366,592/20,102,200 | 33m02s | 2.991 | — | — | — | —
03:23:00 | 4.2 | 9/10 | 575/3927 |  81.46% | 16,379,392/20,102,200 | 32m55s | 3.036 | — | — | — | —
03:23:05 | 4.2 | 9/10 | 600/3927 |  81.53% | 16,392,192/20,102,200 | 32m48s | 2.977 | — | — | — | —
03:23:11 | 4.2 | 9/10 | 625/3927 |  81.59% | 16,404,992/20,102,200 | 32m41s | 2.919 | — | — | — | —
03:23:16 | 4.2 | 9/10 | 650/3927 |  81.66% | 16,417,792/20,102,200 | 32m34s | 2.976 | — | — | — | —
03:23:22 | 4.2 | 9/10 | 675/3927 |  81.72% | 16,430,592/20,102,200 | 32m27s | 2.992 | — | — | — | —
03:23:27 | 4.2 | 9/10 | 700/3927 |  81.78% | 16,443,392/20,102,200 | 32m20s | 2.859 | — | — | — | —
03:23:33 | 4.2 | 9/10 | 725/3927 |  81.85% | 16,456,192/20,102,200 | 32m13s | 3.000 | — | — | — | —
03:23:39 | 4.2 | 9/10 | 750/3927 |  81.91% | 16,468,992/20,102,200 | 32m06s | 3.119 | — | — | — | —
03:23:44 | 4.2 | 9/10 | 775/3927 |  81.97% | 16,481,792/20,102,200 | 31m59s | 3.034 | — | — | — | —
03:23:50 | 4.2 | 9/10 | 800/3927 |  82.04% | 16,494,592/20,102,200 | 31m52s | 2.960 | — | — | — | —
03:23:55 | 4.2 | 9/10 | 825/3927 |  82.10% | 16,507,392/20,102,200 | 31m45s | 2.848 | — | — | — | —
03:24:01 | 4.2 | 9/10 | 850/3927 |  82.16% | 16,520,192/20,102,200 | 31m37s | 3.065 | — | — | — | —
03:24:07 | 4.2 | 9/10 | 875/3927 |  82.23% | 16,532,992/20,102,200 | 31m31s | 2.888 | — | — | — | —
03:24:12 | 4.2 | 9/10 | 900/3927 |  82.29% | 16,545,792/20,102,200 | 31m23s | 3.074 | — | — | — | —
03:24:18 | 4.2 | 9/10 | 925/3927 |  82.36% | 16,558,592/20,102,200 | 31m16s | 2.856 | — | — | — | —
03:24:23 | 4.2 | 9/10 | 950/3927 |  82.42% | 16,571,392/20,102,200 | 31m09s | 2.895 | — | — | — | —
03:24:28 | 4.2 | 9/10 | 975/3927 |  82.48% | 16,584,192/20,102,200 | 31m02s | 2.939 | — | — | — | —
03:24:34 | 4.2 | 9/10 | 1000/3927 |  82.55% | 16,596,992/20,102,200 | 30m55s | 3.060 | — | — | — | —
03:24:39 | 4.2 | 9/10 | 1025/3927 |  82.61% | 16,609,792/20,102,200 | 30m48s | 3.000 | — | — | — | —
03:24:45 | 4.2 | 9/10 | 1050/3927 |  82.67% | 16,622,592/20,102,200 | 30m41s | 2.867 | — | — | — | —
03:24:50 | 4.2 | 9/10 | 1075/3927 |  82.74% | 16,635,392/20,102,200 | 30m34s | 2.942 | — | — | — | —
03:24:56 | 4.2 | 9/10 | 1100/3927 |  82.80% | 16,648,192/20,102,200 | 30m27s | 3.119 | — | — | — | —
03:25:01 | 4.2 | 9/10 | 1125/3927 |  82.86% | 16,660,992/20,102,200 | 30m20s | 3.070 | — | — | — | —
03:25:06 | 4.2 | 9/10 | 1150/3927 |  82.93% | 16,673,792/20,102,200 | 30m13s | 2.953 | — | — | — | —
03:25:12 | 4.2 | 9/10 | 1175/3927 |  82.99% | 16,686,592/20,102,200 | 30m06s | 2.974 | — | — | — | —
03:25:17 | 4.2 | 9/10 | 1200/3927 |  83.06% | 16,699,392/20,102,200 | 29m59s | 3.141 | — | — | — | —
03:25:22 | 4.2 | 9/10 | 1225/3927 |  83.12% | 16,712,192/20,102,200 | 29m52s | 2.950 | — | — | — | —
03:25:28 | 4.2 | 9/10 | 1250/3927 |  83.18% | 16,724,992/20,102,200 | 29m45s | 3.042 | — | — | — | —
03:25:33 | 4.2 | 9/10 | 1275/3927 |  83.25% | 16,737,792/20,102,200 | 29m38s | 3.147 | — | — | — | —
03:25:39 | 4.2 | 9/10 | 1300/3927 |  83.31% | 16,750,592/20,102,200 | 29m31s | 3.089 | — | — | — | —
03:25:44 | 4.2 | 9/10 | 1325/3927 |  83.37% | 16,763,392/20,102,200 | 29m24s | 3.069 | — | — | — | —
03:25:50 | 4.2 | 9/10 | 1350/3927 |  83.44% | 16,776,192/20,102,200 | 29m17s | 2.938 | — | — | — | —
03:25:55 | 4.2 | 9/10 | 1375/3927 |  83.50% | 16,788,992/20,102,200 | 29m10s | 2.954 | — | — | — | —
03:26:00 | 4.2 | 9/10 | 1400/3927 |  83.57% | 16,801,792/20,102,200 | 29m03s | 2.992 | — | — | — | —
03:26:06 | 4.2 | 9/10 | 1425/3927 |  83.63% | 16,814,592/20,102,200 | 28m56s | 2.928 | — | — | — | —
03:26:11 | 4.2 | 9/10 | 1450/3927 |  83.69% | 16,827,392/20,102,200 | 28m49s | 3.027 | — | — | — | —
03:26:16 | 4.2 | 9/10 | 1475/3927 |  83.76% | 16,840,192/20,102,200 | 28m42s | 3.049 | — | — | — | —
03:26:22 | 4.2 | 9/10 | 1500/3927 |  83.82% | 16,852,992/20,102,200 | 28m35s | 3.061 | — | — | — | —
03:26:28 | 4.2 | 9/10 | 1525/3927 |  83.88% | 16,865,792/20,102,200 | 28m28s | 3.019 | — | — | — | —
03:26:33 | 4.2 | 9/10 | 1550/3927 |  83.95% | 16,878,592/20,102,200 | 28m21s | 3.115 | — | — | — | —
03:26:39 | 4.2 | 9/10 | 1575/3927 |  84.01% | 16,891,392/20,102,200 | 28m14s | 3.018 | — | — | — | —
03:26:44 | 4.2 | 9/10 | 1600/3927 |  84.07% | 16,904,192/20,102,200 | 28m07s | 2.934 | — | — | — | —
03:26:50 | 4.2 | 9/10 | 1625/3927 |  84.14% | 16,916,992/20,102,200 | 28m00s | 2.898 | — | — | — | —
03:26:55 | 4.2 | 9/10 | 1650/3927 |  84.20% | 16,929,792/20,102,200 | 27m53s | 2.940 | — | — | — | —
03:27:00 | 4.2 | 9/10 | 1675/3927 |  84.27% | 16,942,592/20,102,200 | 27m46s | 3.026 | — | — | — | —
03:27:06 | 4.2 | 9/10 | 1700/3927 |  84.33% | 16,955,392/20,102,200 | 27m39s | 2.944 | — | — | — | —
03:27:11 | 4.2 | 9/10 | 1725/3927 |  84.39% | 16,968,192/20,102,200 | 27m32s | 2.994 | — | — | — | —
03:27:16 | 4.2 | 9/10 | 1750/3927 |  84.46% | 16,980,992/20,102,200 | 27m25s | 2.935 | — | — | — | —
03:27:22 | 4.2 | 9/10 | 1775/3927 |  84.52% | 16,993,792/20,102,200 | 27m18s | 2.931 | — | — | — | —
03:27:27 | 4.2 | 9/10 | 1800/3927 |  84.58% | 17,006,592/20,102,200 | 27m11s | 3.064 | — | — | — | —
03:27:33 | 4.2 | 9/10 | 1825/3927 |  84.65% | 17,019,392/20,102,200 | 27m04s | 2.893 | — | — | — | —
03:27:38 | 4.2 | 9/10 | 1850/3927 |  84.71% | 17,032,192/20,102,200 | 26m57s | 3.066 | — | — | — | —
03:27:44 | 4.2 | 9/10 | 1875/3927 |  84.77% | 17,044,992/20,102,200 | 26m50s | 2.981 | — | — | — | —
03:27:49 | 4.2 | 9/10 | 1900/3927 |  84.84% | 17,057,792/20,102,200 | 26m43s | 3.034 | — | — | — | —
03:27:54 | 4.2 | 9/10 | 1925/3927 |  84.90% | 17,070,592/20,102,200 | 26m36s | 3.027 | — | — | — | —
03:28:00 | 4.2 | 9/10 | 1950/3927 |  84.97% | 17,083,392/20,102,200 | 26m29s | 2.949 | — | — | — | —
03:28:05 | 4.2 | 9/10 | 1975/3927 |  85.03% | 17,096,192/20,102,200 | 26m22s | 3.011 | — | — | — | —
03:28:10 | 4.2 | 9/10 | 2000/3927 |  85.09% | 17,108,992/20,102,200 | 26m15s | 2.975 | — | — | — | —
03:28:16 | 4.2 | 9/10 | 2025/3927 |  85.16% | 17,121,792/20,102,200 | 26m08s | 2.913 | — | — | — | —
03:28:21 | 4.2 | 9/10 | 2050/3927 |  85.22% | 17,134,592/20,102,200 | 26m01s | 2.928 | — | — | — | —
03:28:26 | 4.2 | 9/10 | 2075/3927 |  85.28% | 17,147,392/20,102,200 | 25m54s | 3.088 | — | — | — | —
03:28:32 | 4.2 | 9/10 | 2100/3927 |  85.35% | 17,160,192/20,102,200 | 25m47s | 2.955 | — | — | — | —
03:28:37 | 4.2 | 9/10 | 2125/3927 |  85.41% | 17,172,992/20,102,200 | 25m40s | 2.954 | — | — | — | —
03:28:43 | 4.2 | 9/10 | 2150/3927 |  85.47% | 17,185,792/20,102,200 | 25m33s | 2.877 | — | — | — | —
03:28:48 | 4.2 | 9/10 | 2175/3927 |  85.54% | 17,198,592/20,102,200 | 25m26s | 3.055 | — | — | — | —
03:28:54 | 4.2 | 9/10 | 2200/3927 |  85.60% | 17,211,392/20,102,200 | 25m19s | 3.047 | — | — | — | —
03:28:59 | 4.2 | 9/10 | 2225/3927 |  85.67% | 17,224,192/20,102,200 | 25m12s | 2.956 | — | — | — | —
03:29:05 | 4.2 | 9/10 | 2250/3927 |  85.73% | 17,236,992/20,102,200 | 25m06s | 3.039 | — | — | — | —
03:29:10 | 4.2 | 9/10 | 2275/3927 |  85.79% | 17,249,792/20,102,200 | 24m59s | 2.906 | — | — | — | —
03:29:16 | 4.2 | 9/10 | 2300/3927 |  85.86% | 17,262,592/20,102,200 | 24m52s | 2.959 | — | — | — | —
03:29:21 | 4.2 | 9/10 | 2325/3927 |  85.92% | 17,275,392/20,102,200 | 24m45s | 2.975 | — | — | — | —
03:29:26 | 4.2 | 9/10 | 2350/3927 |  85.98% | 17,288,192/20,102,200 | 24m38s | 2.991 | — | — | — | —
03:29:32 | 4.2 | 9/10 | 2375/3927 |  86.05% | 17,300,992/20,102,200 | 24m31s | 2.906 | — | — | — | —
03:29:37 | 4.2 | 9/10 | 2400/3927 |  86.11% | 17,313,792/20,102,200 | 24m24s | 2.914 | — | — | — | —
03:29:43 | 4.2 | 9/10 | 2425/3927 |  86.18% | 17,326,592/20,102,200 | 24m17s | 2.884 | — | — | — | —
03:29:48 | 4.2 | 9/10 | 2450/3927 |  86.24% | 17,339,392/20,102,200 | 24m10s | 2.994 | — | — | — | —
03:29:54 | 4.2 | 9/10 | 2475/3927 |  86.30% | 17,352,192/20,102,200 | 24m03s | 3.035 | — | — | — | —
03:30:00 | 4.2 | 9/10 | 2500/3927 |  86.37% | 17,364,992/20,102,200 | 23m56s | 2.927 | — | — | — | —
03:30:05 | 4.2 | 9/10 | 2525/3927 |  86.43% | 17,377,792/20,102,200 | 23m50s | 2.882 | — | — | — | —
03:30:11 | 4.2 | 9/10 | 2550/3927 |  86.49% | 17,390,592/20,102,200 | 23m43s | 2.945 | — | — | — | —
03:30:16 | 4.2 | 9/10 | 2575/3927 |  86.56% | 17,403,392/20,102,200 | 23m36s | 2.852 | — | — | — | —
03:30:21 | 4.2 | 9/10 | 2600/3927 |  86.62% | 17,416,192/20,102,200 | 23m29s | 3.001 | — | — | — | —
03:30:27 | 4.2 | 9/10 | 2625/3927 |  86.68% | 17,428,992/20,102,200 | 23m22s | 2.872 | — | — | — | —
03:30:32 | 4.2 | 9/10 | 2650/3927 |  86.75% | 17,441,792/20,102,200 | 23m15s | 3.103 | — | — | — | —
03:30:37 | 4.2 | 9/10 | 2675/3927 |  86.81% | 17,454,592/20,102,200 | 23m08s | 2.950 | — | — | — | —
03:30:43 | 4.2 | 9/10 | 2700/3927 |  86.88% | 17,467,392/20,102,200 | 23m01s | 2.981 | — | — | — | —
03:30:48 | 4.2 | 9/10 | 2725/3927 |  86.94% | 17,480,192/20,102,200 | 22m54s | 2.992 | — | — | — | —
03:30:54 | 4.2 | 9/10 | 2750/3927 |  87.00% | 17,492,992/20,102,200 | 22m47s | 3.113 | — | — | — | —
03:30:59 | 4.2 | 9/10 | 2775/3927 |  87.07% | 17,505,792/20,102,200 | 22m40s | 3.064 | — | — | — | —
03:31:04 | 4.2 | 9/10 | 2800/3927 |  87.13% | 17,518,592/20,102,200 | 22m34s | 2.806 | — | — | — | —
03:31:10 | 4.2 | 9/10 | 2825/3927 |  87.19% | 17,531,392/20,102,200 | 22m27s | 3.078 | — | — | — | —
03:31:16 | 4.2 | 9/10 | 2850/3927 |  87.26% | 17,544,192/20,102,200 | 22m20s | 2.945 | — | — | — | —
03:31:21 | 4.2 | 9/10 | 2875/3927 |  87.32% | 17,556,992/20,102,200 | 22m13s | 2.945 | — | — | — | —
03:31:27 | 4.2 | 9/10 | 2900/3927 |  87.38% | 17,569,792/20,102,200 | 22m06s | 2.912 | — | — | — | —
03:31:32 | 4.2 | 9/10 | 2925/3927 |  87.45% | 17,582,592/20,102,200 | 21m59s | 3.048 | — | — | — | —
03:31:38 | 4.2 | 9/10 | 2950/3927 |  87.51% | 17,595,392/20,102,200 | 21m52s | 2.890 | — | — | — | —
03:31:43 | 4.2 | 9/10 | 2975/3927 |  87.58% | 17,608,192/20,102,200 | 21m46s | 2.987 | — | — | — | —
03:31:48 | 4.2 | 9/10 | 3000/3927 |  87.64% | 17,620,992/20,102,200 | 21m39s | 2.916 | — | — | — | —
03:31:54 | 4.2 | 9/10 | 3025/3927 |  87.70% | 17,633,792/20,102,200 | 21m32s | 2.973 | — | — | — | —
03:31:59 | 4.2 | 9/10 | 3050/3927 |  87.77% | 17,646,592/20,102,200 | 21m25s | 3.054 | — | — | — | —
03:32:04 | 4.2 | 9/10 | 3075/3927 |  87.83% | 17,659,392/20,102,200 | 21m18s | 2.894 | — | — | — | —
03:32:10 | 4.2 | 9/10 | 3100/3927 |  87.89% | 17,672,192/20,102,200 | 21m11s | 2.958 | — | — | — | —
03:32:15 | 4.2 | 9/10 | 3125/3927 |  87.96% | 17,684,992/20,102,200 | 21m04s | 2.961 | — | — | — | —
03:32:20 | 4.2 | 9/10 | 3150/3927 |  88.02% | 17,697,792/20,102,200 | 20m57s | 2.973 | — | — | — | —
03:32:26 | 4.2 | 9/10 | 3175/3927 |  88.09% | 17,710,592/20,102,200 | 20m51s | 2.855 | — | — | — | —
03:32:31 | 4.2 | 9/10 | 3200/3927 |  88.15% | 17,723,392/20,102,200 | 20m44s | 2.973 | — | — | — | —
03:32:36 | 4.2 | 9/10 | 3225/3927 |  88.21% | 17,736,192/20,102,200 | 20m37s | 2.850 | — | — | — | —
03:32:42 | 4.2 | 9/10 | 3250/3927 |  88.28% | 17,748,992/20,102,200 | 20m30s | 2.853 | — | — | — | —
03:32:48 | 4.2 | 9/10 | 3275/3927 |  88.34% | 17,761,792/20,102,200 | 20m23s | 2.853 | — | — | — | —
03:32:53 | 4.2 | 9/10 | 3300/3927 |  88.40% | 17,774,592/20,102,200 | 20m16s | 3.012 | — | — | — | —
03:32:59 | 4.2 | 9/10 | 3325/3927 |  88.47% | 17,787,392/20,102,200 | 20m09s | 2.977 | — | — | — | —
03:33:04 | 4.2 | 9/10 | 3350/3927 |  88.53% | 17,800,192/20,102,200 | 20m03s | 3.078 | — | — | — | —
03:33:10 | 4.2 | 9/10 | 3375/3927 |  88.59% | 17,812,992/20,102,200 | 19m56s | 2.972 | — | — | — | —
03:33:15 | 4.2 | 9/10 | 3400/3927 |  88.66% | 17,825,792/20,102,200 | 19m49s | 3.010 | — | — | — | —
03:33:21 | 4.2 | 9/10 | 3425/3927 |  88.72% | 17,838,592/20,102,200 | 19m42s | 3.017 | — | — | — | —
03:33:26 | 4.2 | 9/10 | 3450/3927 |  88.79% | 17,851,392/20,102,200 | 19m35s | 3.032 | — | — | — | —
03:33:31 | 4.2 | 9/10 | 3475/3927 |  88.85% | 17,864,192/20,102,200 | 19m28s | 2.945 | — | — | — | —
03:33:37 | 4.2 | 9/10 | 3500/3927 |  88.91% | 17,876,992/20,102,200 | 19m22s | 3.151 | — | — | — | —
03:33:43 | 4.2 | 9/10 | 3525/3927 |  88.98% | 17,889,792/20,102,200 | 19m15s | 3.072 | — | — | — | —
03:33:48 | 4.2 | 9/10 | 3550/3927 |  89.04% | 17,902,592/20,102,200 | 19m08s | 2.938 | — | — | — | —
03:33:54 | 4.2 | 9/10 | 3575/3927 |  89.10% | 17,915,392/20,102,200 | 19m01s | 2.968 | — | — | — | —
03:33:59 | 4.2 | 9/10 | 3600/3927 |  89.17% | 17,928,192/20,102,200 | 18m54s | 2.938 | — | — | — | —
03:34:05 | 4.2 | 9/10 | 3625/3927 |  89.23% | 17,940,992/20,102,200 | 18m48s | 3.000 | — | — | — | —
03:34:10 | 4.2 | 9/10 | 3650/3927 |  89.29% | 17,953,792/20,102,200 | 18m41s | 2.981 | — | — | — | —
03:34:16 | 4.2 | 9/10 | 3675/3927 |  89.36% | 17,966,592/20,102,200 | 18m34s | 3.051 | — | — | — | —
03:34:22 | 4.2 | 9/10 | 3700/3927 |  89.42% | 17,979,392/20,102,200 | 18m27s | 2.973 | — | — | — | —
03:34:27 | 4.2 | 9/10 | 3725/3927 |  89.49% | 17,992,192/20,102,200 | 18m20s | 2.942 | — | — | — | —
03:34:33 | 4.2 | 9/10 | 3750/3927 |  89.55% | 18,004,992/20,102,200 | 18m14s | 3.047 | — | — | — | —
03:34:39 | 4.2 | 9/10 | 3775/3927 |  89.61% | 18,017,792/20,102,200 | 18m07s | 3.081 | — | — | — | —
03:34:44 | 4.2 | 9/10 | 3800/3927 |  89.68% | 18,030,592/20,102,200 | 18m00s | 3.045 | — | — | — | —
03:34:49 | 4.2 | 9/10 | 3825/3927 |  89.74% | 18,043,392/20,102,200 | 17m53s | 2.868 | — | — | — | —
03:34:55 | 4.2 | 9/10 | 3850/3927 |  89.80% | 18,056,192/20,102,200 | 17m46s | 2.954 | — | — | — | —
03:35:01 | 4.2 | 9/10 | 3875/3927 |  89.87% | 18,068,992/20,102,200 | 17m40s | 2.962 | — | — | — | —
03:35:06 | 4.2 | 9/10 | 3900/3927 |  89.93% | 18,081,792/20,102,200 | 17m33s | 3.051 | — | — | — | —
03:35:12 | 4.2 | 9/10 | 3925/3927 |  89.99% | 18,094,592/20,102,200 | 17m26s | 3.026 | — | — | — | —
03:35:12 | 4.2 | 9/10 | 3927/3927 |  90.00% | 18,095,616/20,102,200 | 17m26s | 2.839 | — | — | — | —
03:35:21 | validation | 9/10 | epoch-end |  90.00% | 18,091,980/20,102,200 | 17m27s | 2.979 |  55.47% |  44.58% |   4.89% | 1.535
03:35:22 | 4.2 | 10/10 | 1/3927 |  90.00% | 18,096,128/20,102,200 | 17m26s | 3.066 | — | — | — | —
03:35:27 | 4.2 | 10/10 | 25/3927 |  90.06% | 18,108,416/20,102,200 | 17m20s | 2.982 | — | — | — | —
03:35:33 | 4.2 | 10/10 | 50/3927 |  90.13% | 18,121,216/20,102,200 | 17m13s | 2.984 | — | — | — | —
03:35:38 | 4.2 | 10/10 | 75/3927 |  90.19% | 18,134,016/20,102,200 | 17m06s | 2.939 | — | — | — | —
03:35:44 | 4.2 | 10/10 | 100/3927 |  90.25% | 18,146,816/20,102,200 | 16m59s | 3.018 | — | — | — | —
03:35:49 | 4.2 | 10/10 | 125/3927 |  90.32% | 18,159,616/20,102,200 | 16m53s | 3.015 | — | — | — | —
03:35:54 | 4.2 | 10/10 | 150/3927 |  90.38% | 18,172,416/20,102,200 | 16m46s | 3.049 | — | — | — | —
03:36:00 | 4.2 | 10/10 | 175/3927 |  90.45% | 18,185,216/20,102,200 | 16m39s | 3.051 | — | — | — | —
03:36:05 | 4.2 | 10/10 | 200/3927 |  90.51% | 18,198,016/20,102,200 | 16m32s | 2.770 | — | — | — | —
03:36:11 | 4.2 | 10/10 | 225/3927 |  90.57% | 18,210,816/20,102,200 | 16m26s | 3.025 | — | — | — | —
03:36:16 | 4.2 | 10/10 | 250/3927 |  90.64% | 18,223,616/20,102,200 | 16m19s | 2.978 | — | — | — | —
03:36:21 | 4.2 | 10/10 | 275/3927 |  90.70% | 18,236,416/20,102,200 | 16m12s | 3.077 | — | — | — | —
03:36:26 | 4.2 | 10/10 | 300/3927 |  90.76% | 18,249,216/20,102,200 | 16m05s | 3.042 | — | — | — | —
03:36:32 | 4.2 | 10/10 | 325/3927 |  90.83% | 18,262,016/20,102,200 | 15m58s | 2.911 | — | — | — | —
03:36:37 | 4.2 | 10/10 | 350/3927 |  90.89% | 18,274,816/20,102,200 | 15m52s | 2.998 | — | — | — | —
03:36:42 | 4.2 | 10/10 | 375/3927 |  90.95% | 18,287,616/20,102,200 | 15m45s | 2.894 | — | — | — | —
03:36:48 | 4.2 | 10/10 | 400/3927 |  91.02% | 18,300,416/20,102,200 | 15m38s | 2.887 | — | — | — | —
03:36:53 | 4.2 | 10/10 | 425/3927 |  91.08% | 18,313,216/20,102,200 | 15m31s | 3.097 | — | — | — | —
03:36:59 | 4.2 | 10/10 | 450/3927 |  91.15% | 18,326,016/20,102,200 | 15m24s | 2.963 | — | — | — | —
03:37:04 | 4.2 | 10/10 | 475/3927 |  91.21% | 18,338,816/20,102,200 | 15m18s | 2.929 | — | — | — | —
03:37:10 | 4.2 | 10/10 | 500/3927 |  91.27% | 18,351,616/20,102,200 | 15m11s | 3.121 | — | — | — | —
03:37:15 | 4.2 | 10/10 | 525/3927 |  91.34% | 18,364,416/20,102,200 | 15m04s | 3.029 | — | — | — | —
03:37:21 | 4.2 | 10/10 | 550/3927 |  91.40% | 18,377,216/20,102,200 | 14m57s | 3.118 | — | — | — | —
03:37:26 | 4.2 | 10/10 | 575/3927 |  91.46% | 18,390,016/20,102,200 | 14m51s | 2.834 | — | — | — | —
03:37:32 | 4.2 | 10/10 | 600/3927 |  91.53% | 18,402,816/20,102,200 | 14m44s | 3.019 | — | — | — | —
03:37:37 | 4.2 | 10/10 | 625/3927 |  91.59% | 18,415,616/20,102,200 | 14m37s | 2.935 | — | — | — | —
03:37:42 | 4.2 | 10/10 | 650/3927 |  91.66% | 18,428,416/20,102,200 | 14m30s | 3.090 | — | — | — | —
03:37:48 | 4.2 | 10/10 | 675/3927 |  91.72% | 18,441,216/20,102,200 | 14m24s | 3.030 | — | — | — | —
03:37:53 | 4.2 | 10/10 | 700/3927 |  91.78% | 18,454,016/20,102,200 | 14m17s | 2.992 | — | — | — | —
03:37:59 | 4.2 | 10/10 | 725/3927 |  91.85% | 18,466,816/20,102,200 | 14m10s | 2.985 | — | — | — | —
03:38:04 | 4.2 | 10/10 | 750/3927 |  91.91% | 18,479,616/20,102,200 | 14m03s | 2.911 | — | — | — | —
03:38:09 | 4.2 | 10/10 | 775/3927 |  91.97% | 18,492,416/20,102,200 | 13m57s | 3.045 | — | — | — | —
03:38:15 | 4.2 | 10/10 | 800/3927 |  92.04% | 18,505,216/20,102,200 | 13m50s | 3.065 | — | — | — | —
03:38:21 | 4.2 | 10/10 | 825/3927 |  92.10% | 18,518,016/20,102,200 | 13m43s | 2.971 | — | — | — | —
03:38:27 | 4.2 | 10/10 | 850/3927 |  92.16% | 18,530,816/20,102,200 | 13m36s | 2.863 | — | — | — | —
03:38:33 | 4.2 | 10/10 | 875/3927 |  92.23% | 18,543,616/20,102,200 | 13m30s | 2.940 | — | — | — | —
03:38:38 | 4.2 | 10/10 | 900/3927 |  92.29% | 18,556,416/20,102,200 | 13m23s | 3.151 | — | — | — | —
03:38:44 | 4.2 | 10/10 | 925/3927 |  92.36% | 18,569,216/20,102,200 | 13m16s | 2.945 | — | — | — | —
03:38:49 | 4.2 | 10/10 | 950/3927 |  92.42% | 18,582,016/20,102,200 | 13m10s | 2.861 | — | — | — | —
03:38:54 | 4.2 | 10/10 | 975/3927 |  92.48% | 18,594,816/20,102,200 | 13m03s | 2.891 | — | — | — | —
03:39:00 | 4.2 | 10/10 | 1000/3927 |  92.55% | 18,607,616/20,102,200 | 12m56s | 3.022 | — | — | — | —
03:39:05 | 4.2 | 10/10 | 1025/3927 |  92.61% | 18,620,416/20,102,200 | 12m49s | 3.042 | — | — | — | —
03:39:11 | 4.2 | 10/10 | 1050/3927 |  92.67% | 18,633,216/20,102,200 | 12m43s | 3.030 | — | — | — | —
03:39:16 | 4.2 | 10/10 | 1075/3927 |  92.74% | 18,646,016/20,102,200 | 12m36s | 3.133 | — | — | — | —
03:39:22 | 4.2 | 10/10 | 1100/3927 |  92.80% | 18,658,816/20,102,200 | 12m29s | 3.073 | — | — | — | —
03:39:27 | 4.2 | 10/10 | 1125/3927 |  92.86% | 18,671,616/20,102,200 | 12m22s | 2.970 | — | — | — | —
03:39:32 | 4.2 | 10/10 | 1150/3927 |  92.93% | 18,684,416/20,102,200 | 12m16s | 2.911 | — | — | — | —
03:39:38 | 4.2 | 10/10 | 1175/3927 |  92.99% | 18,697,216/20,102,200 | 12m09s | 3.109 | — | — | — | —
03:39:43 | 4.2 | 10/10 | 1200/3927 |  93.06% | 18,710,016/20,102,200 | 12m02s | 2.977 | — | — | — | —
03:39:48 | 4.2 | 10/10 | 1225/3927 |  93.12% | 18,722,816/20,102,200 | 11m56s | 2.894 | — | — | — | —
03:39:54 | 4.2 | 10/10 | 1250/3927 |  93.18% | 18,735,616/20,102,200 | 11m49s | 3.016 | — | — | — | —
03:39:59 | 4.2 | 10/10 | 1275/3927 |  93.25% | 18,748,416/20,102,200 | 11m42s | 2.927 | — | — | — | —
03:40:04 | 4.2 | 10/10 | 1300/3927 |  93.31% | 18,761,216/20,102,200 | 11m35s | 2.995 | — | — | — | —
03:40:10 | 4.2 | 10/10 | 1325/3927 |  93.37% | 18,774,016/20,102,200 | 11m29s | 2.998 | — | — | — | —
03:40:15 | 4.2 | 10/10 | 1350/3927 |  93.44% | 18,786,816/20,102,200 | 11m22s | 2.907 | — | — | — | —
03:40:21 | 4.2 | 10/10 | 1375/3927 |  93.50% | 18,799,616/20,102,200 | 11m15s | 2.979 | — | — | — | —
03:40:26 | 4.2 | 10/10 | 1400/3927 |  93.57% | 18,812,416/20,102,200 | 11m09s | 2.926 | — | — | — | —
03:40:31 | 4.2 | 10/10 | 1425/3927 |  93.63% | 18,825,216/20,102,200 | 11m02s | 2.889 | — | — | — | —
03:40:37 | 4.2 | 10/10 | 1450/3927 |  93.69% | 18,838,016/20,102,200 | 10m55s | 2.897 | — | — | — | —
03:40:42 | 4.2 | 10/10 | 1475/3927 |  93.76% | 18,850,816/20,102,200 | 10m48s | 2.962 | — | — | — | —
03:40:48 | 4.2 | 10/10 | 1500/3927 |  93.82% | 18,863,616/20,102,200 | 10m42s | 2.899 | — | — | — | —
03:40:53 | 4.2 | 10/10 | 1525/3927 |  93.88% | 18,876,416/20,102,200 | 10m35s | 2.931 | — | — | — | —
03:40:58 | 4.2 | 10/10 | 1550/3927 |  93.95% | 18,889,216/20,102,200 | 10m28s | 3.078 | — | — | — | —
03:41:04 | 4.2 | 10/10 | 1575/3927 |  94.01% | 18,902,016/20,102,200 | 10m22s | 3.093 | — | — | — | —
03:41:09 | 4.2 | 10/10 | 1600/3927 |  94.07% | 18,914,816/20,102,200 | 10m15s | 3.033 | — | — | — | —
03:41:14 | 4.2 | 10/10 | 1625/3927 |  94.14% | 18,927,616/20,102,200 | 10m08s | 2.911 | — | — | — | —
03:41:20 | 4.2 | 10/10 | 1650/3927 |  94.20% | 18,940,416/20,102,200 | 10m02s | 2.975 | — | — | — | —
03:41:25 | 4.2 | 10/10 | 1675/3927 |  94.27% | 18,953,216/20,102,200 | 09m55s | 2.971 | — | — | — | —
03:41:30 | 4.2 | 10/10 | 1700/3927 |  94.33% | 18,966,016/20,102,200 | 09m48s | 3.075 | — | — | — | —
03:41:36 | 4.2 | 10/10 | 1725/3927 |  94.39% | 18,978,816/20,102,200 | 09m42s | 2.963 | — | — | — | —
03:41:41 | 4.2 | 10/10 | 1750/3927 |  94.46% | 18,991,616/20,102,200 | 09m35s | 2.924 | — | — | — | —
03:41:47 | 4.2 | 10/10 | 1775/3927 |  94.52% | 19,004,416/20,102,200 | 09m28s | 3.022 | — | — | — | —
03:41:52 | 4.2 | 10/10 | 1800/3927 |  94.58% | 19,017,216/20,102,200 | 09m22s | 2.937 | — | — | — | —
03:41:57 | 4.2 | 10/10 | 1825/3927 |  94.65% | 19,030,016/20,102,200 | 09m15s | 3.051 | — | — | — | —
03:42:03 | 4.2 | 10/10 | 1850/3927 |  94.71% | 19,042,816/20,102,200 | 09m08s | 3.007 | — | — | — | —
03:42:09 | 4.2 | 10/10 | 1875/3927 |  94.77% | 19,055,616/20,102,200 | 09m02s | 3.049 | — | — | — | —
03:42:14 | 4.2 | 10/10 | 1900/3927 |  94.84% | 19,068,416/20,102,200 | 08m55s | 2.823 | — | — | — | —
03:42:19 | 4.2 | 10/10 | 1925/3927 |  94.90% | 19,081,216/20,102,200 | 08m48s | 3.006 | — | — | — | —
03:42:24 | 4.2 | 10/10 | 1950/3927 |  94.97% | 19,094,016/20,102,200 | 08m42s | 2.902 | — | — | — | —
03:42:30 | 4.2 | 10/10 | 1975/3927 |  95.03% | 19,106,816/20,102,200 | 08m35s | 2.995 | — | — | — | —
03:42:35 | 4.2 | 10/10 | 2000/3927 |  95.09% | 19,119,616/20,102,200 | 08m28s | 2.956 | — | — | — | —
03:42:41 | 4.2 | 10/10 | 2025/3927 |  95.16% | 19,132,416/20,102,200 | 08m22s | 3.081 | — | — | — | —
03:42:46 | 4.2 | 10/10 | 2050/3927 |  95.22% | 19,145,216/20,102,200 | 08m15s | 3.016 | — | — | — | —
03:42:52 | 4.2 | 10/10 | 2075/3927 |  95.28% | 19,158,016/20,102,200 | 08m08s | 2.889 | — | — | — | —
03:42:57 | 4.2 | 10/10 | 2100/3927 |  95.35% | 19,170,816/20,102,200 | 08m02s | 2.977 | — | — | — | —
03:43:03 | 4.2 | 10/10 | 2125/3927 |  95.41% | 19,183,616/20,102,200 | 07m55s | 3.026 | — | — | — | —
03:43:09 | 4.2 | 10/10 | 2150/3927 |  95.47% | 19,196,416/20,102,200 | 07m48s | 3.046 | — | — | — | —
03:43:14 | 4.2 | 10/10 | 2175/3927 |  95.54% | 19,209,216/20,102,200 | 07m42s | 3.099 | — | — | — | —
03:43:20 | 4.2 | 10/10 | 2200/3927 |  95.60% | 19,222,016/20,102,200 | 07m35s | 3.054 | — | — | — | —
03:43:25 | 4.2 | 10/10 | 2225/3927 |  95.67% | 19,234,816/20,102,200 | 07m28s | 3.129 | — | — | — | —
03:43:31 | 4.2 | 10/10 | 2250/3927 |  95.73% | 19,247,616/20,102,200 | 07m22s | 3.028 | — | — | — | —
03:43:36 | 4.2 | 10/10 | 2275/3927 |  95.79% | 19,260,416/20,102,200 | 07m15s | 2.979 | — | — | — | —
03:43:41 | 4.2 | 10/10 | 2300/3927 |  95.86% | 19,273,216/20,102,200 | 07m08s | 2.852 | — | — | — | —
03:43:47 | 4.2 | 10/10 | 2325/3927 |  95.92% | 19,286,016/20,102,200 | 07m02s | 2.970 | — | — | — | —
03:43:52 | 4.2 | 10/10 | 2350/3927 |  95.98% | 19,298,816/20,102,200 | 06m55s | 2.964 | — | — | — | —
03:43:57 | 4.2 | 10/10 | 2375/3927 |  96.05% | 19,311,616/20,102,200 | 06m49s | 2.945 | — | — | — | —
03:44:02 | 4.2 | 10/10 | 2400/3927 |  96.11% | 19,324,416/20,102,200 | 06m42s | 3.088 | — | — | — | —
03:44:08 | 4.2 | 10/10 | 2425/3927 |  96.18% | 19,337,216/20,102,200 | 06m35s | 2.951 | — | — | — | —
03:44:13 | 4.2 | 10/10 | 2450/3927 |  96.24% | 19,350,016/20,102,200 | 06m29s | 3.104 | — | — | — | —
03:44:18 | 4.2 | 10/10 | 2475/3927 |  96.30% | 19,362,816/20,102,200 | 06m22s | 2.990 | — | — | — | —
03:44:24 | 4.2 | 10/10 | 2500/3927 |  96.37% | 19,375,616/20,102,200 | 06m15s | 3.081 | — | — | — | —
03:44:29 | 4.2 | 10/10 | 2525/3927 |  96.43% | 19,388,416/20,102,200 | 06m09s | 2.895 | — | — | — | —
03:44:35 | 4.2 | 10/10 | 2550/3927 |  96.49% | 19,401,216/20,102,200 | 06m02s | 3.065 | — | — | — | —
03:44:40 | 4.2 | 10/10 | 2575/3927 |  96.56% | 19,414,016/20,102,200 | 05m55s | 2.854 | — | — | — | —
03:44:45 | 4.2 | 10/10 | 2600/3927 |  96.62% | 19,426,816/20,102,200 | 05m49s | 2.903 | — | — | — | —
03:44:51 | 4.2 | 10/10 | 2625/3927 |  96.68% | 19,439,616/20,102,200 | 05m42s | 2.883 | — | — | — | —
03:44:56 | 4.2 | 10/10 | 2650/3927 |  96.75% | 19,452,416/20,102,200 | 05m36s | 2.964 | — | — | — | —
03:45:02 | 4.2 | 10/10 | 2675/3927 |  96.81% | 19,465,216/20,102,200 | 05m29s | 2.977 | — | — | — | —
03:45:07 | 4.2 | 10/10 | 2700/3927 |  96.88% | 19,478,016/20,102,200 | 05m22s | 2.912 | — | — | — | —
03:45:12 | 4.2 | 10/10 | 2725/3927 |  96.94% | 19,490,816/20,102,200 | 05m16s | 2.932 | — | — | — | —
03:45:18 | 4.2 | 10/10 | 2750/3927 |  97.00% | 19,503,616/20,102,200 | 05m09s | 3.008 | — | — | — | —
03:45:23 | 4.2 | 10/10 | 2775/3927 |  97.07% | 19,516,416/20,102,200 | 05m02s | 2.966 | — | — | — | —
03:45:29 | 4.2 | 10/10 | 2800/3927 |  97.13% | 19,529,216/20,102,200 | 04m56s | 2.976 | — | — | — | —
03:45:34 | 4.2 | 10/10 | 2825/3927 |  97.19% | 19,542,016/20,102,200 | 04m49s | 2.922 | — | — | — | —
03:45:39 | 4.2 | 10/10 | 2850/3927 |  97.26% | 19,554,816/20,102,200 | 04m43s | 3.048 | — | — | — | —
03:45:45 | 4.2 | 10/10 | 2875/3927 |  97.32% | 19,567,616/20,102,200 | 04m36s | 2.900 | — | — | — | —
03:45:50 | 4.2 | 10/10 | 2900/3927 |  97.38% | 19,580,416/20,102,200 | 04m29s | 2.923 | — | — | — | —
03:45:55 | 4.2 | 10/10 | 2925/3927 |  97.45% | 19,593,216/20,102,200 | 04m23s | 3.057 | — | — | — | —
03:46:01 | 4.2 | 10/10 | 2950/3927 |  97.51% | 19,606,016/20,102,200 | 04m16s | 2.947 | — | — | — | —
03:46:06 | 4.2 | 10/10 | 2975/3927 |  97.58% | 19,618,816/20,102,200 | 04m10s | 2.977 | — | — | — | —
03:46:11 | 4.2 | 10/10 | 3000/3927 |  97.64% | 19,631,616/20,102,200 | 04m03s | 3.028 | — | — | — | —
03:46:17 | 4.2 | 10/10 | 3025/3927 |  97.70% | 19,644,416/20,102,200 | 03m56s | 2.928 | — | — | — | —
03:46:22 | 4.2 | 10/10 | 3050/3927 |  97.77% | 19,657,216/20,102,200 | 03m50s | 3.104 | — | — | — | —
03:46:28 | 4.2 | 10/10 | 3075/3927 |  97.83% | 19,670,016/20,102,200 | 03m43s | 3.069 | — | — | — | —
03:46:33 | 4.2 | 10/10 | 3100/3927 |  97.89% | 19,682,816/20,102,200 | 03m37s | 2.989 | — | — | — | —
03:46:38 | 4.2 | 10/10 | 3125/3927 |  97.96% | 19,695,616/20,102,200 | 03m30s | 2.868 | — | — | — | —
03:46:44 | 4.2 | 10/10 | 3150/3927 |  98.02% | 19,708,416/20,102,200 | 03m24s | 2.914 | — | — | — | —
03:46:49 | 4.2 | 10/10 | 3175/3927 |  98.09% | 19,721,216/20,102,200 | 03m17s | 2.880 | — | — | — | —
03:46:55 | 4.2 | 10/10 | 3200/3927 |  98.15% | 19,734,016/20,102,200 | 03m10s | 3.024 | — | — | — | —
03:47:00 | 4.2 | 10/10 | 3225/3927 |  98.21% | 19,746,816/20,102,200 | 03m04s | 2.895 | — | — | — | —
03:47:05 | 4.2 | 10/10 | 3250/3927 |  98.28% | 19,759,616/20,102,200 | 02m57s | 3.083 | — | — | — | —
03:47:11 | 4.2 | 10/10 | 3275/3927 |  98.34% | 19,772,416/20,102,200 | 02m51s | 2.902 | — | — | — | —
03:47:16 | 4.2 | 10/10 | 3300/3927 |  98.40% | 19,785,216/20,102,200 | 02m44s | 2.976 | — | — | — | —
03:47:22 | 4.2 | 10/10 | 3325/3927 |  98.47% | 19,798,016/20,102,200 | 02m37s | 3.073 | — | — | — | —
03:47:27 | 4.2 | 10/10 | 3350/3927 |  98.53% | 19,810,816/20,102,200 | 02m31s | 2.981 | — | — | — | —
03:47:32 | 4.2 | 10/10 | 3375/3927 |  98.59% | 19,823,616/20,102,200 | 02m24s | 2.947 | — | — | — | —
03:47:38 | 4.2 | 10/10 | 3400/3927 |  98.66% | 19,836,416/20,102,200 | 02m18s | 3.038 | — | — | — | —
03:47:43 | 4.2 | 10/10 | 3425/3927 |  98.72% | 19,849,216/20,102,200 | 02m11s | 2.922 | — | — | — | —
03:47:49 | 4.2 | 10/10 | 3450/3927 |  98.79% | 19,862,016/20,102,200 | 02m05s | 2.944 | — | — | — | —
03:47:54 | 4.2 | 10/10 | 3475/3927 |  98.85% | 19,874,816/20,102,200 | 01m58s | 3.035 | — | — | — | —
03:48:00 | 4.2 | 10/10 | 3500/3927 |  98.91% | 19,887,616/20,102,200 | 01m51s | 3.013 | — | — | — | —
03:48:05 | 4.2 | 10/10 | 3525/3927 |  98.98% | 19,900,416/20,102,200 | 01m45s | 3.015 | — | — | — | —
03:48:11 | 4.2 | 10/10 | 3550/3927 |  99.04% | 19,913,216/20,102,200 | 01m38s | 2.825 | — | — | — | —
03:48:16 | 4.2 | 10/10 | 3575/3927 |  99.10% | 19,926,016/20,102,200 | 01m32s | 2.940 | — | — | — | —
03:48:22 | 4.2 | 10/10 | 3600/3927 |  99.17% | 19,938,816/20,102,200 | 01m25s | 3.035 | — | — | — | —
03:48:27 | 4.2 | 10/10 | 3625/3927 |  99.23% | 19,951,616/20,102,200 | 01m19s | 2.948 | — | — | — | —
03:48:33 | 4.2 | 10/10 | 3650/3927 |  99.29% | 19,964,416/20,102,200 | 01m12s | 2.878 | — | — | — | —
03:48:38 | 4.2 | 10/10 | 3675/3927 |  99.36% | 19,977,216/20,102,200 | 01m06s | 2.989 | — | — | — | —
03:48:44 | 4.2 | 10/10 | 3700/3927 |  99.42% | 19,990,016/20,102,200 | 00m59s | 3.120 | — | — | — | —
03:48:49 | 4.2 | 10/10 | 3725/3927 |  99.49% | 20,002,816/20,102,200 | 00m52s | 2.873 | — | — | — | —
03:48:55 | 4.2 | 10/10 | 3750/3927 |  99.55% | 20,015,616/20,102,200 | 00m46s | 3.033 | — | — | — | —
03:49:00 | 4.2 | 10/10 | 3775/3927 |  99.61% | 20,028,416/20,102,200 | 00m39s | 2.866 | — | — | — | —
03:49:05 | 4.2 | 10/10 | 3800/3927 |  99.68% | 20,041,216/20,102,200 | 00m33s | 2.849 | — | — | — | —
03:49:11 | 4.2 | 10/10 | 3825/3927 |  99.74% | 20,054,016/20,102,200 | 00m26s | 2.987 | — | — | — | —
03:49:16 | 4.2 | 10/10 | 3850/3927 |  99.80% | 20,066,816/20,102,200 | 00m20s | 3.038 | — | — | — | —
03:49:22 | 4.2 | 10/10 | 3875/3927 |  99.87% | 20,079,616/20,102,200 | 00m13s | 2.913 | — | — | — | —
03:49:27 | 4.2 | 10/10 | 3900/3927 |  99.93% | 20,092,416/20,102,200 | 00m07s | 3.005 | — | — | — | —
03:49:32 | 4.2 | 10/10 | 3925/3927 |  99.99% | 20,102,200/20,102,200 | 00m00s | 3.027 | — | — | — | —
03:49:33 | 4.2 | 10/10 | 3927/3927 | 100.00% | 20,102,200/20,102,200 | done | 3.065 | — | — | — | —
03:49:42 | validation | 10/10 | epoch-end | 100.00% | 20,102,200/20,102,200 | done | 2.976 |  55.57% |  44.50% |   4.82% | 1.534
