time | phase | epoch | batch | work | done | ETA | loss | card@1 | zone | tile | timing
-----+-------+-------+-------+------+------+-----+------+--------+------+------+-------
01:58:58 | 4.4.2 | 1/9 | 1/2896 |   0.00% | 512/13,344,228 | 4h34m | 4.345 | — | — | — | —
01:59:04 | 4.4.2 | 1/9 | 25/2896 |   0.10% | 12,800/13,344,228 | 1h52m | 5.081 | — | — | — | —
01:59:10 | 4.4.2 | 1/9 | 50/2896 |   0.19% | 25,600/13,344,228 | 1h47m | 4.627 | — | — | — | —
01:59:16 | 4.4.2 | 1/9 | 75/2896 |   0.29% | 38,400/13,344,228 | 1h45m | 4.411 | — | — | — | —
01:59:22 | 4.4.2 | 1/9 | 100/2896 |   0.38% | 51,200/13,344,228 | 1h44m | 4.344 | — | — | — | —
01:59:28 | 4.4.2 | 1/9 | 125/2896 |   0.48% | 64,000/13,344,228 | 1h44m | 4.622 | — | — | — | —
01:59:33 | 4.4.2 | 1/9 | 150/2896 |   0.58% | 76,800/13,344,228 | 1h43m | 5.017 | — | — | — | —
01:59:39 | 4.4.2 | 1/9 | 175/2896 |   0.67% | 89,600/13,344,228 | 1h42m | 4.559 | — | — | — | —
01:59:45 | 4.4.2 | 1/9 | 200/2896 |   0.77% | 102,400/13,344,228 | 1h42m | 4.703 | — | — | — | —
01:59:51 | 4.4.2 | 1/9 | 225/2896 |   0.86% | 115,200/13,344,228 | 1h42m | 4.414 | — | — | — | —
01:59:57 | 4.4.2 | 1/9 | 250/2896 |   0.96% | 128,000/13,344,228 | 1h42m | 4.445 | — | — | — | —
02:00:03 | 4.4.2 | 1/9 | 275/2896 |   1.06% | 140,800/13,344,228 | 1h42m | 4.729 | — | — | — | —
02:00:09 | 4.4.2 | 1/9 | 300/2896 |   1.15% | 153,600/13,344,228 | 1h41m | 4.505 | — | — | — | —
02:00:15 | 4.4.2 | 1/9 | 325/2896 |   1.25% | 166,400/13,344,228 | 1h41m | 4.759 | — | — | — | —
02:00:20 | 4.4.2 | 1/9 | 350/2896 |   1.34% | 179,200/13,344,228 | 1h41m | 4.888 | — | — | — | —
02:00:26 | 4.4.2 | 1/9 | 375/2896 |   1.44% | 192,000/13,344,228 | 1h41m | 4.551 | — | — | — | —
02:00:32 | 4.4.2 | 1/9 | 400/2896 |   1.53% | 204,800/13,344,228 | 1h41m | 4.714 | — | — | — | —
02:00:38 | 4.4.2 | 1/9 | 425/2896 |   1.63% | 217,600/13,344,228 | 1h41m | 4.535 | — | — | — | —
02:00:44 | 4.4.2 | 1/9 | 450/2896 |   1.73% | 230,400/13,344,228 | 1h41m | 4.726 | — | — | — | —
02:00:50 | 4.4.2 | 1/9 | 475/2896 |   1.82% | 243,200/13,344,228 | 1h40m | 4.514 | — | — | — | —
02:00:56 | 4.4.2 | 1/9 | 500/2896 |   1.92% | 256,000/13,344,228 | 1h40m | 4.372 | — | — | — | —
02:01:02 | 4.4.2 | 1/9 | 525/2896 |   2.01% | 268,800/13,344,228 | 1h40m | 4.721 | — | — | — | —
02:01:08 | 4.4.2 | 1/9 | 550/2896 |   2.11% | 281,600/13,344,228 | 1h40m | 4.968 | — | — | — | —
02:01:14 | 4.4.2 | 1/9 | 575/2896 |   2.21% | 294,400/13,344,228 | 1h40m | 4.626 | — | — | — | —
02:01:20 | 4.4.2 | 1/9 | 600/2896 |   2.30% | 307,200/13,344,228 | 1h40m | 4.644 | — | — | — | —
02:01:26 | 4.4.2 | 1/9 | 625/2896 |   2.40% | 320,000/13,344,228 | 1h40m | 4.765 | — | — | — | —
02:01:32 | 4.4.2 | 1/9 | 650/2896 |   2.49% | 332,800/13,344,228 | 1h40m | 4.366 | — | — | — | —
02:01:38 | 4.4.2 | 1/9 | 675/2896 |   2.59% | 345,600/13,344,228 | 1h40m | 4.834 | — | — | — | —
02:01:44 | 4.4.2 | 1/9 | 700/2896 |   2.69% | 358,400/13,344,228 | 1h40m | 4.665 | — | — | — | —
02:01:50 | 4.4.2 | 1/9 | 725/2896 |   2.78% | 371,200/13,344,228 | 1h40m | 4.924 | — | — | — | —
02:01:56 | 4.4.2 | 1/9 | 750/2896 |   2.88% | 384,000/13,344,228 | 1h40m | 4.738 | — | — | — | —
02:02:02 | 4.4.2 | 1/9 | 775/2896 |   2.97% | 396,800/13,344,228 | 1h40m | 4.434 | — | — | — | —
02:02:08 | 4.4.2 | 1/9 | 800/2896 |   3.07% | 409,600/13,344,228 | 1h40m | 4.566 | — | — | — | —
02:02:14 | 4.4.2 | 1/9 | 825/2896 |   3.17% | 422,400/13,344,228 | 1h39m | 4.599 | — | — | — | —
02:02:20 | 4.4.2 | 1/9 | 850/2896 |   3.26% | 435,200/13,344,228 | 1h39m | 4.581 | — | — | — | —
02:02:25 | 4.4.2 | 1/9 | 875/2896 |   3.36% | 448,000/13,344,228 | 1h39m | 4.427 | — | — | — | —
02:02:31 | 4.4.2 | 1/9 | 900/2896 |   3.45% | 460,800/13,344,228 | 1h39m | 4.630 | — | — | — | —
02:02:37 | 4.4.2 | 1/9 | 925/2896 |   3.55% | 473,600/13,344,228 | 1h39m | 5.147 | — | — | — | —
02:02:43 | 4.4.2 | 1/9 | 950/2896 |   3.64% | 486,400/13,344,228 | 1h39m | 4.770 | — | — | — | —
02:02:49 | 4.4.2 | 1/9 | 975/2896 |   3.74% | 499,200/13,344,228 | 1h39m | 4.979 | — | — | — | —
02:02:55 | 4.4.2 | 1/9 | 1000/2896 |   3.84% | 512,000/13,344,228 | 1h39m | 4.677 | — | — | — | —
02:03:01 | 4.4.2 | 1/9 | 1025/2896 |   3.93% | 524,800/13,344,228 | 1h39m | 4.846 | — | — | — | —
02:03:07 | 4.4.2 | 1/9 | 1050/2896 |   4.03% | 537,600/13,344,228 | 1h38m | 4.984 | — | — | — | —
02:03:13 | 4.4.2 | 1/9 | 1075/2896 |   4.12% | 550,400/13,344,228 | 1h38m | 4.833 | — | — | — | —
02:03:19 | 4.4.2 | 1/9 | 1100/2896 |   4.22% | 563,200/13,344,228 | 1h38m | 4.985 | — | — | — | —
02:03:24 | 4.4.2 | 1/9 | 1125/2896 |   4.32% | 576,000/13,344,228 | 1h38m | 4.245 | — | — | — | —
02:03:30 | 4.4.2 | 1/9 | 1150/2896 |   4.41% | 588,800/13,344,228 | 1h38m | 4.647 | — | — | — | —
02:03:36 | 4.4.2 | 1/9 | 1175/2896 |   4.51% | 601,600/13,344,228 | 1h38m | 4.895 | — | — | — | —
02:03:42 | 4.4.2 | 1/9 | 1200/2896 |   4.60% | 614,400/13,344,228 | 1h38m | 4.481 | — | — | — | —
02:03:48 | 4.4.2 | 1/9 | 1225/2896 |   4.70% | 627,200/13,344,228 | 1h38m | 4.753 | — | — | — | —
02:03:54 | 4.4.2 | 1/9 | 1250/2896 |   4.80% | 640,000/13,344,228 | 1h38m | 4.475 | — | — | — | —
02:04:00 | 4.4.2 | 1/9 | 1275/2896 |   4.89% | 652,800/13,344,228 | 1h38m | 4.842 | — | — | — | —
02:04:06 | 4.4.2 | 1/9 | 1300/2896 |   4.99% | 665,600/13,344,228 | 1h37m | 4.784 | — | — | — | —
02:04:12 | 4.4.2 | 1/9 | 1325/2896 |   5.08% | 678,400/13,344,228 | 1h37m | 4.477 | — | — | — | —
02:04:18 | 4.4.2 | 1/9 | 1350/2896 |   5.18% | 691,200/13,344,228 | 1h37m | 4.723 | — | — | — | —
02:04:24 | 4.4.2 | 1/9 | 1375/2896 |   5.28% | 704,000/13,344,228 | 1h37m | 4.959 | — | — | — | —
02:04:30 | 4.4.2 | 1/9 | 1400/2896 |   5.37% | 716,800/13,344,228 | 1h37m | 4.768 | — | — | — | —
02:04:36 | 4.4.2 | 1/9 | 1425/2896 |   5.47% | 729,600/13,344,228 | 1h37m | 4.640 | — | — | — | —
02:04:42 | 4.4.2 | 1/9 | 1450/2896 |   5.56% | 742,400/13,344,228 | 1h37m | 4.529 | — | — | — | —
02:04:47 | 4.4.2 | 1/9 | 1475/2896 |   5.66% | 755,200/13,344,228 | 1h37m | 4.592 | — | — | — | —
02:04:53 | 4.4.2 | 1/9 | 1500/2896 |   5.76% | 768,000/13,344,228 | 1h37m | 4.614 | — | — | — | —
02:04:59 | 4.4.2 | 1/9 | 1525/2896 |   5.85% | 780,800/13,344,228 | 1h36m | 4.673 | — | — | — | —
02:05:05 | 4.4.2 | 1/9 | 1550/2896 |   5.95% | 793,600/13,344,228 | 1h36m | 4.747 | — | — | — | —
02:05:11 | 4.4.2 | 1/9 | 1575/2896 |   6.04% | 806,400/13,344,228 | 1h36m | 4.586 | — | — | — | —
02:05:17 | 4.4.2 | 1/9 | 1600/2896 |   6.14% | 819,200/13,344,228 | 1h36m | 4.854 | — | — | — | —
02:05:22 | 4.4.2 | 1/9 | 1625/2896 |   6.23% | 832,000/13,344,228 | 1h36m | 4.606 | — | — | — | —
02:05:28 | 4.4.2 | 1/9 | 1650/2896 |   6.33% | 844,800/13,344,228 | 1h36m | 4.865 | — | — | — | —
02:05:35 | 4.4.2 | 1/9 | 1675/2896 |   6.43% | 857,600/13,344,228 | 1h36m | 4.663 | — | — | — | —
02:05:41 | 4.4.2 | 1/9 | 1700/2896 |   6.52% | 870,400/13,344,228 | 1h36m | 4.555 | — | — | — | —
02:05:46 | 4.4.2 | 1/9 | 1725/2896 |   6.62% | 883,200/13,344,228 | 1h36m | 4.850 | — | — | — | —
02:05:52 | 4.4.2 | 1/9 | 1750/2896 |   6.71% | 896,000/13,344,228 | 1h36m | 4.808 | — | — | — | —
02:05:58 | 4.4.2 | 1/9 | 1775/2896 |   6.81% | 908,800/13,344,228 | 1h35m | 4.784 | — | — | — | —
02:06:04 | 4.4.2 | 1/9 | 1800/2896 |   6.91% | 921,600/13,344,228 | 1h35m | 4.563 | — | — | — | —
02:06:10 | 4.4.2 | 1/9 | 1825/2896 |   7.00% | 934,400/13,344,228 | 1h35m | 4.858 | — | — | — | —
02:06:16 | 4.4.2 | 1/9 | 1850/2896 |   7.10% | 947,200/13,344,228 | 1h35m | 4.663 | — | — | — | —
02:06:22 | 4.4.2 | 1/9 | 1875/2896 |   7.19% | 960,000/13,344,228 | 1h35m | 4.860 | — | — | — | —
02:06:28 | 4.4.2 | 1/9 | 1900/2896 |   7.29% | 972,800/13,344,228 | 1h35m | 4.569 | — | — | — | —
02:06:34 | 4.4.2 | 1/9 | 1925/2896 |   7.39% | 985,600/13,344,228 | 1h35m | 4.392 | — | — | — | —
02:06:40 | 4.4.2 | 1/9 | 1950/2896 |   7.48% | 998,400/13,344,228 | 1h35m | 4.553 | — | — | — | —
02:06:46 | 4.4.2 | 1/9 | 1975/2896 |   7.58% | 1,011,200/13,344,228 | 1h35m | 4.859 | — | — | — | —
02:06:52 | 4.4.2 | 1/9 | 2000/2896 |   7.67% | 1,024,000/13,344,228 | 1h35m | 4.805 | — | — | — | —
02:06:58 | 4.4.2 | 1/9 | 2025/2896 |   7.77% | 1,036,800/13,344,228 | 1h35m | 4.883 | — | — | — | —
02:07:04 | 4.4.2 | 1/9 | 2050/2896 |   7.87% | 1,049,600/13,344,228 | 1h34m | 4.776 | — | — | — | —
02:07:10 | 4.4.2 | 1/9 | 2075/2896 |   7.96% | 1,062,400/13,344,228 | 1h34m | 4.639 | — | — | — | —
02:07:16 | 4.4.2 | 1/9 | 2100/2896 |   8.06% | 1,075,200/13,344,228 | 1h34m | 5.181 | — | — | — | —
02:07:22 | 4.4.2 | 1/9 | 2125/2896 |   8.15% | 1,088,000/13,344,228 | 1h34m | 4.445 | — | — | — | —
02:07:28 | 4.4.2 | 1/9 | 2150/2896 |   8.25% | 1,100,800/13,344,228 | 1h34m | 4.505 | — | — | — | —
02:07:34 | 4.4.2 | 1/9 | 2175/2896 |   8.34% | 1,113,600/13,344,228 | 1h34m | 4.411 | — | — | — | —
02:07:40 | 4.4.2 | 1/9 | 2200/2896 |   8.44% | 1,126,400/13,344,228 | 1h34m | 4.551 | — | — | — | —
02:07:46 | 4.4.2 | 1/9 | 2225/2896 |   8.54% | 1,139,200/13,344,228 | 1h34m | 4.714 | — | — | — | —
02:07:52 | 4.4.2 | 1/9 | 2250/2896 |   8.63% | 1,152,000/13,344,228 | 1h34m | 4.870 | — | — | — | —
02:07:58 | 4.4.2 | 1/9 | 2275/2896 |   8.73% | 1,164,800/13,344,228 | 1h34m | 4.600 | — | — | — | —
02:08:04 | 4.4.2 | 1/9 | 2300/2896 |   8.82% | 1,177,600/13,344,228 | 1h34m | 4.572 | — | — | — | —
02:08:10 | 4.4.2 | 1/9 | 2325/2896 |   8.92% | 1,190,400/13,344,228 | 1h33m | 4.974 | — | — | — | —
02:08:15 | 4.4.2 | 1/9 | 2350/2896 |   9.02% | 1,203,200/13,344,228 | 1h33m | 4.484 | — | — | — | —
02:08:21 | 4.4.2 | 1/9 | 2375/2896 |   9.11% | 1,216,000/13,344,228 | 1h33m | 4.706 | — | — | — | —
02:08:27 | 4.4.2 | 1/9 | 2400/2896 |   9.21% | 1,228,800/13,344,228 | 1h33m | 4.623 | — | — | — | —
02:08:33 | 4.4.2 | 1/9 | 2425/2896 |   9.30% | 1,241,600/13,344,228 | 1h33m | 4.482 | — | — | — | —
02:08:39 | 4.4.2 | 1/9 | 2450/2896 |   9.40% | 1,254,400/13,344,228 | 1h33m | 4.422 | — | — | — | —
02:08:45 | 4.4.2 | 1/9 | 2475/2896 |   9.50% | 1,267,200/13,344,228 | 1h33m | 4.785 | — | — | — | —
02:08:51 | 4.4.2 | 1/9 | 2500/2896 |   9.59% | 1,280,000/13,344,228 | 1h33m | 4.628 | — | — | — | —
02:08:57 | 4.4.2 | 1/9 | 2525/2896 |   9.69% | 1,292,800/13,344,228 | 1h33m | 4.769 | — | — | — | —
02:09:03 | 4.4.2 | 1/9 | 2550/2896 |   9.78% | 1,305,600/13,344,228 | 1h32m | 4.613 | — | — | — | —
02:09:09 | 4.4.2 | 1/9 | 2575/2896 |   9.88% | 1,318,400/13,344,228 | 1h32m | 4.899 | — | — | — | —
02:09:14 | 4.4.2 | 1/9 | 2600/2896 |   9.98% | 1,331,200/13,344,228 | 1h32m | 4.368 | — | — | — | —
02:09:20 | 4.4.2 | 1/9 | 2625/2896 |  10.07% | 1,344,000/13,344,228 | 1h32m | 4.524 | — | — | — | —
02:09:26 | 4.4.2 | 1/9 | 2650/2896 |  10.17% | 1,356,800/13,344,228 | 1h32m | 5.003 | — | — | — | —
02:09:32 | 4.4.2 | 1/9 | 2675/2896 |  10.26% | 1,369,600/13,344,228 | 1h32m | 4.699 | — | — | — | —
02:09:38 | 4.4.2 | 1/9 | 2700/2896 |  10.36% | 1,382,400/13,344,228 | 1h32m | 4.538 | — | — | — | —
02:09:44 | 4.4.2 | 1/9 | 2725/2896 |  10.46% | 1,395,200/13,344,228 | 1h32m | 4.613 | — | — | — | —
02:09:50 | 4.4.2 | 1/9 | 2750/2896 |  10.55% | 1,408,000/13,344,228 | 1h32m | 4.939 | — | — | — | —
02:09:55 | 4.4.2 | 1/9 | 2775/2896 |  10.65% | 1,420,800/13,344,228 | 1h32m | 4.540 | — | — | — | —
02:10:01 | 4.4.2 | 1/9 | 2800/2896 |  10.74% | 1,433,600/13,344,228 | 1h31m | 4.913 | — | — | — | —
02:10:07 | 4.4.2 | 1/9 | 2825/2896 |  10.84% | 1,446,400/13,344,228 | 1h31m | 4.837 | — | — | — | —
02:10:13 | 4.4.2 | 1/9 | 2850/2896 |  10.93% | 1,459,200/13,344,228 | 1h31m | 4.879 | — | — | — | —
02:10:19 | 4.4.2 | 1/9 | 2875/2896 |  11.03% | 1,472,000/13,344,228 | 1h31m | 5.048 | — | — | — | —
02:10:24 | 4.4.2 | 1/9 | 2896/2896 |  11.11% | 1,482,752/13,344,228 | 1h31m | 4.663 | — | — | — | —
02:10:36 | validation | 1/9 | epoch-end |  11.11% | 1,482,692/13,344,228 | 1h33m | 4.652 |  56.23% |  45.82% |   8.92% | 1.478
02:10:36 | 4.4.2 | 2/9 | 1/2896 |  11.11% | 1,483,264/13,344,228 | 1h33m | 4.551 | — | — | — | —
02:10:42 | 4.4.2 | 2/9 | 25/2896 |  11.21% | 1,495,552/13,344,228 | 1h32m | 4.365 | — | — | — | —
02:10:47 | 4.4.2 | 2/9 | 50/2896 |  11.30% | 1,508,352/13,344,228 | 1h32m | 4.623 | — | — | — | —
02:10:53 | 4.4.2 | 2/9 | 75/2896 |  11.40% | 1,521,152/13,344,228 | 1h32m | 4.403 | — | — | — | —
02:10:59 | 4.4.2 | 2/9 | 100/2896 |  11.49% | 1,533,952/13,344,228 | 1h32m | 4.589 | — | — | — | —
02:11:05 | 4.4.2 | 2/9 | 125/2896 |  11.59% | 1,546,752/13,344,228 | 1h32m | 4.669 | — | — | — | —
02:11:11 | 4.4.2 | 2/9 | 150/2896 |  11.69% | 1,559,552/13,344,228 | 1h32m | 4.890 | — | — | — | —
02:11:17 | 4.4.2 | 2/9 | 175/2896 |  11.78% | 1,572,352/13,344,228 | 1h32m | 4.996 | — | — | — | —
02:11:23 | 4.4.2 | 2/9 | 200/2896 |  11.88% | 1,585,152/13,344,228 | 1h32m | 4.648 | — | — | — | —
02:11:29 | 4.4.2 | 2/9 | 225/2896 |  11.97% | 1,597,952/13,344,228 | 1h32m | 4.825 | — | — | — | —
02:11:35 | 4.4.2 | 2/9 | 250/2896 |  12.07% | 1,610,752/13,344,228 | 1h31m | 4.522 | — | — | — | —
02:11:40 | 4.4.2 | 2/9 | 275/2896 |  12.17% | 1,623,552/13,344,228 | 1h31m | 4.673 | — | — | — | —
02:11:46 | 4.4.2 | 2/9 | 300/2896 |  12.26% | 1,636,352/13,344,228 | 1h31m | 4.534 | — | — | — | —
02:11:52 | 4.4.2 | 2/9 | 325/2896 |  12.36% | 1,649,152/13,344,228 | 1h31m | 4.520 | — | — | — | —
02:11:57 | 4.4.2 | 2/9 | 350/2896 |  12.45% | 1,661,952/13,344,228 | 1h31m | 5.147 | — | — | — | —
02:12:03 | 4.4.2 | 2/9 | 375/2896 |  12.55% | 1,674,752/13,344,228 | 1h31m | 4.850 | — | — | — | —
02:12:09 | 4.4.2 | 2/9 | 400/2896 |  12.65% | 1,687,552/13,344,228 | 1h31m | 4.736 | — | — | — | —
02:12:15 | 4.4.2 | 2/9 | 425/2896 |  12.74% | 1,700,352/13,344,228 | 1h31m | 4.773 | — | — | — | —
02:12:21 | 4.4.2 | 2/9 | 450/2896 |  12.84% | 1,713,152/13,344,228 | 1h30m | 4.783 | — | — | — | —
02:12:27 | 4.4.2 | 2/9 | 475/2896 |  12.93% | 1,725,952/13,344,228 | 1h30m | 4.582 | — | — | — | —
02:12:33 | 4.4.2 | 2/9 | 500/2896 |  13.03% | 1,738,752/13,344,228 | 1h30m | 4.552 | — | — | — | —
02:12:39 | 4.4.2 | 2/9 | 525/2896 |  13.13% | 1,751,552/13,344,228 | 1h30m | 5.023 | — | — | — | —
02:12:45 | 4.4.2 | 2/9 | 550/2896 |  13.22% | 1,764,352/13,344,228 | 1h30m | 4.465 | — | — | — | —
02:12:50 | 4.4.2 | 2/9 | 575/2896 |  13.32% | 1,777,152/13,344,228 | 1h30m | 4.565 | — | — | — | —
02:12:56 | 4.4.2 | 2/9 | 600/2896 |  13.41% | 1,789,952/13,344,228 | 1h30m | 4.630 | — | — | — | —
02:13:02 | 4.4.2 | 2/9 | 625/2896 |  13.51% | 1,802,752/13,344,228 | 1h30m | 4.763 | — | — | — | —
02:13:08 | 4.4.2 | 2/9 | 650/2896 |  13.60% | 1,815,552/13,344,228 | 1h29m | 4.713 | — | — | — | —
02:13:14 | 4.4.2 | 2/9 | 675/2896 |  13.70% | 1,828,352/13,344,228 | 1h29m | 4.613 | — | — | — | —
02:13:19 | 4.4.2 | 2/9 | 700/2896 |  13.80% | 1,841,152/13,344,228 | 1h29m | 4.837 | — | — | — | —
02:13:25 | 4.4.2 | 2/9 | 725/2896 |  13.89% | 1,853,952/13,344,228 | 1h29m | 4.417 | — | — | — | —
02:13:32 | 4.4.2 | 2/9 | 750/2896 |  13.99% | 1,866,752/13,344,228 | 1h29m | 4.750 | — | — | — | —
02:13:37 | 4.4.2 | 2/9 | 775/2896 |  14.08% | 1,879,552/13,344,228 | 1h29m | 4.564 | — | — | — | —
02:13:43 | 4.4.2 | 2/9 | 800/2896 |  14.18% | 1,892,352/13,344,228 | 1h29m | 4.402 | — | — | — | —
02:13:49 | 4.4.2 | 2/9 | 825/2896 |  14.28% | 1,905,152/13,344,228 | 1h29m | 4.637 | — | — | — | —
02:13:55 | 4.4.2 | 2/9 | 850/2896 |  14.37% | 1,917,952/13,344,228 | 1h29m | 4.733 | — | — | — | —
02:14:01 | 4.4.2 | 2/9 | 875/2896 |  14.47% | 1,930,752/13,344,228 | 1h29m | 4.885 | — | — | — | —
02:14:07 | 4.4.2 | 2/9 | 900/2896 |  14.56% | 1,943,552/13,344,228 | 1h28m | 4.833 | — | — | — | —
02:14:13 | 4.4.2 | 2/9 | 925/2896 |  14.66% | 1,956,352/13,344,228 | 1h28m | 4.678 | — | — | — | —
02:14:19 | 4.4.2 | 2/9 | 950/2896 |  14.76% | 1,969,152/13,344,228 | 1h28m | 4.506 | — | — | — | —
02:14:25 | 4.4.2 | 2/9 | 975/2896 |  14.85% | 1,981,952/13,344,228 | 1h28m | 4.484 | — | — | — | —
02:14:31 | 4.4.2 | 2/9 | 1000/2896 |  14.95% | 1,994,752/13,344,228 | 1h28m | 4.463 | — | — | — | —
02:14:37 | 4.4.2 | 2/9 | 1025/2896 |  15.04% | 2,007,552/13,344,228 | 1h28m | 4.702 | — | — | — | —
02:14:42 | 4.4.2 | 2/9 | 1050/2896 |  15.14% | 2,020,352/13,344,228 | 1h28m | 4.613 | — | — | — | —
02:14:48 | 4.4.2 | 2/9 | 1075/2896 |  15.24% | 2,033,152/13,344,228 | 1h28m | 4.523 | — | — | — | —
02:14:54 | 4.4.2 | 2/9 | 1100/2896 |  15.33% | 2,045,952/13,344,228 | 1h28m | 4.779 | — | — | — | —
02:15:00 | 4.4.2 | 2/9 | 1125/2896 |  15.43% | 2,058,752/13,344,228 | 1h27m | 4.496 | — | — | — | —
02:15:06 | 4.4.2 | 2/9 | 1150/2896 |  15.52% | 2,071,552/13,344,228 | 1h27m | 4.469 | — | — | — | —
02:15:11 | 4.4.2 | 2/9 | 1175/2896 |  15.62% | 2,084,352/13,344,228 | 1h27m | 4.914 | — | — | — | —
02:15:17 | 4.4.2 | 2/9 | 1200/2896 |  15.72% | 2,097,152/13,344,228 | 1h27m | 4.712 | — | — | — | —
02:15:23 | 4.4.2 | 2/9 | 1225/2896 |  15.81% | 2,109,952/13,344,228 | 1h27m | 4.667 | — | — | — | —
02:15:29 | 4.4.2 | 2/9 | 1250/2896 |  15.91% | 2,122,752/13,344,228 | 1h27m | 4.255 | — | — | — | —
02:15:35 | 4.4.2 | 2/9 | 1275/2896 |  16.00% | 2,135,552/13,344,228 | 1h27m | 4.695 | — | — | — | —
02:15:41 | 4.4.2 | 2/9 | 1300/2896 |  16.10% | 2,148,352/13,344,228 | 1h27m | 4.828 | — | — | — | —
02:15:47 | 4.4.2 | 2/9 | 1325/2896 |  16.19% | 2,161,152/13,344,228 | 1h27m | 4.481 | — | — | — | —
02:15:53 | 4.4.2 | 2/9 | 1350/2896 |  16.29% | 2,173,952/13,344,228 | 1h26m | 4.468 | — | — | — | —
02:15:59 | 4.4.2 | 2/9 | 1375/2896 |  16.39% | 2,186,752/13,344,228 | 1h26m | 4.479 | — | — | — | —
02:16:05 | 4.4.2 | 2/9 | 1400/2896 |  16.48% | 2,199,552/13,344,228 | 1h26m | 4.394 | — | — | — | —
02:16:10 | 4.4.2 | 2/9 | 1425/2896 |  16.58% | 2,212,352/13,344,228 | 1h26m | 4.876 | — | — | — | —
02:16:16 | 4.4.2 | 2/9 | 1450/2896 |  16.67% | 2,225,152/13,344,228 | 1h26m | 4.657 | — | — | — | —
02:16:22 | 4.4.2 | 2/9 | 1475/2896 |  16.77% | 2,237,952/13,344,228 | 1h26m | 4.538 | — | — | — | —
02:16:28 | 4.4.2 | 2/9 | 1500/2896 |  16.87% | 2,250,752/13,344,228 | 1h26m | 4.694 | — | — | — | —
02:16:34 | 4.4.2 | 2/9 | 1525/2896 |  16.96% | 2,263,552/13,344,228 | 1h26m | 5.033 | — | — | — | —
02:16:39 | 4.4.2 | 2/9 | 1550/2896 |  17.06% | 2,276,352/13,344,228 | 1h26m | 5.052 | — | — | — | —
02:16:45 | 4.4.2 | 2/9 | 1575/2896 |  17.15% | 2,289,152/13,344,228 | 1h25m | 4.812 | — | — | — | —
02:16:51 | 4.4.2 | 2/9 | 1600/2896 |  17.25% | 2,301,952/13,344,228 | 1h25m | 4.617 | — | — | — | —
02:16:57 | 4.4.2 | 2/9 | 1625/2896 |  17.35% | 2,314,752/13,344,228 | 1h25m | 4.530 | — | — | — | —
02:17:03 | 4.4.2 | 2/9 | 1650/2896 |  17.44% | 2,327,552/13,344,228 | 1h25m | 4.698 | — | — | — | —
02:17:09 | 4.4.2 | 2/9 | 1675/2896 |  17.54% | 2,340,352/13,344,228 | 1h25m | 4.538 | — | — | — | —
02:17:14 | 4.4.2 | 2/9 | 1700/2896 |  17.63% | 2,353,152/13,344,228 | 1h25m | 4.539 | — | — | — | —
02:17:20 | 4.4.2 | 2/9 | 1725/2896 |  17.73% | 2,365,952/13,344,228 | 1h25m | 4.623 | — | — | — | —
02:17:26 | 4.4.2 | 2/9 | 1750/2896 |  17.83% | 2,378,752/13,344,228 | 1h25m | 4.622 | — | — | — | —
02:17:32 | 4.4.2 | 2/9 | 1775/2896 |  17.92% | 2,391,552/13,344,228 | 1h25m | 4.697 | — | — | — | —
02:17:38 | 4.4.2 | 2/9 | 1800/2896 |  18.02% | 2,404,352/13,344,228 | 1h24m | 4.283 | — | — | — | —
02:17:44 | 4.4.2 | 2/9 | 1825/2896 |  18.11% | 2,417,152/13,344,228 | 1h24m | 4.459 | — | — | — | —
02:17:50 | 4.4.2 | 2/9 | 1850/2896 |  18.21% | 2,429,952/13,344,228 | 1h24m | 4.489 | — | — | — | —
02:17:55 | 4.4.2 | 2/9 | 1875/2896 |  18.30% | 2,442,752/13,344,228 | 1h24m | 4.777 | — | — | — | —
02:18:01 | 4.4.2 | 2/9 | 1900/2896 |  18.40% | 2,455,552/13,344,228 | 1h24m | 4.633 | — | — | — | —
02:18:07 | 4.4.2 | 2/9 | 1925/2896 |  18.50% | 2,468,352/13,344,228 | 1h24m | 4.420 | — | — | — | —
02:18:13 | 4.4.2 | 2/9 | 1950/2896 |  18.59% | 2,481,152/13,344,228 | 1h24m | 4.478 | — | — | — | —
02:18:19 | 4.4.2 | 2/9 | 1975/2896 |  18.69% | 2,493,952/13,344,228 | 1h24m | 4.393 | — | — | — | —
02:18:25 | 4.4.2 | 2/9 | 2000/2896 |  18.78% | 2,506,752/13,344,228 | 1h24m | 4.435 | — | — | — | —
02:18:31 | 4.4.2 | 2/9 | 2025/2896 |  18.88% | 2,519,552/13,344,228 | 1h24m | 4.746 | — | — | — | —
02:18:37 | 4.4.2 | 2/9 | 2050/2896 |  18.98% | 2,532,352/13,344,228 | 1h23m | 4.477 | — | — | — | —
02:18:42 | 4.4.2 | 2/9 | 2075/2896 |  19.07% | 2,545,152/13,344,228 | 1h23m | 4.601 | — | — | — | —
02:18:48 | 4.4.2 | 2/9 | 2100/2896 |  19.17% | 2,557,952/13,344,228 | 1h23m | 4.711 | — | — | — | —
02:18:54 | 4.4.2 | 2/9 | 2125/2896 |  19.26% | 2,570,752/13,344,228 | 1h23m | 4.383 | — | — | — | —
02:19:00 | 4.4.2 | 2/9 | 2150/2896 |  19.36% | 2,583,552/13,344,228 | 1h23m | 4.702 | — | — | — | —
02:19:05 | 4.4.2 | 2/9 | 2175/2896 |  19.46% | 2,596,352/13,344,228 | 1h23m | 4.855 | — | — | — | —
02:19:11 | 4.4.2 | 2/9 | 2200/2896 |  19.55% | 2,609,152/13,344,228 | 1h23m | 4.890 | — | — | — | —
02:19:17 | 4.4.2 | 2/9 | 2225/2896 |  19.65% | 2,621,952/13,344,228 | 1h23m | 4.573 | — | — | — | —
02:19:23 | 4.4.2 | 2/9 | 2250/2896 |  19.74% | 2,634,752/13,344,228 | 1h22m | 4.633 | — | — | — | —
02:19:28 | 4.4.2 | 2/9 | 2275/2896 |  19.84% | 2,647,552/13,344,228 | 1h22m | 4.503 | — | — | — | —
02:19:34 | 4.4.2 | 2/9 | 2300/2896 |  19.94% | 2,660,352/13,344,228 | 1h22m | 4.717 | — | — | — | —
02:19:40 | 4.4.2 | 2/9 | 2325/2896 |  20.03% | 2,673,152/13,344,228 | 1h22m | 4.452 | — | — | — | —
02:19:46 | 4.4.2 | 2/9 | 2350/2896 |  20.13% | 2,685,952/13,344,228 | 1h22m | 4.611 | — | — | — | —
02:19:51 | 4.4.2 | 2/9 | 2375/2896 |  20.22% | 2,698,752/13,344,228 | 1h22m | 4.855 | — | — | — | —
02:19:57 | 4.4.2 | 2/9 | 2400/2896 |  20.32% | 2,711,552/13,344,228 | 1h22m | 4.418 | — | — | — | —
02:20:03 | 4.4.2 | 2/9 | 2425/2896 |  20.42% | 2,724,352/13,344,228 | 1h22m | 4.873 | — | — | — | —
02:20:09 | 4.4.2 | 2/9 | 2450/2896 |  20.51% | 2,737,152/13,344,228 | 1h22m | 4.602 | — | — | — | —
02:20:14 | 4.4.2 | 2/9 | 2475/2896 |  20.61% | 2,749,952/13,344,228 | 1h21m | 4.501 | — | — | — | —
02:20:20 | 4.4.2 | 2/9 | 2500/2896 |  20.70% | 2,762,752/13,344,228 | 1h21m | 4.277 | — | — | — | —
02:20:26 | 4.4.2 | 2/9 | 2525/2896 |  20.80% | 2,775,552/13,344,228 | 1h21m | 4.816 | — | — | — | —
02:20:32 | 4.4.2 | 2/9 | 2550/2896 |  20.89% | 2,788,352/13,344,228 | 1h21m | 4.709 | — | — | — | —
02:20:38 | 4.4.2 | 2/9 | 2575/2896 |  20.99% | 2,801,152/13,344,228 | 1h21m | 4.574 | — | — | — | —
02:20:44 | 4.4.2 | 2/9 | 2600/2896 |  21.09% | 2,813,952/13,344,228 | 1h21m | 4.389 | — | — | — | —
02:20:50 | 4.4.2 | 2/9 | 2625/2896 |  21.18% | 2,826,752/13,344,228 | 1h21m | 4.415 | — | — | — | —
02:20:56 | 4.4.2 | 2/9 | 2650/2896 |  21.28% | 2,839,552/13,344,228 | 1h21m | 4.903 | — | — | — | —
02:21:02 | 4.4.2 | 2/9 | 2675/2896 |  21.37% | 2,852,352/13,344,228 | 1h21m | 4.619 | — | — | — | —
02:21:07 | 4.4.2 | 2/9 | 2700/2896 |  21.47% | 2,865,152/13,344,228 | 1h21m | 4.417 | — | — | — | —
02:21:13 | 4.4.2 | 2/9 | 2725/2896 |  21.57% | 2,877,952/13,344,228 | 1h20m | 4.505 | — | — | — | —
02:21:19 | 4.4.2 | 2/9 | 2750/2896 |  21.66% | 2,890,752/13,344,228 | 1h20m | 4.680 | — | — | — | —
02:21:25 | 4.4.2 | 2/9 | 2775/2896 |  21.76% | 2,903,552/13,344,228 | 1h20m | 4.752 | — | — | — | —
02:21:30 | 4.4.2 | 2/9 | 2800/2896 |  21.85% | 2,916,352/13,344,228 | 1h20m | 4.631 | — | — | — | —
02:21:36 | 4.4.2 | 2/9 | 2825/2896 |  21.95% | 2,929,152/13,344,228 | 1h20m | 4.704 | — | — | — | —
02:21:42 | 4.4.2 | 2/9 | 2850/2896 |  22.05% | 2,941,952/13,344,228 | 1h20m | 4.712 | — | — | — | —
02:21:47 | 4.4.2 | 2/9 | 2875/2896 |  22.14% | 2,954,752/13,344,228 | 1h20m | 4.186 | — | — | — | —
02:21:52 | 4.4.2 | 2/9 | 2896/2896 |  22.22% | 2,965,504/13,344,228 | 1h20m | 4.577 | — | — | — | —
02:22:03 | validation | 2/9 | epoch-end |  22.22% | 2,965,384/13,344,228 | 1h20m | 4.642 |  56.26% |  45.70% |   9.27% | 1.477
02:22:04 | 4.4.2 | 3/9 | 1/2896 |  22.23% | 2,966,016/13,344,228 | 1h20m | 4.724 | — | — | — | —
02:22:09 | 4.4.2 | 3/9 | 25/2896 |  22.32% | 2,978,304/13,344,228 | 1h20m | 4.453 | — | — | — | —
02:22:15 | 4.4.2 | 3/9 | 50/2896 |  22.41% | 2,991,104/13,344,228 | 1h20m | 4.752 | — | — | — | —
02:22:20 | 4.4.2 | 3/9 | 75/2896 |  22.51% | 3,003,904/13,344,228 | 1h20m | 4.576 | — | — | — | —
02:22:26 | 4.4.2 | 3/9 | 100/2896 |  22.61% | 3,016,704/13,344,228 | 1h20m | 4.895 | — | — | — | —
02:22:31 | 4.4.2 | 3/9 | 125/2896 |  22.70% | 3,029,504/13,344,228 | 1h20m | 4.908 | — | — | — | —
02:22:37 | 4.4.2 | 3/9 | 150/2896 |  22.80% | 3,042,304/13,344,228 | 1h20m | 4.461 | — | — | — | —
02:22:43 | 4.4.2 | 3/9 | 175/2896 |  22.89% | 3,055,104/13,344,228 | 1h19m | 4.703 | — | — | — | —
02:22:48 | 4.4.2 | 3/9 | 200/2896 |  22.99% | 3,067,904/13,344,228 | 1h19m | 5.440 | — | — | — | —
02:22:54 | 4.4.2 | 3/9 | 225/2896 |  23.09% | 3,080,704/13,344,228 | 1h19m | 4.566 | — | — | — | —
02:23:00 | 4.4.2 | 3/9 | 250/2896 |  23.18% | 3,093,504/13,344,228 | 1h19m | 4.555 | — | — | — | —
02:23:05 | 4.4.2 | 3/9 | 275/2896 |  23.28% | 3,106,304/13,344,228 | 1h19m | 4.996 | — | — | — | —
02:23:11 | 4.4.2 | 3/9 | 300/2896 |  23.37% | 3,119,104/13,344,228 | 1h19m | 5.030 | — | — | — | —
02:23:17 | 4.4.2 | 3/9 | 325/2896 |  23.47% | 3,131,904/13,344,228 | 1h19m | 5.133 | — | — | — | —
02:23:23 | 4.4.2 | 3/9 | 350/2896 |  23.57% | 3,144,704/13,344,228 | 1h19m | 4.246 | — | — | — | —
02:23:29 | 4.4.2 | 3/9 | 375/2896 |  23.66% | 3,157,504/13,344,228 | 1h19m | 4.191 | — | — | — | —
02:23:34 | 4.4.2 | 3/9 | 400/2896 |  23.76% | 3,170,304/13,344,228 | 1h18m | 4.424 | — | — | — | —
02:23:40 | 4.4.2 | 3/9 | 425/2896 |  23.85% | 3,183,104/13,344,228 | 1h18m | 4.616 | — | — | — | —
02:23:46 | 4.4.2 | 3/9 | 450/2896 |  23.95% | 3,195,904/13,344,228 | 1h18m | 4.669 | — | — | — | —
02:23:51 | 4.4.2 | 3/9 | 475/2896 |  24.04% | 3,208,704/13,344,228 | 1h18m | 4.836 | — | — | — | —
02:23:57 | 4.4.2 | 3/9 | 500/2896 |  24.14% | 3,221,504/13,344,228 | 1h18m | 4.350 | — | — | — | —
02:24:03 | 4.4.2 | 3/9 | 525/2896 |  24.24% | 3,234,304/13,344,228 | 1h18m | 4.810 | — | — | — | —
02:24:08 | 4.4.2 | 3/9 | 550/2896 |  24.33% | 3,247,104/13,344,228 | 1h18m | 4.565 | — | — | — | —
02:24:14 | 4.4.2 | 3/9 | 575/2896 |  24.43% | 3,259,904/13,344,228 | 1h18m | 4.916 | — | — | — | —
02:24:20 | 4.4.2 | 3/9 | 600/2896 |  24.52% | 3,272,704/13,344,228 | 1h18m | 4.447 | — | — | — | —
02:24:26 | 4.4.2 | 3/9 | 625/2896 |  24.62% | 3,285,504/13,344,228 | 1h17m | 4.771 | — | — | — | —
02:24:31 | 4.4.2 | 3/9 | 650/2896 |  24.72% | 3,298,304/13,344,228 | 1h17m | 4.725 | — | — | — | —
02:24:37 | 4.4.2 | 3/9 | 675/2896 |  24.81% | 3,311,104/13,344,228 | 1h17m | 4.305 | — | — | — | —
02:24:43 | 4.4.2 | 3/9 | 700/2896 |  24.91% | 3,323,904/13,344,228 | 1h17m | 4.569 | — | — | — | —
02:24:49 | 4.4.2 | 3/9 | 725/2896 |  25.00% | 3,336,704/13,344,228 | 1h17m | 4.333 | — | — | — | —
02:24:54 | 4.4.2 | 3/9 | 750/2896 |  25.10% | 3,349,504/13,344,228 | 1h17m | 4.829 | — | — | — | —
02:25:00 | 4.4.2 | 3/9 | 775/2896 |  25.20% | 3,362,304/13,344,228 | 1h17m | 5.014 | — | — | — | —
02:25:06 | 4.4.2 | 3/9 | 800/2896 |  25.29% | 3,375,104/13,344,228 | 1h17m | 4.700 | — | — | — | —
02:25:11 | 4.4.2 | 3/9 | 825/2896 |  25.39% | 3,387,904/13,344,228 | 1h17m | 4.591 | — | — | — | —
02:25:17 | 4.4.2 | 3/9 | 850/2896 |  25.48% | 3,400,704/13,344,228 | 1h16m | 4.490 | — | — | — | —
02:25:23 | 4.4.2 | 3/9 | 875/2896 |  25.58% | 3,413,504/13,344,228 | 1h16m | 4.415 | — | — | — | —
02:25:29 | 4.4.2 | 3/9 | 900/2896 |  25.68% | 3,426,304/13,344,228 | 1h16m | 4.453 | — | — | — | —
02:25:35 | 4.4.2 | 3/9 | 925/2896 |  25.77% | 3,439,104/13,344,228 | 1h16m | 4.500 | — | — | — | —
02:25:40 | 4.4.2 | 3/9 | 950/2896 |  25.87% | 3,451,904/13,344,228 | 1h16m | 4.763 | — | — | — | —
02:25:47 | 4.4.2 | 3/9 | 975/2896 |  25.96% | 3,464,704/13,344,228 | 1h16m | 4.917 | — | — | — | —
02:25:53 | 4.4.2 | 3/9 | 1000/2896 |  26.06% | 3,477,504/13,344,228 | 1h16m | 4.902 | — | — | — | —
02:25:58 | 4.4.2 | 3/9 | 1025/2896 |  26.15% | 3,490,304/13,344,228 | 1h16m | 4.866 | — | — | — | —
02:26:04 | 4.4.2 | 3/9 | 1050/2896 |  26.25% | 3,503,104/13,344,228 | 1h16m | 4.709 | — | — | — | —
02:26:10 | 4.4.2 | 3/9 | 1075/2896 |  26.35% | 3,515,904/13,344,228 | 1h16m | 4.518 | — | — | — | —
02:26:16 | 4.4.2 | 3/9 | 1100/2896 |  26.44% | 3,528,704/13,344,228 | 1h15m | 4.341 | — | — | — | —
02:26:21 | 4.4.2 | 3/9 | 1125/2896 |  26.54% | 3,541,504/13,344,228 | 1h15m | 4.772 | — | — | — | —
02:26:27 | 4.4.2 | 3/9 | 1150/2896 |  26.63% | 3,554,304/13,344,228 | 1h15m | 5.029 | — | — | — | —
02:26:33 | 4.4.2 | 3/9 | 1175/2896 |  26.73% | 3,567,104/13,344,228 | 1h15m | 4.784 | — | — | — | —
02:26:38 | 4.4.2 | 3/9 | 1200/2896 |  26.83% | 3,579,904/13,344,228 | 1h15m | 4.414 | — | — | — | —
02:26:44 | 4.4.2 | 3/9 | 1225/2896 |  26.92% | 3,592,704/13,344,228 | 1h15m | 4.688 | — | — | — | —
02:26:50 | 4.4.2 | 3/9 | 1250/2896 |  27.02% | 3,605,504/13,344,228 | 1h15m | 4.688 | — | — | — | —
02:26:56 | 4.4.2 | 3/9 | 1275/2896 |  27.11% | 3,618,304/13,344,228 | 1h15m | 4.669 | — | — | — | —
02:27:02 | 4.4.2 | 3/9 | 1300/2896 |  27.21% | 3,631,104/13,344,228 | 1h15m | 4.333 | — | — | — | —
02:27:07 | 4.4.2 | 3/9 | 1325/2896 |  27.31% | 3,643,904/13,344,228 | 1h14m | 4.877 | — | — | — | —
02:27:13 | 4.4.2 | 3/9 | 1350/2896 |  27.40% | 3,656,704/13,344,228 | 1h14m | 4.620 | — | — | — | —
02:27:19 | 4.4.2 | 3/9 | 1375/2896 |  27.50% | 3,669,504/13,344,228 | 1h14m | 4.913 | — | — | — | —
02:27:24 | 4.4.2 | 3/9 | 1400/2896 |  27.59% | 3,682,304/13,344,228 | 1h14m | 4.683 | — | — | — | —
02:27:30 | 4.4.2 | 3/9 | 1425/2896 |  27.69% | 3,695,104/13,344,228 | 1h14m | 4.865 | — | — | — | —
02:27:36 | 4.4.2 | 3/9 | 1450/2896 |  27.79% | 3,707,904/13,344,228 | 1h14m | 4.579 | — | — | — | —
02:27:42 | 4.4.2 | 3/9 | 1475/2896 |  27.88% | 3,720,704/13,344,228 | 1h14m | 4.748 | — | — | — | —
02:27:47 | 4.4.2 | 3/9 | 1500/2896 |  27.98% | 3,733,504/13,344,228 | 1h14m | 4.766 | — | — | — | —
02:27:53 | 4.4.2 | 3/9 | 1525/2896 |  28.07% | 3,746,304/13,344,228 | 1h14m | 4.667 | — | — | — | —
02:27:59 | 4.4.2 | 3/9 | 1550/2896 |  28.17% | 3,759,104/13,344,228 | 1h14m | 4.374 | — | — | — | —
02:28:05 | 4.4.2 | 3/9 | 1575/2896 |  28.27% | 3,771,904/13,344,228 | 1h13m | 4.611 | — | — | — | —
02:28:10 | 4.4.2 | 3/9 | 1600/2896 |  28.36% | 3,784,704/13,344,228 | 1h13m | 4.825 | — | — | — | —
02:28:16 | 4.4.2 | 3/9 | 1625/2896 |  28.46% | 3,797,504/13,344,228 | 1h13m | 4.890 | — | — | — | —
02:28:22 | 4.4.2 | 3/9 | 1650/2896 |  28.55% | 3,810,304/13,344,228 | 1h13m | 4.826 | — | — | — | —
02:28:28 | 4.4.2 | 3/9 | 1675/2896 |  28.65% | 3,823,104/13,344,228 | 1h13m | 4.927 | — | — | — | —
02:28:34 | 4.4.2 | 3/9 | 1700/2896 |  28.74% | 3,835,904/13,344,228 | 1h13m | 4.729 | — | — | — | —
02:28:39 | 4.4.2 | 3/9 | 1725/2896 |  28.84% | 3,848,704/13,344,228 | 1h13m | 4.725 | — | — | — | —
02:28:45 | 4.4.2 | 3/9 | 1750/2896 |  28.94% | 3,861,504/13,344,228 | 1h13m | 4.760 | — | — | — | —
02:28:51 | 4.4.2 | 3/9 | 1775/2896 |  29.03% | 3,874,304/13,344,228 | 1h13m | 4.931 | — | — | — | —
02:28:57 | 4.4.2 | 3/9 | 1800/2896 |  29.13% | 3,887,104/13,344,228 | 1h12m | 4.817 | — | — | — | —
02:29:03 | 4.4.2 | 3/9 | 1825/2896 |  29.22% | 3,899,904/13,344,228 | 1h12m | 4.448 | — | — | — | —
02:29:08 | 4.4.2 | 3/9 | 1850/2896 |  29.32% | 3,912,704/13,344,228 | 1h12m | 4.748 | — | — | — | —
02:29:14 | 4.4.2 | 3/9 | 1875/2896 |  29.42% | 3,925,504/13,344,228 | 1h12m | 4.663 | — | — | — | —
02:29:20 | 4.4.2 | 3/9 | 1900/2896 |  29.51% | 3,938,304/13,344,228 | 1h12m | 4.535 | — | — | — | —
02:29:26 | 4.4.2 | 3/9 | 1925/2896 |  29.61% | 3,951,104/13,344,228 | 1h12m | 4.964 | — | — | — | —
02:29:32 | 4.4.2 | 3/9 | 1950/2896 |  29.70% | 3,963,904/13,344,228 | 1h12m | 4.796 | — | — | — | —
02:29:37 | 4.4.2 | 3/9 | 1975/2896 |  29.80% | 3,976,704/13,344,228 | 1h12m | 4.885 | — | — | — | —
02:29:43 | 4.4.2 | 3/9 | 2000/2896 |  29.90% | 3,989,504/13,344,228 | 1h12m | 4.445 | — | — | — | —
02:29:49 | 4.4.2 | 3/9 | 2025/2896 |  29.99% | 4,002,304/13,344,228 | 1h12m | 4.482 | — | — | — | —
02:29:55 | 4.4.2 | 3/9 | 2050/2896 |  30.09% | 4,015,104/13,344,228 | 1h11m | 4.440 | — | — | — | —
02:30:01 | 4.4.2 | 3/9 | 2075/2896 |  30.18% | 4,027,904/13,344,228 | 1h11m | 4.626 | — | — | — | —
02:30:07 | 4.4.2 | 3/9 | 2100/2896 |  30.28% | 4,040,704/13,344,228 | 1h11m | 4.613 | — | — | — | —
02:30:13 | 4.4.2 | 3/9 | 2125/2896 |  30.38% | 4,053,504/13,344,228 | 1h11m | 4.737 | — | — | — | —
02:30:19 | 4.4.2 | 3/9 | 2150/2896 |  30.47% | 4,066,304/13,344,228 | 1h11m | 4.393 | — | — | — | —
02:30:25 | 4.4.2 | 3/9 | 2175/2896 |  30.57% | 4,079,104/13,344,228 | 1h11m | 4.736 | — | — | — | —
02:30:31 | 4.4.2 | 3/9 | 2200/2896 |  30.66% | 4,091,904/13,344,228 | 1h11m | 4.854 | — | — | — | —
02:30:37 | 4.4.2 | 3/9 | 2225/2896 |  30.76% | 4,104,704/13,344,228 | 1h11m | 4.162 | — | — | — | —
02:30:42 | 4.4.2 | 3/9 | 2250/2896 |  30.85% | 4,117,504/13,344,228 | 1h11m | 4.368 | — | — | — | —
02:30:48 | 4.4.2 | 3/9 | 2275/2896 |  30.95% | 4,130,304/13,344,228 | 1h11m | 4.589 | — | — | — | —
02:30:54 | 4.4.2 | 3/9 | 2300/2896 |  31.05% | 4,143,104/13,344,228 | 1h10m | 4.553 | — | — | — | —
02:30:59 | 4.4.2 | 3/9 | 2325/2896 |  31.14% | 4,155,904/13,344,228 | 1h10m | 4.615 | — | — | — | —
02:31:05 | 4.4.2 | 3/9 | 2350/2896 |  31.24% | 4,168,704/13,344,228 | 1h10m | 4.738 | — | — | — | —
02:31:11 | 4.4.2 | 3/9 | 2375/2896 |  31.33% | 4,181,504/13,344,228 | 1h10m | 4.609 | — | — | — | —
02:31:16 | 4.4.2 | 3/9 | 2400/2896 |  31.43% | 4,194,304/13,344,228 | 1h10m | 4.827 | — | — | — | —
02:31:22 | 4.4.2 | 3/9 | 2425/2896 |  31.53% | 4,207,104/13,344,228 | 1h10m | 4.441 | — | — | — | —
02:31:28 | 4.4.2 | 3/9 | 2450/2896 |  31.62% | 4,219,904/13,344,228 | 1h10m | 4.275 | — | — | — | —
02:31:33 | 4.4.2 | 3/9 | 2475/2896 |  31.72% | 4,232,704/13,344,228 | 1h10m | 4.428 | — | — | — | —
02:31:39 | 4.4.2 | 3/9 | 2500/2896 |  31.81% | 4,245,504/13,344,228 | 1h10m | 4.617 | — | — | — | —
02:31:45 | 4.4.2 | 3/9 | 2525/2896 |  31.91% | 4,258,304/13,344,228 | 1h09m | 4.940 | — | — | — | —
02:31:50 | 4.4.2 | 3/9 | 2550/2896 |  32.01% | 4,271,104/13,344,228 | 1h09m | 4.672 | — | — | — | —
02:31:56 | 4.4.2 | 3/9 | 2575/2896 |  32.10% | 4,283,904/13,344,228 | 1h09m | 4.884 | — | — | — | —
02:32:02 | 4.4.2 | 3/9 | 2600/2896 |  32.20% | 4,296,704/13,344,228 | 1h09m | 4.298 | — | — | — | —
02:32:07 | 4.4.2 | 3/9 | 2625/2896 |  32.29% | 4,309,504/13,344,228 | 1h09m | 4.672 | — | — | — | —
02:32:13 | 4.4.2 | 3/9 | 2650/2896 |  32.39% | 4,322,304/13,344,228 | 1h09m | 4.584 | — | — | — | —
02:32:19 | 4.4.2 | 3/9 | 2675/2896 |  32.49% | 4,335,104/13,344,228 | 1h09m | 4.721 | — | — | — | —
02:32:24 | 4.4.2 | 3/9 | 2700/2896 |  32.58% | 4,347,904/13,344,228 | 1h09m | 4.754 | — | — | — | —
02:32:30 | 4.4.2 | 3/9 | 2725/2896 |  32.68% | 4,360,704/13,344,228 | 1h09m | 4.551 | — | — | — | —
02:32:35 | 4.4.2 | 3/9 | 2750/2896 |  32.77% | 4,373,504/13,344,228 | 1h08m | 4.748 | — | — | — | —
02:32:41 | 4.4.2 | 3/9 | 2775/2896 |  32.87% | 4,386,304/13,344,228 | 1h08m | 4.510 | — | — | — | —
02:32:47 | 4.4.2 | 3/9 | 2800/2896 |  32.97% | 4,399,104/13,344,228 | 1h08m | 4.627 | — | — | — | —
02:32:52 | 4.4.2 | 3/9 | 2825/2896 |  33.06% | 4,411,904/13,344,228 | 1h08m | 4.675 | — | — | — | —
02:32:58 | 4.4.2 | 3/9 | 2850/2896 |  33.16% | 4,424,704/13,344,228 | 1h08m | 4.484 | — | — | — | —
02:33:04 | 4.4.2 | 3/9 | 2875/2896 |  33.25% | 4,437,504/13,344,228 | 1h08m | 4.603 | — | — | — | —
02:33:08 | 4.4.2 | 3/9 | 2896/2896 |  33.33% | 4,448,256/13,344,228 | 1h08m | 5.335 | — | — | — | —
02:33:19 | validation | 3/9 | epoch-end |  33.33% | 4,448,076/13,344,228 | 1h08m | 4.648 |  56.58% |  46.04% |   9.29% | 1.474
02:33:19 | 4.4.2 | 4/9 | 1/2896 |  33.34% | 4,448,768/13,344,228 | 1h08m | 4.564 | — | — | — | —
02:33:25 | 4.4.2 | 4/9 | 25/2896 |  33.43% | 4,461,056/13,344,228 | 1h08m | 4.675 | — | — | — | —
02:33:31 | 4.4.2 | 4/9 | 50/2896 |  33.53% | 4,473,856/13,344,228 | 1h08m | 4.350 | — | — | — | —
02:33:36 | 4.4.2 | 4/9 | 75/2896 |  33.62% | 4,486,656/13,344,228 | 1h08m | 4.833 | — | — | — | —
02:33:42 | 4.4.2 | 4/9 | 100/2896 |  33.72% | 4,499,456/13,344,228 | 1h08m | 4.533 | — | — | — | —
02:33:48 | 4.4.2 | 4/9 | 125/2896 |  33.81% | 4,512,256/13,344,228 | 1h08m | 4.516 | — | — | — | —
02:33:53 | 4.4.2 | 4/9 | 150/2896 |  33.91% | 4,525,056/13,344,228 | 1h08m | 4.815 | — | — | — | —
02:33:59 | 4.4.2 | 4/9 | 175/2896 |  34.00% | 4,537,856/13,344,228 | 1h07m | 4.106 | — | — | — | —
02:34:05 | 4.4.2 | 4/9 | 200/2896 |  34.10% | 4,550,656/13,344,228 | 1h07m | 4.859 | — | — | — | —
02:34:10 | 4.4.2 | 4/9 | 225/2896 |  34.20% | 4,563,456/13,344,228 | 1h07m | 4.474 | — | — | — | —
02:34:16 | 4.4.2 | 4/9 | 250/2896 |  34.29% | 4,576,256/13,344,228 | 1h07m | 4.568 | — | — | — | —
02:34:21 | 4.4.2 | 4/9 | 275/2896 |  34.39% | 4,589,056/13,344,228 | 1h07m | 4.708 | — | — | — | —
02:34:27 | 4.4.2 | 4/9 | 300/2896 |  34.48% | 4,601,856/13,344,228 | 1h07m | 4.510 | — | — | — | —
02:34:33 | 4.4.2 | 4/9 | 325/2896 |  34.58% | 4,614,656/13,344,228 | 1h07m | 4.630 | — | — | — | —
02:34:38 | 4.4.2 | 4/9 | 350/2896 |  34.68% | 4,627,456/13,344,228 | 1h07m | 4.714 | — | — | — | —
02:34:44 | 4.4.2 | 4/9 | 375/2896 |  34.77% | 4,640,256/13,344,228 | 1h07m | 4.637 | — | — | — | —
02:34:50 | 4.4.2 | 4/9 | 400/2896 |  34.87% | 4,653,056/13,344,228 | 1h06m | 4.655 | — | — | — | —
02:34:55 | 4.4.2 | 4/9 | 425/2896 |  34.96% | 4,665,856/13,344,228 | 1h06m | 4.794 | — | — | — | —
02:35:01 | 4.4.2 | 4/9 | 450/2896 |  35.06% | 4,678,656/13,344,228 | 1h06m | 4.739 | — | — | — | —
02:35:07 | 4.4.2 | 4/9 | 475/2896 |  35.16% | 4,691,456/13,344,228 | 1h06m | 4.887 | — | — | — | —
02:35:12 | 4.4.2 | 4/9 | 500/2896 |  35.25% | 4,704,256/13,344,228 | 1h06m | 4.738 | — | — | — | —
02:35:18 | 4.4.2 | 4/9 | 525/2896 |  35.35% | 4,717,056/13,344,228 | 1h06m | 4.339 | — | — | — | —
02:35:24 | 4.4.2 | 4/9 | 550/2896 |  35.44% | 4,729,856/13,344,228 | 1h06m | 4.517 | — | — | — | —
02:35:29 | 4.4.2 | 4/9 | 575/2896 |  35.54% | 4,742,656/13,344,228 | 1h06m | 4.697 | — | — | — | —
02:35:35 | 4.4.2 | 4/9 | 600/2896 |  35.64% | 4,755,456/13,344,228 | 1h06m | 4.453 | — | — | — | —
02:35:41 | 4.4.2 | 4/9 | 625/2896 |  35.73% | 4,768,256/13,344,228 | 1h06m | 4.749 | — | — | — | —
02:35:46 | 4.4.2 | 4/9 | 650/2896 |  35.83% | 4,781,056/13,344,228 | 1h05m | 5.092 | — | — | — | —
02:35:52 | 4.4.2 | 4/9 | 675/2896 |  35.92% | 4,793,856/13,344,228 | 1h05m | 4.344 | — | — | — | —
02:35:58 | 4.4.2 | 4/9 | 700/2896 |  36.02% | 4,806,656/13,344,228 | 1h05m | 4.791 | — | — | — | —
02:36:03 | 4.4.2 | 4/9 | 725/2896 |  36.11% | 4,819,456/13,344,228 | 1h05m | 4.500 | — | — | — | —
02:36:09 | 4.4.2 | 4/9 | 750/2896 |  36.21% | 4,832,256/13,344,228 | 1h05m | 4.865 | — | — | — | —
02:36:15 | 4.4.2 | 4/9 | 775/2896 |  36.31% | 4,845,056/13,344,228 | 1h05m | 4.217 | — | — | — | —
02:36:20 | 4.4.2 | 4/9 | 800/2896 |  36.40% | 4,857,856/13,344,228 | 1h05m | 4.720 | — | — | — | —
02:36:26 | 4.4.2 | 4/9 | 825/2896 |  36.50% | 4,870,656/13,344,228 | 1h05m | 4.351 | — | — | — | —
02:36:32 | 4.4.2 | 4/9 | 850/2896 |  36.59% | 4,883,456/13,344,228 | 1h05m | 4.977 | — | — | — | —
02:36:37 | 4.4.2 | 4/9 | 875/2896 |  36.69% | 4,896,256/13,344,228 | 1h04m | 4.663 | — | — | — | —
02:36:43 | 4.4.2 | 4/9 | 900/2896 |  36.79% | 4,909,056/13,344,228 | 1h04m | 4.961 | — | — | — | —
02:36:49 | 4.4.2 | 4/9 | 925/2896 |  36.88% | 4,921,856/13,344,228 | 1h04m | 4.723 | — | — | — | —
02:36:54 | 4.4.2 | 4/9 | 950/2896 |  36.98% | 4,934,656/13,344,228 | 1h04m | 4.622 | — | — | — | —
02:37:00 | 4.4.2 | 4/9 | 975/2896 |  37.07% | 4,947,456/13,344,228 | 1h04m | 4.773 | — | — | — | —
02:37:06 | 4.4.2 | 4/9 | 1000/2896 |  37.17% | 4,960,256/13,344,228 | 1h04m | 4.548 | — | — | — | —
02:37:11 | 4.4.2 | 4/9 | 1025/2896 |  37.27% | 4,973,056/13,344,228 | 1h04m | 4.713 | — | — | — | —
02:37:17 | 4.4.2 | 4/9 | 1050/2896 |  37.36% | 4,985,856/13,344,228 | 1h04m | 4.436 | — | — | — | —
02:37:22 | 4.4.2 | 4/9 | 1075/2896 |  37.46% | 4,998,656/13,344,228 | 1h04m | 4.169 | — | — | — | —
02:37:28 | 4.4.2 | 4/9 | 1100/2896 |  37.55% | 5,011,456/13,344,228 | 1h04m | 4.682 | — | — | — | —
02:37:34 | 4.4.2 | 4/9 | 1125/2896 |  37.65% | 5,024,256/13,344,228 | 1h03m | 4.744 | — | — | — | —
02:37:39 | 4.4.2 | 4/9 | 1150/2896 |  37.75% | 5,037,056/13,344,228 | 1h03m | 4.796 | — | — | — | —
02:37:45 | 4.4.2 | 4/9 | 1175/2896 |  37.84% | 5,049,856/13,344,228 | 1h03m | 4.570 | — | — | — | —
02:37:51 | 4.4.2 | 4/9 | 1200/2896 |  37.94% | 5,062,656/13,344,228 | 1h03m | 4.711 | — | — | — | —
02:37:56 | 4.4.2 | 4/9 | 1225/2896 |  38.03% | 5,075,456/13,344,228 | 1h03m | 4.966 | — | — | — | —
02:38:02 | 4.4.2 | 4/9 | 1250/2896 |  38.13% | 5,088,256/13,344,228 | 1h03m | 4.604 | — | — | — | —
02:38:08 | 4.4.2 | 4/9 | 1275/2896 |  38.23% | 5,101,056/13,344,228 | 1h03m | 5.011 | — | — | — | —
02:38:13 | 4.4.2 | 4/9 | 1300/2896 |  38.32% | 5,113,856/13,344,228 | 1h03m | 4.684 | — | — | — | —
02:38:19 | 4.4.2 | 4/9 | 1325/2896 |  38.42% | 5,126,656/13,344,228 | 1h03m | 4.590 | — | — | — | —
02:38:25 | 4.4.2 | 4/9 | 1350/2896 |  38.51% | 5,139,456/13,344,228 | 1h02m | 4.681 | — | — | — | —
02:38:30 | 4.4.2 | 4/9 | 1375/2896 |  38.61% | 5,152,256/13,344,228 | 1h02m | 4.661 | — | — | — | —
02:38:36 | 4.4.2 | 4/9 | 1400/2896 |  38.70% | 5,165,056/13,344,228 | 1h02m | 4.566 | — | — | — | —
02:38:42 | 4.4.2 | 4/9 | 1425/2896 |  38.80% | 5,177,856/13,344,228 | 1h02m | 4.879 | — | — | — | —
02:38:47 | 4.4.2 | 4/9 | 1450/2896 |  38.90% | 5,190,656/13,344,228 | 1h02m | 5.048 | — | — | — | —
02:38:53 | 4.4.2 | 4/9 | 1475/2896 |  38.99% | 5,203,456/13,344,228 | 1h02m | 4.737 | — | — | — | —
02:38:59 | 4.4.2 | 4/9 | 1500/2896 |  39.09% | 5,216,256/13,344,228 | 1h02m | 4.512 | — | — | — | —
02:39:04 | 4.4.2 | 4/9 | 1525/2896 |  39.18% | 5,229,056/13,344,228 | 1h02m | 4.638 | — | — | — | —
02:39:10 | 4.4.2 | 4/9 | 1550/2896 |  39.28% | 5,241,856/13,344,228 | 1h02m | 4.625 | — | — | — | —
02:39:15 | 4.4.2 | 4/9 | 1575/2896 |  39.38% | 5,254,656/13,344,228 | 1h02m | 5.110 | — | — | — | —
02:39:21 | 4.4.2 | 4/9 | 1600/2896 |  39.47% | 5,267,456/13,344,228 | 1h01m | 4.518 | — | — | — | —
02:39:26 | 4.4.2 | 4/9 | 1625/2896 |  39.57% | 5,280,256/13,344,228 | 1h01m | 4.598 | — | — | — | —
02:39:32 | 4.4.2 | 4/9 | 1650/2896 |  39.66% | 5,293,056/13,344,228 | 1h01m | 4.516 | — | — | — | —
02:39:38 | 4.4.2 | 4/9 | 1675/2896 |  39.76% | 5,305,856/13,344,228 | 1h01m | 4.467 | — | — | — | —
02:39:43 | 4.4.2 | 4/9 | 1700/2896 |  39.86% | 5,318,656/13,344,228 | 1h01m | 4.458 | — | — | — | —
02:39:49 | 4.4.2 | 4/9 | 1725/2896 |  39.95% | 5,331,456/13,344,228 | 1h01m | 4.941 | — | — | — | —
02:39:55 | 4.4.2 | 4/9 | 1750/2896 |  40.05% | 5,344,256/13,344,228 | 1h01m | 4.921 | — | — | — | —
02:40:00 | 4.4.2 | 4/9 | 1775/2896 |  40.14% | 5,357,056/13,344,228 | 1h01m | 4.567 | — | — | — | —
02:40:06 | 4.4.2 | 4/9 | 1800/2896 |  40.24% | 5,369,856/13,344,228 | 1h01m | 4.292 | — | — | — | —
02:40:11 | 4.4.2 | 4/9 | 1825/2896 |  40.34% | 5,382,656/13,344,228 | 1h00m | 4.296 | — | — | — | —
02:40:17 | 4.4.2 | 4/9 | 1850/2896 |  40.43% | 5,395,456/13,344,228 | 1h00m | 4.129 | — | — | — | —
02:40:23 | 4.4.2 | 4/9 | 1875/2896 |  40.53% | 5,408,256/13,344,228 | 1h00m | 4.808 | — | — | — | —
02:40:28 | 4.4.2 | 4/9 | 1900/2896 |  40.62% | 5,421,056/13,344,228 | 1h00m | 4.402 | — | — | — | —
02:40:34 | 4.4.2 | 4/9 | 1925/2896 |  40.72% | 5,433,856/13,344,228 | 1h00m | 4.495 | — | — | — | —
02:40:39 | 4.4.2 | 4/9 | 1950/2896 |  40.81% | 5,446,656/13,344,228 | 1h00m | 4.423 | — | — | — | —
02:40:45 | 4.4.2 | 4/9 | 1975/2896 |  40.91% | 5,459,456/13,344,228 | 1h00m | 4.593 | — | — | — | —
02:40:51 | 4.4.2 | 4/9 | 2000/2896 |  41.01% | 5,472,256/13,344,228 | 1h00m | 4.743 | — | — | — | —
02:40:56 | 4.4.2 | 4/9 | 2025/2896 |  41.10% | 5,485,056/13,344,228 | 1h00m | 4.747 | — | — | — | —
02:41:02 | 4.4.2 | 4/9 | 2050/2896 |  41.20% | 5,497,856/13,344,228 | 1h00m | 5.218 | — | — | — | —
02:41:08 | 4.4.2 | 4/9 | 2075/2896 |  41.29% | 5,510,656/13,344,228 | 59m56s | 4.695 | — | — | — | —
02:41:13 | 4.4.2 | 4/9 | 2100/2896 |  41.39% | 5,523,456/13,344,228 | 59m50s | 5.161 | — | — | — | —
02:41:19 | 4.4.2 | 4/9 | 2125/2896 |  41.49% | 5,536,256/13,344,228 | 59m44s | 4.632 | — | — | — | —
02:41:25 | 4.4.2 | 4/9 | 2150/2896 |  41.58% | 5,549,056/13,344,228 | 59m38s | 4.635 | — | — | — | —
02:41:30 | 4.4.2 | 4/9 | 2175/2896 |  41.68% | 5,561,856/13,344,228 | 59m32s | 4.695 | — | — | — | —
02:41:36 | 4.4.2 | 4/9 | 2200/2896 |  41.77% | 5,574,656/13,344,228 | 59m25s | 4.286 | — | — | — | —
02:41:41 | 4.4.2 | 4/9 | 2225/2896 |  41.87% | 5,587,456/13,344,228 | 59m19s | 4.445 | — | — | — | —
02:41:47 | 4.4.2 | 4/9 | 2250/2896 |  41.97% | 5,600,256/13,344,228 | 59m13s | 4.633 | — | — | — | —
02:41:53 | 4.4.2 | 4/9 | 2275/2896 |  42.06% | 5,613,056/13,344,228 | 59m07s | 4.677 | — | — | — | —
02:41:58 | 4.4.2 | 4/9 | 2300/2896 |  42.16% | 5,625,856/13,344,228 | 59m00s | 4.619 | — | — | — | —
02:42:04 | 4.4.2 | 4/9 | 2325/2896 |  42.25% | 5,638,656/13,344,228 | 58m54s | 4.561 | — | — | — | —
02:42:10 | 4.4.2 | 4/9 | 2350/2896 |  42.35% | 5,651,456/13,344,228 | 58m48s | 4.608 | — | — | — | —
02:42:15 | 4.4.2 | 4/9 | 2375/2896 |  42.45% | 5,664,256/13,344,228 | 58m42s | 4.624 | — | — | — | —
02:42:21 | 4.4.2 | 4/9 | 2400/2896 |  42.54% | 5,677,056/13,344,228 | 58m36s | 5.062 | — | — | — | —
02:42:26 | 4.4.2 | 4/9 | 2425/2896 |  42.64% | 5,689,856/13,344,228 | 58m29s | 4.771 | — | — | — | —
02:42:32 | 4.4.2 | 4/9 | 2450/2896 |  42.73% | 5,702,656/13,344,228 | 58m23s | 4.567 | — | — | — | —
02:42:38 | 4.4.2 | 4/9 | 2475/2896 |  42.83% | 5,715,456/13,344,228 | 58m17s | 4.594 | — | — | — | —
02:42:43 | 4.4.2 | 4/9 | 2500/2896 |  42.93% | 5,728,256/13,344,228 | 58m11s | 4.707 | — | — | — | —
02:42:49 | 4.4.2 | 4/9 | 2525/2896 |  43.02% | 5,741,056/13,344,228 | 58m05s | 4.565 | — | — | — | —
02:42:55 | 4.4.2 | 4/9 | 2550/2896 |  43.12% | 5,753,856/13,344,228 | 57m59s | 4.953 | — | — | — | —
02:43:01 | 4.4.2 | 4/9 | 2575/2896 |  43.21% | 5,766,656/13,344,228 | 57m53s | 4.512 | — | — | — | —
02:43:06 | 4.4.2 | 4/9 | 2600/2896 |  43.31% | 5,779,456/13,344,228 | 57m47s | 4.522 | — | — | — | —
02:43:12 | 4.4.2 | 4/9 | 2625/2896 |  43.40% | 5,792,256/13,344,228 | 57m40s | 4.404 | — | — | — | —
02:43:17 | 4.4.2 | 4/9 | 2650/2896 |  43.50% | 5,805,056/13,344,228 | 57m34s | 4.904 | — | — | — | —
02:43:23 | 4.4.2 | 4/9 | 2675/2896 |  43.60% | 5,817,856/13,344,228 | 57m28s | 4.499 | — | — | — | —
02:43:29 | 4.4.2 | 4/9 | 2700/2896 |  43.69% | 5,830,656/13,344,228 | 57m22s | 4.442 | — | — | — | —
02:43:34 | 4.4.2 | 4/9 | 2725/2896 |  43.79% | 5,843,456/13,344,228 | 57m16s | 4.628 | — | — | — | —
02:43:40 | 4.4.2 | 4/9 | 2750/2896 |  43.88% | 5,856,256/13,344,228 | 57m10s | 4.607 | — | — | — | —
02:43:46 | 4.4.2 | 4/9 | 2775/2896 |  43.98% | 5,869,056/13,344,228 | 57m04s | 4.483 | — | — | — | —
02:43:51 | 4.4.2 | 4/9 | 2800/2896 |  44.08% | 5,881,856/13,344,228 | 56m57s | 4.745 | — | — | — | —
02:43:57 | 4.4.2 | 4/9 | 2825/2896 |  44.17% | 5,894,656/13,344,228 | 56m51s | 5.148 | — | — | — | —
02:44:03 | 4.4.2 | 4/9 | 2850/2896 |  44.27% | 5,907,456/13,344,228 | 56m45s | 4.783 | — | — | — | —
02:44:08 | 4.4.2 | 4/9 | 2875/2896 |  44.36% | 5,920,256/13,344,228 | 56m39s | 4.406 | — | — | — | —
02:44:13 | 4.4.2 | 4/9 | 2896/2896 |  44.44% | 5,931,008/13,344,228 | 56m34s | 4.703 | — | — | — | —
02:44:24 | validation | 4/9 | epoch-end |  44.44% | 5,930,768/13,344,228 | 56m48s | 4.634 |  56.41% |  46.30% |   9.44% | 1.469
02:44:24 | 4.4.2 | 5/9 | 1/2896 |  44.45% | 5,931,520/13,344,228 | 56m47s | 4.750 | — | — | — | —
02:44:30 | 4.4.2 | 5/9 | 25/2896 |  44.54% | 5,943,808/13,344,228 | 56m42s | 4.623 | — | — | — | —
02:44:35 | 4.4.2 | 5/9 | 50/2896 |  44.64% | 5,956,608/13,344,228 | 56m35s | 4.700 | — | — | — | —
02:44:41 | 4.4.2 | 5/9 | 75/2896 |  44.73% | 5,969,408/13,344,228 | 56m29s | 4.659 | — | — | — | —
02:44:47 | 4.4.2 | 5/9 | 100/2896 |  44.83% | 5,982,208/13,344,228 | 56m23s | 4.723 | — | — | — | —
02:44:52 | 4.4.2 | 5/9 | 125/2896 |  44.92% | 5,995,008/13,344,228 | 56m17s | 4.766 | — | — | — | —
02:44:58 | 4.4.2 | 5/9 | 150/2896 |  45.02% | 6,007,808/13,344,228 | 56m11s | 4.697 | — | — | — | —
02:45:04 | 4.4.2 | 5/9 | 175/2896 |  45.12% | 6,020,608/13,344,228 | 56m04s | 4.529 | — | — | — | —
02:45:09 | 4.4.2 | 5/9 | 200/2896 |  45.21% | 6,033,408/13,344,228 | 55m58s | 4.824 | — | — | — | —
02:45:15 | 4.4.2 | 5/9 | 225/2896 |  45.31% | 6,046,208/13,344,228 | 55m52s | 4.436 | — | — | — | —
02:45:21 | 4.4.2 | 5/9 | 250/2896 |  45.40% | 6,059,008/13,344,228 | 55m46s | 4.847 | — | — | — | —
02:45:26 | 4.4.2 | 5/9 | 275/2896 |  45.50% | 6,071,808/13,344,228 | 55m40s | 4.995 | — | — | — | —
02:45:32 | 4.4.2 | 5/9 | 300/2896 |  45.60% | 6,084,608/13,344,228 | 55m34s | 4.785 | — | — | — | —
02:45:38 | 4.4.2 | 5/9 | 325/2896 |  45.69% | 6,097,408/13,344,228 | 55m28s | 4.543 | — | — | — | —
02:45:43 | 4.4.2 | 5/9 | 350/2896 |  45.79% | 6,110,208/13,344,228 | 55m22s | 4.399 | — | — | — | —
02:45:49 | 4.4.2 | 5/9 | 375/2896 |  45.88% | 6,123,008/13,344,228 | 55m15s | 4.736 | — | — | — | —
02:45:55 | 4.4.2 | 5/9 | 400/2896 |  45.98% | 6,135,808/13,344,228 | 55m09s | 4.610 | — | — | — | —
02:46:00 | 4.4.2 | 5/9 | 425/2896 |  46.08% | 6,148,608/13,344,228 | 55m03s | 4.900 | — | — | — | —
02:46:06 | 4.4.2 | 5/9 | 450/2896 |  46.17% | 6,161,408/13,344,228 | 54m57s | 4.593 | — | — | — | —
02:46:12 | 4.4.2 | 5/9 | 475/2896 |  46.27% | 6,174,208/13,344,228 | 54m51s | 4.692 | — | — | — | —
02:46:17 | 4.4.2 | 5/9 | 500/2896 |  46.36% | 6,187,008/13,344,228 | 54m45s | 4.427 | — | — | — | —
02:46:23 | 4.4.2 | 5/9 | 525/2896 |  46.46% | 6,199,808/13,344,228 | 54m39s | 4.820 | — | — | — | —
02:46:29 | 4.4.2 | 5/9 | 550/2896 |  46.55% | 6,212,608/13,344,228 | 54m33s | 4.399 | — | — | — | —
02:46:34 | 4.4.2 | 5/9 | 575/2896 |  46.65% | 6,225,408/13,344,228 | 54m26s | 4.364 | — | — | — | —
02:46:40 | 4.4.2 | 5/9 | 600/2896 |  46.75% | 6,238,208/13,344,228 | 54m20s | 4.630 | — | — | — | —
02:46:46 | 4.4.2 | 5/9 | 625/2896 |  46.84% | 6,251,008/13,344,228 | 54m14s | 4.552 | — | — | — | —
02:46:51 | 4.4.2 | 5/9 | 650/2896 |  46.94% | 6,263,808/13,344,228 | 54m08s | 4.458 | — | — | — | —
02:46:57 | 4.4.2 | 5/9 | 675/2896 |  47.03% | 6,276,608/13,344,228 | 54m02s | 4.990 | — | — | — | —
02:47:02 | 4.4.2 | 5/9 | 700/2896 |  47.13% | 6,289,408/13,344,228 | 53m56s | 4.550 | — | — | — | —
02:47:08 | 4.4.2 | 5/9 | 725/2896 |  47.23% | 6,302,208/13,344,228 | 53m50s | 5.188 | — | — | — | —
02:47:14 | 4.4.2 | 5/9 | 750/2896 |  47.32% | 6,315,008/13,344,228 | 53m43s | 4.866 | — | — | — | —
02:47:19 | 4.4.2 | 5/9 | 775/2896 |  47.42% | 6,327,808/13,344,228 | 53m37s | 4.742 | — | — | — | —
02:47:25 | 4.4.2 | 5/9 | 800/2896 |  47.51% | 6,340,608/13,344,228 | 53m31s | 4.525 | — | — | — | —
02:47:31 | 4.4.2 | 5/9 | 825/2896 |  47.61% | 6,353,408/13,344,228 | 53m25s | 4.476 | — | — | — | —
02:47:36 | 4.4.2 | 5/9 | 850/2896 |  47.71% | 6,366,208/13,344,228 | 53m19s | 4.443 | — | — | — | —
02:47:42 | 4.4.2 | 5/9 | 875/2896 |  47.80% | 6,379,008/13,344,228 | 53m13s | 4.391 | — | — | — | —
02:47:48 | 4.4.2 | 5/9 | 900/2896 |  47.90% | 6,391,808/13,344,228 | 53m07s | 4.726 | — | — | — | —
02:47:53 | 4.4.2 | 5/9 | 925/2896 |  47.99% | 6,404,608/13,344,228 | 53m01s | 4.439 | — | — | — | —
02:47:59 | 4.4.2 | 5/9 | 950/2896 |  48.09% | 6,417,408/13,344,228 | 52m55s | 4.449 | — | — | — | —
02:48:05 | 4.4.2 | 5/9 | 975/2896 |  48.19% | 6,430,208/13,344,228 | 52m49s | 4.795 | — | — | — | —
02:48:10 | 4.4.2 | 5/9 | 1000/2896 |  48.28% | 6,443,008/13,344,228 | 52m42s | 4.761 | — | — | — | —
02:48:16 | 4.4.2 | 5/9 | 1025/2896 |  48.38% | 6,455,808/13,344,228 | 52m36s | 4.725 | — | — | — | —
02:48:22 | 4.4.2 | 5/9 | 1050/2896 |  48.47% | 6,468,608/13,344,228 | 52m30s | 4.905 | — | — | — | —
02:48:27 | 4.4.2 | 5/9 | 1075/2896 |  48.57% | 6,481,408/13,344,228 | 52m24s | 4.845 | — | — | — | —
02:48:33 | 4.4.2 | 5/9 | 1100/2896 |  48.66% | 6,494,208/13,344,228 | 52m18s | 4.706 | — | — | — | —
02:48:38 | 4.4.2 | 5/9 | 1125/2896 |  48.76% | 6,507,008/13,344,228 | 52m12s | 4.432 | — | — | — | —
02:48:44 | 4.4.2 | 5/9 | 1150/2896 |  48.86% | 6,519,808/13,344,228 | 52m06s | 4.946 | — | — | — | —
02:48:50 | 4.4.2 | 5/9 | 1175/2896 |  48.95% | 6,532,608/13,344,228 | 52m00s | 4.769 | — | — | — | —
02:48:55 | 4.4.2 | 5/9 | 1200/2896 |  49.05% | 6,545,408/13,344,228 | 51m54s | 4.412 | — | — | — | —
02:49:01 | 4.4.2 | 5/9 | 1225/2896 |  49.14% | 6,558,208/13,344,228 | 51m48s | 4.437 | — | — | — | —
02:49:07 | 4.4.2 | 5/9 | 1250/2896 |  49.24% | 6,571,008/13,344,228 | 51m41s | 4.833 | — | — | — | —
02:49:12 | 4.4.2 | 5/9 | 1275/2896 |  49.34% | 6,583,808/13,344,228 | 51m35s | 4.673 | — | — | — | —
02:49:18 | 4.4.2 | 5/9 | 1300/2896 |  49.43% | 6,596,608/13,344,228 | 51m29s | 4.452 | — | — | — | —
02:49:24 | 4.4.2 | 5/9 | 1325/2896 |  49.53% | 6,609,408/13,344,228 | 51m23s | 4.857 | — | — | — | —
02:49:29 | 4.4.2 | 5/9 | 1350/2896 |  49.62% | 6,622,208/13,344,228 | 51m17s | 4.485 | — | — | — | —
02:49:35 | 4.4.2 | 5/9 | 1375/2896 |  49.72% | 6,635,008/13,344,228 | 51m11s | 4.949 | — | — | — | —
02:49:41 | 4.4.2 | 5/9 | 1400/2896 |  49.82% | 6,647,808/13,344,228 | 51m05s | 4.557 | — | — | — | —
02:49:46 | 4.4.2 | 5/9 | 1425/2896 |  49.91% | 6,660,608/13,344,228 | 50m59s | 4.649 | — | — | — | —
02:49:52 | 4.4.2 | 5/9 | 1450/2896 |  50.01% | 6,673,408/13,344,228 | 50m53s | 4.840 | — | — | — | —
02:49:58 | 4.4.2 | 5/9 | 1475/2896 |  50.10% | 6,686,208/13,344,228 | 50m47s | 4.722 | — | — | — | —
02:50:03 | 4.4.2 | 5/9 | 1500/2896 |  50.20% | 6,699,008/13,344,228 | 50m41s | 4.596 | — | — | — | —
02:50:09 | 4.4.2 | 5/9 | 1525/2896 |  50.30% | 6,711,808/13,344,228 | 50m35s | 4.506 | — | — | — | —
02:50:15 | 4.4.2 | 5/9 | 1550/2896 |  50.39% | 6,724,608/13,344,228 | 50m29s | 4.314 | — | — | — | —
02:50:20 | 4.4.2 | 5/9 | 1575/2896 |  50.49% | 6,737,408/13,344,228 | 50m23s | 4.453 | — | — | — | —
02:50:26 | 4.4.2 | 5/9 | 1600/2896 |  50.58% | 6,750,208/13,344,228 | 50m16s | 4.801 | — | — | — | —
02:50:31 | 4.4.2 | 5/9 | 1625/2896 |  50.68% | 6,763,008/13,344,228 | 50m10s | 4.791 | — | — | — | —
02:50:37 | 4.4.2 | 5/9 | 1650/2896 |  50.78% | 6,775,808/13,344,228 | 50m04s | 4.609 | — | — | — | —
02:50:43 | 4.4.2 | 5/9 | 1675/2896 |  50.87% | 6,788,608/13,344,228 | 49m58s | 4.520 | — | — | — | —
02:50:48 | 4.4.2 | 5/9 | 1700/2896 |  50.97% | 6,801,408/13,344,228 | 49m52s | 4.765 | — | — | — | —
02:50:54 | 4.4.2 | 5/9 | 1725/2896 |  51.06% | 6,814,208/13,344,228 | 49m46s | 4.560 | — | — | — | —
02:51:00 | 4.4.2 | 5/9 | 1750/2896 |  51.16% | 6,827,008/13,344,228 | 49m40s | 4.718 | — | — | — | —
02:51:05 | 4.4.2 | 5/9 | 1775/2896 |  51.25% | 6,839,808/13,344,228 | 49m34s | 4.823 | — | — | — | —
02:51:11 | 4.4.2 | 5/9 | 1800/2896 |  51.35% | 6,852,608/13,344,228 | 49m28s | 4.542 | — | — | — | —
02:51:17 | 4.4.2 | 5/9 | 1825/2896 |  51.45% | 6,865,408/13,344,228 | 49m22s | 4.681 | — | — | — | —
02:51:22 | 4.4.2 | 5/9 | 1850/2896 |  51.54% | 6,878,208/13,344,228 | 49m16s | 4.551 | — | — | — | —
02:51:28 | 4.4.2 | 5/9 | 1875/2896 |  51.64% | 6,891,008/13,344,228 | 49m10s | 4.641 | — | — | — | —
02:51:34 | 4.4.2 | 5/9 | 1900/2896 |  51.73% | 6,903,808/13,344,228 | 49m04s | 4.640 | — | — | — | —
02:51:39 | 4.4.2 | 5/9 | 1925/2896 |  51.83% | 6,916,608/13,344,228 | 48m58s | 4.399 | — | — | — | —
02:51:45 | 4.4.2 | 5/9 | 1950/2896 |  51.93% | 6,929,408/13,344,228 | 48m52s | 4.817 | — | — | — | —
02:51:51 | 4.4.2 | 5/9 | 1975/2896 |  52.02% | 6,942,208/13,344,228 | 48m46s | 4.615 | — | — | — | —
02:51:56 | 4.4.2 | 5/9 | 2000/2896 |  52.12% | 6,955,008/13,344,228 | 48m40s | 4.721 | — | — | — | —
02:52:02 | 4.4.2 | 5/9 | 2025/2896 |  52.21% | 6,967,808/13,344,228 | 48m34s | 4.577 | — | — | — | —
02:52:08 | 4.4.2 | 5/9 | 2050/2896 |  52.31% | 6,980,608/13,344,228 | 48m28s | 4.611 | — | — | — | —
02:52:13 | 4.4.2 | 5/9 | 2075/2896 |  52.41% | 6,993,408/13,344,228 | 48m22s | 4.349 | — | — | — | —
02:52:19 | 4.4.2 | 5/9 | 2100/2896 |  52.50% | 7,006,208/13,344,228 | 48m16s | 4.852 | — | — | — | —
02:52:24 | 4.4.2 | 5/9 | 2125/2896 |  52.60% | 7,019,008/13,344,228 | 48m10s | 4.561 | — | — | — | —
02:52:30 | 4.4.2 | 5/9 | 2150/2896 |  52.69% | 7,031,808/13,344,228 | 48m04s | 4.687 | — | — | — | —
02:52:36 | 4.4.2 | 5/9 | 2175/2896 |  52.79% | 7,044,608/13,344,228 | 47m58s | 4.541 | — | — | — | —
02:52:42 | 4.4.2 | 5/9 | 2200/2896 |  52.89% | 7,057,408/13,344,228 | 47m52s | 4.625 | — | — | — | —
02:52:47 | 4.4.2 | 5/9 | 2225/2896 |  52.98% | 7,070,208/13,344,228 | 47m46s | 4.506 | — | — | — | —
02:52:53 | 4.4.2 | 5/9 | 2250/2896 |  53.08% | 7,083,008/13,344,228 | 47m40s | 4.913 | — | — | — | —
02:52:59 | 4.4.2 | 5/9 | 2275/2896 |  53.17% | 7,095,808/13,344,228 | 47m34s | 4.675 | — | — | — | —
02:53:04 | 4.4.2 | 5/9 | 2300/2896 |  53.27% | 7,108,608/13,344,228 | 47m28s | 4.650 | — | — | — | —
02:53:10 | 4.4.2 | 5/9 | 2325/2896 |  53.36% | 7,121,408/13,344,228 | 47m22s | 4.371 | — | — | — | —
02:53:15 | 4.4.2 | 5/9 | 2350/2896 |  53.46% | 7,134,208/13,344,228 | 47m15s | 4.524 | — | — | — | —
02:53:21 | 4.4.2 | 5/9 | 2375/2896 |  53.56% | 7,147,008/13,344,228 | 47m09s | 4.223 | — | — | — | —
02:53:27 | 4.4.2 | 5/9 | 2400/2896 |  53.65% | 7,159,808/13,344,228 | 47m03s | 4.657 | — | — | — | —
02:53:32 | 4.4.2 | 5/9 | 2425/2896 |  53.75% | 7,172,608/13,344,228 | 46m57s | 4.502 | — | — | — | —
02:53:38 | 4.4.2 | 5/9 | 2450/2896 |  53.84% | 7,185,408/13,344,228 | 46m51s | 4.686 | — | — | — | —
02:53:44 | 4.4.2 | 5/9 | 2475/2896 |  53.94% | 7,198,208/13,344,228 | 46m45s | 4.555 | — | — | — | —
02:53:49 | 4.4.2 | 5/9 | 2500/2896 |  54.04% | 7,211,008/13,344,228 | 46m39s | 4.474 | — | — | — | —
02:53:55 | 4.4.2 | 5/9 | 2525/2896 |  54.13% | 7,223,808/13,344,228 | 46m33s | 4.549 | — | — | — | —
02:54:01 | 4.4.2 | 5/9 | 2550/2896 |  54.23% | 7,236,608/13,344,228 | 46m28s | 4.369 | — | — | — | —
02:54:06 | 4.4.2 | 5/9 | 2575/2896 |  54.32% | 7,249,408/13,344,228 | 46m22s | 4.592 | — | — | — | —
02:54:12 | 4.4.2 | 5/9 | 2600/2896 |  54.42% | 7,262,208/13,344,228 | 46m16s | 4.883 | — | — | — | —
02:54:18 | 4.4.2 | 5/9 | 2625/2896 |  54.52% | 7,275,008/13,344,228 | 46m10s | 4.270 | — | — | — | —
02:54:23 | 4.4.2 | 5/9 | 2650/2896 |  54.61% | 7,287,808/13,344,228 | 46m04s | 4.648 | — | — | — | —
02:54:29 | 4.4.2 | 5/9 | 2675/2896 |  54.71% | 7,300,608/13,344,228 | 45m58s | 4.661 | — | — | — | —
02:54:35 | 4.4.2 | 5/9 | 2700/2896 |  54.80% | 7,313,408/13,344,228 | 45m52s | 4.335 | — | — | — | —
02:54:40 | 4.4.2 | 5/9 | 2725/2896 |  54.90% | 7,326,208/13,344,228 | 45m46s | 4.496 | — | — | — | —
02:54:46 | 4.4.2 | 5/9 | 2750/2896 |  55.00% | 7,339,008/13,344,228 | 45m40s | 4.482 | — | — | — | —
02:54:52 | 4.4.2 | 5/9 | 2775/2896 |  55.09% | 7,351,808/13,344,228 | 45m34s | 4.255 | — | — | — | —
02:54:57 | 4.4.2 | 5/9 | 2800/2896 |  55.19% | 7,364,608/13,344,228 | 45m28s | 4.604 | — | — | — | —
02:55:03 | 4.4.2 | 5/9 | 2825/2896 |  55.28% | 7,377,408/13,344,228 | 45m22s | 4.530 | — | — | — | —
02:55:08 | 4.4.2 | 5/9 | 2850/2896 |  55.38% | 7,390,208/13,344,228 | 45m16s | 4.862 | — | — | — | —
02:55:14 | 4.4.2 | 5/9 | 2875/2896 |  55.47% | 7,403,008/13,344,228 | 45m10s | 4.422 | — | — | — | —
02:55:19 | 4.4.2 | 5/9 | 2896/2896 |  55.56% | 7,413,760/13,344,228 | 45m05s | 4.855 | — | — | — | —
02:55:30 | validation | 5/9 | epoch-end |  55.56% | 7,413,460/13,344,228 | 45m13s | 4.619 |  56.49% |  45.98% |   9.38% | 1.468
02:55:30 | 4.4.2 | 6/9 | 1/2896 |  55.56% | 7,414,272/13,344,228 | 45m13s | 4.301 | — | — | — | —
02:55:35 | 4.4.2 | 6/9 | 25/2896 |  55.65% | 7,426,560/13,344,228 | 45m07s | 4.652 | — | — | — | —
02:55:41 | 4.4.2 | 6/9 | 50/2896 |  55.75% | 7,439,360/13,344,228 | 45m01s | 4.880 | — | — | — | —
02:55:47 | 4.4.2 | 6/9 | 75/2896 |  55.84% | 7,452,160/13,344,228 | 44m55s | 5.127 | — | — | — | —
02:55:52 | 4.4.2 | 6/9 | 100/2896 |  55.94% | 7,464,960/13,344,228 | 44m49s | 4.637 | — | — | — | —
02:55:58 | 4.4.2 | 6/9 | 125/2896 |  56.04% | 7,477,760/13,344,228 | 44m43s | 4.954 | — | — | — | —
02:56:04 | 4.4.2 | 6/9 | 150/2896 |  56.13% | 7,490,560/13,344,228 | 44m37s | 4.581 | — | — | — | —
02:56:09 | 4.4.2 | 6/9 | 175/2896 |  56.23% | 7,503,360/13,344,228 | 44m31s | 4.619 | — | — | — | —
02:56:15 | 4.4.2 | 6/9 | 200/2896 |  56.32% | 7,516,160/13,344,228 | 44m25s | 4.438 | — | — | — | —
02:56:21 | 4.4.2 | 6/9 | 225/2896 |  56.42% | 7,528,960/13,344,228 | 44m19s | 4.838 | — | — | — | —
02:56:27 | 4.4.2 | 6/9 | 250/2896 |  56.51% | 7,541,760/13,344,228 | 44m13s | 4.228 | — | — | — | —
02:56:32 | 4.4.2 | 6/9 | 275/2896 |  56.61% | 7,554,560/13,344,228 | 44m07s | 4.714 | — | — | — | —
02:56:38 | 4.4.2 | 6/9 | 300/2896 |  56.71% | 7,567,360/13,344,228 | 44m01s | 4.554 | — | — | — | —
02:56:43 | 4.4.2 | 6/9 | 325/2896 |  56.80% | 7,580,160/13,344,228 | 43m55s | 4.598 | — | — | — | —
02:56:49 | 4.4.2 | 6/9 | 350/2896 |  56.90% | 7,592,960/13,344,228 | 43m49s | 4.700 | — | — | — | —
02:56:54 | 4.4.2 | 6/9 | 375/2896 |  56.99% | 7,605,760/13,344,228 | 43m43s | 4.660 | — | — | — | —
02:57:00 | 4.4.2 | 6/9 | 400/2896 |  57.09% | 7,618,560/13,344,228 | 43m37s | 4.550 | — | — | — | —
02:57:06 | 4.4.2 | 6/9 | 425/2896 |  57.19% | 7,631,360/13,344,228 | 43m31s | 4.355 | — | — | — | —
02:57:11 | 4.4.2 | 6/9 | 450/2896 |  57.28% | 7,644,160/13,344,228 | 43m25s | 4.536 | — | — | — | —
02:57:17 | 4.4.2 | 6/9 | 475/2896 |  57.38% | 7,656,960/13,344,228 | 43m19s | 4.762 | — | — | — | —
02:57:23 | 4.4.2 | 6/9 | 500/2896 |  57.47% | 7,669,760/13,344,228 | 43m13s | 4.494 | — | — | — | —
02:57:28 | 4.4.2 | 6/9 | 525/2896 |  57.57% | 7,682,560/13,344,228 | 43m07s | 4.432 | — | — | — | —
02:57:34 | 4.4.2 | 6/9 | 550/2896 |  57.67% | 7,695,360/13,344,228 | 43m01s | 4.759 | — | — | — | —
02:57:40 | 4.4.2 | 6/9 | 575/2896 |  57.76% | 7,708,160/13,344,228 | 42m55s | 4.551 | — | — | — | —
02:57:45 | 4.4.2 | 6/9 | 600/2896 |  57.86% | 7,720,960/13,344,228 | 42m49s | 4.467 | — | — | — | —
02:57:51 | 4.4.2 | 6/9 | 625/2896 |  57.95% | 7,733,760/13,344,228 | 42m43s | 4.374 | — | — | — | —
02:57:57 | 4.4.2 | 6/9 | 650/2896 |  58.05% | 7,746,560/13,344,228 | 42m37s | 4.499 | — | — | — | —
02:58:02 | 4.4.2 | 6/9 | 675/2896 |  58.15% | 7,759,360/13,344,228 | 42m31s | 4.445 | — | — | — | —
02:58:08 | 4.4.2 | 6/9 | 700/2896 |  58.24% | 7,772,160/13,344,228 | 42m25s | 4.248 | — | — | — | —
02:58:14 | 4.4.2 | 6/9 | 725/2896 |  58.34% | 7,784,960/13,344,228 | 42m19s | 4.873 | — | — | — | —
02:58:19 | 4.4.2 | 6/9 | 750/2896 |  58.43% | 7,797,760/13,344,228 | 42m13s | 4.784 | — | — | — | —
02:58:25 | 4.4.2 | 6/9 | 775/2896 |  58.53% | 7,810,560/13,344,228 | 42m07s | 5.008 | — | — | — | —
02:58:31 | 4.4.2 | 6/9 | 800/2896 |  58.62% | 7,823,360/13,344,228 | 42m01s | 5.027 | — | — | — | —
02:58:36 | 4.4.2 | 6/9 | 825/2896 |  58.72% | 7,836,160/13,344,228 | 41m55s | 4.579 | — | — | — | —
02:58:42 | 4.4.2 | 6/9 | 850/2896 |  58.82% | 7,848,960/13,344,228 | 41m49s | 4.890 | — | — | — | —
02:58:48 | 4.4.2 | 6/9 | 875/2896 |  58.91% | 7,861,760/13,344,228 | 41m43s | 4.616 | — | — | — | —
02:58:53 | 4.4.2 | 6/9 | 900/2896 |  59.01% | 7,874,560/13,344,228 | 41m37s | 4.550 | — | — | — | —
02:58:59 | 4.4.2 | 6/9 | 925/2896 |  59.10% | 7,887,360/13,344,228 | 41m31s | 4.966 | — | — | — | —
02:59:05 | 4.4.2 | 6/9 | 950/2896 |  59.20% | 7,900,160/13,344,228 | 41m25s | 4.550 | — | — | — | —
02:59:10 | 4.4.2 | 6/9 | 975/2896 |  59.30% | 7,912,960/13,344,228 | 41m19s | 4.129 | — | — | — | —
02:59:16 | 4.4.2 | 6/9 | 1000/2896 |  59.39% | 7,925,760/13,344,228 | 41m13s | 4.433 | — | — | — | —
02:59:22 | 4.4.2 | 6/9 | 1025/2896 |  59.49% | 7,938,560/13,344,228 | 41m08s | 4.668 | — | — | — | —
02:59:27 | 4.4.2 | 6/9 | 1050/2896 |  59.58% | 7,951,360/13,344,228 | 41m02s | 4.611 | — | — | — | —
02:59:33 | 4.4.2 | 6/9 | 1075/2896 |  59.68% | 7,964,160/13,344,228 | 40m56s | 4.527 | — | — | — | —
02:59:39 | 4.4.2 | 6/9 | 1100/2896 |  59.78% | 7,976,960/13,344,228 | 40m50s | 4.531 | — | — | — | —
02:59:44 | 4.4.2 | 6/9 | 1125/2896 |  59.87% | 7,989,760/13,344,228 | 40m44s | 4.410 | — | — | — | —
02:59:50 | 4.4.2 | 6/9 | 1150/2896 |  59.97% | 8,002,560/13,344,228 | 40m38s | 4.477 | — | — | — | —
02:59:55 | 4.4.2 | 6/9 | 1175/2896 |  60.06% | 8,015,360/13,344,228 | 40m32s | 4.630 | — | — | — | —
03:00:01 | 4.4.2 | 6/9 | 1200/2896 |  60.16% | 8,028,160/13,344,228 | 40m26s | 4.845 | — | — | — | —
03:00:07 | 4.4.2 | 6/9 | 1225/2896 |  60.26% | 8,040,960/13,344,228 | 40m20s | 4.866 | — | — | — | —
03:00:12 | 4.4.2 | 6/9 | 1250/2896 |  60.35% | 8,053,760/13,344,228 | 40m14s | 4.597 | — | — | — | —
03:00:18 | 4.4.2 | 6/9 | 1275/2896 |  60.45% | 8,066,560/13,344,228 | 40m08s | 4.779 | — | — | — | —
03:00:24 | 4.4.2 | 6/9 | 1300/2896 |  60.54% | 8,079,360/13,344,228 | 40m02s | 4.799 | — | — | — | —
03:00:30 | 4.4.2 | 6/9 | 1325/2896 |  60.64% | 8,092,160/13,344,228 | 39m56s | 4.296 | — | — | — | —
03:00:35 | 4.4.2 | 6/9 | 1350/2896 |  60.74% | 8,104,960/13,344,228 | 39m50s | 5.182 | — | — | — | —
03:00:41 | 4.4.2 | 6/9 | 1375/2896 |  60.83% | 8,117,760/13,344,228 | 39m44s | 4.813 | — | — | — | —
03:00:46 | 4.4.2 | 6/9 | 1400/2896 |  60.93% | 8,130,560/13,344,228 | 39m38s | 4.546 | — | — | — | —
03:00:52 | 4.4.2 | 6/9 | 1425/2896 |  61.02% | 8,143,360/13,344,228 | 39m32s | 4.261 | — | — | — | —
03:00:58 | 4.4.2 | 6/9 | 1450/2896 |  61.12% | 8,156,160/13,344,228 | 39m26s | 4.655 | — | — | — | —
03:01:03 | 4.4.2 | 6/9 | 1475/2896 |  61.21% | 8,168,960/13,344,228 | 39m20s | 4.572 | — | — | — | —
03:01:09 | 4.4.2 | 6/9 | 1500/2896 |  61.31% | 8,181,760/13,344,228 | 39m14s | 4.166 | — | — | — | —
03:01:15 | 4.4.2 | 6/9 | 1525/2896 |  61.41% | 8,194,560/13,344,228 | 39m08s | 4.630 | — | — | — | —
03:01:20 | 4.4.2 | 6/9 | 1550/2896 |  61.50% | 8,207,360/13,344,228 | 39m02s | 4.817 | — | — | — | —
03:01:26 | 4.4.2 | 6/9 | 1575/2896 |  61.60% | 8,220,160/13,344,228 | 38m56s | 4.613 | — | — | — | —
03:01:32 | 4.4.2 | 6/9 | 1600/2896 |  61.69% | 8,232,960/13,344,228 | 38m50s | 4.500 | — | — | — | —
03:01:37 | 4.4.2 | 6/9 | 1625/2896 |  61.79% | 8,245,760/13,344,228 | 38m44s | 4.936 | — | — | — | —
03:01:43 | 4.4.2 | 6/9 | 1650/2896 |  61.89% | 8,258,560/13,344,228 | 38m38s | 4.500 | — | — | — | —
03:01:49 | 4.4.2 | 6/9 | 1675/2896 |  61.98% | 8,271,360/13,344,228 | 38m32s | 4.682 | — | — | — | —
03:01:54 | 4.4.2 | 6/9 | 1700/2896 |  62.08% | 8,284,160/13,344,228 | 38m26s | 4.569 | — | — | — | —
03:02:00 | 4.4.2 | 6/9 | 1725/2896 |  62.17% | 8,296,960/13,344,228 | 38m21s | 4.239 | — | — | — | —
03:02:06 | 4.4.2 | 6/9 | 1750/2896 |  62.27% | 8,309,760/13,344,228 | 38m15s | 4.738 | — | — | — | —
03:02:11 | 4.4.2 | 6/9 | 1775/2896 |  62.37% | 8,322,560/13,344,228 | 38m09s | 4.369 | — | — | — | —
03:02:17 | 4.4.2 | 6/9 | 1800/2896 |  62.46% | 8,335,360/13,344,228 | 38m03s | 5.062 | — | — | — | —
03:02:22 | 4.4.2 | 6/9 | 1825/2896 |  62.56% | 8,348,160/13,344,228 | 37m57s | 4.645 | — | — | — | —
03:02:28 | 4.4.2 | 6/9 | 1850/2896 |  62.65% | 8,360,960/13,344,228 | 37m51s | 4.601 | — | — | — | —
03:02:34 | 4.4.2 | 6/9 | 1875/2896 |  62.75% | 8,373,760/13,344,228 | 37m45s | 4.663 | — | — | — | —
03:02:39 | 4.4.2 | 6/9 | 1900/2896 |  62.85% | 8,386,560/13,344,228 | 37m39s | 4.734 | — | — | — | —
03:02:45 | 4.4.2 | 6/9 | 1925/2896 |  62.94% | 8,399,360/13,344,228 | 37m33s | 4.506 | — | — | — | —
03:02:51 | 4.4.2 | 6/9 | 1950/2896 |  63.04% | 8,412,160/13,344,228 | 37m27s | 4.607 | — | — | — | —
03:02:56 | 4.4.2 | 6/9 | 1975/2896 |  63.13% | 8,424,960/13,344,228 | 37m21s | 4.634 | — | — | — | —
03:03:02 | 4.4.2 | 6/9 | 2000/2896 |  63.23% | 8,437,760/13,344,228 | 37m15s | 4.734 | — | — | — | —
03:03:07 | 4.4.2 | 6/9 | 2025/2896 |  63.32% | 8,450,560/13,344,228 | 37m09s | 4.637 | — | — | — | —
03:03:13 | 4.4.2 | 6/9 | 2050/2896 |  63.42% | 8,463,360/13,344,228 | 37m03s | 4.650 | — | — | — | —
03:03:19 | 4.4.2 | 6/9 | 2075/2896 |  63.52% | 8,476,160/13,344,228 | 36m57s | 4.290 | — | — | — | —
03:03:24 | 4.4.2 | 6/9 | 2100/2896 |  63.61% | 8,488,960/13,344,228 | 36m51s | 4.362 | — | — | — | —
03:03:30 | 4.4.2 | 6/9 | 2125/2896 |  63.71% | 8,501,760/13,344,228 | 36m45s | 5.015 | — | — | — | —
03:03:36 | 4.4.2 | 6/9 | 2150/2896 |  63.80% | 8,514,560/13,344,228 | 36m40s | 4.900 | — | — | — | —
03:03:42 | 4.4.2 | 6/9 | 2175/2896 |  63.90% | 8,527,360/13,344,228 | 36m34s | 4.680 | — | — | — | —
03:03:47 | 4.4.2 | 6/9 | 2200/2896 |  64.00% | 8,540,160/13,344,228 | 36m28s | 4.593 | — | — | — | —
03:03:53 | 4.4.2 | 6/9 | 2225/2896 |  64.09% | 8,552,960/13,344,228 | 36m22s | 4.752 | — | — | — | —
03:03:58 | 4.4.2 | 6/9 | 2250/2896 |  64.19% | 8,565,760/13,344,228 | 36m16s | 4.647 | — | — | — | —
03:04:04 | 4.4.2 | 6/9 | 2275/2896 |  64.28% | 8,578,560/13,344,228 | 36m10s | 4.499 | — | — | — | —
03:04:10 | 4.4.2 | 6/9 | 2300/2896 |  64.38% | 8,591,360/13,344,228 | 36m04s | 4.757 | — | — | — | —
03:04:15 | 4.4.2 | 6/9 | 2325/2896 |  64.48% | 8,604,160/13,344,228 | 35m58s | 4.851 | — | — | — | —
03:04:21 | 4.4.2 | 6/9 | 2350/2896 |  64.57% | 8,616,960/13,344,228 | 35m52s | 4.342 | — | — | — | —
03:04:27 | 4.4.2 | 6/9 | 2375/2896 |  64.67% | 8,629,760/13,344,228 | 35m46s | 4.296 | — | — | — | —
03:04:32 | 4.4.2 | 6/9 | 2400/2896 |  64.76% | 8,642,560/13,344,228 | 35m40s | 4.706 | — | — | — | —
03:04:38 | 4.4.2 | 6/9 | 2425/2896 |  64.86% | 8,655,360/13,344,228 | 35m34s | 4.258 | — | — | — | —
03:04:43 | 4.4.2 | 6/9 | 2450/2896 |  64.96% | 8,668,160/13,344,228 | 35m28s | 4.674 | — | — | — | —
03:04:49 | 4.4.2 | 6/9 | 2475/2896 |  65.05% | 8,680,960/13,344,228 | 35m22s | 4.620 | — | — | — | —
03:04:55 | 4.4.2 | 6/9 | 2500/2896 |  65.15% | 8,693,760/13,344,228 | 35m17s | 4.570 | — | — | — | —
03:05:00 | 4.4.2 | 6/9 | 2525/2896 |  65.24% | 8,706,560/13,344,228 | 35m11s | 4.490 | — | — | — | —
03:05:06 | 4.4.2 | 6/9 | 2550/2896 |  65.34% | 8,719,360/13,344,228 | 35m05s | 4.690 | — | — | — | —
03:05:12 | 4.4.2 | 6/9 | 2575/2896 |  65.44% | 8,732,160/13,344,228 | 34m59s | 4.603 | — | — | — | —
03:05:18 | 4.4.2 | 6/9 | 2600/2896 |  65.53% | 8,744,960/13,344,228 | 34m53s | 4.324 | — | — | — | —
03:05:23 | 4.4.2 | 6/9 | 2625/2896 |  65.63% | 8,757,760/13,344,228 | 34m47s | 4.482 | — | — | — | —
03:05:29 | 4.4.2 | 6/9 | 2650/2896 |  65.72% | 8,770,560/13,344,228 | 34m41s | 4.540 | — | — | — | —
03:05:34 | 4.4.2 | 6/9 | 2675/2896 |  65.82% | 8,783,360/13,344,228 | 34m35s | 4.954 | — | — | — | —
03:05:40 | 4.4.2 | 6/9 | 2700/2896 |  65.91% | 8,796,160/13,344,228 | 34m29s | 4.460 | — | — | — | —
03:05:46 | 4.4.2 | 6/9 | 2725/2896 |  66.01% | 8,808,960/13,344,228 | 34m23s | 4.885 | — | — | — | —
03:05:51 | 4.4.2 | 6/9 | 2750/2896 |  66.11% | 8,821,760/13,344,228 | 34m17s | 4.614 | — | — | — | —
03:05:57 | 4.4.2 | 6/9 | 2775/2896 |  66.20% | 8,834,560/13,344,228 | 34m11s | 4.572 | — | — | — | —
03:06:03 | 4.4.2 | 6/9 | 2800/2896 |  66.30% | 8,847,360/13,344,228 | 34m06s | 4.437 | — | — | — | —
03:06:08 | 4.4.2 | 6/9 | 2825/2896 |  66.39% | 8,860,160/13,344,228 | 34m00s | 4.538 | — | — | — | —
03:06:14 | 4.4.2 | 6/9 | 2850/2896 |  66.49% | 8,872,960/13,344,228 | 33m54s | 4.619 | — | — | — | —
03:06:20 | 4.4.2 | 6/9 | 2875/2896 |  66.59% | 8,885,760/13,344,228 | 33m48s | 5.005 | — | — | — | —
03:06:24 | 4.4.2 | 6/9 | 2896/2896 |  66.67% | 8,896,512/13,344,228 | 33m43s | 4.725 | — | — | — | —
03:06:35 | validation | 6/9 | epoch-end |  66.67% | 8,896,152/13,344,228 | 33m48s | 4.605 |  56.59% |  46.14% |   9.37% | 1.470
03:06:35 | 4.4.2 | 7/9 | 1/2896 |  66.67% | 8,897,024/13,344,228 | 33m48s | 4.547 | — | — | — | —
03:06:41 | 4.4.2 | 7/9 | 25/2896 |  66.76% | 8,909,312/13,344,228 | 33m42s | 4.550 | — | — | — | —
03:06:47 | 4.4.2 | 7/9 | 50/2896 |  66.86% | 8,922,112/13,344,228 | 33m37s | 4.883 | — | — | — | —
03:06:52 | 4.4.2 | 7/9 | 75/2896 |  66.95% | 8,934,912/13,344,228 | 33m31s | 4.292 | — | — | — | —
03:06:58 | 4.4.2 | 7/9 | 100/2896 |  67.05% | 8,947,712/13,344,228 | 33m25s | 4.442 | — | — | — | —
03:07:04 | 4.4.2 | 7/9 | 125/2896 |  67.15% | 8,960,512/13,344,228 | 33m19s | 4.857 | — | — | — | —
03:07:09 | 4.4.2 | 7/9 | 150/2896 |  67.24% | 8,973,312/13,344,228 | 33m13s | 4.518 | — | — | — | —
03:07:15 | 4.4.2 | 7/9 | 175/2896 |  67.34% | 8,986,112/13,344,228 | 33m07s | 4.509 | — | — | — | —
03:07:21 | 4.4.2 | 7/9 | 200/2896 |  67.43% | 8,998,912/13,344,228 | 33m01s | 4.773 | — | — | — | —
03:07:26 | 4.4.2 | 7/9 | 225/2896 |  67.53% | 9,011,712/13,344,228 | 32m55s | 4.616 | — | — | — | —
03:07:32 | 4.4.2 | 7/9 | 250/2896 |  67.63% | 9,024,512/13,344,228 | 32m49s | 4.539 | — | — | — | —
03:07:38 | 4.4.2 | 7/9 | 275/2896 |  67.72% | 9,037,312/13,344,228 | 32m43s | 4.645 | — | — | — | —
03:07:43 | 4.4.2 | 7/9 | 300/2896 |  67.82% | 9,050,112/13,344,228 | 32m37s | 4.478 | — | — | — | —
03:07:49 | 4.4.2 | 7/9 | 325/2896 |  67.91% | 9,062,912/13,344,228 | 32m31s | 4.370 | — | — | — | —
03:07:55 | 4.4.2 | 7/9 | 350/2896 |  68.01% | 9,075,712/13,344,228 | 32m25s | 4.803 | — | — | — | —
03:08:00 | 4.4.2 | 7/9 | 375/2896 |  68.11% | 9,088,512/13,344,228 | 32m20s | 4.488 | — | — | — | —
03:08:06 | 4.4.2 | 7/9 | 400/2896 |  68.20% | 9,101,312/13,344,228 | 32m14s | 4.491 | — | — | — | —
03:08:11 | 4.4.2 | 7/9 | 425/2896 |  68.30% | 9,114,112/13,344,228 | 32m08s | 4.541 | — | — | — | —
03:08:17 | 4.4.2 | 7/9 | 450/2896 |  68.39% | 9,126,912/13,344,228 | 32m02s | 4.583 | — | — | — | —
03:08:23 | 4.4.2 | 7/9 | 475/2896 |  68.49% | 9,139,712/13,344,228 | 31m56s | 4.704 | — | — | — | —
03:08:29 | 4.4.2 | 7/9 | 500/2896 |  68.59% | 9,152,512/13,344,228 | 31m50s | 4.720 | — | — | — | —
03:08:34 | 4.4.2 | 7/9 | 525/2896 |  68.68% | 9,165,312/13,344,228 | 31m44s | 4.799 | — | — | — | —
03:08:40 | 4.4.2 | 7/9 | 550/2896 |  68.78% | 9,178,112/13,344,228 | 31m38s | 4.927 | — | — | — | —
03:08:45 | 4.4.2 | 7/9 | 575/2896 |  68.87% | 9,190,912/13,344,228 | 31m32s | 4.625 | — | — | — | —
03:08:51 | 4.4.2 | 7/9 | 600/2896 |  68.97% | 9,203,712/13,344,228 | 31m26s | 4.668 | — | — | — | —
03:08:57 | 4.4.2 | 7/9 | 625/2896 |  69.06% | 9,216,512/13,344,228 | 31m20s | 4.861 | — | — | — | —
03:09:02 | 4.4.2 | 7/9 | 650/2896 |  69.16% | 9,229,312/13,344,228 | 31m14s | 4.603 | — | — | — | —
03:09:08 | 4.4.2 | 7/9 | 675/2896 |  69.26% | 9,242,112/13,344,228 | 31m09s | 4.843 | — | — | — | —
03:09:14 | 4.4.2 | 7/9 | 700/2896 |  69.35% | 9,254,912/13,344,228 | 31m03s | 4.447 | — | — | — | —
03:09:19 | 4.4.2 | 7/9 | 725/2896 |  69.45% | 9,267,712/13,344,228 | 30m57s | 4.390 | — | — | — | —
03:09:25 | 4.4.2 | 7/9 | 750/2896 |  69.54% | 9,280,512/13,344,228 | 30m51s | 4.344 | — | — | — | —
03:09:31 | 4.4.2 | 7/9 | 775/2896 |  69.64% | 9,293,312/13,344,228 | 30m45s | 4.468 | — | — | — | —
03:09:36 | 4.4.2 | 7/9 | 800/2896 |  69.74% | 9,306,112/13,344,228 | 30m39s | 4.154 | — | — | — | —
03:09:42 | 4.4.2 | 7/9 | 825/2896 |  69.83% | 9,318,912/13,344,228 | 30m33s | 4.152 | — | — | — | —
03:09:47 | 4.4.2 | 7/9 | 850/2896 |  69.93% | 9,331,712/13,344,228 | 30m27s | 4.326 | — | — | — | —
03:09:53 | 4.4.2 | 7/9 | 875/2896 |  70.02% | 9,344,512/13,344,228 | 30m21s | 4.462 | — | — | — | —
03:09:59 | 4.4.2 | 7/9 | 900/2896 |  70.12% | 9,357,312/13,344,228 | 30m15s | 4.483 | — | — | — | —
03:10:05 | 4.4.2 | 7/9 | 925/2896 |  70.22% | 9,370,112/13,344,228 | 30m10s | 4.517 | — | — | — | —
03:10:10 | 4.4.2 | 7/9 | 950/2896 |  70.31% | 9,382,912/13,344,228 | 30m04s | 4.810 | — | — | — | —
03:10:16 | 4.4.2 | 7/9 | 975/2896 |  70.41% | 9,395,712/13,344,228 | 29m58s | 4.675 | — | — | — | —
03:10:22 | 4.4.2 | 7/9 | 1000/2896 |  70.50% | 9,408,512/13,344,228 | 29m52s | 4.722 | — | — | — | —
03:10:27 | 4.4.2 | 7/9 | 1025/2896 |  70.60% | 9,421,312/13,344,228 | 29m46s | 4.955 | — | — | — | —
03:10:33 | 4.4.2 | 7/9 | 1050/2896 |  70.70% | 9,434,112/13,344,228 | 29m40s | 4.519 | — | — | — | —
03:10:39 | 4.4.2 | 7/9 | 1075/2896 |  70.79% | 9,446,912/13,344,228 | 29m34s | 4.523 | — | — | — | —
03:10:44 | 4.4.2 | 7/9 | 1100/2896 |  70.89% | 9,459,712/13,344,228 | 29m28s | 4.399 | — | — | — | —
03:10:50 | 4.4.2 | 7/9 | 1125/2896 |  70.98% | 9,472,512/13,344,228 | 29m22s | 4.914 | — | — | — | —
03:10:55 | 4.4.2 | 7/9 | 1150/2896 |  71.08% | 9,485,312/13,344,228 | 29m16s | 4.301 | — | — | — | —
03:11:01 | 4.4.2 | 7/9 | 1175/2896 |  71.17% | 9,498,112/13,344,228 | 29m10s | 4.642 | — | — | — | —
03:11:07 | 4.4.2 | 7/9 | 1200/2896 |  71.27% | 9,510,912/13,344,228 | 29m05s | 4.718 | — | — | — | —
03:11:12 | 4.4.2 | 7/9 | 1225/2896 |  71.37% | 9,523,712/13,344,228 | 28m59s | 4.293 | — | — | — | —
03:11:18 | 4.4.2 | 7/9 | 1250/2896 |  71.46% | 9,536,512/13,344,228 | 28m53s | 4.410 | — | — | — | —
03:11:24 | 4.4.2 | 7/9 | 1275/2896 |  71.56% | 9,549,312/13,344,228 | 28m47s | 4.382 | — | — | — | —
03:11:29 | 4.4.2 | 7/9 | 1300/2896 |  71.65% | 9,562,112/13,344,228 | 28m41s | 4.612 | — | — | — | —
03:11:35 | 4.4.2 | 7/9 | 1325/2896 |  71.75% | 9,574,912/13,344,228 | 28m35s | 4.563 | — | — | — | —
03:11:41 | 4.4.2 | 7/9 | 1350/2896 |  71.85% | 9,587,712/13,344,228 | 28m29s | 4.607 | — | — | — | —
03:11:46 | 4.4.2 | 7/9 | 1375/2896 |  71.94% | 9,600,512/13,344,228 | 28m23s | 4.622 | — | — | — | —
03:11:52 | 4.4.2 | 7/9 | 1400/2896 |  72.04% | 9,613,312/13,344,228 | 28m17s | 4.396 | — | — | — | —
03:11:58 | 4.4.2 | 7/9 | 1425/2896 |  72.13% | 9,626,112/13,344,228 | 28m12s | 4.533 | — | — | — | —
03:12:03 | 4.4.2 | 7/9 | 1450/2896 |  72.23% | 9,638,912/13,344,228 | 28m06s | 4.775 | — | — | — | —
03:12:09 | 4.4.2 | 7/9 | 1475/2896 |  72.33% | 9,651,712/13,344,228 | 28m00s | 4.830 | — | — | — | —
03:12:15 | 4.4.2 | 7/9 | 1500/2896 |  72.42% | 9,664,512/13,344,228 | 27m54s | 4.876 | — | — | — | —
03:12:20 | 4.4.2 | 7/9 | 1525/2896 |  72.52% | 9,677,312/13,344,228 | 27m48s | 4.814 | — | — | — | —
03:12:26 | 4.4.2 | 7/9 | 1550/2896 |  72.61% | 9,690,112/13,344,228 | 27m42s | 4.756 | — | — | — | —
03:12:32 | 4.4.2 | 7/9 | 1575/2896 |  72.71% | 9,702,912/13,344,228 | 27m36s | 5.035 | — | — | — | —
03:12:37 | 4.4.2 | 7/9 | 1600/2896 |  72.81% | 9,715,712/13,344,228 | 27m30s | 4.596 | — | — | — | —
03:12:43 | 4.4.2 | 7/9 | 1625/2896 |  72.90% | 9,728,512/13,344,228 | 27m24s | 4.628 | — | — | — | —
03:12:48 | 4.4.2 | 7/9 | 1650/2896 |  73.00% | 9,741,312/13,344,228 | 27m19s | 4.552 | — | — | — | —
03:12:54 | 4.4.2 | 7/9 | 1675/2896 |  73.09% | 9,754,112/13,344,228 | 27m13s | 4.961 | — | — | — | —
03:13:00 | 4.4.2 | 7/9 | 1700/2896 |  73.19% | 9,766,912/13,344,228 | 27m07s | 4.654 | — | — | — | —
03:13:05 | 4.4.2 | 7/9 | 1725/2896 |  73.28% | 9,779,712/13,344,228 | 27m01s | 4.549 | — | — | — | —
03:13:11 | 4.4.2 | 7/9 | 1750/2896 |  73.38% | 9,792,512/13,344,228 | 26m55s | 4.515 | — | — | — | —
03:13:17 | 4.4.2 | 7/9 | 1775/2896 |  73.48% | 9,805,312/13,344,228 | 26m49s | 4.867 | — | — | — | —
03:13:23 | 4.4.2 | 7/9 | 1800/2896 |  73.57% | 9,818,112/13,344,228 | 26m43s | 4.676 | — | — | — | —
03:13:28 | 4.4.2 | 7/9 | 1825/2896 |  73.67% | 9,830,912/13,344,228 | 26m37s | 4.545 | — | — | — | —
03:13:34 | 4.4.2 | 7/9 | 1850/2896 |  73.76% | 9,843,712/13,344,228 | 26m32s | 4.771 | — | — | — | —
03:13:39 | 4.4.2 | 7/9 | 1875/2896 |  73.86% | 9,856,512/13,344,228 | 26m26s | 4.349 | — | — | — | —
03:13:45 | 4.4.2 | 7/9 | 1900/2896 |  73.96% | 9,869,312/13,344,228 | 26m20s | 4.903 | — | — | — | —
03:13:51 | 4.4.2 | 7/9 | 1925/2896 |  74.05% | 9,882,112/13,344,228 | 26m14s | 4.218 | — | — | — | —
03:13:56 | 4.4.2 | 7/9 | 1950/2896 |  74.15% | 9,894,912/13,344,228 | 26m08s | 4.590 | — | — | — | —
03:14:02 | 4.4.2 | 7/9 | 1975/2896 |  74.24% | 9,907,712/13,344,228 | 26m02s | 4.802 | — | — | — | —
03:14:08 | 4.4.2 | 7/9 | 2000/2896 |  74.34% | 9,920,512/13,344,228 | 25m56s | 4.527 | — | — | — | —
03:14:13 | 4.4.2 | 7/9 | 2025/2896 |  74.44% | 9,933,312/13,344,228 | 25m50s | 4.774 | — | — | — | —
03:14:19 | 4.4.2 | 7/9 | 2050/2896 |  74.53% | 9,946,112/13,344,228 | 25m44s | 4.749 | — | — | — | —
03:14:24 | 4.4.2 | 7/9 | 2075/2896 |  74.63% | 9,958,912/13,344,228 | 25m39s | 4.192 | — | — | — | —
03:14:30 | 4.4.2 | 7/9 | 2100/2896 |  74.72% | 9,971,712/13,344,228 | 25m33s | 4.654 | — | — | — | —
03:14:36 | 4.4.2 | 7/9 | 2125/2896 |  74.82% | 9,984,512/13,344,228 | 25m27s | 4.578 | — | — | — | —
03:14:41 | 4.4.2 | 7/9 | 2150/2896 |  74.92% | 9,997,312/13,344,228 | 25m21s | 4.370 | — | — | — | —
03:14:47 | 4.4.2 | 7/9 | 2175/2896 |  75.01% | 10,010,112/13,344,228 | 25m15s | 4.498 | — | — | — | —
03:14:53 | 4.4.2 | 7/9 | 2200/2896 |  75.11% | 10,022,912/13,344,228 | 25m09s | 4.659 | — | — | — | —
03:14:58 | 4.4.2 | 7/9 | 2225/2896 |  75.20% | 10,035,712/13,344,228 | 25m03s | 4.624 | — | — | — | —
03:15:04 | 4.4.2 | 7/9 | 2250/2896 |  75.30% | 10,048,512/13,344,228 | 24m57s | 4.973 | — | — | — | —
03:15:09 | 4.4.2 | 7/9 | 2275/2896 |  75.40% | 10,061,312/13,344,228 | 24m52s | 4.622 | — | — | — | —
03:15:15 | 4.4.2 | 7/9 | 2300/2896 |  75.49% | 10,074,112/13,344,228 | 24m46s | 4.559 | — | — | — | —
03:15:21 | 4.4.2 | 7/9 | 2325/2896 |  75.59% | 10,086,912/13,344,228 | 24m40s | 4.463 | — | — | — | —
03:15:26 | 4.4.2 | 7/9 | 2350/2896 |  75.68% | 10,099,712/13,344,228 | 24m34s | 4.699 | — | — | — | —
03:15:32 | 4.4.2 | 7/9 | 2375/2896 |  75.78% | 10,112,512/13,344,228 | 24m28s | 4.876 | — | — | — | —
03:15:38 | 4.4.2 | 7/9 | 2400/2896 |  75.87% | 10,125,312/13,344,228 | 24m22s | 4.295 | — | — | — | —
03:15:43 | 4.4.2 | 7/9 | 2425/2896 |  75.97% | 10,138,112/13,344,228 | 24m16s | 4.583 | — | — | — | —
03:15:49 | 4.4.2 | 7/9 | 2450/2896 |  76.07% | 10,150,912/13,344,228 | 24m10s | 4.733 | — | — | — | —
03:15:54 | 4.4.2 | 7/9 | 2475/2896 |  76.16% | 10,163,712/13,344,228 | 24m04s | 4.529 | — | — | — | —
03:16:00 | 4.4.2 | 7/9 | 2500/2896 |  76.26% | 10,176,512/13,344,228 | 23m59s | 4.460 | — | — | — | —
03:16:06 | 4.4.2 | 7/9 | 2525/2896 |  76.35% | 10,189,312/13,344,228 | 23m53s | 4.544 | — | — | — | —
03:16:11 | 4.4.2 | 7/9 | 2550/2896 |  76.45% | 10,202,112/13,344,228 | 23m47s | 4.344 | — | — | — | —
03:16:17 | 4.4.2 | 7/9 | 2575/2896 |  76.55% | 10,214,912/13,344,228 | 23m41s | 4.787 | — | — | — | —
03:16:23 | 4.4.2 | 7/9 | 2600/2896 |  76.64% | 10,227,712/13,344,228 | 23m35s | 4.719 | — | — | — | —
03:16:29 | 4.4.2 | 7/9 | 2625/2896 |  76.74% | 10,240,512/13,344,228 | 23m29s | 5.085 | — | — | — | —
03:16:34 | 4.4.2 | 7/9 | 2650/2896 |  76.83% | 10,253,312/13,344,228 | 23m24s | 4.414 | — | — | — | —
03:16:40 | 4.4.2 | 7/9 | 2675/2896 |  76.93% | 10,266,112/13,344,228 | 23m18s | 4.651 | — | — | — | —
03:16:46 | 4.4.2 | 7/9 | 2700/2896 |  77.03% | 10,278,912/13,344,228 | 23m12s | 4.578 | — | — | — | —
03:16:51 | 4.4.2 | 7/9 | 2725/2896 |  77.12% | 10,291,712/13,344,228 | 23m06s | 4.687 | — | — | — | —
03:16:57 | 4.4.2 | 7/9 | 2750/2896 |  77.22% | 10,304,512/13,344,228 | 23m00s | 4.240 | — | — | — | —
03:17:02 | 4.4.2 | 7/9 | 2775/2896 |  77.31% | 10,317,312/13,344,228 | 22m54s | 4.620 | — | — | — | —
03:17:08 | 4.4.2 | 7/9 | 2800/2896 |  77.41% | 10,330,112/13,344,228 | 22m48s | 4.559 | — | — | — | —
03:17:14 | 4.4.2 | 7/9 | 2825/2896 |  77.51% | 10,342,912/13,344,228 | 22m42s | 4.625 | — | — | — | —
03:17:19 | 4.4.2 | 7/9 | 2850/2896 |  77.60% | 10,355,712/13,344,228 | 22m37s | 4.367 | — | — | — | —
03:17:25 | 4.4.2 | 7/9 | 2875/2896 |  77.70% | 10,368,512/13,344,228 | 22m31s | 4.919 | — | — | — | —
03:17:30 | 4.4.2 | 7/9 | 2896/2896 |  77.78% | 10,379,264/13,344,228 | 22m26s | 4.468 | — | — | — | —
03:17:41 | validation | 7/9 | epoch-end |  77.78% | 10,378,844/13,344,228 | 22m29s | 4.595 |  56.51% |  46.10% |   9.45% | 1.469
03:17:41 | 4.4.2 | 8/9 | 1/2896 |  77.78% | 10,379,776/13,344,228 | 22m29s | 4.849 | — | — | — | —
03:17:46 | 4.4.2 | 8/9 | 25/2896 |  77.87% | 10,392,064/13,344,228 | 22m23s | 4.559 | — | — | — | —
03:17:52 | 4.4.2 | 8/9 | 50/2896 |  77.97% | 10,404,864/13,344,228 | 22m17s | 4.869 | — | — | — | —
03:17:58 | 4.4.2 | 8/9 | 75/2896 |  78.07% | 10,417,664/13,344,228 | 22m11s | 4.738 | — | — | — | —
03:18:03 | 4.4.2 | 8/9 | 100/2896 |  78.16% | 10,430,464/13,344,228 | 22m06s | 4.230 | — | — | — | —
03:18:09 | 4.4.2 | 8/9 | 125/2896 |  78.26% | 10,443,264/13,344,228 | 22m00s | 4.647 | — | — | — | —
03:18:15 | 4.4.2 | 8/9 | 150/2896 |  78.35% | 10,456,064/13,344,228 | 21m54s | 4.260 | — | — | — | —
03:18:20 | 4.4.2 | 8/9 | 175/2896 |  78.45% | 10,468,864/13,344,228 | 21m48s | 4.329 | — | — | — | —
03:18:26 | 4.4.2 | 8/9 | 200/2896 |  78.55% | 10,481,664/13,344,228 | 21m42s | 4.588 | — | — | — | —
03:18:32 | 4.4.2 | 8/9 | 225/2896 |  78.64% | 10,494,464/13,344,228 | 21m36s | 4.423 | — | — | — | —
03:18:37 | 4.4.2 | 8/9 | 250/2896 |  78.74% | 10,507,264/13,344,228 | 21m30s | 4.304 | — | — | — | —
03:18:43 | 4.4.2 | 8/9 | 275/2896 |  78.83% | 10,520,064/13,344,228 | 21m24s | 4.438 | — | — | — | —
03:18:49 | 4.4.2 | 8/9 | 300/2896 |  78.93% | 10,532,864/13,344,228 | 21m19s | 4.548 | — | — | — | —
03:18:54 | 4.4.2 | 8/9 | 325/2896 |  79.02% | 10,545,664/13,344,228 | 21m13s | 4.559 | — | — | — | —
03:19:00 | 4.4.2 | 8/9 | 350/2896 |  79.12% | 10,558,464/13,344,228 | 21m07s | 4.620 | — | — | — | —
03:19:06 | 4.4.2 | 8/9 | 375/2896 |  79.22% | 10,571,264/13,344,228 | 21m01s | 4.223 | — | — | — | —
03:19:11 | 4.4.2 | 8/9 | 400/2896 |  79.31% | 10,584,064/13,344,228 | 20m55s | 4.687 | — | — | — | —
03:19:17 | 4.4.2 | 8/9 | 425/2896 |  79.41% | 10,596,864/13,344,228 | 20m49s | 4.627 | — | — | — | —
03:19:22 | 4.4.2 | 8/9 | 450/2896 |  79.50% | 10,609,664/13,344,228 | 20m43s | 4.478 | — | — | — | —
03:19:28 | 4.4.2 | 8/9 | 475/2896 |  79.60% | 10,622,464/13,344,228 | 20m37s | 4.565 | — | — | — | —
03:19:34 | 4.4.2 | 8/9 | 500/2896 |  79.70% | 10,635,264/13,344,228 | 20m32s | 4.552 | — | — | — | —
03:19:40 | 4.4.2 | 8/9 | 525/2896 |  79.79% | 10,648,064/13,344,228 | 20m26s | 4.632 | — | — | — | —
03:19:45 | 4.4.2 | 8/9 | 550/2896 |  79.89% | 10,660,864/13,344,228 | 20m20s | 4.125 | — | — | — | —
03:19:51 | 4.4.2 | 8/9 | 575/2896 |  79.98% | 10,673,664/13,344,228 | 20m14s | 4.570 | — | — | — | —
03:19:56 | 4.4.2 | 8/9 | 600/2896 |  80.08% | 10,686,464/13,344,228 | 20m08s | 4.854 | — | — | — | —
03:20:02 | 4.4.2 | 8/9 | 625/2896 |  80.18% | 10,699,264/13,344,228 | 20m02s | 4.657 | — | — | — | —
03:20:08 | 4.4.2 | 8/9 | 650/2896 |  80.27% | 10,712,064/13,344,228 | 19m56s | 4.355 | — | — | — | —
03:20:13 | 4.4.2 | 8/9 | 675/2896 |  80.37% | 10,724,864/13,344,228 | 19m51s | 4.343 | — | — | — | —
03:20:19 | 4.4.2 | 8/9 | 700/2896 |  80.46% | 10,737,664/13,344,228 | 19m45s | 4.570 | — | — | — | —
03:20:25 | 4.4.2 | 8/9 | 725/2896 |  80.56% | 10,750,464/13,344,228 | 19m39s | 4.649 | — | — | — | —
03:20:30 | 4.4.2 | 8/9 | 750/2896 |  80.66% | 10,763,264/13,344,228 | 19m33s | 4.650 | — | — | — | —
03:20:36 | 4.4.2 | 8/9 | 775/2896 |  80.75% | 10,776,064/13,344,228 | 19m27s | 4.711 | — | — | — | —
03:20:42 | 4.4.2 | 8/9 | 800/2896 |  80.85% | 10,788,864/13,344,228 | 19m21s | 4.281 | — | — | — | —
03:20:47 | 4.4.2 | 8/9 | 825/2896 |  80.94% | 10,801,664/13,344,228 | 19m15s | 4.251 | — | — | — | —
03:20:53 | 4.4.2 | 8/9 | 850/2896 |  81.04% | 10,814,464/13,344,228 | 19m10s | 4.545 | — | — | — | —
03:20:59 | 4.4.2 | 8/9 | 875/2896 |  81.13% | 10,827,264/13,344,228 | 19m04s | 4.563 | — | — | — | —
03:21:05 | 4.4.2 | 8/9 | 900/2896 |  81.23% | 10,840,064/13,344,228 | 18m58s | 4.656 | — | — | — | —
03:21:10 | 4.4.2 | 8/9 | 925/2896 |  81.33% | 10,852,864/13,344,228 | 18m52s | 4.910 | — | — | — | —
03:21:16 | 4.4.2 | 8/9 | 950/2896 |  81.42% | 10,865,664/13,344,228 | 18m46s | 4.503 | — | — | — | —
03:21:22 | 4.4.2 | 8/9 | 975/2896 |  81.52% | 10,878,464/13,344,228 | 18m40s | 4.691 | — | — | — | —
03:21:27 | 4.4.2 | 8/9 | 1000/2896 |  81.61% | 10,891,264/13,344,228 | 18m35s | 4.457 | — | — | — | —
03:21:33 | 4.4.2 | 8/9 | 1025/2896 |  81.71% | 10,904,064/13,344,228 | 18m29s | 4.455 | — | — | — | —
03:21:38 | 4.4.2 | 8/9 | 1050/2896 |  81.81% | 10,916,864/13,344,228 | 18m23s | 4.714 | — | — | — | —
03:21:44 | 4.4.2 | 8/9 | 1075/2896 |  81.90% | 10,929,664/13,344,228 | 18m17s | 4.713 | — | — | — | —
03:21:50 | 4.4.2 | 8/9 | 1100/2896 |  82.00% | 10,942,464/13,344,228 | 18m11s | 4.475 | — | — | — | —
03:21:55 | 4.4.2 | 8/9 | 1125/2896 |  82.09% | 10,955,264/13,344,228 | 18m05s | 4.582 | — | — | — | —
03:22:01 | 4.4.2 | 8/9 | 1150/2896 |  82.19% | 10,968,064/13,344,228 | 17m59s | 4.759 | — | — | — | —
03:22:07 | 4.4.2 | 8/9 | 1175/2896 |  82.29% | 10,980,864/13,344,228 | 17m54s | 4.737 | — | — | — | —
03:22:12 | 4.4.2 | 8/9 | 1200/2896 |  82.38% | 10,993,664/13,344,228 | 17m48s | 4.417 | — | — | — | —
03:22:18 | 4.4.2 | 8/9 | 1225/2896 |  82.48% | 11,006,464/13,344,228 | 17m42s | 4.732 | — | — | — | —
03:22:24 | 4.4.2 | 8/9 | 1250/2896 |  82.57% | 11,019,264/13,344,228 | 17m36s | 4.356 | — | — | — | —
03:22:29 | 4.4.2 | 8/9 | 1275/2896 |  82.67% | 11,032,064/13,344,228 | 17m30s | 4.645 | — | — | — | —
03:22:35 | 4.4.2 | 8/9 | 1300/2896 |  82.77% | 11,044,864/13,344,228 | 17m24s | 4.588 | — | — | — | —
03:22:41 | 4.4.2 | 8/9 | 1325/2896 |  82.86% | 11,057,664/13,344,228 | 17m18s | 4.602 | — | — | — | —
03:22:46 | 4.4.2 | 8/9 | 1350/2896 |  82.96% | 11,070,464/13,344,228 | 17m13s | 4.430 | — | — | — | —
03:22:52 | 4.4.2 | 8/9 | 1375/2896 |  83.05% | 11,083,264/13,344,228 | 17m07s | 4.492 | — | — | — | —
03:22:58 | 4.4.2 | 8/9 | 1400/2896 |  83.15% | 11,096,064/13,344,228 | 17m01s | 5.059 | — | — | — | —
03:23:03 | 4.4.2 | 8/9 | 1425/2896 |  83.25% | 11,108,864/13,344,228 | 16m55s | 4.206 | — | — | — | —
03:23:09 | 4.4.2 | 8/9 | 1450/2896 |  83.34% | 11,121,664/13,344,228 | 16m49s | 4.954 | — | — | — | —
03:23:14 | 4.4.2 | 8/9 | 1475/2896 |  83.44% | 11,134,464/13,344,228 | 16m43s | 4.492 | — | — | — | —
03:23:20 | 4.4.2 | 8/9 | 1500/2896 |  83.53% | 11,147,264/13,344,228 | 16m37s | 4.813 | — | — | — | —
03:23:26 | 4.4.2 | 8/9 | 1525/2896 |  83.63% | 11,160,064/13,344,228 | 16m32s | 4.563 | — | — | — | —
03:23:31 | 4.4.2 | 8/9 | 1550/2896 |  83.72% | 11,172,864/13,344,228 | 16m26s | 4.516 | — | — | — | —
03:23:37 | 4.4.2 | 8/9 | 1575/2896 |  83.82% | 11,185,664/13,344,228 | 16m20s | 4.539 | — | — | — | —
03:23:43 | 4.4.2 | 8/9 | 1600/2896 |  83.92% | 11,198,464/13,344,228 | 16m14s | 4.441 | — | — | — | —
03:23:48 | 4.4.2 | 8/9 | 1625/2896 |  84.01% | 11,211,264/13,344,228 | 16m08s | 4.343 | — | — | — | —
03:23:54 | 4.4.2 | 8/9 | 1650/2896 |  84.11% | 11,224,064/13,344,228 | 16m02s | 4.471 | — | — | — | —
03:24:00 | 4.4.2 | 8/9 | 1675/2896 |  84.20% | 11,236,864/13,344,228 | 15m57s | 4.415 | — | — | — | —
03:24:05 | 4.4.2 | 8/9 | 1700/2896 |  84.30% | 11,249,664/13,344,228 | 15m51s | 4.333 | — | — | — | —
03:24:11 | 4.4.2 | 8/9 | 1725/2896 |  84.40% | 11,262,464/13,344,228 | 15m45s | 4.711 | — | — | — | —
03:24:17 | 4.4.2 | 8/9 | 1750/2896 |  84.49% | 11,275,264/13,344,228 | 15m39s | 4.376 | — | — | — | —
03:24:22 | 4.4.2 | 8/9 | 1775/2896 |  84.59% | 11,288,064/13,344,228 | 15m33s | 4.948 | — | — | — | —
03:24:28 | 4.4.2 | 8/9 | 1800/2896 |  84.68% | 11,300,864/13,344,228 | 15m27s | 4.699 | — | — | — | —
03:24:34 | 4.4.2 | 8/9 | 1825/2896 |  84.78% | 11,313,664/13,344,228 | 15m22s | 4.715 | — | — | — | —
03:24:39 | 4.4.2 | 8/9 | 1850/2896 |  84.88% | 11,326,464/13,344,228 | 15m16s | 4.716 | — | — | — | —
03:24:45 | 4.4.2 | 8/9 | 1875/2896 |  84.97% | 11,339,264/13,344,228 | 15m10s | 4.500 | — | — | — | —
03:24:51 | 4.4.2 | 8/9 | 1900/2896 |  85.07% | 11,352,064/13,344,228 | 15m04s | 4.671 | — | — | — | —
03:24:56 | 4.4.2 | 8/9 | 1925/2896 |  85.16% | 11,364,864/13,344,228 | 14m58s | 4.569 | — | — | — | —
03:25:02 | 4.4.2 | 8/9 | 1950/2896 |  85.26% | 11,377,664/13,344,228 | 14m52s | 4.828 | — | — | — | —
03:25:08 | 4.4.2 | 8/9 | 1975/2896 |  85.36% | 11,390,464/13,344,228 | 14m47s | 4.581 | — | — | — | —
03:25:13 | 4.4.2 | 8/9 | 2000/2896 |  85.45% | 11,403,264/13,344,228 | 14m41s | 4.644 | — | — | — | —
03:25:19 | 4.4.2 | 8/9 | 2025/2896 |  85.55% | 11,416,064/13,344,228 | 14m35s | 4.428 | — | — | — | —
03:25:25 | 4.4.2 | 8/9 | 2050/2896 |  85.64% | 11,428,864/13,344,228 | 14m29s | 4.550 | — | — | — | —
03:25:30 | 4.4.2 | 8/9 | 2075/2896 |  85.74% | 11,441,664/13,344,228 | 14m23s | 4.460 | — | — | — | —
03:25:36 | 4.4.2 | 8/9 | 2100/2896 |  85.83% | 11,454,464/13,344,228 | 14m17s | 4.806 | — | — | — | —
03:25:41 | 4.4.2 | 8/9 | 2125/2896 |  85.93% | 11,467,264/13,344,228 | 14m12s | 4.101 | — | — | — | —
03:25:47 | 4.4.2 | 8/9 | 2150/2896 |  86.03% | 11,480,064/13,344,228 | 14m06s | 4.384 | — | — | — | —
03:25:53 | 4.4.2 | 8/9 | 2175/2896 |  86.12% | 11,492,864/13,344,228 | 14m00s | 4.585 | — | — | — | —
03:25:59 | 4.4.2 | 8/9 | 2200/2896 |  86.22% | 11,505,664/13,344,228 | 13m54s | 4.922 | — | — | — | —
03:26:04 | 4.4.2 | 8/9 | 2225/2896 |  86.31% | 11,518,464/13,344,228 | 13m48s | 4.398 | — | — | — | —
03:26:10 | 4.4.2 | 8/9 | 2250/2896 |  86.41% | 11,531,264/13,344,228 | 13m42s | 4.661 | — | — | — | —
03:26:15 | 4.4.2 | 8/9 | 2275/2896 |  86.51% | 11,544,064/13,344,228 | 13m37s | 4.478 | — | — | — | —
03:26:21 | 4.4.2 | 8/9 | 2300/2896 |  86.60% | 11,556,864/13,344,228 | 13m31s | 4.703 | — | — | — | —
03:26:27 | 4.4.2 | 8/9 | 2325/2896 |  86.70% | 11,569,664/13,344,228 | 13m25s | 4.742 | — | — | — | —
03:26:32 | 4.4.2 | 8/9 | 2350/2896 |  86.79% | 11,582,464/13,344,228 | 13m19s | 4.555 | — | — | — | —
03:26:38 | 4.4.2 | 8/9 | 2375/2896 |  86.89% | 11,595,264/13,344,228 | 13m13s | 4.367 | — | — | — | —
03:26:44 | 4.4.2 | 8/9 | 2400/2896 |  86.99% | 11,608,064/13,344,228 | 13m07s | 4.738 | — | — | — | —
03:26:49 | 4.4.2 | 8/9 | 2425/2896 |  87.08% | 11,620,864/13,344,228 | 13m02s | 4.609 | — | — | — | —
03:26:55 | 4.4.2 | 8/9 | 2450/2896 |  87.18% | 11,633,664/13,344,228 | 12m56s | 4.681 | — | — | — | —
03:27:01 | 4.4.2 | 8/9 | 2475/2896 |  87.27% | 11,646,464/13,344,228 | 12m50s | 4.074 | — | — | — | —
03:27:06 | 4.4.2 | 8/9 | 2500/2896 |  87.37% | 11,659,264/13,344,228 | 12m44s | 4.584 | — | — | — | —
03:27:12 | 4.4.2 | 8/9 | 2525/2896 |  87.47% | 11,672,064/13,344,228 | 12m38s | 4.362 | — | — | — | —
03:27:18 | 4.4.2 | 8/9 | 2550/2896 |  87.56% | 11,684,864/13,344,228 | 12m32s | 4.824 | — | — | — | —
03:27:23 | 4.4.2 | 8/9 | 2575/2896 |  87.66% | 11,697,664/13,344,228 | 12m27s | 4.602 | — | — | — | —
03:27:29 | 4.4.2 | 8/9 | 2600/2896 |  87.75% | 11,710,464/13,344,228 | 12m21s | 4.582 | — | — | — | —
03:27:35 | 4.4.2 | 8/9 | 2625/2896 |  87.85% | 11,723,264/13,344,228 | 12m15s | 4.427 | — | — | — | —
03:27:40 | 4.4.2 | 8/9 | 2650/2896 |  87.95% | 11,736,064/13,344,228 | 12m09s | 4.745 | — | — | — | —
03:27:46 | 4.4.2 | 8/9 | 2675/2896 |  88.04% | 11,748,864/13,344,228 | 12m03s | 4.522 | — | — | — | —
03:27:52 | 4.4.2 | 8/9 | 2700/2896 |  88.14% | 11,761,664/13,344,228 | 11m57s | 4.322 | — | — | — | —
03:27:57 | 4.4.2 | 8/9 | 2725/2896 |  88.23% | 11,774,464/13,344,228 | 11m52s | 4.528 | — | — | — | —
03:28:03 | 4.4.2 | 8/9 | 2750/2896 |  88.33% | 11,787,264/13,344,228 | 11m46s | 4.780 | — | — | — | —
03:28:09 | 4.4.2 | 8/9 | 2775/2896 |  88.42% | 11,800,064/13,344,228 | 11m40s | 4.762 | — | — | — | —
03:28:14 | 4.4.2 | 8/9 | 2800/2896 |  88.52% | 11,812,864/13,344,228 | 11m34s | 4.762 | — | — | — | —
03:28:20 | 4.4.2 | 8/9 | 2825/2896 |  88.62% | 11,825,664/13,344,228 | 11m28s | 4.495 | — | — | — | —
03:28:26 | 4.4.2 | 8/9 | 2850/2896 |  88.71% | 11,838,464/13,344,228 | 11m23s | 4.649 | — | — | — | —
03:28:32 | 4.4.2 | 8/9 | 2875/2896 |  88.81% | 11,851,264/13,344,228 | 11m17s | 4.767 | — | — | — | —
03:28:36 | 4.4.2 | 8/9 | 2896/2896 |  88.89% | 11,862,016/13,344,228 | 11m12s | 4.923 | — | — | — | —
03:28:47 | validation | 8/9 | epoch-end |  88.89% | 11,861,536/13,344,228 | 11m13s | 4.587 |  56.56% |  46.20% |   9.43% | 1.468
03:28:47 | 4.4.2 | 9/9 | 1/2896 |  88.89% | 11,862,528/13,344,228 | 11m13s | 4.660 | — | — | — | —
03:28:53 | 4.4.2 | 9/9 | 25/2896 |  88.98% | 11,874,816/13,344,228 | 11m07s | 4.567 | — | — | — | —
03:28:58 | 4.4.2 | 9/9 | 50/2896 |  89.08% | 11,887,616/13,344,228 | 11m02s | 4.631 | — | — | — | —
03:29:04 | 4.4.2 | 9/9 | 75/2896 |  89.18% | 11,900,416/13,344,228 | 10m56s | 4.931 | — | — | — | —
03:29:10 | 4.4.2 | 9/9 | 100/2896 |  89.27% | 11,913,216/13,344,228 | 10m50s | 4.606 | — | — | — | —
03:29:15 | 4.4.2 | 9/9 | 125/2896 |  89.37% | 11,926,016/13,344,228 | 10m44s | 4.764 | — | — | — | —
03:29:21 | 4.4.2 | 9/9 | 150/2896 |  89.46% | 11,938,816/13,344,228 | 10m38s | 4.561 | — | — | — | —
03:29:27 | 4.4.2 | 9/9 | 175/2896 |  89.56% | 11,951,616/13,344,228 | 10m32s | 4.635 | — | — | — | —
03:29:32 | 4.4.2 | 9/9 | 200/2896 |  89.66% | 11,964,416/13,344,228 | 10m27s | 4.674 | — | — | — | —
03:29:38 | 4.4.2 | 9/9 | 225/2896 |  89.75% | 11,977,216/13,344,228 | 10m21s | 4.952 | — | — | — | —
03:29:44 | 4.4.2 | 9/9 | 250/2896 |  89.85% | 11,990,016/13,344,228 | 10m15s | 4.752 | — | — | — | —
03:29:49 | 4.4.2 | 9/9 | 275/2896 |  89.94% | 12,002,816/13,344,228 | 10m09s | 4.737 | — | — | — | —
03:29:55 | 4.4.2 | 9/9 | 300/2896 |  90.04% | 12,015,616/13,344,228 | 10m03s | 4.724 | — | — | — | —
03:30:01 | 4.4.2 | 9/9 | 325/2896 |  90.14% | 12,028,416/13,344,228 | 09m57s | 4.371 | — | — | — | —
03:30:06 | 4.4.2 | 9/9 | 350/2896 |  90.23% | 12,041,216/13,344,228 | 09m52s | 4.533 | — | — | — | —
03:30:12 | 4.4.2 | 9/9 | 375/2896 |  90.33% | 12,054,016/13,344,228 | 09m46s | 4.714 | — | — | — | —
03:30:18 | 4.4.2 | 9/9 | 400/2896 |  90.42% | 12,066,816/13,344,228 | 09m40s | 5.138 | — | — | — | —
03:30:23 | 4.4.2 | 9/9 | 425/2896 |  90.52% | 12,079,616/13,344,228 | 09m34s | 4.426 | — | — | — | —
03:30:29 | 4.4.2 | 9/9 | 450/2896 |  90.62% | 12,092,416/13,344,228 | 09m28s | 5.047 | — | — | — | —
03:30:34 | 4.4.2 | 9/9 | 475/2896 |  90.71% | 12,105,216/13,344,228 | 09m22s | 5.040 | — | — | — | —
03:30:40 | 4.4.2 | 9/9 | 500/2896 |  90.81% | 12,118,016/13,344,228 | 09m17s | 4.502 | — | — | — | —
03:30:46 | 4.4.2 | 9/9 | 525/2896 |  90.90% | 12,130,816/13,344,228 | 09m11s | 4.632 | — | — | — | —
03:30:52 | 4.4.2 | 9/9 | 550/2896 |  91.00% | 12,143,616/13,344,228 | 09m05s | 4.659 | — | — | — | —
03:30:57 | 4.4.2 | 9/9 | 575/2896 |  91.09% | 12,156,416/13,344,228 | 08m59s | 4.649 | — | — | — | —
03:31:03 | 4.4.2 | 9/9 | 600/2896 |  91.19% | 12,169,216/13,344,228 | 08m53s | 4.632 | — | — | — | —
03:31:08 | 4.4.2 | 9/9 | 625/2896 |  91.29% | 12,182,016/13,344,228 | 08m47s | 4.624 | — | — | — | —
03:31:14 | 4.4.2 | 9/9 | 650/2896 |  91.38% | 12,194,816/13,344,228 | 08m42s | 4.757 | — | — | — | —
03:31:20 | 4.4.2 | 9/9 | 675/2896 |  91.48% | 12,207,616/13,344,228 | 08m36s | 4.988 | — | — | — | —
03:31:25 | 4.4.2 | 9/9 | 700/2896 |  91.57% | 12,220,416/13,344,228 | 08m30s | 4.357 | — | — | — | —
03:31:31 | 4.4.2 | 9/9 | 725/2896 |  91.67% | 12,233,216/13,344,228 | 08m24s | 4.351 | — | — | — | —
03:31:37 | 4.4.2 | 9/9 | 750/2896 |  91.77% | 12,246,016/13,344,228 | 08m18s | 4.419 | — | — | — | —
03:31:42 | 4.4.2 | 9/9 | 775/2896 |  91.86% | 12,258,816/13,344,228 | 08m12s | 4.526 | — | — | — | —
03:31:48 | 4.4.2 | 9/9 | 800/2896 |  91.96% | 12,271,616/13,344,228 | 08m07s | 4.461 | — | — | — | —
03:31:54 | 4.4.2 | 9/9 | 825/2896 |  92.05% | 12,284,416/13,344,228 | 08m01s | 4.438 | — | — | — | —
03:31:59 | 4.4.2 | 9/9 | 850/2896 |  92.15% | 12,297,216/13,344,228 | 07m55s | 5.129 | — | — | — | —
03:32:05 | 4.4.2 | 9/9 | 875/2896 |  92.25% | 12,310,016/13,344,228 | 07m49s | 4.546 | — | — | — | —
03:32:11 | 4.4.2 | 9/9 | 900/2896 |  92.34% | 12,322,816/13,344,228 | 07m43s | 4.661 | — | — | — | —
03:32:16 | 4.4.2 | 9/9 | 925/2896 |  92.44% | 12,335,616/13,344,228 | 07m38s | 4.856 | — | — | — | —
03:32:22 | 4.4.2 | 9/9 | 950/2896 |  92.53% | 12,348,416/13,344,228 | 07m32s | 4.514 | — | — | — | —
03:32:28 | 4.4.2 | 9/9 | 975/2896 |  92.63% | 12,361,216/13,344,228 | 07m26s | 4.528 | — | — | — | —
03:32:33 | 4.4.2 | 9/9 | 1000/2896 |  92.73% | 12,374,016/13,344,228 | 07m20s | 4.436 | — | — | — | —
03:32:39 | 4.4.2 | 9/9 | 1025/2896 |  92.82% | 12,386,816/13,344,228 | 07m14s | 4.310 | — | — | — | —
03:32:45 | 4.4.2 | 9/9 | 1050/2896 |  92.92% | 12,399,616/13,344,228 | 07m08s | 4.666 | — | — | — | —
03:32:50 | 4.4.2 | 9/9 | 1075/2896 |  93.01% | 12,412,416/13,344,228 | 07m03s | 4.427 | — | — | — | —
03:32:56 | 4.4.2 | 9/9 | 1100/2896 |  93.11% | 12,425,216/13,344,228 | 06m57s | 4.372 | — | — | — | —
03:33:02 | 4.4.2 | 9/9 | 1125/2896 |  93.21% | 12,438,016/13,344,228 | 06m51s | 4.346 | — | — | — | —
03:33:07 | 4.4.2 | 9/9 | 1150/2896 |  93.30% | 12,450,816/13,344,228 | 06m45s | 4.412 | — | — | — | —
03:33:13 | 4.4.2 | 9/9 | 1175/2896 |  93.40% | 12,463,616/13,344,228 | 06m39s | 4.151 | — | — | — | —
03:33:18 | 4.4.2 | 9/9 | 1200/2896 |  93.49% | 12,476,416/13,344,228 | 06m33s | 4.575 | — | — | — | —
03:33:24 | 4.4.2 | 9/9 | 1225/2896 |  93.59% | 12,489,216/13,344,228 | 06m28s | 4.790 | — | — | — | —
03:33:30 | 4.4.2 | 9/9 | 1250/2896 |  93.68% | 12,502,016/13,344,228 | 06m22s | 4.685 | — | — | — | —
03:33:35 | 4.4.2 | 9/9 | 1275/2896 |  93.78% | 12,514,816/13,344,228 | 06m16s | 4.592 | — | — | — | —
03:33:41 | 4.4.2 | 9/9 | 1300/2896 |  93.88% | 12,527,616/13,344,228 | 06m10s | 4.555 | — | — | — | —
03:33:47 | 4.4.2 | 9/9 | 1325/2896 |  93.97% | 12,540,416/13,344,228 | 06m04s | 4.650 | — | — | — | —
03:33:53 | 4.4.2 | 9/9 | 1350/2896 |  94.07% | 12,553,216/13,344,228 | 05m59s | 4.299 | — | — | — | —
03:33:58 | 4.4.2 | 9/9 | 1375/2896 |  94.16% | 12,566,016/13,344,228 | 05m53s | 4.665 | — | — | — | —
03:34:04 | 4.4.2 | 9/9 | 1400/2896 |  94.26% | 12,578,816/13,344,228 | 05m47s | 4.773 | — | — | — | —
03:34:09 | 4.4.2 | 9/9 | 1425/2896 |  94.36% | 12,591,616/13,344,228 | 05m41s | 5.049 | — | — | — | —
03:34:15 | 4.4.2 | 9/9 | 1450/2896 |  94.45% | 12,604,416/13,344,228 | 05m35s | 4.604 | — | — | — | —
03:34:21 | 4.4.2 | 9/9 | 1475/2896 |  94.55% | 12,617,216/13,344,228 | 05m30s | 4.827 | — | — | — | —
03:34:26 | 4.4.2 | 9/9 | 1500/2896 |  94.64% | 12,630,016/13,344,228 | 05m24s | 4.393 | — | — | — | —
03:34:32 | 4.4.2 | 9/9 | 1525/2896 |  94.74% | 12,642,816/13,344,228 | 05m18s | 4.871 | — | — | — | —
03:34:38 | 4.4.2 | 9/9 | 1550/2896 |  94.84% | 12,655,616/13,344,228 | 05m12s | 4.696 | — | — | — | —
03:34:43 | 4.4.2 | 9/9 | 1575/2896 |  94.93% | 12,668,416/13,344,228 | 05m06s | 4.467 | — | — | — | —
03:34:49 | 4.4.2 | 9/9 | 1600/2896 |  95.03% | 12,681,216/13,344,228 | 05m00s | 4.312 | — | — | — | —
03:34:55 | 4.4.2 | 9/9 | 1625/2896 |  95.12% | 12,694,016/13,344,228 | 04m55s | 4.678 | — | — | — | —
03:35:00 | 4.4.2 | 9/9 | 1650/2896 |  95.22% | 12,706,816/13,344,228 | 04m49s | 4.390 | — | — | — | —
03:35:06 | 4.4.2 | 9/9 | 1675/2896 |  95.32% | 12,719,616/13,344,228 | 04m43s | 4.909 | — | — | — | —
03:35:12 | 4.4.2 | 9/9 | 1700/2896 |  95.41% | 12,732,416/13,344,228 | 04m37s | 4.346 | — | — | — | —
03:35:17 | 4.4.2 | 9/9 | 1725/2896 |  95.51% | 12,745,216/13,344,228 | 04m31s | 4.494 | — | — | — | —
03:35:23 | 4.4.2 | 9/9 | 1750/2896 |  95.60% | 12,758,016/13,344,228 | 04m26s | 4.298 | — | — | — | —
03:35:29 | 4.4.2 | 9/9 | 1775/2896 |  95.70% | 12,770,816/13,344,228 | 04m20s | 4.455 | — | — | — | —
03:35:34 | 4.4.2 | 9/9 | 1800/2896 |  95.79% | 12,783,616/13,344,228 | 04m14s | 4.352 | — | — | — | —
03:35:40 | 4.4.2 | 9/9 | 1825/2896 |  95.89% | 12,796,416/13,344,228 | 04m08s | 4.546 | — | — | — | —
03:35:46 | 4.4.2 | 9/9 | 1850/2896 |  95.99% | 12,809,216/13,344,228 | 04m02s | 4.626 | — | — | — | —
03:35:51 | 4.4.2 | 9/9 | 1875/2896 |  96.08% | 12,822,016/13,344,228 | 03m57s | 4.352 | — | — | — | —
03:35:57 | 4.4.2 | 9/9 | 1900/2896 |  96.18% | 12,834,816/13,344,228 | 03m51s | 4.341 | — | — | — | —
03:36:03 | 4.4.2 | 9/9 | 1925/2896 |  96.27% | 12,847,616/13,344,228 | 03m45s | 4.181 | — | — | — | —
03:36:08 | 4.4.2 | 9/9 | 1950/2896 |  96.37% | 12,860,416/13,344,228 | 03m39s | 4.631 | — | — | — | —
03:36:14 | 4.4.2 | 9/9 | 1975/2896 |  96.47% | 12,873,216/13,344,228 | 03m33s | 4.700 | — | — | — | —
03:36:20 | 4.4.2 | 9/9 | 2000/2896 |  96.56% | 12,886,016/13,344,228 | 03m27s | 4.817 | — | — | — | —
03:36:25 | 4.4.2 | 9/9 | 2025/2896 |  96.66% | 12,898,816/13,344,228 | 03m22s | 4.456 | — | — | — | —
03:36:31 | 4.4.2 | 9/9 | 2050/2896 |  96.75% | 12,911,616/13,344,228 | 03m16s | 4.660 | — | — | — | —
03:36:37 | 4.4.2 | 9/9 | 2075/2896 |  96.85% | 12,924,416/13,344,228 | 03m10s | 4.780 | — | — | — | —
03:36:42 | 4.4.2 | 9/9 | 2100/2896 |  96.95% | 12,937,216/13,344,228 | 03m04s | 4.544 | — | — | — | —
03:36:48 | 4.4.2 | 9/9 | 2125/2896 |  97.04% | 12,950,016/13,344,228 | 02m58s | 4.621 | — | — | — | —
03:36:53 | 4.4.2 | 9/9 | 2150/2896 |  97.14% | 12,962,816/13,344,228 | 02m53s | 4.936 | — | — | — | —
03:36:59 | 4.4.2 | 9/9 | 2175/2896 |  97.23% | 12,975,616/13,344,228 | 02m47s | 4.525 | — | — | — | —
03:37:05 | 4.4.2 | 9/9 | 2200/2896 |  97.33% | 12,988,416/13,344,228 | 02m41s | 4.702 | — | — | — | —
03:37:11 | 4.4.2 | 9/9 | 2225/2896 |  97.43% | 13,001,216/13,344,228 | 02m35s | 4.922 | — | — | — | —
03:37:16 | 4.4.2 | 9/9 | 2250/2896 |  97.52% | 13,014,016/13,344,228 | 02m29s | 4.281 | — | — | — | —
03:37:22 | 4.4.2 | 9/9 | 2275/2896 |  97.62% | 13,026,816/13,344,228 | 02m24s | 4.606 | — | — | — | —
03:37:28 | 4.4.2 | 9/9 | 2300/2896 |  97.71% | 13,039,616/13,344,228 | 02m18s | 4.826 | — | — | — | —
03:37:33 | 4.4.2 | 9/9 | 2325/2896 |  97.81% | 13,052,416/13,344,228 | 02m12s | 4.647 | — | — | — | —
03:37:39 | 4.4.2 | 9/9 | 2350/2896 |  97.91% | 13,065,216/13,344,228 | 02m06s | 4.527 | — | — | — | —
03:37:44 | 4.4.2 | 9/9 | 2375/2896 |  98.00% | 13,078,016/13,344,228 | 02m00s | 4.674 | — | — | — | —
03:37:50 | 4.4.2 | 9/9 | 2400/2896 |  98.10% | 13,090,816/13,344,228 | 01m55s | 4.633 | — | — | — | —
03:37:56 | 4.4.2 | 9/9 | 2425/2896 |  98.19% | 13,103,616/13,344,228 | 01m49s | 4.503 | — | — | — | —
03:38:01 | 4.4.2 | 9/9 | 2450/2896 |  98.29% | 13,116,416/13,344,228 | 01m43s | 4.512 | — | — | — | —
03:38:07 | 4.4.2 | 9/9 | 2475/2896 |  98.38% | 13,129,216/13,344,228 | 01m37s | 4.387 | — | — | — | —
03:38:13 | 4.4.2 | 9/9 | 2500/2896 |  98.48% | 13,142,016/13,344,228 | 01m31s | 4.494 | — | — | — | —
03:38:18 | 4.4.2 | 9/9 | 2525/2896 |  98.58% | 13,154,816/13,344,228 | 01m26s | 4.120 | — | — | — | —
03:38:24 | 4.4.2 | 9/9 | 2550/2896 |  98.67% | 13,167,616/13,344,228 | 01m20s | 4.058 | — | — | — | —
03:38:30 | 4.4.2 | 9/9 | 2575/2896 |  98.77% | 13,180,416/13,344,228 | 01m14s | 4.174 | — | — | — | —
03:38:36 | 4.4.2 | 9/9 | 2600/2896 |  98.86% | 13,193,216/13,344,228 | 01m08s | 4.772 | — | — | — | —
03:38:41 | 4.4.2 | 9/9 | 2625/2896 |  98.96% | 13,206,016/13,344,228 | 01m02s | 4.470 | — | — | — | —
03:38:47 | 4.4.2 | 9/9 | 2650/2896 |  99.06% | 13,218,816/13,344,228 | 00m57s | 4.492 | — | — | — | —
03:38:53 | 4.4.2 | 9/9 | 2675/2896 |  99.15% | 13,231,616/13,344,228 | 00m51s | 4.116 | — | — | — | —
03:38:58 | 4.4.2 | 9/9 | 2700/2896 |  99.25% | 13,244,416/13,344,228 | 00m45s | 4.928 | — | — | — | —
03:39:04 | 4.4.2 | 9/9 | 2725/2896 |  99.34% | 13,257,216/13,344,228 | 00m39s | 4.738 | — | — | — | —
03:39:10 | 4.4.2 | 9/9 | 2750/2896 |  99.44% | 13,270,016/13,344,228 | 00m33s | 4.319 | — | — | — | —
03:39:15 | 4.4.2 | 9/9 | 2775/2896 |  99.54% | 13,282,816/13,344,228 | 00m28s | 4.286 | — | — | — | —
03:39:21 | 4.4.2 | 9/9 | 2800/2896 |  99.63% | 13,295,616/13,344,228 | 00m22s | 4.555 | — | — | — | —
03:39:26 | 4.4.2 | 9/9 | 2825/2896 |  99.73% | 13,308,416/13,344,228 | 00m16s | 4.591 | — | — | — | —
03:39:32 | 4.4.2 | 9/9 | 2850/2896 |  99.82% | 13,321,216/13,344,228 | 00m10s | 4.586 | — | — | — | —
03:39:38 | 4.4.2 | 9/9 | 2875/2896 |  99.92% | 13,334,016/13,344,228 | 00m04s | 5.098 | — | — | — | —
03:39:42 | 4.4.2 | 9/9 | 2896/2896 | 100.00% | 13,344,228/13,344,228 | done | 4.776 | — | — | — | —
03:39:53 | validation | 9/9 | epoch-end | 100.00% | 13,344,228/13,344,228 | done | 4.582 |  56.58% |  46.18% |   9.46% | 1.468
