time | phase | epoch | batch | work | done | ETA | loss | card@1 | zone | tile | timing
-----+-------+-------+-------+------+------+-----+------+--------+------+------+-------
15:52:22 | 4.4 | 1/10 | 1/4966 |   0.00% | 512/25,423,800 | 16h48m | 8.780 | — | — | — | —
15:52:27 | 4.4 | 1/10 | 25/4966 |   0.05% | 12,800/25,423,800 | 3h28m | 8.214 | — | — | — | —
15:52:33 | 4.4 | 1/10 | 50/4966 |   0.10% | 25,600/25,423,800 | 3h10m | 7.891 | — | — | — | —
15:52:38 | 4.4 | 1/10 | 75/4966 |   0.15% | 38,400/25,423,800 | 3h05m | 7.568 | — | — | — | —
15:52:43 | 4.4 | 1/10 | 100/4966 |   0.20% | 51,200/25,423,800 | 3h02m | 7.497 | — | — | — | —
15:52:49 | 4.4 | 1/10 | 125/4966 |   0.25% | 64,000/25,423,800 | 3h02m | 7.168 | — | — | — | —
15:52:54 | 4.4 | 1/10 | 150/4966 |   0.30% | 76,800/25,423,800 | 3h02m | 7.211 | — | — | — | —
15:53:00 | 4.4 | 1/10 | 175/4966 |   0.35% | 89,600/25,423,800 | 3h04m | 7.224 | — | — | — | —
15:53:06 | 4.4 | 1/10 | 200/4966 |   0.40% | 102,400/25,423,800 | 3h04m | 7.135 | — | — | — | —
15:53:12 | 4.4 | 1/10 | 225/4966 |   0.45% | 115,200/25,423,800 | 3h06m | 6.985 | — | — | — | —
15:53:18 | 4.4 | 1/10 | 250/4966 |   0.50% | 128,000/25,423,800 | 3h05m | 6.962 | — | — | — | —
15:53:23 | 4.4 | 1/10 | 275/4966 |   0.55% | 140,800/25,423,800 | 3h06m | 6.848 | — | — | — | —
15:53:29 | 4.4 | 1/10 | 300/4966 |   0.60% | 153,600/25,423,800 | 3h04m | 6.840 | — | — | — | —
15:53:34 | 4.4 | 1/10 | 325/4966 |   0.65% | 166,400/25,423,800 | 3h03m | 6.872 | — | — | — | —
15:53:39 | 4.4 | 1/10 | 350/4966 |   0.70% | 179,200/25,423,800 | 3h02m | 6.809 | — | — | — | —
15:53:44 | 4.4 | 1/10 | 375/4966 |   0.76% | 192,000/25,423,800 | 3h01m | 6.790 | — | — | — | —
15:53:49 | 4.4 | 1/10 | 400/4966 |   0.81% | 204,800/25,423,800 | 3h00m | 6.655 | — | — | — | —
15:53:55 | 4.4 | 1/10 | 425/4966 |   0.86% | 217,600/25,423,800 | 3h00m | 6.568 | — | — | — | —
15:54:01 | 4.4 | 1/10 | 450/4966 |   0.91% | 230,400/25,423,800 | 3h01m | 6.753 | — | — | — | —
15:54:07 | 4.4 | 1/10 | 475/4966 |   0.96% | 243,200/25,423,800 | 3h02m | 6.560 | — | — | — | —
15:54:12 | 4.4 | 1/10 | 500/4966 |   1.01% | 256,000/25,423,800 | 3h01m | 6.680 | — | — | — | —
15:54:17 | 4.4 | 1/10 | 525/4966 |   1.06% | 268,800/25,423,800 | 3h01m | 6.625 | — | — | — | —
15:54:23 | 4.4 | 1/10 | 550/4966 |   1.11% | 281,600/25,423,800 | 3h00m | 6.316 | — | — | — | —
15:54:28 | 4.4 | 1/10 | 575/4966 |   1.16% | 294,400/25,423,800 | 3h00m | 6.508 | — | — | — | —
15:54:33 | 4.4 | 1/10 | 600/4966 |   1.21% | 307,200/25,423,800 | 3h00m | 6.598 | — | — | — | —
15:54:39 | 4.4 | 1/10 | 625/4966 |   1.26% | 320,000/25,423,800 | 3h00m | 6.497 | — | — | — | —
15:54:45 | 4.4 | 1/10 | 650/4966 |   1.31% | 332,800/25,423,800 | 3h00m | 6.531 | — | — | — | —
15:54:50 | 4.4 | 1/10 | 675/4966 |   1.36% | 345,600/25,423,800 | 3h00m | 6.418 | — | — | — | —
15:54:55 | 4.4 | 1/10 | 700/4966 |   1.41% | 358,400/25,423,800 | 2h59m | 6.505 | — | — | — | —
15:55:01 | 4.4 | 1/10 | 725/4966 |   1.46% | 371,200/25,423,800 | 2h59m | 6.276 | — | — | — | —
15:55:06 | 4.4 | 1/10 | 750/4966 |   1.51% | 384,000/25,423,800 | 2h59m | 6.239 | — | — | — | —
15:55:12 | 4.4 | 1/10 | 775/4966 |   1.56% | 396,800/25,423,800 | 2h59m | 6.349 | — | — | — | —
15:55:18 | 4.4 | 1/10 | 800/4966 |   1.61% | 409,600/25,423,800 | 2h59m | 6.238 | — | — | — | —
15:55:24 | 4.4 | 1/10 | 825/4966 |   1.66% | 422,400/25,423,800 | 3h00m | 6.391 | — | — | — | —
15:55:29 | 4.4 | 1/10 | 850/4966 |   1.71% | 435,200/25,423,800 | 2h59m | 6.307 | — | — | — | —
15:55:34 | 4.4 | 1/10 | 875/4966 |   1.76% | 448,000/25,423,800 | 2h59m | 6.294 | — | — | — | —
15:55:39 | 4.4 | 1/10 | 900/4966 |   1.81% | 460,800/25,423,800 | 2h59m | 6.333 | — | — | — | —
15:55:45 | 4.4 | 1/10 | 925/4966 |   1.86% | 473,600/25,423,800 | 2h58m | 6.161 | — | — | — | —
15:55:50 | 4.4 | 1/10 | 950/4966 |   1.91% | 486,400/25,423,800 | 2h58m | 6.246 | — | — | — | —
15:55:56 | 4.4 | 1/10 | 975/4966 |   1.96% | 499,200/25,423,800 | 2h58m | 6.232 | — | — | — | —
15:56:02 | 4.4 | 1/10 | 1000/4966 |   2.01% | 512,000/25,423,800 | 2h58m | 6.237 | — | — | — | —
15:56:08 | 4.4 | 1/10 | 1025/4966 |   2.06% | 524,800/25,423,800 | 2h59m | 6.204 | — | — | — | —
15:56:14 | 4.4 | 1/10 | 1050/4966 |   2.11% | 537,600/25,423,800 | 2h59m | 6.110 | — | — | — | —
15:56:19 | 4.4 | 1/10 | 1075/4966 |   2.16% | 550,400/25,423,800 | 2h59m | 6.140 | — | — | — | —
15:56:24 | 4.4 | 1/10 | 1100/4966 |   2.22% | 563,200/25,423,800 | 2h58m | 6.172 | — | — | — | —
15:56:30 | 4.4 | 1/10 | 1125/4966 |   2.27% | 576,000/25,423,800 | 2h58m | 6.151 | — | — | — | —
15:56:35 | 4.4 | 1/10 | 1150/4966 |   2.32% | 588,800/25,423,800 | 2h58m | 5.925 | — | — | — | —
15:56:41 | 4.4 | 1/10 | 1175/4966 |   2.37% | 601,600/25,423,800 | 2h58m | 6.110 | — | — | — | —
15:56:46 | 4.4 | 1/10 | 1200/4966 |   2.42% | 614,400/25,423,800 | 2h58m | 6.043 | — | — | — | —
15:56:52 | 4.4 | 1/10 | 1225/4966 |   2.47% | 627,200/25,423,800 | 2h58m | 6.027 | — | — | — | —
15:56:57 | 4.4 | 1/10 | 1250/4966 |   2.52% | 640,000/25,423,800 | 2h57m | 6.145 | — | — | — | —
15:57:02 | 4.4 | 1/10 | 1275/4966 |   2.57% | 652,800/25,423,800 | 2h57m | 6.167 | — | — | — | —
15:57:08 | 4.4 | 1/10 | 1300/4966 |   2.62% | 665,600/25,423,800 | 2h57m | 6.044 | — | — | — | —
15:57:13 | 4.4 | 1/10 | 1325/4966 |   2.67% | 678,400/25,423,800 | 2h57m | 6.143 | — | — | — | —
15:57:22 | 4.4 | 1/10 | 1350/4966 |   2.72% | 691,200/25,423,800 | 2h59m | 5.943 | — | — | — | —
15:57:27 | 4.4 | 1/10 | 1375/4966 |   2.77% | 704,000/25,423,800 | 2h59m | 5.819 | — | — | — | —
15:57:33 | 4.4 | 1/10 | 1400/4966 |   2.82% | 716,800/25,423,800 | 2h58m | 5.882 | — | — | — | —
15:57:38 | 4.4 | 1/10 | 1425/4966 |   2.87% | 729,600/25,423,800 | 2h58m | 5.927 | — | — | — | —
15:57:44 | 4.4 | 1/10 | 1450/4966 |   2.92% | 742,400/25,423,800 | 2h58m | 5.889 | — | — | — | —
15:57:49 | 4.4 | 1/10 | 1475/4966 |   2.97% | 755,200/25,423,800 | 2h58m | 6.019 | — | — | — | —
15:57:55 | 4.4 | 1/10 | 1500/4966 |   3.02% | 768,000/25,423,800 | 2h58m | 5.862 | — | — | — | —
15:58:00 | 4.4 | 1/10 | 1525/4966 |   3.07% | 780,800/25,423,800 | 2h58m | 5.819 | — | — | — | —
15:58:05 | 4.4 | 1/10 | 1550/4966 |   3.12% | 793,600/25,423,800 | 2h58m | 5.856 | — | — | — | —
15:58:11 | 4.4 | 1/10 | 1575/4966 |   3.17% | 806,400/25,423,800 | 2h57m | 5.735 | — | — | — | —
15:58:16 | 4.4 | 1/10 | 1600/4966 |   3.22% | 819,200/25,423,800 | 2h57m | 5.789 | — | — | — | —
15:58:21 | 4.4 | 1/10 | 1625/4966 |   3.27% | 832,000/25,423,800 | 2h57m | 5.753 | — | — | — | —
15:58:27 | 4.4 | 1/10 | 1650/4966 |   3.32% | 844,800/25,423,800 | 2h57m | 5.939 | — | — | — | —
15:58:32 | 4.4 | 1/10 | 1675/4966 |   3.37% | 857,600/25,423,800 | 2h57m | 5.800 | — | — | — | —
15:58:38 | 4.4 | 1/10 | 1700/4966 |   3.42% | 870,400/25,423,800 | 2h57m | 5.930 | — | — | — | —
15:58:43 | 4.4 | 1/10 | 1725/4966 |   3.47% | 883,200/25,423,800 | 2h57m | 5.765 | — | — | — | —
15:58:49 | 4.4 | 1/10 | 1750/4966 |   3.52% | 896,000/25,423,800 | 2h56m | 5.854 | — | — | — | —
15:58:54 | 4.4 | 1/10 | 1775/4966 |   3.57% | 908,800/25,423,800 | 2h56m | 5.932 | — | — | — | —
15:58:59 | 4.4 | 1/10 | 1800/4966 |   3.62% | 921,600/25,423,800 | 2h56m | 5.771 | — | — | — | —
15:59:05 | 4.4 | 1/10 | 1825/4966 |   3.67% | 934,400/25,423,800 | 2h56m | 5.888 | — | — | — | —
15:59:12 | 4.4 | 1/10 | 1850/4966 |   3.73% | 947,200/25,423,800 | 2h56m | 5.691 | — | — | — | —
15:59:17 | 4.4 | 1/10 | 1875/4966 |   3.78% | 960,000/25,423,800 | 2h56m | 5.717 | — | — | — | —
15:59:23 | 4.4 | 1/10 | 1900/4966 |   3.83% | 972,800/25,423,800 | 2h56m | 5.776 | — | — | — | —
15:59:28 | 4.4 | 1/10 | 1925/4966 |   3.88% | 985,600/25,423,800 | 2h56m | 5.779 | — | — | — | —
15:59:33 | 4.4 | 1/10 | 1950/4966 |   3.93% | 998,400/25,423,800 | 2h56m | 5.766 | — | — | — | —
15:59:38 | 4.4 | 1/10 | 1975/4966 |   3.98% | 1,011,200/25,423,800 | 2h55m | 5.789 | — | — | — | —
15:59:43 | 4.4 | 1/10 | 2000/4966 |   4.03% | 1,024,000/25,423,800 | 2h55m | 5.835 | — | — | — | —
15:59:49 | 4.4 | 1/10 | 2025/4966 |   4.08% | 1,036,800/25,423,800 | 2h55m | 5.708 | — | — | — | —
15:59:55 | 4.4 | 1/10 | 2050/4966 |   4.13% | 1,049,600/25,423,800 | 2h55m | 5.758 | — | — | — | —
16:00:00 | 4.4 | 1/10 | 2075/4966 |   4.18% | 1,062,400/25,423,800 | 2h55m | 5.687 | — | — | — | —
16:00:05 | 4.4 | 1/10 | 2100/4966 |   4.23% | 1,075,200/25,423,800 | 2h55m | 5.686 | — | — | — | —
16:00:10 | 4.4 | 1/10 | 2125/4966 |   4.28% | 1,088,000/25,423,800 | 2h54m | 5.775 | — | — | — | —
16:00:16 | 4.4 | 1/10 | 2150/4966 |   4.33% | 1,100,800/25,423,800 | 2h54m | 5.661 | — | — | — | —
16:00:21 | 4.4 | 1/10 | 2175/4966 |   4.38% | 1,113,600/25,423,800 | 2h54m | 5.673 | — | — | — | —
16:00:26 | 4.4 | 1/10 | 2200/4966 |   4.43% | 1,126,400/25,423,800 | 2h54m | 5.679 | — | — | — | —
16:00:32 | 4.4 | 1/10 | 2225/4966 |   4.48% | 1,139,200/25,423,800 | 2h54m | 5.768 | — | — | — | —
16:00:37 | 4.4 | 1/10 | 2250/4966 |   4.53% | 1,152,000/25,423,800 | 2h54m | 5.828 | — | — | — | —
16:00:43 | 4.4 | 1/10 | 2275/4966 |   4.58% | 1,164,800/25,423,800 | 2h54m | 5.645 | — | — | — | —
16:00:48 | 4.4 | 1/10 | 2300/4966 |   4.63% | 1,177,600/25,423,800 | 2h53m | 5.847 | — | — | — | —
16:00:54 | 4.4 | 1/10 | 2325/4966 |   4.68% | 1,190,400/25,423,800 | 2h53m | 5.625 | — | — | — | —
16:00:59 | 4.4 | 1/10 | 2350/4966 |   4.73% | 1,203,200/25,423,800 | 2h53m | 5.720 | — | — | — | —
16:01:05 | 4.4 | 1/10 | 2375/4966 |   4.78% | 1,216,000/25,423,800 | 2h53m | 5.760 | — | — | — | —
16:01:10 | 4.4 | 1/10 | 2400/4966 |   4.83% | 1,228,800/25,423,800 | 2h53m | 5.530 | — | — | — | —
16:01:16 | 4.4 | 1/10 | 2425/4966 |   4.88% | 1,241,600/25,423,800 | 2h53m | 5.703 | — | — | — | —
16:01:21 | 4.4 | 1/10 | 2450/4966 |   4.93% | 1,254,400/25,423,800 | 2h53m | 5.677 | — | — | — | —
16:01:26 | 4.4 | 1/10 | 2475/4966 |   4.98% | 1,267,200/25,423,800 | 2h53m | 5.666 | — | — | — | —
16:01:32 | 4.4 | 1/10 | 2500/4966 |   5.03% | 1,280,000/25,423,800 | 2h53m | 5.517 | — | — | — | —
16:01:38 | 4.4 | 1/10 | 2525/4966 |   5.08% | 1,292,800/25,423,800 | 2h53m | 5.679 | — | — | — | —
16:01:44 | 4.4 | 1/10 | 2550/4966 |   5.13% | 1,305,600/25,423,800 | 2h53m | 5.582 | — | — | — | —
16:01:50 | 4.4 | 1/10 | 2575/4966 |   5.19% | 1,318,400/25,423,800 | 2h53m | 5.464 | — | — | — | —
16:01:55 | 4.4 | 1/10 | 2600/4966 |   5.24% | 1,331,200/25,423,800 | 2h53m | 5.511 | — | — | — | —
16:02:00 | 4.4 | 1/10 | 2625/4966 |   5.29% | 1,344,000/25,423,800 | 2h52m | 5.616 | — | — | — | —
16:02:06 | 4.4 | 1/10 | 2650/4966 |   5.34% | 1,356,800/25,423,800 | 2h52m | 5.525 | — | — | — | —
16:02:12 | 4.4 | 1/10 | 2675/4966 |   5.39% | 1,369,600/25,423,800 | 2h52m | 5.713 | — | — | — | —
16:02:18 | 4.4 | 1/10 | 2700/4966 |   5.44% | 1,382,400/25,423,800 | 2h53m | 5.452 | — | — | — | —
16:02:24 | 4.4 | 1/10 | 2725/4966 |   5.49% | 1,395,200/25,423,800 | 2h53m | 5.497 | — | — | — | —
16:02:30 | 4.4 | 1/10 | 2750/4966 |   5.54% | 1,408,000/25,423,800 | 2h53m | 5.621 | — | — | — | —
16:02:35 | 4.4 | 1/10 | 2775/4966 |   5.59% | 1,420,800/25,423,800 | 2h52m | 5.615 | — | — | — | —
16:02:40 | 4.4 | 1/10 | 2800/4966 |   5.64% | 1,433,600/25,423,800 | 2h52m | 5.398 | — | — | — | —
16:02:45 | 4.4 | 1/10 | 2825/4966 |   5.69% | 1,446,400/25,423,800 | 2h52m | 5.545 | — | — | — | —
16:02:51 | 4.4 | 1/10 | 2850/4966 |   5.74% | 1,459,200/25,423,800 | 2h52m | 5.628 | — | — | — | —
16:02:57 | 4.4 | 1/10 | 2875/4966 |   5.79% | 1,472,000/25,423,800 | 2h52m | 5.550 | — | — | — | —
16:03:03 | 4.4 | 1/10 | 2900/4966 |   5.84% | 1,484,800/25,423,800 | 2h52m | 5.466 | — | — | — | —
16:03:08 | 4.4 | 1/10 | 2925/4966 |   5.89% | 1,497,600/25,423,800 | 2h52m | 5.462 | — | — | — | —
16:03:13 | 4.4 | 1/10 | 2950/4966 |   5.94% | 1,510,400/25,423,800 | 2h52m | 5.433 | — | — | — | —
16:03:19 | 4.4 | 1/10 | 2975/4966 |   5.99% | 1,523,200/25,423,800 | 2h51m | 5.511 | — | — | — | —
16:03:24 | 4.4 | 1/10 | 3000/4966 |   6.04% | 1,536,000/25,423,800 | 2h51m | 5.528 | — | — | — | —
16:03:30 | 4.4 | 1/10 | 3025/4966 |   6.09% | 1,548,800/25,423,800 | 2h51m | 5.685 | — | — | — | —
16:03:35 | 4.4 | 1/10 | 3050/4966 |   6.14% | 1,561,600/25,423,800 | 2h51m | 5.480 | — | — | — | —
16:03:41 | 4.4 | 1/10 | 3075/4966 |   6.19% | 1,574,400/25,423,800 | 2h51m | 5.605 | — | — | — | —
16:03:46 | 4.4 | 1/10 | 3100/4966 |   6.24% | 1,587,200/25,423,800 | 2h51m | 5.641 | — | — | — | —
16:03:52 | 4.4 | 1/10 | 3125/4966 |   6.29% | 1,600,000/25,423,800 | 2h51m | 5.430 | — | — | — | —
16:03:57 | 4.4 | 1/10 | 3150/4966 |   6.34% | 1,612,800/25,423,800 | 2h51m | 5.459 | — | — | — | —
16:04:03 | 4.4 | 1/10 | 3175/4966 |   6.39% | 1,625,600/25,423,800 | 2h51m | 5.441 | — | — | — | —
16:04:09 | 4.4 | 1/10 | 3200/4966 |   6.44% | 1,638,400/25,423,800 | 2h51m | 5.496 | — | — | — | —
16:04:14 | 4.4 | 1/10 | 3225/4966 |   6.49% | 1,651,200/25,423,800 | 2h51m | 5.486 | — | — | — | —
16:04:20 | 4.4 | 1/10 | 3250/4966 |   6.54% | 1,664,000/25,423,800 | 2h50m | 5.445 | — | — | — | —
16:04:25 | 4.4 | 1/10 | 3275/4966 |   6.59% | 1,676,800/25,423,800 | 2h50m | 5.394 | — | — | — | —
16:04:30 | 4.4 | 1/10 | 3300/4966 |   6.65% | 1,689,600/25,423,800 | 2h50m | 5.608 | — | — | — | —
16:04:36 | 4.4 | 1/10 | 3325/4966 |   6.70% | 1,702,400/25,423,800 | 2h50m | 5.348 | — | — | — | —
16:04:41 | 4.4 | 1/10 | 3350/4966 |   6.75% | 1,715,200/25,423,800 | 2h50m | 5.491 | — | — | — | —
16:04:48 | 4.4 | 1/10 | 3375/4966 |   6.80% | 1,728,000/25,423,800 | 2h50m | 5.456 | — | — | — | —
16:04:53 | 4.4 | 1/10 | 3400/4966 |   6.85% | 1,740,800/25,423,800 | 2h50m | 5.537 | — | — | — | —
16:04:59 | 4.4 | 1/10 | 3425/4966 |   6.90% | 1,753,600/25,423,800 | 2h50m | 5.391 | — | — | — | —
16:05:04 | 4.4 | 1/10 | 3450/4966 |   6.95% | 1,766,400/25,423,800 | 2h50m | 5.485 | — | — | — | —
16:05:09 | 4.4 | 1/10 | 3475/4966 |   7.00% | 1,779,200/25,423,800 | 2h50m | 5.544 | — | — | — | —
16:05:15 | 4.4 | 1/10 | 3500/4966 |   7.05% | 1,792,000/25,423,800 | 2h50m | 5.552 | — | — | — | —
16:05:22 | 4.4 | 1/10 | 3525/4966 |   7.10% | 1,804,800/25,423,800 | 2h50m | 5.668 | — | — | — | —
16:05:29 | 4.4 | 1/10 | 3550/4966 |   7.15% | 1,817,600/25,423,800 | 2h50m | 5.493 | — | — | — | —
16:05:34 | 4.4 | 1/10 | 3575/4966 |   7.20% | 1,830,400/25,423,800 | 2h50m | 5.502 | — | — | — | —
16:05:39 | 4.4 | 1/10 | 3600/4966 |   7.25% | 1,843,200/25,423,800 | 2h50m | 5.574 | — | — | — | —
16:05:45 | 4.4 | 1/10 | 3625/4966 |   7.30% | 1,856,000/25,423,800 | 2h50m | 5.495 | — | — | — | —
16:05:50 | 4.4 | 1/10 | 3650/4966 |   7.35% | 1,868,800/25,423,800 | 2h49m | 5.351 | — | — | — | —
16:05:55 | 4.4 | 1/10 | 3675/4966 |   7.40% | 1,881,600/25,423,800 | 2h49m | 5.593 | — | — | — | —
16:06:01 | 4.4 | 1/10 | 3700/4966 |   7.45% | 1,894,400/25,423,800 | 2h49m | 5.461 | — | — | — | —
16:06:06 | 4.4 | 1/10 | 3725/4966 |   7.50% | 1,907,200/25,423,800 | 2h49m | 5.525 | — | — | — | —
16:06:11 | 4.4 | 1/10 | 3750/4966 |   7.55% | 1,920,000/25,423,800 | 2h49m | 5.375 | — | — | — | —
16:06:17 | 4.4 | 1/10 | 3775/4966 |   7.60% | 1,932,800/25,423,800 | 2h49m | 5.495 | — | — | — | —
16:06:22 | 4.4 | 1/10 | 3800/4966 |   7.65% | 1,945,600/25,423,800 | 2h49m | 5.381 | — | — | — | —
16:06:28 | 4.4 | 1/10 | 3825/4966 |   7.70% | 1,958,400/25,423,800 | 2h49m | 5.469 | — | — | — | —
16:06:34 | 4.4 | 1/10 | 3850/4966 |   7.75% | 1,971,200/25,423,800 | 2h49m | 5.366 | — | — | — | —
16:06:40 | 4.4 | 1/10 | 3875/4966 |   7.80% | 1,984,000/25,423,800 | 2h49m | 5.654 | — | — | — | —
16:06:46 | 4.4 | 1/10 | 3900/4966 |   7.85% | 1,996,800/25,423,800 | 2h49m | 5.362 | — | — | — | —
16:06:51 | 4.4 | 1/10 | 3925/4966 |   7.90% | 2,009,600/25,423,800 | 2h48m | 5.228 | — | — | — | —
16:06:57 | 4.4 | 1/10 | 3950/4966 |   7.95% | 2,022,400/25,423,800 | 2h48m | 5.646 | — | — | — | —
16:07:52 | 4.4 | 1/10 | 3975/4966 |   8.00% | 2,035,200/25,423,800 | 2h58m | 5.435 | — | — | — | —
16:07:58 | 4.4 | 1/10 | 4000/4966 |   8.05% | 2,048,000/25,423,800 | 2h58m | 5.319 | — | — | — | —
16:08:03 | 4.4 | 1/10 | 4025/4966 |   8.11% | 2,060,800/25,423,800 | 2h57m | 5.402 | — | — | — | —
16:08:08 | 4.4 | 1/10 | 4050/4966 |   8.16% | 2,073,600/25,423,800 | 2h57m | 5.540 | — | — | — | —
16:08:15 | 4.4 | 1/10 | 4075/4966 |   8.21% | 2,086,400/25,423,800 | 2h57m | 5.417 | — | — | — | —
16:08:28 | 4.4 | 1/10 | 4100/4966 |   8.26% | 2,099,200/25,423,800 | 2h59m | 5.302 | — | — | — | —
16:08:40 | 4.4 | 1/10 | 4125/4966 |   8.31% | 2,112,000/25,423,800 | 3h00m | 5.345 | — | — | — | —
16:08:48 | 4.4 | 1/10 | 4150/4966 |   8.36% | 2,124,800/25,423,800 | 3h00m | 5.405 | — | — | — | —
16:08:58 | 4.4 | 1/10 | 4175/4966 |   8.41% | 2,137,600/25,423,800 | 3h00m | 5.472 | — | — | — | —
16:09:04 | 4.4 | 1/10 | 4200/4966 |   8.46% | 2,150,400/25,423,800 | 3h00m | 5.325 | — | — | — | —
16:09:11 | 4.4 | 1/10 | 4225/4966 |   8.51% | 2,163,200/25,423,800 | 3h00m | 5.464 | — | — | — | —
16:09:17 | 4.4 | 1/10 | 4250/4966 |   8.56% | 2,176,000/25,423,800 | 3h00m | 5.273 | — | — | — | —
16:09:23 | 4.4 | 1/10 | 4275/4966 |   8.61% | 2,188,800/25,423,800 | 3h00m | 5.326 | — | — | — | —
16:09:31 | 4.4 | 1/10 | 4300/4966 |   8.66% | 2,201,600/25,423,800 | 3h01m | 5.565 | — | — | — | —
16:09:41 | 4.4 | 1/10 | 4325/4966 |   8.71% | 2,214,400/25,423,800 | 3h01m | 5.416 | — | — | — | —
16:09:47 | 4.4 | 1/10 | 4350/4966 |   8.76% | 2,227,200/25,423,800 | 3h01m | 5.393 | — | — | — | —
16:09:52 | 4.4 | 1/10 | 4375/4966 |   8.81% | 2,240,000/25,423,800 | 3h01m | 5.358 | — | — | — | —
16:09:57 | 4.4 | 1/10 | 4400/4966 |   8.86% | 2,252,800/25,423,800 | 3h01m | 5.486 | — | — | — | —
16:10:05 | 4.4 | 1/10 | 4425/4966 |   8.91% | 2,265,600/25,423,800 | 3h01m | 5.418 | — | — | — | —
16:10:10 | 4.4 | 1/10 | 4450/4966 |   8.96% | 2,278,400/25,423,800 | 3h01m | 5.397 | — | — | — | —
16:10:16 | 4.4 | 1/10 | 4475/4966 |   9.01% | 2,291,200/25,423,800 | 3h00m | 5.486 | — | — | — | —
16:10:21 | 4.4 | 1/10 | 4500/4966 |   9.06% | 2,304,000/25,423,800 | 3h00m | 5.343 | — | — | — | —
16:10:26 | 4.4 | 1/10 | 4525/4966 |   9.11% | 2,316,800/25,423,800 | 3h00m | 5.463 | — | — | — | —
16:10:32 | 4.4 | 1/10 | 4550/4966 |   9.16% | 2,329,600/25,423,800 | 3h00m | 5.485 | — | — | — | —
16:10:38 | 4.4 | 1/10 | 4575/4966 |   9.21% | 2,342,400/25,423,800 | 3h00m | 5.316 | — | — | — | —
16:10:43 | 4.4 | 1/10 | 4600/4966 |   9.26% | 2,355,200/25,423,800 | 2h59m | 5.396 | — | — | — | —
16:10:53 | 4.4 | 1/10 | 4625/4966 |   9.31% | 2,368,000/25,423,800 | 3h00m | 5.495 | — | — | — | —
16:11:04 | 4.4 | 1/10 | 4650/4966 |   9.36% | 2,380,800/25,423,800 | 3h01m | 5.554 | — | — | — | —
16:11:12 | 4.4 | 1/10 | 4675/4966 |   9.41% | 2,393,600/25,423,800 | 3h01m | 5.340 | — | — | — | —
16:11:19 | 4.4 | 1/10 | 4700/4966 |   9.46% | 2,406,400/25,423,800 | 3h01m | 5.337 | — | — | — | —
16:11:25 | 4.4 | 1/10 | 4725/4966 |   9.51% | 2,419,200/25,423,800 | 3h01m | 5.351 | — | — | — | —
16:11:32 | 4.4 | 1/10 | 4750/4966 |   9.57% | 2,432,000/25,423,800 | 3h01m | 5.375 | — | — | — | —
16:11:39 | 4.4 | 1/10 | 4775/4966 |   9.62% | 2,444,800/25,423,800 | 3h01m | 5.285 | — | — | — | —
16:11:45 | 4.4 | 1/10 | 4800/4966 |   9.67% | 2,457,600/25,423,800 | 3h01m | 5.240 | — | — | — | —
16:11:51 | 4.4 | 1/10 | 4825/4966 |   9.72% | 2,470,400/25,423,800 | 3h01m | 5.309 | — | — | — | —
16:11:57 | 4.4 | 1/10 | 4850/4966 |   9.77% | 2,483,200/25,423,800 | 3h01m | 5.167 | — | — | — | —
16:12:02 | 4.4 | 1/10 | 4875/4966 |   9.82% | 2,496,000/25,423,800 | 3h00m | 5.304 | — | — | — | —
16:12:08 | 4.4 | 1/10 | 4900/4966 |   9.87% | 2,508,800/25,423,800 | 3h00m | 5.374 | — | — | — | —
16:12:14 | 4.4 | 1/10 | 4925/4966 |   9.92% | 2,521,600/25,423,800 | 3h00m | 5.409 | — | — | — | —
16:12:19 | 4.4 | 1/10 | 4950/4966 |   9.97% | 2,534,400/25,423,800 | 3h00m | 5.430 | — | — | — | —
16:12:23 | 4.4 | 1/10 | 4966/4966 |  10.00% | 2,542,592/25,423,800 | 3h00m | 5.491 | — | — | — | —
16:12:35 | validation | 1/10 | epoch-end |  10.00% | 2,542,380/25,423,800 | 3h02m | 5.833 |  50.08% |  39.51% |   3.48% | 1.661
16:12:35 | 4.4 | 2/10 | 1/4966 |  10.00% | 2,543,104/25,423,800 | 3h02m | 5.357 | — | — | — | —
16:12:40 | 4.4 | 2/10 | 25/4966 |  10.05% | 2,555,392/25,423,800 | 3h01m | 5.337 | — | — | — | —
16:12:46 | 4.4 | 2/10 | 50/4966 |  10.10% | 2,568,192/25,423,800 | 3h01m | 5.274 | — | — | — | —
16:12:52 | 4.4 | 2/10 | 75/4966 |  10.15% | 2,580,992/25,423,800 | 3h01m | 5.453 | — | — | — | —
16:12:58 | 4.4 | 2/10 | 100/4966 |  10.20% | 2,593,792/25,423,800 | 3h01m | 5.190 | — | — | — | —
16:13:04 | 4.4 | 2/10 | 125/4966 |  10.25% | 2,606,592/25,423,800 | 3h01m | 5.297 | — | — | — | —
16:13:10 | 4.4 | 2/10 | 150/4966 |  10.30% | 2,619,392/25,423,800 | 3h01m | 5.134 | — | — | — | —
16:13:16 | 4.4 | 2/10 | 175/4966 |  10.35% | 2,632,192/25,423,800 | 3h01m | 5.368 | — | — | — | —
16:13:21 | 4.4 | 2/10 | 200/4966 |  10.40% | 2,644,992/25,423,800 | 3h00m | 5.458 | — | — | — | —
16:13:26 | 4.4 | 2/10 | 225/4966 |  10.45% | 2,657,792/25,423,800 | 3h00m | 5.359 | — | — | — | —
16:13:32 | 4.4 | 2/10 | 250/4966 |  10.50% | 2,670,592/25,423,800 | 3h00m | 5.333 | — | — | — | —
16:13:38 | 4.4 | 2/10 | 275/4966 |  10.55% | 2,683,392/25,423,800 | 3h00m | 5.102 | — | — | — | —
16:13:44 | 4.4 | 2/10 | 300/4966 |  10.60% | 2,696,192/25,423,800 | 3h00m | 5.165 | — | — | — | —
16:13:49 | 4.4 | 2/10 | 325/4966 |  10.65% | 2,708,992/25,423,800 | 3h00m | 5.210 | — | — | — | —
16:13:55 | 4.4 | 2/10 | 350/4966 |  10.70% | 2,721,792/25,423,800 | 2h59m | 5.203 | — | — | — | —
16:14:00 | 4.4 | 2/10 | 375/4966 |  10.76% | 2,734,592/25,423,800 | 2h59m | 5.256 | — | — | — | —
16:14:06 | 4.4 | 2/10 | 400/4966 |  10.81% | 2,747,392/25,423,800 | 2h59m | 5.354 | — | — | — | —
16:14:12 | 4.4 | 2/10 | 425/4966 |  10.86% | 2,760,192/25,423,800 | 2h59m | 5.328 | — | — | — | —
16:14:17 | 4.4 | 2/10 | 450/4966 |  10.91% | 2,772,992/25,423,800 | 2h59m | 5.368 | — | — | — | —
16:14:23 | 4.4 | 2/10 | 475/4966 |  10.96% | 2,785,792/25,423,800 | 2h59m | 5.377 | — | — | — | —
16:14:29 | 4.4 | 2/10 | 500/4966 |  11.01% | 2,798,592/25,423,800 | 2h58m | 5.323 | — | — | — | —
16:14:35 | 4.4 | 2/10 | 525/4966 |  11.06% | 2,811,392/25,423,800 | 2h58m | 5.234 | — | — | — | —
16:14:40 | 4.4 | 2/10 | 550/4966 |  11.11% | 2,824,192/25,423,800 | 2h58m | 5.443 | — | — | — | —
16:14:45 | 4.4 | 2/10 | 575/4966 |  11.16% | 2,836,992/25,423,800 | 2h58m | 5.433 | — | — | — | —
16:14:51 | 4.4 | 2/10 | 600/4966 |  11.21% | 2,849,792/25,423,800 | 2h58m | 5.552 | — | — | — | —
16:14:56 | 4.4 | 2/10 | 625/4966 |  11.26% | 2,862,592/25,423,800 | 2h58m | 5.430 | — | — | — | —
16:15:03 | 4.4 | 2/10 | 650/4966 |  11.31% | 2,875,392/25,423,800 | 2h57m | 5.303 | — | — | — | —
16:15:08 | 4.4 | 2/10 | 675/4966 |  11.36% | 2,888,192/25,423,800 | 2h57m | 5.247 | — | — | — | —
16:15:14 | 4.4 | 2/10 | 700/4966 |  11.41% | 2,900,992/25,423,800 | 2h57m | 5.326 | — | — | — | —
16:15:19 | 4.4 | 2/10 | 725/4966 |  11.46% | 2,913,792/25,423,800 | 2h57m | 5.263 | — | — | — | —
16:15:25 | 4.4 | 2/10 | 750/4966 |  11.51% | 2,926,592/25,423,800 | 2h57m | 5.291 | — | — | — | —
16:15:30 | 4.4 | 2/10 | 775/4966 |  11.56% | 2,939,392/25,423,800 | 2h57m | 5.262 | — | — | — | —
16:15:36 | 4.4 | 2/10 | 800/4966 |  11.61% | 2,952,192/25,423,800 | 2h56m | 5.315 | — | — | — | —
16:15:42 | 4.4 | 2/10 | 825/4966 |  11.66% | 2,964,992/25,423,800 | 2h56m | 5.332 | — | — | — | —
16:15:47 | 4.4 | 2/10 | 850/4966 |  11.71% | 2,977,792/25,423,800 | 2h56m | 5.291 | — | — | — | —
16:15:53 | 4.4 | 2/10 | 875/4966 |  11.76% | 2,990,592/25,423,800 | 2h56m | 5.247 | — | — | — | —
16:15:59 | 4.4 | 2/10 | 900/4966 |  11.81% | 3,003,392/25,423,800 | 2h56m | 5.084 | — | — | — | —
16:16:04 | 4.4 | 2/10 | 925/4966 |  11.86% | 3,016,192/25,423,800 | 2h56m | 5.383 | — | — | — | —
16:16:10 | 4.4 | 2/10 | 950/4966 |  11.91% | 3,028,992/25,423,800 | 2h56m | 5.431 | — | — | — | —
16:16:16 | 4.4 | 2/10 | 975/4966 |  11.96% | 3,041,792/25,423,800 | 2h55m | 5.444 | — | — | — | —
16:16:22 | 4.4 | 2/10 | 1000/4966 |  12.01% | 3,054,592/25,423,800 | 2h55m | 5.184 | — | — | — | —
16:16:27 | 4.4 | 2/10 | 1025/4966 |  12.06% | 3,067,392/25,423,800 | 2h55m | 5.281 | — | — | — | —
16:16:33 | 4.4 | 2/10 | 1050/4966 |  12.11% | 3,080,192/25,423,800 | 2h55m | 5.328 | — | — | — | —
16:16:38 | 4.4 | 2/10 | 1075/4966 |  12.16% | 3,092,992/25,423,800 | 2h55m | 5.294 | — | — | — | —
16:16:44 | 4.4 | 2/10 | 1100/4966 |  12.22% | 3,105,792/25,423,800 | 2h55m | 5.381 | — | — | — | —
16:16:49 | 4.4 | 2/10 | 1125/4966 |  12.27% | 3,118,592/25,423,800 | 2h55m | 5.278 | — | — | — | —
16:16:55 | 4.4 | 2/10 | 1150/4966 |  12.32% | 3,131,392/25,423,800 | 2h54m | 5.108 | — | — | — | —
16:17:01 | 4.4 | 2/10 | 1175/4966 |  12.37% | 3,144,192/25,423,800 | 2h54m | 5.260 | — | — | — | —
16:17:07 | 4.4 | 2/10 | 1200/4966 |  12.42% | 3,156,992/25,423,800 | 2h54m | 5.186 | — | — | — | —
16:17:12 | 4.4 | 2/10 | 1225/4966 |  12.47% | 3,169,792/25,423,800 | 2h54m | 5.219 | — | — | — | —
16:17:17 | 4.4 | 2/10 | 1250/4966 |  12.52% | 3,182,592/25,423,800 | 2h54m | 5.280 | — | — | — | —
16:17:23 | 4.4 | 2/10 | 1275/4966 |  12.57% | 3,195,392/25,423,800 | 2h54m | 5.377 | — | — | — | —
16:17:28 | 4.4 | 2/10 | 1300/4966 |  12.62% | 3,208,192/25,423,800 | 2h53m | 5.300 | — | — | — | —
16:17:34 | 4.4 | 2/10 | 1325/4966 |  12.67% | 3,220,992/25,423,800 | 2h53m | 5.309 | — | — | — | —
16:17:40 | 4.4 | 2/10 | 1350/4966 |  12.72% | 3,233,792/25,423,800 | 2h53m | 5.076 | — | — | — | —
16:17:45 | 4.4 | 2/10 | 1375/4966 |  12.77% | 3,246,592/25,423,800 | 2h53m | 5.377 | — | — | — | —
16:17:51 | 4.4 | 2/10 | 1400/4966 |  12.82% | 3,259,392/25,423,800 | 2h53m | 5.348 | — | — | — | —
16:17:56 | 4.4 | 2/10 | 1425/4966 |  12.87% | 3,272,192/25,423,800 | 2h53m | 5.240 | — | — | — | —
16:18:01 | 4.4 | 2/10 | 1450/4966 |  12.92% | 3,284,992/25,423,800 | 2h53m | 5.237 | — | — | — | —
16:18:07 | 4.4 | 2/10 | 1475/4966 |  12.97% | 3,297,792/25,423,800 | 2h52m | 5.280 | — | — | — | —
16:18:13 | 4.4 | 2/10 | 1500/4966 |  13.02% | 3,310,592/25,423,800 | 2h52m | 5.243 | — | — | — | —
16:18:19 | 4.4 | 2/10 | 1525/4966 |  13.07% | 3,323,392/25,423,800 | 2h52m | 5.205 | — | — | — | —
16:18:24 | 4.4 | 2/10 | 1550/4966 |  13.12% | 3,336,192/25,423,800 | 2h52m | 5.280 | — | — | — | —
16:18:30 | 4.4 | 2/10 | 1575/4966 |  13.17% | 3,348,992/25,423,800 | 2h52m | 5.311 | — | — | — | —
16:18:36 | 4.4 | 2/10 | 1600/4966 |  13.22% | 3,361,792/25,423,800 | 2h52m | 5.249 | — | — | — | —
16:18:41 | 4.4 | 2/10 | 1625/4966 |  13.27% | 3,374,592/25,423,800 | 2h52m | 5.144 | — | — | — | —
16:18:47 | 4.4 | 2/10 | 1650/4966 |  13.32% | 3,387,392/25,423,800 | 2h51m | 5.021 | — | — | — | —
16:18:53 | 4.4 | 2/10 | 1675/4966 |  13.37% | 3,400,192/25,423,800 | 2h51m | 5.403 | — | — | — | —
16:18:59 | 4.4 | 2/10 | 1700/4966 |  13.42% | 3,412,992/25,423,800 | 2h51m | 5.255 | — | — | — | —
16:19:04 | 4.4 | 2/10 | 1725/4966 |  13.47% | 3,425,792/25,423,800 | 2h51m | 5.165 | — | — | — | —
16:19:10 | 4.4 | 2/10 | 1750/4966 |  13.52% | 3,438,592/25,423,800 | 2h51m | 5.334 | — | — | — | —
16:19:16 | 4.4 | 2/10 | 1775/4966 |  13.57% | 3,451,392/25,423,800 | 2h51m | 5.300 | — | — | — | —
16:19:21 | 4.4 | 2/10 | 1800/4966 |  13.62% | 3,464,192/25,423,800 | 2h51m | 5.229 | — | — | — | —
16:19:27 | 4.4 | 2/10 | 1825/4966 |  13.67% | 3,476,992/25,423,800 | 2h51m | 5.296 | — | — | — | —
16:19:33 | 4.4 | 2/10 | 1850/4966 |  13.73% | 3,489,792/25,423,800 | 2h50m | 5.443 | — | — | — | —
16:19:38 | 4.4 | 2/10 | 1875/4966 |  13.78% | 3,502,592/25,423,800 | 2h50m | 5.201 | — | — | — | —
16:19:43 | 4.4 | 2/10 | 1900/4966 |  13.83% | 3,515,392/25,423,800 | 2h50m | 5.397 | — | — | — | —
16:19:49 | 4.4 | 2/10 | 1925/4966 |  13.88% | 3,528,192/25,423,800 | 2h50m | 5.158 | — | — | — | —
16:19:54 | 4.4 | 2/10 | 1950/4966 |  13.93% | 3,540,992/25,423,800 | 2h50m | 5.181 | — | — | — | —
16:20:00 | 4.4 | 2/10 | 1975/4966 |  13.98% | 3,553,792/25,423,800 | 2h50m | 5.015 | — | — | — | —
16:20:06 | 4.4 | 2/10 | 2000/4966 |  14.03% | 3,566,592/25,423,800 | 2h50m | 5.216 | — | — | — | —
16:20:11 | 4.4 | 2/10 | 2025/4966 |  14.08% | 3,579,392/25,423,800 | 2h49m | 5.271 | — | — | — | —
16:20:17 | 4.4 | 2/10 | 2050/4966 |  14.13% | 3,592,192/25,423,800 | 2h49m | 5.298 | — | — | — | —
16:20:22 | 4.4 | 2/10 | 2075/4966 |  14.18% | 3,604,992/25,423,800 | 2h49m | 5.167 | — | — | — | —
16:20:28 | 4.4 | 2/10 | 2100/4966 |  14.23% | 3,617,792/25,423,800 | 2h49m | 5.225 | — | — | — | —
16:20:33 | 4.4 | 2/10 | 2125/4966 |  14.28% | 3,630,592/25,423,800 | 2h49m | 5.230 | — | — | — | —
16:20:39 | 4.4 | 2/10 | 2150/4966 |  14.33% | 3,643,392/25,423,800 | 2h49m | 5.299 | — | — | — | —
16:20:44 | 4.4 | 2/10 | 2175/4966 |  14.38% | 3,656,192/25,423,800 | 2h49m | 5.257 | — | — | — | —
16:20:51 | 4.4 | 2/10 | 2200/4966 |  14.43% | 3,668,992/25,423,800 | 2h48m | 5.204 | — | — | — | —
16:20:56 | 4.4 | 2/10 | 2225/4966 |  14.48% | 3,681,792/25,423,800 | 2h48m | 5.155 | — | — | — | —
16:21:01 | 4.4 | 2/10 | 2250/4966 |  14.53% | 3,694,592/25,423,800 | 2h48m | 5.118 | — | — | — | —
16:21:07 | 4.4 | 2/10 | 2275/4966 |  14.58% | 3,707,392/25,423,800 | 2h48m | 5.243 | — | — | — | —
16:21:12 | 4.4 | 2/10 | 2300/4966 |  14.63% | 3,720,192/25,423,800 | 2h48m | 5.168 | — | — | — | —
16:21:18 | 4.4 | 2/10 | 2325/4966 |  14.68% | 3,732,992/25,423,800 | 2h48m | 5.221 | — | — | — | —
16:21:24 | 4.4 | 2/10 | 2350/4966 |  14.73% | 3,745,792/25,423,800 | 2h48m | 5.312 | — | — | — | —
16:21:29 | 4.4 | 2/10 | 2375/4966 |  14.78% | 3,758,592/25,423,800 | 2h47m | 5.145 | — | — | — | —
16:21:34 | 4.4 | 2/10 | 2400/4966 |  14.83% | 3,771,392/25,423,800 | 2h47m | 5.178 | — | — | — | —
16:21:40 | 4.4 | 2/10 | 2425/4966 |  14.88% | 3,784,192/25,423,800 | 2h47m | 5.286 | — | — | — | —
16:21:45 | 4.4 | 2/10 | 2450/4966 |  14.93% | 3,796,992/25,423,800 | 2h47m | 5.334 | — | — | — | —
16:21:51 | 4.4 | 2/10 | 2475/4966 |  14.98% | 3,809,792/25,423,800 | 2h47m | 5.169 | — | — | — | —
16:21:57 | 4.4 | 2/10 | 2500/4966 |  15.03% | 3,822,592/25,423,800 | 2h47m | 5.168 | — | — | — | —
16:22:02 | 4.4 | 2/10 | 2525/4966 |  15.08% | 3,835,392/25,423,800 | 2h47m | 5.237 | — | — | — | —
16:22:08 | 4.4 | 2/10 | 2550/4966 |  15.13% | 3,848,192/25,423,800 | 2h46m | 5.236 | — | — | — | —
16:22:13 | 4.4 | 2/10 | 2575/4966 |  15.19% | 3,860,992/25,423,800 | 2h46m | 5.180 | — | — | — | —
16:22:19 | 4.4 | 2/10 | 2600/4966 |  15.24% | 3,873,792/25,423,800 | 2h46m | 5.169 | — | — | — | —
16:22:24 | 4.4 | 2/10 | 2625/4966 |  15.29% | 3,886,592/25,423,800 | 2h46m | 5.338 | — | — | — | —
16:22:30 | 4.4 | 2/10 | 2650/4966 |  15.34% | 3,899,392/25,423,800 | 2h46m | 5.048 | — | — | — | —
16:22:35 | 4.4 | 2/10 | 2675/4966 |  15.39% | 3,912,192/25,423,800 | 2h46m | 5.131 | — | — | — | —
16:22:41 | 4.4 | 2/10 | 2700/4966 |  15.44% | 3,924,992/25,423,800 | 2h46m | 5.215 | — | — | — | —
16:22:46 | 4.4 | 2/10 | 2725/4966 |  15.49% | 3,937,792/25,423,800 | 2h45m | 5.415 | — | — | — | —
16:22:52 | 4.4 | 2/10 | 2750/4966 |  15.54% | 3,950,592/25,423,800 | 2h45m | 5.036 | — | — | — | —
16:22:58 | 4.4 | 2/10 | 2775/4966 |  15.59% | 3,963,392/25,423,800 | 2h45m | 5.078 | — | — | — | —
16:23:03 | 4.4 | 2/10 | 2800/4966 |  15.64% | 3,976,192/25,423,800 | 2h45m | 5.059 | — | — | — | —
16:23:08 | 4.4 | 2/10 | 2825/4966 |  15.69% | 3,988,992/25,423,800 | 2h45m | 5.249 | — | — | — | —
16:23:14 | 4.4 | 2/10 | 2850/4966 |  15.74% | 4,001,792/25,423,800 | 2h45m | 5.017 | — | — | — | —
16:23:19 | 4.4 | 2/10 | 2875/4966 |  15.79% | 4,014,592/25,423,800 | 2h45m | 5.014 | — | — | — | —
16:23:24 | 4.4 | 2/10 | 2900/4966 |  15.84% | 4,027,392/25,423,800 | 2h45m | 5.086 | — | — | — | —
16:23:30 | 4.4 | 2/10 | 2925/4966 |  15.89% | 4,040,192/25,423,800 | 2h44m | 5.218 | — | — | — | —
16:23:35 | 4.4 | 2/10 | 2950/4966 |  15.94% | 4,052,992/25,423,800 | 2h44m | 5.085 | — | — | — | —
16:23:41 | 4.4 | 2/10 | 2975/4966 |  15.99% | 4,065,792/25,423,800 | 2h44m | 5.141 | — | — | — | —
16:23:46 | 4.4 | 2/10 | 3000/4966 |  16.04% | 4,078,592/25,423,800 | 2h44m | 5.025 | — | — | — | —
16:23:51 | 4.4 | 2/10 | 3025/4966 |  16.09% | 4,091,392/25,423,800 | 2h44m | 5.330 | — | — | — | —
16:23:57 | 4.4 | 2/10 | 3050/4966 |  16.14% | 4,104,192/25,423,800 | 2h44m | 5.229 | — | — | — | —
16:24:02 | 4.4 | 2/10 | 3075/4966 |  16.19% | 4,116,992/25,423,800 | 2h43m | 5.308 | — | — | — | —
16:24:07 | 4.4 | 2/10 | 3100/4966 |  16.24% | 4,129,792/25,423,800 | 2h43m | 5.172 | — | — | — | —
16:24:13 | 4.4 | 2/10 | 3125/4966 |  16.29% | 4,142,592/25,423,800 | 2h43m | 5.171 | — | — | — | —
16:24:18 | 4.4 | 2/10 | 3150/4966 |  16.34% | 4,155,392/25,423,800 | 2h43m | 5.243 | — | — | — | —
16:24:24 | 4.4 | 2/10 | 3175/4966 |  16.39% | 4,168,192/25,423,800 | 2h43m | 5.093 | — | — | — | —
16:24:29 | 4.4 | 2/10 | 3200/4966 |  16.44% | 4,180,992/25,423,800 | 2h43m | 5.052 | — | — | — | —
16:24:34 | 4.4 | 2/10 | 3225/4966 |  16.49% | 4,193,792/25,423,800 | 2h43m | 5.096 | — | — | — | —
16:24:40 | 4.4 | 2/10 | 3250/4966 |  16.54% | 4,206,592/25,423,800 | 2h42m | 5.225 | — | — | — | —
16:24:46 | 4.4 | 2/10 | 3275/4966 |  16.59% | 4,219,392/25,423,800 | 2h42m | 5.130 | — | — | — | —
16:24:51 | 4.4 | 2/10 | 3300/4966 |  16.65% | 4,232,192/25,423,800 | 2h42m | 5.348 | — | — | — | —
16:24:56 | 4.4 | 2/10 | 3325/4966 |  16.70% | 4,244,992/25,423,800 | 2h42m | 5.023 | — | — | — | —
16:25:02 | 4.4 | 2/10 | 3350/4966 |  16.75% | 4,257,792/25,423,800 | 2h42m | 5.202 | — | — | — | —
16:25:07 | 4.4 | 2/10 | 3375/4966 |  16.80% | 4,270,592/25,423,800 | 2h42m | 5.283 | — | — | — | —
16:25:13 | 4.4 | 2/10 | 3400/4966 |  16.85% | 4,283,392/25,423,800 | 2h42m | 5.126 | — | — | — | —
16:25:18 | 4.4 | 2/10 | 3425/4966 |  16.90% | 4,296,192/25,423,800 | 2h42m | 5.227 | — | — | — | —
16:25:24 | 4.4 | 2/10 | 3450/4966 |  16.95% | 4,308,992/25,423,800 | 2h41m | 5.340 | — | — | — | —
16:25:29 | 4.4 | 2/10 | 3475/4966 |  17.00% | 4,321,792/25,423,800 | 2h41m | 5.196 | — | — | — | —
16:25:34 | 4.4 | 2/10 | 3500/4966 |  17.05% | 4,334,592/25,423,800 | 2h41m | 5.150 | — | — | — | —
16:25:40 | 4.4 | 2/10 | 3525/4966 |  17.10% | 4,347,392/25,423,800 | 2h41m | 5.262 | — | — | — | —
16:25:45 | 4.4 | 2/10 | 3550/4966 |  17.15% | 4,360,192/25,423,800 | 2h41m | 5.080 | — | — | — | —
16:25:50 | 4.4 | 2/10 | 3575/4966 |  17.20% | 4,372,992/25,423,800 | 2h41m | 5.172 | — | — | — | —
16:25:56 | 4.4 | 2/10 | 3600/4966 |  17.25% | 4,385,792/25,423,800 | 2h41m | 5.175 | — | — | — | —
16:26:01 | 4.4 | 2/10 | 3625/4966 |  17.30% | 4,398,592/25,423,800 | 2h40m | 5.034 | — | — | — | —
16:26:06 | 4.4 | 2/10 | 3650/4966 |  17.35% | 4,411,392/25,423,800 | 2h40m | 5.076 | — | — | — | —
16:26:12 | 4.4 | 2/10 | 3675/4966 |  17.40% | 4,424,192/25,423,800 | 2h40m | 5.081 | — | — | — | —
16:26:17 | 4.4 | 2/10 | 3700/4966 |  17.45% | 4,436,992/25,423,800 | 2h40m | 5.094 | — | — | — | —
16:26:22 | 4.4 | 2/10 | 3725/4966 |  17.50% | 4,449,792/25,423,800 | 2h40m | 5.302 | — | — | — | —
16:26:28 | 4.4 | 2/10 | 3750/4966 |  17.55% | 4,462,592/25,423,800 | 2h40m | 5.190 | — | — | — | —
16:26:33 | 4.4 | 2/10 | 3775/4966 |  17.60% | 4,475,392/25,423,800 | 2h40m | 5.248 | — | — | — | —
16:26:39 | 4.4 | 2/10 | 3800/4966 |  17.65% | 4,488,192/25,423,800 | 2h39m | 5.016 | — | — | — | —
16:26:44 | 4.4 | 2/10 | 3825/4966 |  17.70% | 4,500,992/25,423,800 | 2h39m | 5.115 | — | — | — | —
16:26:49 | 4.4 | 2/10 | 3850/4966 |  17.75% | 4,513,792/25,423,800 | 2h39m | 5.014 | — | — | — | —
16:26:55 | 4.4 | 2/10 | 3875/4966 |  17.80% | 4,526,592/25,423,800 | 2h39m | 5.159 | — | — | — | —
16:27:00 | 4.4 | 2/10 | 3900/4966 |  17.85% | 4,539,392/25,423,800 | 2h39m | 5.202 | — | — | — | —
16:27:06 | 4.4 | 2/10 | 3925/4966 |  17.90% | 4,552,192/25,423,800 | 2h39m | 5.233 | — | — | — | —
16:27:11 | 4.4 | 2/10 | 3950/4966 |  17.95% | 4,564,992/25,423,800 | 2h39m | 5.119 | — | — | — | —
16:27:16 | 4.4 | 2/10 | 3975/4966 |  18.00% | 4,577,792/25,423,800 | 2h39m | 5.082 | — | — | — | —
16:27:22 | 4.4 | 2/10 | 4000/4966 |  18.05% | 4,590,592/25,423,800 | 2h38m | 5.192 | — | — | — | —
16:27:27 | 4.4 | 2/10 | 4025/4966 |  18.11% | 4,603,392/25,423,800 | 2h38m | 5.339 | — | — | — | —
16:27:32 | 4.4 | 2/10 | 4050/4966 |  18.16% | 4,616,192/25,423,800 | 2h38m | 5.079 | — | — | — | —
16:27:38 | 4.4 | 2/10 | 4075/4966 |  18.21% | 4,628,992/25,423,800 | 2h38m | 5.128 | — | — | — | —
16:27:43 | 4.4 | 2/10 | 4100/4966 |  18.26% | 4,641,792/25,423,800 | 2h38m | 5.283 | — | — | — | —
16:27:49 | 4.4 | 2/10 | 4125/4966 |  18.31% | 4,654,592/25,423,800 | 2h38m | 5.120 | — | — | — | —
16:27:54 | 4.4 | 2/10 | 4150/4966 |  18.36% | 4,667,392/25,423,800 | 2h38m | 5.192 | — | — | — | —
16:27:59 | 4.4 | 2/10 | 4175/4966 |  18.41% | 4,680,192/25,423,800 | 2h37m | 5.274 | — | — | — | —
16:28:05 | 4.4 | 2/10 | 4200/4966 |  18.46% | 4,692,992/25,423,800 | 2h37m | 5.270 | — | — | — | —
16:28:11 | 4.4 | 2/10 | 4225/4966 |  18.51% | 4,705,792/25,423,800 | 2h37m | 4.972 | — | — | — | —
16:28:16 | 4.4 | 2/10 | 4250/4966 |  18.56% | 4,718,592/25,423,800 | 2h37m | 5.155 | — | — | — | —
16:28:21 | 4.4 | 2/10 | 4275/4966 |  18.61% | 4,731,392/25,423,800 | 2h37m | 5.215 | — | — | — | —
16:28:27 | 4.4 | 2/10 | 4300/4966 |  18.66% | 4,744,192/25,423,800 | 2h37m | 5.274 | — | — | — | —
16:28:32 | 4.4 | 2/10 | 4325/4966 |  18.71% | 4,756,992/25,423,800 | 2h37m | 5.175 | — | — | — | —
16:28:37 | 4.4 | 2/10 | 4350/4966 |  18.76% | 4,769,792/25,423,800 | 2h37m | 5.057 | — | — | — | —
16:28:43 | 4.4 | 2/10 | 4375/4966 |  18.81% | 4,782,592/25,423,800 | 2h36m | 5.209 | — | — | — | —
16:28:48 | 4.4 | 2/10 | 4400/4966 |  18.86% | 4,795,392/25,423,800 | 2h36m | 5.124 | — | — | — | —
16:28:53 | 4.4 | 2/10 | 4425/4966 |  18.91% | 4,808,192/25,423,800 | 2h36m | 5.235 | — | — | — | —
16:28:59 | 4.4 | 2/10 | 4450/4966 |  18.96% | 4,820,992/25,423,800 | 2h36m | 5.183 | — | — | — | —
16:29:04 | 4.4 | 2/10 | 4475/4966 |  19.01% | 4,833,792/25,423,800 | 2h36m | 5.133 | — | — | — | —
16:29:10 | 4.4 | 2/10 | 4500/4966 |  19.06% | 4,846,592/25,423,800 | 2h36m | 5.069 | — | — | — | —
16:29:15 | 4.4 | 2/10 | 4525/4966 |  19.11% | 4,859,392/25,423,800 | 2h36m | 4.946 | — | — | — | —
16:29:20 | 4.4 | 2/10 | 4550/4966 |  19.16% | 4,872,192/25,423,800 | 2h36m | 5.052 | — | — | — | —
16:29:25 | 4.4 | 2/10 | 4575/4966 |  19.21% | 4,884,992/25,423,800 | 2h35m | 5.051 | — | — | — | —
16:29:31 | 4.4 | 2/10 | 4600/4966 |  19.26% | 4,897,792/25,423,800 | 2h35m | 5.136 | — | — | — | —
16:29:36 | 4.4 | 2/10 | 4625/4966 |  19.31% | 4,910,592/25,423,800 | 2h35m | 5.214 | — | — | — | —
16:29:42 | 4.4 | 2/10 | 4650/4966 |  19.36% | 4,923,392/25,423,800 | 2h35m | 5.029 | — | — | — | —
16:29:47 | 4.4 | 2/10 | 4675/4966 |  19.41% | 4,936,192/25,423,800 | 2h35m | 4.981 | — | — | — | —
16:29:52 | 4.4 | 2/10 | 4700/4966 |  19.46% | 4,948,992/25,423,800 | 2h35m | 5.235 | — | — | — | —
16:29:58 | 4.4 | 2/10 | 4725/4966 |  19.51% | 4,961,792/25,423,800 | 2h35m | 5.174 | — | — | — | —
16:30:03 | 4.4 | 2/10 | 4750/4966 |  19.57% | 4,974,592/25,423,800 | 2h34m | 5.207 | — | — | — | —
16:30:08 | 4.4 | 2/10 | 4775/4966 |  19.62% | 4,987,392/25,423,800 | 2h34m | 5.188 | — | — | — | —
16:30:14 | 4.4 | 2/10 | 4800/4966 |  19.67% | 5,000,192/25,423,800 | 2h34m | 5.209 | — | — | — | —
16:30:19 | 4.4 | 2/10 | 4825/4966 |  19.72% | 5,012,992/25,423,800 | 2h34m | 5.094 | — | — | — | —
16:30:24 | 4.4 | 2/10 | 4850/4966 |  19.77% | 5,025,792/25,423,800 | 2h34m | 4.979 | — | — | — | —
16:30:30 | 4.4 | 2/10 | 4875/4966 |  19.82% | 5,038,592/25,423,800 | 2h34m | 5.169 | — | — | — | —
16:30:35 | 4.4 | 2/10 | 4900/4966 |  19.87% | 5,051,392/25,423,800 | 2h34m | 5.115 | — | — | — | —
16:30:41 | 4.4 | 2/10 | 4925/4966 |  19.92% | 5,064,192/25,423,800 | 2h34m | 5.026 | — | — | — | —
16:30:46 | 4.4 | 2/10 | 4950/4966 |  19.97% | 5,076,992/25,423,800 | 2h33m | 5.207 | — | — | — | —
16:30:50 | 4.4 | 2/10 | 4966/4966 |  20.00% | 5,085,184/25,423,800 | 2h33m | 5.184 | — | — | — | —
16:31:02 | validation | 2/10 | epoch-end |  20.00% | 5,084,760/25,423,800 | 2h34m | 5.213 |  52.45% |  42.50% |   4.74% | 1.578
16:31:02 | 4.4 | 3/10 | 1/4966 |  20.00% | 5,085,696/25,423,800 | 2h34m | 5.081 | — | — | — | —
16:31:07 | 4.4 | 3/10 | 25/4966 |  20.05% | 5,097,984/25,423,800 | 2h34m | 5.385 | — | — | — | —
16:31:13 | 4.4 | 3/10 | 50/4966 |  20.10% | 5,110,784/25,423,800 | 2h34m | 5.085 | — | — | — | —
16:31:18 | 4.4 | 3/10 | 75/4966 |  20.15% | 5,123,584/25,423,800 | 2h34m | 5.086 | — | — | — | —
16:31:24 | 4.4 | 3/10 | 100/4966 |  20.20% | 5,136,384/25,423,800 | 2h34m | 5.041 | — | — | — | —
16:31:29 | 4.4 | 3/10 | 125/4966 |  20.25% | 5,149,184/25,423,800 | 2h34m | 5.078 | — | — | — | —
16:31:35 | 4.4 | 3/10 | 150/4966 |  20.30% | 5,161,984/25,423,800 | 2h34m | 4.966 | — | — | — | —
16:31:41 | 4.4 | 3/10 | 175/4966 |  20.35% | 5,174,784/25,423,800 | 2h33m | 5.070 | — | — | — | —
16:31:47 | 4.4 | 3/10 | 200/4966 |  20.40% | 5,187,584/25,423,800 | 2h33m | 5.209 | — | — | — | —
16:31:52 | 4.4 | 3/10 | 225/4966 |  20.45% | 5,200,384/25,423,800 | 2h33m | 5.039 | — | — | — | —
16:31:57 | 4.4 | 3/10 | 250/4966 |  20.50% | 5,213,184/25,423,800 | 2h33m | 4.933 | — | — | — | —
16:32:03 | 4.4 | 3/10 | 275/4966 |  20.55% | 5,225,984/25,423,800 | 2h33m | 4.879 | — | — | — | —
16:32:08 | 4.4 | 3/10 | 300/4966 |  20.60% | 5,238,784/25,423,800 | 2h33m | 5.072 | — | — | — | —
16:32:13 | 4.4 | 3/10 | 325/4966 |  20.65% | 5,251,584/25,423,800 | 2h33m | 5.108 | — | — | — | —
16:32:19 | 4.4 | 3/10 | 350/4966 |  20.70% | 5,264,384/25,423,800 | 2h33m | 5.122 | — | — | — | —
16:32:24 | 4.4 | 3/10 | 375/4966 |  20.76% | 5,277,184/25,423,800 | 2h32m | 5.194 | — | — | — | —
16:32:30 | 4.4 | 3/10 | 400/4966 |  20.81% | 5,289,984/25,423,800 | 2h32m | 5.286 | — | — | — | —
16:32:36 | 4.4 | 3/10 | 425/4966 |  20.86% | 5,302,784/25,423,800 | 2h32m | 5.129 | — | — | — | —
16:32:41 | 4.4 | 3/10 | 450/4966 |  20.91% | 5,315,584/25,423,800 | 2h32m | 5.042 | — | — | — | —
16:32:47 | 4.4 | 3/10 | 475/4966 |  20.96% | 5,328,384/25,423,800 | 2h32m | 5.193 | — | — | — | —
16:32:52 | 4.4 | 3/10 | 500/4966 |  21.01% | 5,341,184/25,423,800 | 2h32m | 5.247 | — | — | — | —
16:32:57 | 4.4 | 3/10 | 525/4966 |  21.06% | 5,353,984/25,423,800 | 2h32m | 5.111 | — | — | — | —
16:33:03 | 4.4 | 3/10 | 550/4966 |  21.11% | 5,366,784/25,423,800 | 2h32m | 5.091 | — | — | — | —
16:33:09 | 4.4 | 3/10 | 575/4966 |  21.16% | 5,379,584/25,423,800 | 2h31m | 5.200 | — | — | — | —
16:33:14 | 4.4 | 3/10 | 600/4966 |  21.21% | 5,392,384/25,423,800 | 2h31m | 5.089 | — | — | — | —
16:33:19 | 4.4 | 3/10 | 625/4966 |  21.26% | 5,405,184/25,423,800 | 2h31m | 4.963 | — | — | — | —
16:33:25 | 4.4 | 3/10 | 650/4966 |  21.31% | 5,417,984/25,423,800 | 2h31m | 5.078 | — | — | — | —
16:33:30 | 4.4 | 3/10 | 675/4966 |  21.36% | 5,430,784/25,423,800 | 2h31m | 5.145 | — | — | — | —
16:33:35 | 4.4 | 3/10 | 700/4966 |  21.41% | 5,443,584/25,423,800 | 2h31m | 5.343 | — | — | — | —
16:33:41 | 4.4 | 3/10 | 725/4966 |  21.46% | 5,456,384/25,423,800 | 2h31m | 5.027 | — | — | — | —
16:33:47 | 4.4 | 3/10 | 750/4966 |  21.51% | 5,469,184/25,423,800 | 2h31m | 5.059 | — | — | — | —
16:33:54 | 4.4 | 3/10 | 775/4966 |  21.56% | 5,481,984/25,423,800 | 2h31m | 5.021 | — | — | — | —
16:34:00 | 4.4 | 3/10 | 800/4966 |  21.61% | 5,494,784/25,423,800 | 2h31m | 5.059 | — | — | — | —
16:34:05 | 4.4 | 3/10 | 825/4966 |  21.66% | 5,507,584/25,423,800 | 2h30m | 5.156 | — | — | — | —
16:34:10 | 4.4 | 3/10 | 850/4966 |  21.71% | 5,520,384/25,423,800 | 2h30m | 5.077 | — | — | — | —
16:34:16 | 4.4 | 3/10 | 875/4966 |  21.76% | 5,533,184/25,423,800 | 2h30m | 5.146 | — | — | — | —
16:34:21 | 4.4 | 3/10 | 900/4966 |  21.81% | 5,545,984/25,423,800 | 2h30m | 5.166 | — | — | — | —
16:34:27 | 4.4 | 3/10 | 925/4966 |  21.86% | 5,558,784/25,423,800 | 2h30m | 5.095 | — | — | — | —
16:34:32 | 4.4 | 3/10 | 950/4966 |  21.91% | 5,571,584/25,423,800 | 2h30m | 5.050 | — | — | — | —
16:34:38 | 4.4 | 3/10 | 975/4966 |  21.96% | 5,584,384/25,423,800 | 2h30m | 5.255 | — | — | — | —
16:34:43 | 4.4 | 3/10 | 1000/4966 |  22.01% | 5,597,184/25,423,800 | 2h30m | 5.108 | — | — | — | —
16:34:48 | 4.4 | 3/10 | 1025/4966 |  22.06% | 5,609,984/25,423,800 | 2h29m | 5.019 | — | — | — | —
16:34:54 | 4.4 | 3/10 | 1050/4966 |  22.11% | 5,622,784/25,423,800 | 2h29m | 5.108 | — | — | — | —
16:34:59 | 4.4 | 3/10 | 1075/4966 |  22.16% | 5,635,584/25,423,800 | 2h29m | 5.031 | — | — | — | —
16:35:05 | 4.4 | 3/10 | 1100/4966 |  22.22% | 5,648,384/25,423,800 | 2h29m | 4.964 | — | — | — | —
16:35:10 | 4.4 | 3/10 | 1125/4966 |  22.27% | 5,661,184/25,423,800 | 2h29m | 5.031 | — | — | — | —
16:35:15 | 4.4 | 3/10 | 1150/4966 |  22.32% | 5,673,984/25,423,800 | 2h29m | 5.116 | — | — | — | —
16:35:21 | 4.4 | 3/10 | 1175/4966 |  22.37% | 5,686,784/25,423,800 | 2h29m | 5.161 | — | — | — | —
16:35:26 | 4.4 | 3/10 | 1200/4966 |  22.42% | 5,699,584/25,423,800 | 2h29m | 5.201 | — | — | — | —
16:35:32 | 4.4 | 3/10 | 1225/4966 |  22.47% | 5,712,384/25,423,800 | 2h28m | 4.951 | — | — | — | —
16:35:37 | 4.4 | 3/10 | 1250/4966 |  22.52% | 5,725,184/25,423,800 | 2h28m | 5.230 | — | — | — | —
16:35:43 | 4.4 | 3/10 | 1275/4966 |  22.57% | 5,737,984/25,423,800 | 2h28m | 5.232 | — | — | — | —
16:35:48 | 4.4 | 3/10 | 1300/4966 |  22.62% | 5,750,784/25,423,800 | 2h28m | 5.172 | — | — | — | —
16:35:53 | 4.4 | 3/10 | 1325/4966 |  22.67% | 5,763,584/25,423,800 | 2h28m | 5.222 | — | — | — | —
16:35:58 | 4.4 | 3/10 | 1350/4966 |  22.72% | 5,776,384/25,423,800 | 2h28m | 5.053 | — | — | — | —
16:36:04 | 4.4 | 3/10 | 1375/4966 |  22.77% | 5,789,184/25,423,800 | 2h28m | 4.958 | — | — | — | —
16:36:09 | 4.4 | 3/10 | 1400/4966 |  22.82% | 5,801,984/25,423,800 | 2h28m | 5.212 | — | — | — | —
16:36:15 | 4.4 | 3/10 | 1425/4966 |  22.87% | 5,814,784/25,423,800 | 2h28m | 5.093 | — | — | — | —
16:36:20 | 4.4 | 3/10 | 1450/4966 |  22.92% | 5,827,584/25,423,800 | 2h27m | 4.871 | — | — | — | —
16:36:26 | 4.4 | 3/10 | 1475/4966 |  22.97% | 5,840,384/25,423,800 | 2h27m | 5.175 | — | — | — | —
16:36:31 | 4.4 | 3/10 | 1500/4966 |  23.02% | 5,853,184/25,423,800 | 2h27m | 5.139 | — | — | — | —
16:36:37 | 4.4 | 3/10 | 1525/4966 |  23.07% | 5,865,984/25,423,800 | 2h27m | 5.047 | — | — | — | —
16:36:42 | 4.4 | 3/10 | 1550/4966 |  23.12% | 5,878,784/25,423,800 | 2h27m | 5.115 | — | — | — | —
16:36:48 | 4.4 | 3/10 | 1575/4966 |  23.17% | 5,891,584/25,423,800 | 2h27m | 4.990 | — | — | — | —
16:36:53 | 4.4 | 3/10 | 1600/4966 |  23.22% | 5,904,384/25,423,800 | 2h27m | 5.240 | — | — | — | —
16:36:59 | 4.4 | 3/10 | 1625/4966 |  23.27% | 5,917,184/25,423,800 | 2h27m | 5.066 | — | — | — | —
16:37:04 | 4.4 | 3/10 | 1650/4966 |  23.32% | 5,929,984/25,423,800 | 2h27m | 4.817 | — | — | — | —
16:37:10 | 4.4 | 3/10 | 1675/4966 |  23.37% | 5,942,784/25,423,800 | 2h26m | 5.153 | — | — | — | —
16:37:15 | 4.4 | 3/10 | 1700/4966 |  23.42% | 5,955,584/25,423,800 | 2h26m | 5.023 | — | — | — | —
16:37:20 | 4.4 | 3/10 | 1725/4966 |  23.47% | 5,968,384/25,423,800 | 2h26m | 5.069 | — | — | — | —
16:37:26 | 4.4 | 3/10 | 1750/4966 |  23.52% | 5,981,184/25,423,800 | 2h26m | 5.055 | — | — | — | —
16:37:31 | 4.4 | 3/10 | 1775/4966 |  23.57% | 5,993,984/25,423,800 | 2h26m | 5.102 | — | — | — | —
16:37:36 | 4.4 | 3/10 | 1800/4966 |  23.62% | 6,006,784/25,423,800 | 2h26m | 5.152 | — | — | — | —
16:37:42 | 4.4 | 3/10 | 1825/4966 |  23.67% | 6,019,584/25,423,800 | 2h26m | 5.157 | — | — | — | —
16:37:47 | 4.4 | 3/10 | 1850/4966 |  23.73% | 6,032,384/25,423,800 | 2h26m | 5.089 | — | — | — | —
16:37:53 | 4.4 | 3/10 | 1875/4966 |  23.78% | 6,045,184/25,423,800 | 2h25m | 5.138 | — | — | — | —
16:37:58 | 4.4 | 3/10 | 1900/4966 |  23.83% | 6,057,984/25,423,800 | 2h25m | 5.032 | — | — | — | —
16:38:04 | 4.4 | 3/10 | 1925/4966 |  23.88% | 6,070,784/25,423,800 | 2h25m | 4.945 | — | — | — | —
16:38:09 | 4.4 | 3/10 | 1950/4966 |  23.93% | 6,083,584/25,423,800 | 2h25m | 5.156 | — | — | — | —
16:38:14 | 4.4 | 3/10 | 1975/4966 |  23.98% | 6,096,384/25,423,800 | 2h25m | 5.174 | — | — | — | —
16:38:19 | 4.4 | 3/10 | 2000/4966 |  24.03% | 6,109,184/25,423,800 | 2h25m | 5.189 | — | — | — | —
16:38:25 | 4.4 | 3/10 | 2025/4966 |  24.08% | 6,121,984/25,423,800 | 2h25m | 4.938 | — | — | — | —
16:38:31 | 4.4 | 3/10 | 2050/4966 |  24.13% | 6,134,784/25,423,800 | 2h25m | 5.026 | — | — | — | —
16:38:37 | 4.4 | 3/10 | 2075/4966 |  24.18% | 6,147,584/25,423,800 | 2h25m | 5.030 | — | — | — | —
16:38:43 | 4.4 | 3/10 | 2100/4966 |  24.23% | 6,160,384/25,423,800 | 2h24m | 5.178 | — | — | — | —
16:38:48 | 4.4 | 3/10 | 2125/4966 |  24.28% | 6,173,184/25,423,800 | 2h24m | 4.926 | — | — | — | —
16:38:53 | 4.4 | 3/10 | 2150/4966 |  24.33% | 6,185,984/25,423,800 | 2h24m | 5.165 | — | — | — | —
16:38:59 | 4.4 | 3/10 | 2175/4966 |  24.38% | 6,198,784/25,423,800 | 2h24m | 5.180 | — | — | — | —
16:39:04 | 4.4 | 3/10 | 2200/4966 |  24.43% | 6,211,584/25,423,800 | 2h24m | 5.182 | — | — | — | —
16:39:10 | 4.4 | 3/10 | 2225/4966 |  24.48% | 6,224,384/25,423,800 | 2h24m | 4.966 | — | — | — | —
16:39:15 | 4.4 | 3/10 | 2250/4966 |  24.53% | 6,237,184/25,423,800 | 2h24m | 5.066 | — | — | — | —
16:39:21 | 4.4 | 3/10 | 2275/4966 |  24.58% | 6,249,984/25,423,800 | 2h24m | 5.058 | — | — | — | —
16:39:27 | 4.4 | 3/10 | 2300/4966 |  24.63% | 6,262,784/25,423,800 | 2h24m | 4.976 | — | — | — | —
16:39:32 | 4.4 | 3/10 | 2325/4966 |  24.68% | 6,275,584/25,423,800 | 2h23m | 5.066 | — | — | — | —
16:39:38 | 4.4 | 3/10 | 2350/4966 |  24.73% | 6,288,384/25,423,800 | 2h23m | 5.144 | — | — | — | —
16:39:43 | 4.4 | 3/10 | 2375/4966 |  24.78% | 6,301,184/25,423,800 | 2h23m | 5.119 | — | — | — | —
16:39:48 | 4.4 | 3/10 | 2400/4966 |  24.83% | 6,313,984/25,423,800 | 2h23m | 5.011 | — | — | — | —
16:39:54 | 4.4 | 3/10 | 2425/4966 |  24.88% | 6,326,784/25,423,800 | 2h23m | 5.062 | — | — | — | —
16:39:59 | 4.4 | 3/10 | 2450/4966 |  24.93% | 6,339,584/25,423,800 | 2h23m | 5.161 | — | — | — | —
16:40:05 | 4.4 | 3/10 | 2475/4966 |  24.98% | 6,352,384/25,423,800 | 2h23m | 5.147 | — | — | — | —
16:40:11 | 4.4 | 3/10 | 2500/4966 |  25.03% | 6,365,184/25,423,800 | 2h23m | 5.145 | — | — | — | —
16:40:16 | 4.4 | 3/10 | 2525/4966 |  25.08% | 6,377,984/25,423,800 | 2h23m | 5.062 | — | — | — | —
16:40:22 | 4.4 | 3/10 | 2550/4966 |  25.13% | 6,390,784/25,423,800 | 2h23m | 5.172 | — | — | — | —
16:40:27 | 4.4 | 3/10 | 2575/4966 |  25.19% | 6,403,584/25,423,800 | 2h22m | 4.944 | — | — | — | —
16:40:33 | 4.4 | 3/10 | 2600/4966 |  25.24% | 6,416,384/25,423,800 | 2h22m | 4.954 | — | — | — | —
16:40:38 | 4.4 | 3/10 | 2625/4966 |  25.29% | 6,429,184/25,423,800 | 2h22m | 5.063 | — | — | — | —
16:40:44 | 4.4 | 3/10 | 2650/4966 |  25.34% | 6,441,984/25,423,800 | 2h22m | 5.155 | — | — | — | —
16:40:49 | 4.4 | 3/10 | 2675/4966 |  25.39% | 6,454,784/25,423,800 | 2h22m | 5.097 | — | — | — | —
16:40:55 | 4.4 | 3/10 | 2700/4966 |  25.44% | 6,467,584/25,423,800 | 2h22m | 4.921 | — | — | — | —
16:41:01 | 4.4 | 3/10 | 2725/4966 |  25.49% | 6,480,384/25,423,800 | 2h22m | 5.151 | — | — | — | —
16:41:06 | 4.4 | 3/10 | 2750/4966 |  25.54% | 6,493,184/25,423,800 | 2h22m | 4.876 | — | — | — | —
16:41:12 | 4.4 | 3/10 | 2775/4966 |  25.59% | 6,505,984/25,423,800 | 2h22m | 5.121 | — | — | — | —
16:41:17 | 4.4 | 3/10 | 2800/4966 |  25.64% | 6,518,784/25,423,800 | 2h21m | 4.977 | — | — | — | —
16:41:22 | 4.4 | 3/10 | 2825/4966 |  25.69% | 6,531,584/25,423,800 | 2h21m | 4.953 | — | — | — | —
16:41:28 | 4.4 | 3/10 | 2850/4966 |  25.74% | 6,544,384/25,423,800 | 2h21m | 5.016 | — | — | — | —
16:41:33 | 4.4 | 3/10 | 2875/4966 |  25.79% | 6,557,184/25,423,800 | 2h21m | 5.191 | — | — | — | —
16:41:39 | 4.4 | 3/10 | 2900/4966 |  25.84% | 6,569,984/25,423,800 | 2h21m | 5.169 | — | — | — | —
16:41:44 | 4.4 | 3/10 | 2925/4966 |  25.89% | 6,582,784/25,423,800 | 2h21m | 5.025 | — | — | — | —
16:41:49 | 4.4 | 3/10 | 2950/4966 |  25.94% | 6,595,584/25,423,800 | 2h21m | 5.034 | — | — | — | —
16:41:55 | 4.4 | 3/10 | 2975/4966 |  25.99% | 6,608,384/25,423,800 | 2h21m | 5.078 | — | — | — | —
16:42:00 | 4.4 | 3/10 | 3000/4966 |  26.04% | 6,621,184/25,423,800 | 2h21m | 4.997 | — | — | — | —
16:42:05 | 4.4 | 3/10 | 3025/4966 |  26.09% | 6,633,984/25,423,800 | 2h20m | 5.037 | — | — | — | —
16:42:11 | 4.4 | 3/10 | 3050/4966 |  26.14% | 6,646,784/25,423,800 | 2h20m | 5.048 | — | — | — | —
16:42:16 | 4.4 | 3/10 | 3075/4966 |  26.19% | 6,659,584/25,423,800 | 2h20m | 4.945 | — | — | — | —
16:42:21 | 4.4 | 3/10 | 3100/4966 |  26.24% | 6,672,384/25,423,800 | 2h20m | 4.897 | — | — | — | —
16:42:27 | 4.4 | 3/10 | 3125/4966 |  26.29% | 6,685,184/25,423,800 | 2h20m | 5.085 | — | — | — | —
16:42:32 | 4.4 | 3/10 | 3150/4966 |  26.34% | 6,697,984/25,423,800 | 2h20m | 5.053 | — | — | — | —
16:42:38 | 4.4 | 3/10 | 3175/4966 |  26.39% | 6,710,784/25,423,800 | 2h20m | 5.063 | — | — | — | —
16:42:43 | 4.4 | 3/10 | 3200/4966 |  26.44% | 6,723,584/25,423,800 | 2h20m | 4.837 | — | — | — | —
16:42:48 | 4.4 | 3/10 | 3225/4966 |  26.49% | 6,736,384/25,423,800 | 2h19m | 5.177 | — | — | — | —
16:42:54 | 4.4 | 3/10 | 3250/4966 |  26.54% | 6,749,184/25,423,800 | 2h19m | 4.974 | — | — | — | —
16:43:00 | 4.4 | 3/10 | 3275/4966 |  26.59% | 6,761,984/25,423,800 | 2h19m | 5.112 | — | — | — | —
16:43:05 | 4.4 | 3/10 | 3300/4966 |  26.65% | 6,774,784/25,423,800 | 2h19m | 4.995 | — | — | — | —
16:43:11 | 4.4 | 3/10 | 3325/4966 |  26.70% | 6,787,584/25,423,800 | 2h19m | 4.898 | — | — | — | —
16:43:17 | 4.4 | 3/10 | 3350/4966 |  26.75% | 6,800,384/25,423,800 | 2h19m | 5.087 | — | — | — | —
16:43:22 | 4.4 | 3/10 | 3375/4966 |  26.80% | 6,813,184/25,423,800 | 2h19m | 4.886 | — | — | — | —
16:43:27 | 4.4 | 3/10 | 3400/4966 |  26.85% | 6,825,984/25,423,800 | 2h19m | 4.935 | — | — | — | —
16:43:33 | 4.4 | 3/10 | 3425/4966 |  26.90% | 6,838,784/25,423,800 | 2h19m | 5.022 | — | — | — | —
16:43:38 | 4.4 | 3/10 | 3450/4966 |  26.95% | 6,851,584/25,423,800 | 2h19m | 4.903 | — | — | — | —
16:43:43 | 4.4 | 3/10 | 3475/4966 |  27.00% | 6,864,384/25,423,800 | 2h18m | 4.942 | — | — | — | —
16:43:49 | 4.4 | 3/10 | 3500/4966 |  27.05% | 6,877,184/25,423,800 | 2h18m | 5.024 | — | — | — | —
16:43:55 | 4.4 | 3/10 | 3525/4966 |  27.10% | 6,889,984/25,423,800 | 2h18m | 5.092 | — | — | — | —
16:44:00 | 4.4 | 3/10 | 3550/4966 |  27.15% | 6,902,784/25,423,800 | 2h18m | 4.994 | — | — | — | —
16:44:05 | 4.4 | 3/10 | 3575/4966 |  27.20% | 6,915,584/25,423,800 | 2h18m | 5.123 | — | — | — | —
16:44:11 | 4.4 | 3/10 | 3600/4966 |  27.25% | 6,928,384/25,423,800 | 2h18m | 5.041 | — | — | — | —
16:44:16 | 4.4 | 3/10 | 3625/4966 |  27.30% | 6,941,184/25,423,800 | 2h18m | 4.970 | — | — | — | —
16:44:21 | 4.4 | 3/10 | 3650/4966 |  27.35% | 6,953,984/25,423,800 | 2h18m | 5.123 | — | — | — | —
16:44:27 | 4.4 | 3/10 | 3675/4966 |  27.40% | 6,966,784/25,423,800 | 2h18m | 5.108 | — | — | — | —
16:44:32 | 4.4 | 3/10 | 3700/4966 |  27.45% | 6,979,584/25,423,800 | 2h17m | 5.141 | — | — | — | —
16:44:38 | 4.4 | 3/10 | 3725/4966 |  27.50% | 6,992,384/25,423,800 | 2h17m | 5.016 | — | — | — | —
16:44:43 | 4.4 | 3/10 | 3750/4966 |  27.55% | 7,005,184/25,423,800 | 2h17m | 5.049 | — | — | — | —
16:44:49 | 4.4 | 3/10 | 3775/4966 |  27.60% | 7,017,984/25,423,800 | 2h17m | 5.242 | — | — | — | —
16:44:54 | 4.4 | 3/10 | 3800/4966 |  27.65% | 7,030,784/25,423,800 | 2h17m | 5.040 | — | — | — | —
16:44:59 | 4.4 | 3/10 | 3825/4966 |  27.70% | 7,043,584/25,423,800 | 2h17m | 5.024 | — | — | — | —
16:45:05 | 4.4 | 3/10 | 3850/4966 |  27.75% | 7,056,384/25,423,800 | 2h17m | 5.097 | — | — | — | —
16:45:10 | 4.4 | 3/10 | 3875/4966 |  27.80% | 7,069,184/25,423,800 | 2h17m | 5.008 | — | — | — | —
16:45:16 | 4.4 | 3/10 | 3900/4966 |  27.85% | 7,081,984/25,423,800 | 2h17m | 4.868 | — | — | — | —
16:45:21 | 4.4 | 3/10 | 3925/4966 |  27.90% | 7,094,784/25,423,800 | 2h16m | 5.021 | — | — | — | —
16:45:26 | 4.4 | 3/10 | 3950/4966 |  27.95% | 7,107,584/25,423,800 | 2h16m | 5.103 | — | — | — | —
16:45:32 | 4.4 | 3/10 | 3975/4966 |  28.00% | 7,120,384/25,423,800 | 2h16m | 4.978 | — | — | — | —
16:45:37 | 4.4 | 3/10 | 4000/4966 |  28.05% | 7,133,184/25,423,800 | 2h16m | 5.071 | — | — | — | —
16:45:42 | 4.4 | 3/10 | 4025/4966 |  28.11% | 7,145,984/25,423,800 | 2h16m | 4.858 | — | — | — | —
16:45:48 | 4.4 | 3/10 | 4050/4966 |  28.16% | 7,158,784/25,423,800 | 2h16m | 5.185 | — | — | — | —
16:45:54 | 4.4 | 3/10 | 4075/4966 |  28.21% | 7,171,584/25,423,800 | 2h16m | 5.085 | — | — | — | —
16:46:00 | 4.4 | 3/10 | 4100/4966 |  28.26% | 7,184,384/25,423,800 | 2h16m | 5.041 | — | — | — | —
16:46:05 | 4.4 | 3/10 | 4125/4966 |  28.31% | 7,197,184/25,423,800 | 2h16m | 5.009 | — | — | — | —
16:46:10 | 4.4 | 3/10 | 4150/4966 |  28.36% | 7,209,984/25,423,800 | 2h15m | 5.052 | — | — | — | —
16:46:15 | 4.4 | 3/10 | 4175/4966 |  28.41% | 7,222,784/25,423,800 | 2h15m | 5.234 | — | — | — | —
16:46:21 | 4.4 | 3/10 | 4200/4966 |  28.46% | 7,235,584/25,423,800 | 2h15m | 5.176 | — | — | — | —
16:46:26 | 4.4 | 3/10 | 4225/4966 |  28.51% | 7,248,384/25,423,800 | 2h15m | 4.979 | — | — | — | —
16:46:32 | 4.4 | 3/10 | 4250/4966 |  28.56% | 7,261,184/25,423,800 | 2h15m | 4.984 | — | — | — | —
16:46:37 | 4.4 | 3/10 | 4275/4966 |  28.61% | 7,273,984/25,423,800 | 2h15m | 5.151 | — | — | — | —
16:46:43 | 4.4 | 3/10 | 4300/4966 |  28.66% | 7,286,784/25,423,800 | 2h15m | 5.024 | — | — | — | —
16:46:48 | 4.4 | 3/10 | 4325/4966 |  28.71% | 7,299,584/25,423,800 | 2h15m | 4.944 | — | — | — | —
16:46:53 | 4.4 | 3/10 | 4350/4966 |  28.76% | 7,312,384/25,423,800 | 2h15m | 4.943 | — | — | — | —
16:46:59 | 4.4 | 3/10 | 4375/4966 |  28.81% | 7,325,184/25,423,800 | 2h15m | 4.809 | — | — | — | —
16:47:04 | 4.4 | 3/10 | 4400/4966 |  28.86% | 7,337,984/25,423,800 | 2h14m | 4.981 | — | — | — | —
16:47:10 | 4.4 | 3/10 | 4425/4966 |  28.91% | 7,350,784/25,423,800 | 2h14m | 5.146 | — | — | — | —
16:47:15 | 4.4 | 3/10 | 4450/4966 |  28.96% | 7,363,584/25,423,800 | 2h14m | 5.043 | — | — | — | —
16:47:21 | 4.4 | 3/10 | 4475/4966 |  29.01% | 7,376,384/25,423,800 | 2h14m | 5.053 | — | — | — | —
16:47:26 | 4.4 | 3/10 | 4500/4966 |  29.06% | 7,389,184/25,423,800 | 2h14m | 5.058 | — | — | — | —
16:47:31 | 4.4 | 3/10 | 4525/4966 |  29.11% | 7,401,984/25,423,800 | 2h14m | 5.153 | — | — | — | —
16:47:37 | 4.4 | 3/10 | 4550/4966 |  29.16% | 7,414,784/25,423,800 | 2h14m | 5.114 | — | — | — | —
16:47:42 | 4.4 | 3/10 | 4575/4966 |  29.21% | 7,427,584/25,423,800 | 2h14m | 5.068 | — | — | — | —
16:47:47 | 4.4 | 3/10 | 4600/4966 |  29.26% | 7,440,384/25,423,800 | 2h13m | 4.906 | — | — | — | —
16:47:52 | 4.4 | 3/10 | 4625/4966 |  29.31% | 7,453,184/25,423,800 | 2h13m | 4.932 | — | — | — | —
16:47:58 | 4.4 | 3/10 | 4650/4966 |  29.36% | 7,465,984/25,423,800 | 2h13m | 4.916 | — | — | — | —
16:48:03 | 4.4 | 3/10 | 4675/4966 |  29.41% | 7,478,784/25,423,800 | 2h13m | 4.970 | — | — | — | —
16:48:09 | 4.4 | 3/10 | 4700/4966 |  29.46% | 7,491,584/25,423,800 | 2h13m | 5.006 | — | — | — | —
16:48:14 | 4.4 | 3/10 | 4725/4966 |  29.51% | 7,504,384/25,423,800 | 2h13m | 5.058 | — | — | — | —
16:48:19 | 4.4 | 3/10 | 4750/4966 |  29.57% | 7,517,184/25,423,800 | 2h13m | 5.093 | — | — | — | —
16:48:24 | 4.4 | 3/10 | 4775/4966 |  29.62% | 7,529,984/25,423,800 | 2h13m | 4.902 | — | — | — | —
16:48:29 | 4.4 | 3/10 | 4800/4966 |  29.67% | 7,542,784/25,423,800 | 2h13m | 4.894 | — | — | — | —
16:48:35 | 4.4 | 3/10 | 4825/4966 |  29.72% | 7,555,584/25,423,800 | 2h12m | 4.864 | — | — | — | —
16:48:40 | 4.4 | 3/10 | 4850/4966 |  29.77% | 7,568,384/25,423,800 | 2h12m | 5.019 | — | — | — | —
16:48:45 | 4.4 | 3/10 | 4875/4966 |  29.82% | 7,581,184/25,423,800 | 2h12m | 5.062 | — | — | — | —
16:48:51 | 4.4 | 3/10 | 4900/4966 |  29.87% | 7,593,984/25,423,800 | 2h12m | 4.945 | — | — | — | —
16:48:56 | 4.4 | 3/10 | 4925/4966 |  29.92% | 7,606,784/25,423,800 | 2h12m | 4.940 | — | — | — | —
16:49:02 | 4.4 | 3/10 | 4950/4966 |  29.97% | 7,619,584/25,423,800 | 2h12m | 5.125 | — | — | — | —
16:49:05 | 4.4 | 3/10 | 4966/4966 |  30.00% | 7,627,776/25,423,800 | 2h12m | 5.045 | — | — | — | —
16:49:17 | validation | 3/10 | epoch-end |  30.00% | 7,627,140/25,423,800 | 2h12m | 5.057 |  53.57% |  43.09% |   5.55% | 1.549
16:49:17 | 4.4 | 4/10 | 1/4966 |  30.00% | 7,628,288/25,423,800 | 2h12m | 5.189 | — | — | — | —
16:49:22 | 4.4 | 4/10 | 25/4966 |  30.05% | 7,640,576/25,423,800 | 2h12m | 4.924 | — | — | — | —
16:49:27 | 4.4 | 4/10 | 50/4966 |  30.10% | 7,653,376/25,423,800 | 2h12m | 5.080 | — | — | — | —
16:49:32 | 4.4 | 4/10 | 75/4966 |  30.15% | 7,666,176/25,423,800 | 2h12m | 4.817 | — | — | — | —
16:49:37 | 4.4 | 4/10 | 100/4966 |  30.20% | 7,678,976/25,423,800 | 2h12m | 4.973 | — | — | — | —
16:49:43 | 4.4 | 4/10 | 125/4966 |  30.25% | 7,691,776/25,423,800 | 2h12m | 5.044 | — | — | — | —
16:49:48 | 4.4 | 4/10 | 150/4966 |  30.30% | 7,704,576/25,423,800 | 2h12m | 4.890 | — | — | — | —
16:49:53 | 4.4 | 4/10 | 175/4966 |  30.35% | 7,717,376/25,423,800 | 2h12m | 4.885 | — | — | — | —
16:49:58 | 4.4 | 4/10 | 200/4966 |  30.40% | 7,730,176/25,423,800 | 2h11m | 4.934 | — | — | — | —
16:50:03 | 4.4 | 4/10 | 225/4966 |  30.45% | 7,742,976/25,423,800 | 2h11m | 5.042 | — | — | — | —
16:50:09 | 4.4 | 4/10 | 250/4966 |  30.50% | 7,755,776/25,423,800 | 2h11m | 5.073 | — | — | — | —
16:50:14 | 4.4 | 4/10 | 275/4966 |  30.55% | 7,768,576/25,423,800 | 2h11m | 5.027 | — | — | — | —
16:50:19 | 4.4 | 4/10 | 300/4966 |  30.60% | 7,781,376/25,423,800 | 2h11m | 4.968 | — | — | — | —
16:50:24 | 4.4 | 4/10 | 325/4966 |  30.65% | 7,794,176/25,423,800 | 2h11m | 4.985 | — | — | — | —
16:50:30 | 4.4 | 4/10 | 350/4966 |  30.70% | 7,806,976/25,423,800 | 2h11m | 5.174 | — | — | — | —
16:50:35 | 4.4 | 4/10 | 375/4966 |  30.76% | 7,819,776/25,423,800 | 2h11m | 5.111 | — | — | — | —
16:50:40 | 4.4 | 4/10 | 400/4966 |  30.81% | 7,832,576/25,423,800 | 2h10m | 5.043 | — | — | — | —
16:50:45 | 4.4 | 4/10 | 425/4966 |  30.86% | 7,845,376/25,423,800 | 2h10m | 4.996 | — | — | — | —
16:50:50 | 4.4 | 4/10 | 450/4966 |  30.91% | 7,858,176/25,423,800 | 2h10m | 5.118 | — | — | — | —
16:50:56 | 4.4 | 4/10 | 475/4966 |  30.96% | 7,870,976/25,423,800 | 2h10m | 5.001 | — | — | — | —
16:51:01 | 4.4 | 4/10 | 500/4966 |  31.01% | 7,883,776/25,423,800 | 2h10m | 4.903 | — | — | — | —
16:51:06 | 4.4 | 4/10 | 525/4966 |  31.06% | 7,896,576/25,423,800 | 2h10m | 5.029 | — | — | — | —
16:51:12 | 4.4 | 4/10 | 550/4966 |  31.11% | 7,909,376/25,423,800 | 2h10m | 5.023 | — | — | — | —
16:51:17 | 4.4 | 4/10 | 575/4966 |  31.16% | 7,922,176/25,423,800 | 2h10m | 5.023 | — | — | — | —
16:51:22 | 4.4 | 4/10 | 600/4966 |  31.21% | 7,934,976/25,423,800 | 2h10m | 5.037 | — | — | — | —
16:51:27 | 4.4 | 4/10 | 625/4966 |  31.26% | 7,947,776/25,423,800 | 2h09m | 4.940 | — | — | — | —
16:51:32 | 4.4 | 4/10 | 650/4966 |  31.31% | 7,960,576/25,423,800 | 2h09m | 5.033 | — | — | — | —
16:51:38 | 4.4 | 4/10 | 675/4966 |  31.36% | 7,973,376/25,423,800 | 2h09m | 4.949 | — | — | — | —
16:51:43 | 4.4 | 4/10 | 700/4966 |  31.41% | 7,986,176/25,423,800 | 2h09m | 4.942 | — | — | — | —
16:51:49 | 4.4 | 4/10 | 725/4966 |  31.46% | 7,998,976/25,423,800 | 2h09m | 4.874 | — | — | — | —
16:51:54 | 4.4 | 4/10 | 750/4966 |  31.51% | 8,011,776/25,423,800 | 2h09m | 4.826 | — | — | — | —
16:51:59 | 4.4 | 4/10 | 775/4966 |  31.56% | 8,024,576/25,423,800 | 2h09m | 5.202 | — | — | — | —
16:52:05 | 4.4 | 4/10 | 800/4966 |  31.61% | 8,037,376/25,423,800 | 2h09m | 4.795 | — | — | — | —
16:52:10 | 4.4 | 4/10 | 825/4966 |  31.66% | 8,050,176/25,423,800 | 2h09m | 4.998 | — | — | — | —
16:52:15 | 4.4 | 4/10 | 850/4966 |  31.71% | 8,062,976/25,423,800 | 2h08m | 5.087 | — | — | — | —
16:52:21 | 4.4 | 4/10 | 875/4966 |  31.76% | 8,075,776/25,423,800 | 2h08m | 5.033 | — | — | — | —
16:52:26 | 4.4 | 4/10 | 900/4966 |  31.81% | 8,088,576/25,423,800 | 2h08m | 5.118 | — | — | — | —
16:52:31 | 4.4 | 4/10 | 925/4966 |  31.86% | 8,101,376/25,423,800 | 2h08m | 4.835 | — | — | — | —
16:52:36 | 4.4 | 4/10 | 950/4966 |  31.91% | 8,114,176/25,423,800 | 2h08m | 4.882 | — | — | — | —
16:52:41 | 4.4 | 4/10 | 975/4966 |  31.96% | 8,126,976/25,423,800 | 2h08m | 4.911 | — | — | — | —
16:52:47 | 4.4 | 4/10 | 1000/4966 |  32.01% | 8,139,776/25,423,800 | 2h08m | 5.001 | — | — | — | —
16:52:52 | 4.4 | 4/10 | 1025/4966 |  32.06% | 8,152,576/25,423,800 | 2h08m | 5.071 | — | — | — | —
16:52:57 | 4.4 | 4/10 | 1050/4966 |  32.11% | 8,165,376/25,423,800 | 2h08m | 5.000 | — | — | — | —
16:53:02 | 4.4 | 4/10 | 1075/4966 |  32.16% | 8,178,176/25,423,800 | 2h07m | 4.925 | — | — | — | —
16:53:08 | 4.4 | 4/10 | 1100/4966 |  32.22% | 8,190,976/25,423,800 | 2h07m | 4.926 | — | — | — | —
16:53:13 | 4.4 | 4/10 | 1125/4966 |  32.27% | 8,203,776/25,423,800 | 2h07m | 4.997 | — | — | — | —
16:53:18 | 4.4 | 4/10 | 1150/4966 |  32.32% | 8,216,576/25,423,800 | 2h07m | 5.124 | — | — | — | —
16:53:23 | 4.4 | 4/10 | 1175/4966 |  32.37% | 8,229,376/25,423,800 | 2h07m | 5.027 | — | — | — | —
16:53:29 | 4.4 | 4/10 | 1200/4966 |  32.42% | 8,242,176/25,423,800 | 2h07m | 5.019 | — | — | — | —
16:53:34 | 4.4 | 4/10 | 1225/4966 |  32.47% | 8,254,976/25,423,800 | 2h07m | 4.906 | — | — | — | —
16:53:39 | 4.4 | 4/10 | 1250/4966 |  32.52% | 8,267,776/25,423,800 | 2h07m | 5.006 | — | — | — | —
16:53:44 | 4.4 | 4/10 | 1275/4966 |  32.57% | 8,280,576/25,423,800 | 2h07m | 5.032 | — | — | — | —
16:53:50 | 4.4 | 4/10 | 1300/4966 |  32.62% | 8,293,376/25,423,800 | 2h06m | 4.920 | — | — | — | —
16:53:55 | 4.4 | 4/10 | 1325/4966 |  32.67% | 8,306,176/25,423,800 | 2h06m | 4.945 | — | — | — | —
16:54:00 | 4.4 | 4/10 | 1350/4966 |  32.72% | 8,318,976/25,423,800 | 2h06m | 4.940 | — | — | — | —
16:54:05 | 4.4 | 4/10 | 1375/4966 |  32.77% | 8,331,776/25,423,800 | 2h06m | 5.062 | — | — | — | —
16:54:11 | 4.4 | 4/10 | 1400/4966 |  32.82% | 8,344,576/25,423,800 | 2h06m | 5.003 | — | — | — | —
16:54:16 | 4.4 | 4/10 | 1425/4966 |  32.87% | 8,357,376/25,423,800 | 2h06m | 5.118 | — | — | — | —
16:54:21 | 4.4 | 4/10 | 1450/4966 |  32.92% | 8,370,176/25,423,800 | 2h06m | 4.871 | — | — | — | —
16:54:27 | 4.4 | 4/10 | 1475/4966 |  32.97% | 8,382,976/25,423,800 | 2h06m | 4.921 | — | — | — | —
16:54:33 | 4.4 | 4/10 | 1500/4966 |  33.02% | 8,395,776/25,423,800 | 2h06m | 5.056 | — | — | — | —
16:54:38 | 4.4 | 4/10 | 1525/4966 |  33.07% | 8,408,576/25,423,800 | 2h06m | 5.068 | — | — | — | —
16:54:43 | 4.4 | 4/10 | 1550/4966 |  33.12% | 8,421,376/25,423,800 | 2h05m | 5.041 | — | — | — | —
16:54:48 | 4.4 | 4/10 | 1575/4966 |  33.17% | 8,434,176/25,423,800 | 2h05m | 5.070 | — | — | — | —
16:54:53 | 4.4 | 4/10 | 1600/4966 |  33.22% | 8,446,976/25,423,800 | 2h05m | 5.022 | — | — | — | —
16:54:59 | 4.4 | 4/10 | 1625/4966 |  33.27% | 8,459,776/25,423,800 | 2h05m | 4.749 | — | — | — | —
16:55:04 | 4.4 | 4/10 | 1650/4966 |  33.32% | 8,472,576/25,423,800 | 2h05m | 4.942 | — | — | — | —
16:55:09 | 4.4 | 4/10 | 1675/4966 |  33.37% | 8,485,376/25,423,800 | 2h05m | 5.086 | — | — | — | —
16:55:14 | 4.4 | 4/10 | 1700/4966 |  33.42% | 8,498,176/25,423,800 | 2h05m | 4.929 | — | — | — | —
16:55:20 | 4.4 | 4/10 | 1725/4966 |  33.47% | 8,510,976/25,423,800 | 2h05m | 4.911 | — | — | — | —
16:55:25 | 4.4 | 4/10 | 1750/4966 |  33.52% | 8,523,776/25,423,800 | 2h05m | 4.842 | — | — | — | —
16:55:31 | 4.4 | 4/10 | 1775/4966 |  33.57% | 8,536,576/25,423,800 | 2h04m | 5.018 | — | — | — | —
16:55:36 | 4.4 | 4/10 | 1800/4966 |  33.62% | 8,549,376/25,423,800 | 2h04m | 4.864 | — | — | — | —
16:55:41 | 4.4 | 4/10 | 1825/4966 |  33.67% | 8,562,176/25,423,800 | 2h04m | 4.929 | — | — | — | —
16:55:47 | 4.4 | 4/10 | 1850/4966 |  33.73% | 8,574,976/25,423,800 | 2h04m | 4.997 | — | — | — | —
16:55:52 | 4.4 | 4/10 | 1875/4966 |  33.78% | 8,587,776/25,423,800 | 2h04m | 4.899 | — | — | — | —
16:55:57 | 4.4 | 4/10 | 1900/4966 |  33.83% | 8,600,576/25,423,800 | 2h04m | 4.903 | — | — | — | —
16:56:02 | 4.4 | 4/10 | 1925/4966 |  33.88% | 8,613,376/25,423,800 | 2h04m | 5.076 | — | — | — | —
16:56:08 | 4.4 | 4/10 | 1950/4966 |  33.93% | 8,626,176/25,423,800 | 2h04m | 4.875 | — | — | — | —
16:56:13 | 4.4 | 4/10 | 1975/4966 |  33.98% | 8,638,976/25,423,800 | 2h04m | 5.040 | — | — | — | —
16:56:18 | 4.4 | 4/10 | 2000/4966 |  34.03% | 8,651,776/25,423,800 | 2h03m | 5.017 | — | — | — | —
16:56:23 | 4.4 | 4/10 | 2025/4966 |  34.08% | 8,664,576/25,423,800 | 2h03m | 4.987 | — | — | — | —
16:56:29 | 4.4 | 4/10 | 2050/4966 |  34.13% | 8,677,376/25,423,800 | 2h03m | 4.845 | — | — | — | —
16:56:34 | 4.4 | 4/10 | 2075/4966 |  34.18% | 8,690,176/25,423,800 | 2h03m | 5.060 | — | — | — | —
16:56:39 | 4.4 | 4/10 | 2100/4966 |  34.23% | 8,702,976/25,423,800 | 2h03m | 5.037 | — | — | — | —
16:56:44 | 4.4 | 4/10 | 2125/4966 |  34.28% | 8,715,776/25,423,800 | 2h03m | 5.164 | — | — | — | —
16:56:50 | 4.4 | 4/10 | 2150/4966 |  34.33% | 8,728,576/25,423,800 | 2h03m | 4.944 | — | — | — | —
16:56:55 | 4.4 | 4/10 | 2175/4966 |  34.38% | 8,741,376/25,423,800 | 2h03m | 4.979 | — | — | — | —
16:57:00 | 4.4 | 4/10 | 2200/4966 |  34.43% | 8,754,176/25,423,800 | 2h03m | 4.901 | — | — | — | —
16:57:05 | 4.4 | 4/10 | 2225/4966 |  34.48% | 8,766,976/25,423,800 | 2h03m | 4.928 | — | — | — | —
16:57:11 | 4.4 | 4/10 | 2250/4966 |  34.53% | 8,779,776/25,423,800 | 2h02m | 5.364 | — | — | — | —
16:57:16 | 4.4 | 4/10 | 2275/4966 |  34.58% | 8,792,576/25,423,800 | 2h02m | 4.929 | — | — | — | —
16:57:21 | 4.4 | 4/10 | 2300/4966 |  34.63% | 8,805,376/25,423,800 | 2h02m | 4.928 | — | — | — | —
16:57:28 | 4.4 | 4/10 | 2325/4966 |  34.68% | 8,818,176/25,423,800 | 2h02m | 4.937 | — | — | — | —
16:57:33 | 4.4 | 4/10 | 2350/4966 |  34.73% | 8,830,976/25,423,800 | 2h02m | 4.799 | — | — | — | —
16:57:38 | 4.4 | 4/10 | 2375/4966 |  34.78% | 8,843,776/25,423,800 | 2h02m | 5.072 | — | — | — | —
16:57:43 | 4.4 | 4/10 | 2400/4966 |  34.83% | 8,856,576/25,423,800 | 2h02m | 5.173 | — | — | — | —
16:57:49 | 4.4 | 4/10 | 2425/4966 |  34.88% | 8,869,376/25,423,800 | 2h02m | 4.934 | — | — | — | —
16:57:54 | 4.4 | 4/10 | 2450/4966 |  34.93% | 8,882,176/25,423,800 | 2h02m | 5.031 | — | — | — | —
16:57:59 | 4.4 | 4/10 | 2475/4966 |  34.98% | 8,894,976/25,423,800 | 2h01m | 4.806 | — | — | — | —
16:58:05 | 4.4 | 4/10 | 2500/4966 |  35.03% | 8,907,776/25,423,800 | 2h01m | 4.973 | — | — | — | —
16:58:10 | 4.4 | 4/10 | 2525/4966 |  35.08% | 8,920,576/25,423,800 | 2h01m | 4.965 | — | — | — | —
16:58:15 | 4.4 | 4/10 | 2550/4966 |  35.13% | 8,933,376/25,423,800 | 2h01m | 4.970 | — | — | — | —
16:58:21 | 4.4 | 4/10 | 2575/4966 |  35.19% | 8,946,176/25,423,800 | 2h01m | 4.888 | — | — | — | —
16:58:26 | 4.4 | 4/10 | 2600/4966 |  35.24% | 8,958,976/25,423,800 | 2h01m | 5.026 | — | — | — | —
16:58:32 | 4.4 | 4/10 | 2625/4966 |  35.29% | 8,971,776/25,423,800 | 2h01m | 4.882 | — | — | — | —
16:58:37 | 4.4 | 4/10 | 2650/4966 |  35.34% | 8,984,576/25,423,800 | 2h01m | 4.933 | — | — | — | —
16:58:42 | 4.4 | 4/10 | 2675/4966 |  35.39% | 8,997,376/25,423,800 | 2h01m | 4.873 | — | — | — | —
16:58:47 | 4.4 | 4/10 | 2700/4966 |  35.44% | 9,010,176/25,423,800 | 2h01m | 4.908 | — | — | — | —
16:58:53 | 4.4 | 4/10 | 2725/4966 |  35.49% | 9,022,976/25,423,800 | 2h00m | 4.888 | — | — | — | —
16:58:58 | 4.4 | 4/10 | 2750/4966 |  35.54% | 9,035,776/25,423,800 | 2h00m | 5.055 | — | — | — | —
16:59:03 | 4.4 | 4/10 | 2775/4966 |  35.59% | 9,048,576/25,423,800 | 2h00m | 4.976 | — | — | — | —
16:59:09 | 4.4 | 4/10 | 2800/4966 |  35.64% | 9,061,376/25,423,800 | 2h00m | 5.130 | — | — | — | —
16:59:14 | 4.4 | 4/10 | 2825/4966 |  35.69% | 9,074,176/25,423,800 | 2h00m | 5.044 | — | — | — | —
16:59:19 | 4.4 | 4/10 | 2850/4966 |  35.74% | 9,086,976/25,423,800 | 2h00m | 4.889 | — | — | — | —
16:59:24 | 4.4 | 4/10 | 2875/4966 |  35.79% | 9,099,776/25,423,800 | 2h00m | 4.952 | — | — | — | —
16:59:30 | 4.4 | 4/10 | 2900/4966 |  35.84% | 9,112,576/25,423,800 | 2h00m | 4.889 | — | — | — | —
16:59:35 | 4.4 | 4/10 | 2925/4966 |  35.89% | 9,125,376/25,423,800 | 2h00m | 4.940 | — | — | — | —
16:59:40 | 4.4 | 4/10 | 2950/4966 |  35.94% | 9,138,176/25,423,800 | 1h59m | 4.863 | — | — | — | —
16:59:46 | 4.4 | 4/10 | 2975/4966 |  35.99% | 9,150,976/25,423,800 | 1h59m | 4.875 | — | — | — | —
16:59:51 | 4.4 | 4/10 | 3000/4966 |  36.04% | 9,163,776/25,423,800 | 1h59m | 5.030 | — | — | — | —
16:59:56 | 4.4 | 4/10 | 3025/4966 |  36.09% | 9,176,576/25,423,800 | 1h59m | 4.910 | — | — | — | —
17:00:01 | 4.4 | 4/10 | 3050/4966 |  36.14% | 9,189,376/25,423,800 | 1h59m | 4.783 | — | — | — | —
17:00:07 | 4.4 | 4/10 | 3075/4966 |  36.19% | 9,202,176/25,423,800 | 1h59m | 5.003 | — | — | — | —
17:00:12 | 4.4 | 4/10 | 3100/4966 |  36.24% | 9,214,976/25,423,800 | 1h59m | 5.091 | — | — | — | —
17:00:17 | 4.4 | 4/10 | 3125/4966 |  36.29% | 9,227,776/25,423,800 | 1h59m | 4.852 | — | — | — | —
17:00:23 | 4.4 | 4/10 | 3150/4966 |  36.34% | 9,240,576/25,423,800 | 1h59m | 5.084 | — | — | — | —
17:00:29 | 4.4 | 4/10 | 3175/4966 |  36.39% | 9,253,376/25,423,800 | 1h59m | 4.876 | — | — | — | —
17:00:34 | 4.4 | 4/10 | 3200/4966 |  36.44% | 9,266,176/25,423,800 | 1h58m | 4.794 | — | — | — | —
17:00:39 | 4.4 | 4/10 | 3225/4966 |  36.49% | 9,278,976/25,423,800 | 1h58m | 5.042 | — | — | — | —
17:00:44 | 4.4 | 4/10 | 3250/4966 |  36.54% | 9,291,776/25,423,800 | 1h58m | 5.002 | — | — | — | —
17:00:49 | 4.4 | 4/10 | 3275/4966 |  36.59% | 9,304,576/25,423,800 | 1h58m | 4.985 | — | — | — | —
17:00:54 | 4.4 | 4/10 | 3300/4966 |  36.65% | 9,317,376/25,423,800 | 1h58m | 5.031 | — | — | — | —
17:01:00 | 4.4 | 4/10 | 3325/4966 |  36.70% | 9,330,176/25,423,800 | 1h58m | 5.085 | — | — | — | —
17:01:05 | 4.4 | 4/10 | 3350/4966 |  36.75% | 9,342,976/25,423,800 | 1h58m | 4.710 | — | — | — | —
17:01:10 | 4.4 | 4/10 | 3375/4966 |  36.80% | 9,355,776/25,423,800 | 1h58m | 5.014 | — | — | — | —
17:01:15 | 4.4 | 4/10 | 3400/4966 |  36.85% | 9,368,576/25,423,800 | 1h58m | 4.891 | — | — | — | —
17:01:20 | 4.4 | 4/10 | 3425/4966 |  36.90% | 9,381,376/25,423,800 | 1h57m | 5.069 | — | — | — | —
17:01:25 | 4.4 | 4/10 | 3450/4966 |  36.95% | 9,394,176/25,423,800 | 1h57m | 4.933 | — | — | — | —
17:01:31 | 4.4 | 4/10 | 3475/4966 |  37.00% | 9,406,976/25,423,800 | 1h57m | 5.029 | — | — | — | —
17:01:36 | 4.4 | 4/10 | 3500/4966 |  37.05% | 9,419,776/25,423,800 | 1h57m | 4.836 | — | — | — | —
17:01:41 | 4.4 | 4/10 | 3525/4966 |  37.10% | 9,432,576/25,423,800 | 1h57m | 4.996 | — | — | — | —
17:01:46 | 4.4 | 4/10 | 3550/4966 |  37.15% | 9,445,376/25,423,800 | 1h57m | 4.995 | — | — | — | —
17:01:52 | 4.4 | 4/10 | 3575/4966 |  37.20% | 9,458,176/25,423,800 | 1h57m | 4.780 | — | — | — | —
17:01:57 | 4.4 | 4/10 | 3600/4966 |  37.25% | 9,470,976/25,423,800 | 1h57m | 4.856 | — | — | — | —
17:02:03 | 4.4 | 4/10 | 3625/4966 |  37.30% | 9,483,776/25,423,800 | 1h57m | 5.122 | — | — | — | —
17:02:08 | 4.4 | 4/10 | 3650/4966 |  37.35% | 9,496,576/25,423,800 | 1h57m | 4.809 | — | — | — | —
17:02:14 | 4.4 | 4/10 | 3675/4966 |  37.40% | 9,509,376/25,423,800 | 1h56m | 4.955 | — | — | — | —
17:02:19 | 4.4 | 4/10 | 3700/4966 |  37.45% | 9,522,176/25,423,800 | 1h56m | 5.133 | — | — | — | —
17:02:25 | 4.4 | 4/10 | 3725/4966 |  37.50% | 9,534,976/25,423,800 | 1h56m | 4.892 | — | — | — | —
17:02:30 | 4.4 | 4/10 | 3750/4966 |  37.55% | 9,547,776/25,423,800 | 1h56m | 4.839 | — | — | — | —
17:02:36 | 4.4 | 4/10 | 3775/4966 |  37.60% | 9,560,576/25,423,800 | 1h56m | 5.022 | — | — | — | —
17:02:42 | 4.4 | 4/10 | 3800/4966 |  37.65% | 9,573,376/25,423,800 | 1h56m | 4.939 | — | — | — | —
17:02:47 | 4.4 | 4/10 | 3825/4966 |  37.70% | 9,586,176/25,423,800 | 1h56m | 4.952 | — | — | — | —
17:02:52 | 4.4 | 4/10 | 3850/4966 |  37.75% | 9,598,976/25,423,800 | 1h56m | 5.045 | — | — | — | —
17:02:58 | 4.4 | 4/10 | 3875/4966 |  37.80% | 9,611,776/25,423,800 | 1h56m | 5.138 | — | — | — | —
17:03:03 | 4.4 | 4/10 | 3900/4966 |  37.85% | 9,624,576/25,423,800 | 1h56m | 4.996 | — | — | — | —
17:03:08 | 4.4 | 4/10 | 3925/4966 |  37.90% | 9,637,376/25,423,800 | 1h55m | 4.946 | — | — | — | —
17:03:14 | 4.4 | 4/10 | 3950/4966 |  37.95% | 9,650,176/25,423,800 | 1h55m | 4.986 | — | — | — | —
17:03:19 | 4.4 | 4/10 | 3975/4966 |  38.00% | 9,662,976/25,423,800 | 1h55m | 5.078 | — | — | — | —
17:03:25 | 4.4 | 4/10 | 4000/4966 |  38.05% | 9,675,776/25,423,800 | 1h55m | 4.998 | — | — | — | —
17:03:30 | 4.4 | 4/10 | 4025/4966 |  38.11% | 9,688,576/25,423,800 | 1h55m | 5.024 | — | — | — | —
17:03:36 | 4.4 | 4/10 | 4050/4966 |  38.16% | 9,701,376/25,423,800 | 1h55m | 4.981 | — | — | — | —
17:03:41 | 4.4 | 4/10 | 4075/4966 |  38.21% | 9,714,176/25,423,800 | 1h55m | 4.945 | — | — | — | —
17:03:46 | 4.4 | 4/10 | 4100/4966 |  38.26% | 9,726,976/25,423,800 | 1h55m | 5.020 | — | — | — | —
17:03:52 | 4.4 | 4/10 | 4125/4966 |  38.31% | 9,739,776/25,423,800 | 1h55m | 4.845 | — | — | — | —
17:03:57 | 4.4 | 4/10 | 4150/4966 |  38.36% | 9,752,576/25,423,800 | 1h55m | 4.965 | — | — | — | —
17:04:02 | 4.4 | 4/10 | 4175/4966 |  38.41% | 9,765,376/25,423,800 | 1h54m | 5.021 | — | — | — | —
17:04:08 | 4.4 | 4/10 | 4200/4966 |  38.46% | 9,778,176/25,423,800 | 1h54m | 4.952 | — | — | — | —
17:04:13 | 4.4 | 4/10 | 4225/4966 |  38.51% | 9,790,976/25,423,800 | 1h54m | 4.983 | — | — | — | —
17:04:18 | 4.4 | 4/10 | 4250/4966 |  38.56% | 9,803,776/25,423,800 | 1h54m | 5.082 | — | — | — | —
17:04:23 | 4.4 | 4/10 | 4275/4966 |  38.61% | 9,816,576/25,423,800 | 1h54m | 5.232 | — | — | — | —
17:04:29 | 4.4 | 4/10 | 4300/4966 |  38.66% | 9,829,376/25,423,800 | 1h54m | 4.947 | — | — | — | —
17:04:34 | 4.4 | 4/10 | 4325/4966 |  38.71% | 9,842,176/25,423,800 | 1h54m | 4.919 | — | — | — | —
17:04:39 | 4.4 | 4/10 | 4350/4966 |  38.76% | 9,854,976/25,423,800 | 1h54m | 4.893 | — | — | — | —
17:04:45 | 4.4 | 4/10 | 4375/4966 |  38.81% | 9,867,776/25,423,800 | 1h54m | 4.996 | — | — | — | —
17:04:50 | 4.4 | 4/10 | 4400/4966 |  38.86% | 9,880,576/25,423,800 | 1h54m | 4.935 | — | — | — | —
17:04:55 | 4.4 | 4/10 | 4425/4966 |  38.91% | 9,893,376/25,423,800 | 1h53m | 4.985 | — | — | — | —
17:05:01 | 4.4 | 4/10 | 4450/4966 |  38.96% | 9,906,176/25,423,800 | 1h53m | 4.923 | — | — | — | —
17:05:06 | 4.4 | 4/10 | 4475/4966 |  39.01% | 9,918,976/25,423,800 | 1h53m | 4.908 | — | — | — | —
17:05:11 | 4.4 | 4/10 | 4500/4966 |  39.06% | 9,931,776/25,423,800 | 1h53m | 5.029 | — | — | — | —
17:05:16 | 4.4 | 4/10 | 4525/4966 |  39.11% | 9,944,576/25,423,800 | 1h53m | 4.844 | — | — | — | —
17:05:22 | 4.4 | 4/10 | 4550/4966 |  39.16% | 9,957,376/25,423,800 | 1h53m | 4.991 | — | — | — | —
17:05:28 | 4.4 | 4/10 | 4575/4966 |  39.21% | 9,970,176/25,423,800 | 1h53m | 4.831 | — | — | — | —
17:05:33 | 4.4 | 4/10 | 4600/4966 |  39.26% | 9,982,976/25,423,800 | 1h53m | 4.938 | — | — | — | —
17:05:38 | 4.4 | 4/10 | 4625/4966 |  39.31% | 9,995,776/25,423,800 | 1h53m | 4.968 | — | — | — | —
17:05:44 | 4.4 | 4/10 | 4650/4966 |  39.36% | 10,008,576/25,423,800 | 1h53m | 4.985 | — | — | — | —
17:05:49 | 4.4 | 4/10 | 4675/4966 |  39.41% | 10,021,376/25,423,800 | 1h52m | 5.004 | — | — | — | —
17:05:54 | 4.4 | 4/10 | 4700/4966 |  39.46% | 10,034,176/25,423,800 | 1h52m | 4.965 | — | — | — | —
17:06:00 | 4.4 | 4/10 | 4725/4966 |  39.51% | 10,046,976/25,423,800 | 1h52m | 4.981 | — | — | — | —
17:06:05 | 4.4 | 4/10 | 4750/4966 |  39.57% | 10,059,776/25,423,800 | 1h52m | 4.838 | — | — | — | —
17:06:11 | 4.4 | 4/10 | 4775/4966 |  39.62% | 10,072,576/25,423,800 | 1h52m | 4.923 | — | — | — | —
17:06:17 | 4.4 | 4/10 | 4800/4966 |  39.67% | 10,085,376/25,423,800 | 1h52m | 4.810 | — | — | — | —
17:06:22 | 4.4 | 4/10 | 4825/4966 |  39.72% | 10,098,176/25,423,800 | 1h52m | 4.911 | — | — | — | —
17:06:28 | 4.4 | 4/10 | 4850/4966 |  39.77% | 10,110,976/25,423,800 | 1h52m | 4.964 | — | — | — | —
17:06:33 | 4.4 | 4/10 | 4875/4966 |  39.82% | 10,123,776/25,423,800 | 1h52m | 5.007 | — | — | — | —
17:06:39 | 4.4 | 4/10 | 4900/4966 |  39.87% | 10,136,576/25,423,800 | 1h52m | 4.824 | — | — | — | —
17:06:44 | 4.4 | 4/10 | 4925/4966 |  39.92% | 10,149,376/25,423,800 | 1h51m | 4.940 | — | — | — | —
17:06:49 | 4.4 | 4/10 | 4950/4966 |  39.97% | 10,162,176/25,423,800 | 1h51m | 4.857 | — | — | — | —
17:06:53 | 4.4 | 4/10 | 4966/4966 |  40.00% | 10,170,368/25,423,800 | 1h51m | 4.834 | — | — | — | —
17:07:04 | validation | 4/10 | epoch-end |  40.00% | 10,169,520/25,423,800 | 1h52m | 4.972 |  54.17% |  44.12% |   5.77% | 1.540
17:07:04 | 4.4 | 5/10 | 1/4966 |  40.00% | 10,170,880/25,423,800 | 1h52m | 4.985 | — | — | — | —
17:07:09 | 4.4 | 5/10 | 25/4966 |  40.05% | 10,183,168/25,423,800 | 1h51m | 5.159 | — | — | — | —
17:07:15 | 4.4 | 5/10 | 50/4966 |  40.10% | 10,195,968/25,423,800 | 1h51m | 4.941 | — | — | — | —
17:07:20 | 4.4 | 5/10 | 75/4966 |  40.15% | 10,208,768/25,423,800 | 1h51m | 5.110 | — | — | — | —
17:07:25 | 4.4 | 5/10 | 100/4966 |  40.20% | 10,221,568/25,423,800 | 1h51m | 4.870 | — | — | — | —
17:07:31 | 4.4 | 5/10 | 125/4966 |  40.25% | 10,234,368/25,423,800 | 1h51m | 5.057 | — | — | — | —
17:07:36 | 4.4 | 5/10 | 150/4966 |  40.30% | 10,247,168/25,423,800 | 1h51m | 5.055 | — | — | — | —
17:07:41 | 4.4 | 5/10 | 175/4966 |  40.35% | 10,259,968/25,423,800 | 1h51m | 5.042 | — | — | — | —
17:07:47 | 4.4 | 5/10 | 200/4966 |  40.40% | 10,272,768/25,423,800 | 1h51m | 4.918 | — | — | — | —
17:07:52 | 4.4 | 5/10 | 225/4966 |  40.45% | 10,285,568/25,423,800 | 1h51m | 4.949 | — | — | — | —
17:07:57 | 4.4 | 5/10 | 250/4966 |  40.50% | 10,298,368/25,423,800 | 1h51m | 5.055 | — | — | — | —
17:08:03 | 4.4 | 5/10 | 275/4966 |  40.55% | 10,311,168/25,423,800 | 1h50m | 4.765 | — | — | — | —
17:08:08 | 4.4 | 5/10 | 300/4966 |  40.60% | 10,323,968/25,423,800 | 1h50m | 4.856 | — | — | — | —
17:08:13 | 4.4 | 5/10 | 325/4966 |  40.65% | 10,336,768/25,423,800 | 1h50m | 5.087 | — | — | — | —
17:08:18 | 4.4 | 5/10 | 350/4966 |  40.70% | 10,349,568/25,423,800 | 1h50m | 4.790 | — | — | — | —
17:08:24 | 4.4 | 5/10 | 375/4966 |  40.76% | 10,362,368/25,423,800 | 1h50m | 4.654 | — | — | — | —
17:08:29 | 4.4 | 5/10 | 400/4966 |  40.81% | 10,375,168/25,423,800 | 1h50m | 5.014 | — | — | — | —
17:08:34 | 4.4 | 5/10 | 425/4966 |  40.86% | 10,387,968/25,423,800 | 1h50m | 5.034 | — | — | — | —
17:08:39 | 4.4 | 5/10 | 450/4966 |  40.91% | 10,400,768/25,423,800 | 1h50m | 5.064 | — | — | — | —
17:08:45 | 4.4 | 5/10 | 475/4966 |  40.96% | 10,413,568/25,423,800 | 1h50m | 4.834 | — | — | — | —
17:08:50 | 4.4 | 5/10 | 500/4966 |  41.01% | 10,426,368/25,423,800 | 1h50m | 4.928 | — | — | — | —
17:08:55 | 4.4 | 5/10 | 525/4966 |  41.06% | 10,439,168/25,423,800 | 1h49m | 4.914 | — | — | — | —
17:09:01 | 4.4 | 5/10 | 550/4966 |  41.11% | 10,451,968/25,423,800 | 1h49m | 4.955 | — | — | — | —
17:09:07 | 4.4 | 5/10 | 575/4966 |  41.16% | 10,464,768/25,423,800 | 1h49m | 4.866 | — | — | — | —
17:09:12 | 4.4 | 5/10 | 600/4966 |  41.21% | 10,477,568/25,423,800 | 1h49m | 4.866 | — | — | — | —
17:09:17 | 4.4 | 5/10 | 625/4966 |  41.26% | 10,490,368/25,423,800 | 1h49m | 4.917 | — | — | — | —
17:09:23 | 4.4 | 5/10 | 650/4966 |  41.31% | 10,503,168/25,423,800 | 1h49m | 4.754 | — | — | — | —
17:09:28 | 4.4 | 5/10 | 675/4966 |  41.36% | 10,515,968/25,423,800 | 1h49m | 4.898 | — | — | — | —
17:09:33 | 4.4 | 5/10 | 700/4966 |  41.41% | 10,528,768/25,423,800 | 1h49m | 4.986 | — | — | — | —
17:09:39 | 4.4 | 5/10 | 725/4966 |  41.46% | 10,541,568/25,423,800 | 1h49m | 4.907 | — | — | — | —
17:09:44 | 4.4 | 5/10 | 750/4966 |  41.51% | 10,554,368/25,423,800 | 1h49m | 4.974 | — | — | — | —
17:09:49 | 4.4 | 5/10 | 775/4966 |  41.56% | 10,567,168/25,423,800 | 1h48m | 4.841 | — | — | — | —
17:09:55 | 4.4 | 5/10 | 800/4966 |  41.61% | 10,579,968/25,423,800 | 1h48m | 4.933 | — | — | — | —
17:10:00 | 4.4 | 5/10 | 825/4966 |  41.66% | 10,592,768/25,423,800 | 1h48m | 4.932 | — | — | — | —
17:10:05 | 4.4 | 5/10 | 850/4966 |  41.71% | 10,605,568/25,423,800 | 1h48m | 5.108 | — | — | — | —
17:10:10 | 4.4 | 5/10 | 875/4966 |  41.76% | 10,618,368/25,423,800 | 1h48m | 4.936 | — | — | — | —
17:10:16 | 4.4 | 5/10 | 900/4966 |  41.81% | 10,631,168/25,423,800 | 1h48m | 4.784 | — | — | — | —
17:10:21 | 4.4 | 5/10 | 925/4966 |  41.86% | 10,643,968/25,423,800 | 1h48m | 4.980 | — | — | — | —
17:10:26 | 4.4 | 5/10 | 950/4966 |  41.91% | 10,656,768/25,423,800 | 1h48m | 5.006 | — | — | — | —
17:10:32 | 4.4 | 5/10 | 975/4966 |  41.96% | 10,669,568/25,423,800 | 1h48m | 4.906 | — | — | — | —
17:10:37 | 4.4 | 5/10 | 1000/4966 |  42.01% | 10,682,368/25,423,800 | 1h48m | 4.811 | — | — | — | —
17:10:43 | 4.4 | 5/10 | 1025/4966 |  42.06% | 10,695,168/25,423,800 | 1h47m | 4.938 | — | — | — | —
17:10:48 | 4.4 | 5/10 | 1050/4966 |  42.11% | 10,707,968/25,423,800 | 1h47m | 5.006 | — | — | — | —
17:10:54 | 4.4 | 5/10 | 1075/4966 |  42.16% | 10,720,768/25,423,800 | 1h47m | 4.859 | — | — | — | —
17:10:59 | 4.4 | 5/10 | 1100/4966 |  42.22% | 10,733,568/25,423,800 | 1h47m | 5.005 | — | — | — | —
17:11:04 | 4.4 | 5/10 | 1125/4966 |  42.27% | 10,746,368/25,423,800 | 1h47m | 4.947 | — | — | — | —
17:11:09 | 4.4 | 5/10 | 1150/4966 |  42.32% | 10,759,168/25,423,800 | 1h47m | 4.726 | — | — | — | —
17:11:15 | 4.4 | 5/10 | 1175/4966 |  42.37% | 10,771,968/25,423,800 | 1h47m | 4.971 | — | — | — | —
17:11:20 | 4.4 | 5/10 | 1200/4966 |  42.42% | 10,784,768/25,423,800 | 1h47m | 4.873 | — | — | — | —
17:11:25 | 4.4 | 5/10 | 1225/4966 |  42.47% | 10,797,568/25,423,800 | 1h47m | 4.904 | — | — | — | —
17:11:30 | 4.4 | 5/10 | 1250/4966 |  42.52% | 10,810,368/25,423,800 | 1h47m | 4.966 | — | — | — | —
17:11:36 | 4.4 | 5/10 | 1275/4966 |  42.57% | 10,823,168/25,423,800 | 1h46m | 4.961 | — | — | — | —
17:11:41 | 4.4 | 5/10 | 1300/4966 |  42.62% | 10,835,968/25,423,800 | 1h46m | 4.956 | — | — | — | —
17:11:46 | 4.4 | 5/10 | 1325/4966 |  42.67% | 10,848,768/25,423,800 | 1h46m | 5.005 | — | — | — | —
17:11:51 | 4.4 | 5/10 | 1350/4966 |  42.72% | 10,861,568/25,423,800 | 1h46m | 4.887 | — | — | — | —
17:11:57 | 4.4 | 5/10 | 1375/4966 |  42.77% | 10,874,368/25,423,800 | 1h46m | 4.924 | — | — | — | —
17:12:02 | 4.4 | 5/10 | 1400/4966 |  42.82% | 10,887,168/25,423,800 | 1h46m | 4.983 | — | — | — | —
17:12:08 | 4.4 | 5/10 | 1425/4966 |  42.87% | 10,899,968/25,423,800 | 1h46m | 5.052 | — | — | — | —
17:12:13 | 4.4 | 5/10 | 1450/4966 |  42.92% | 10,912,768/25,423,800 | 1h46m | 5.054 | — | — | — | —
17:12:18 | 4.4 | 5/10 | 1475/4966 |  42.97% | 10,925,568/25,423,800 | 1h46m | 5.063 | — | — | — | —
17:12:24 | 4.4 | 5/10 | 1500/4966 |  43.02% | 10,938,368/25,423,800 | 1h46m | 4.866 | — | — | — | —
17:12:30 | 4.4 | 5/10 | 1525/4966 |  43.07% | 10,951,168/25,423,800 | 1h45m | 4.898 | — | — | — | —
17:12:35 | 4.4 | 5/10 | 1550/4966 |  43.12% | 10,963,968/25,423,800 | 1h45m | 5.034 | — | — | — | —
17:12:40 | 4.4 | 5/10 | 1575/4966 |  43.17% | 10,976,768/25,423,800 | 1h45m | 4.831 | — | — | — | —
17:12:46 | 4.4 | 5/10 | 1600/4966 |  43.22% | 10,989,568/25,423,800 | 1h45m | 4.899 | — | — | — | —
17:12:52 | 4.4 | 5/10 | 1625/4966 |  43.27% | 11,002,368/25,423,800 | 1h45m | 5.034 | — | — | — | —
17:12:57 | 4.4 | 5/10 | 1650/4966 |  43.32% | 11,015,168/25,423,800 | 1h45m | 4.888 | — | — | — | —
17:13:03 | 4.4 | 5/10 | 1675/4966 |  43.37% | 11,027,968/25,423,800 | 1h45m | 4.875 | — | — | — | —
17:13:08 | 4.4 | 5/10 | 1700/4966 |  43.42% | 11,040,768/25,423,800 | 1h45m | 4.825 | — | — | — | —
17:13:13 | 4.4 | 5/10 | 1725/4966 |  43.47% | 11,053,568/25,423,800 | 1h45m | 4.900 | — | — | — | —
17:13:19 | 4.4 | 5/10 | 1750/4966 |  43.52% | 11,066,368/25,423,800 | 1h45m | 4.927 | — | — | — | —
17:13:24 | 4.4 | 5/10 | 1775/4966 |  43.57% | 11,079,168/25,423,800 | 1h44m | 4.849 | — | — | — | —
17:13:29 | 4.4 | 5/10 | 1800/4966 |  43.62% | 11,091,968/25,423,800 | 1h44m | 4.893 | — | — | — | —
17:13:35 | 4.4 | 5/10 | 1825/4966 |  43.67% | 11,104,768/25,423,800 | 1h44m | 5.118 | — | — | — | —
17:13:40 | 4.4 | 5/10 | 1850/4966 |  43.73% | 11,117,568/25,423,800 | 1h44m | 4.917 | — | — | — | —
17:13:45 | 4.4 | 5/10 | 1875/4966 |  43.78% | 11,130,368/25,423,800 | 1h44m | 5.101 | — | — | — | —
17:13:51 | 4.4 | 5/10 | 1900/4966 |  43.83% | 11,143,168/25,423,800 | 1h44m | 4.959 | — | — | — | —
17:13:56 | 4.4 | 5/10 | 1925/4966 |  43.88% | 11,155,968/25,423,800 | 1h44m | 4.797 | — | — | — | —
17:14:01 | 4.4 | 5/10 | 1950/4966 |  43.93% | 11,168,768/25,423,800 | 1h44m | 4.830 | — | — | — | —
17:14:06 | 4.4 | 5/10 | 1975/4966 |  43.98% | 11,181,568/25,423,800 | 1h44m | 4.953 | — | — | — | —
17:14:12 | 4.4 | 5/10 | 2000/4966 |  44.03% | 11,194,368/25,423,800 | 1h44m | 5.125 | — | — | — | —
17:14:17 | 4.4 | 5/10 | 2025/4966 |  44.08% | 11,207,168/25,423,800 | 1h43m | 4.997 | — | — | — | —
17:14:22 | 4.4 | 5/10 | 2050/4966 |  44.13% | 11,219,968/25,423,800 | 1h43m | 4.906 | — | — | — | —
17:14:27 | 4.4 | 5/10 | 2075/4966 |  44.18% | 11,232,768/25,423,800 | 1h43m | 4.858 | — | — | — | —
17:14:33 | 4.4 | 5/10 | 2100/4966 |  44.23% | 11,245,568/25,423,800 | 1h43m | 4.774 | — | — | — | —
17:14:38 | 4.4 | 5/10 | 2125/4966 |  44.28% | 11,258,368/25,423,800 | 1h43m | 4.920 | — | — | — | —
17:14:43 | 4.4 | 5/10 | 2150/4966 |  44.33% | 11,271,168/25,423,800 | 1h43m | 4.961 | — | — | — | —
17:14:49 | 4.4 | 5/10 | 2175/4966 |  44.38% | 11,283,968/25,423,800 | 1h43m | 4.853 | — | — | — | —
17:14:54 | 4.4 | 5/10 | 2200/4966 |  44.43% | 11,296,768/25,423,800 | 1h43m | 5.093 | — | — | — | —
17:15:00 | 4.4 | 5/10 | 2225/4966 |  44.48% | 11,309,568/25,423,800 | 1h43m | 4.890 | — | — | — | —
17:15:05 | 4.4 | 5/10 | 2250/4966 |  44.53% | 11,322,368/25,423,800 | 1h43m | 4.915 | — | — | — | —
17:15:11 | 4.4 | 5/10 | 2275/4966 |  44.58% | 11,335,168/25,423,800 | 1h42m | 4.678 | — | — | — | —
17:15:16 | 4.4 | 5/10 | 2300/4966 |  44.63% | 11,347,968/25,423,800 | 1h42m | 5.030 | — | — | — | —
17:15:22 | 4.4 | 5/10 | 2325/4966 |  44.68% | 11,360,768/25,423,800 | 1h42m | 5.092 | — | — | — | —
17:15:27 | 4.4 | 5/10 | 2350/4966 |  44.73% | 11,373,568/25,423,800 | 1h42m | 4.936 | — | — | — | —
17:15:32 | 4.4 | 5/10 | 2375/4966 |  44.78% | 11,386,368/25,423,800 | 1h42m | 4.953 | — | — | — | —
17:15:38 | 4.4 | 5/10 | 2400/4966 |  44.83% | 11,399,168/25,423,800 | 1h42m | 4.841 | — | — | — | —
17:15:43 | 4.4 | 5/10 | 2425/4966 |  44.88% | 11,411,968/25,423,800 | 1h42m | 5.074 | — | — | — | —
17:15:48 | 4.4 | 5/10 | 2450/4966 |  44.93% | 11,424,768/25,423,800 | 1h42m | 4.929 | — | — | — | —
17:15:54 | 4.4 | 5/10 | 2475/4966 |  44.98% | 11,437,568/25,423,800 | 1h42m | 4.942 | — | — | — | —
17:15:59 | 4.4 | 5/10 | 2500/4966 |  45.03% | 11,450,368/25,423,800 | 1h42m | 4.973 | — | — | — | —
17:16:04 | 4.4 | 5/10 | 2525/4966 |  45.08% | 11,463,168/25,423,800 | 1h41m | 4.858 | — | — | — | —
17:16:10 | 4.4 | 5/10 | 2550/4966 |  45.13% | 11,475,968/25,423,800 | 1h41m | 4.914 | — | — | — | —
17:16:15 | 4.4 | 5/10 | 2575/4966 |  45.19% | 11,488,768/25,423,800 | 1h41m | 4.820 | — | — | — | —
17:16:20 | 4.4 | 5/10 | 2600/4966 |  45.24% | 11,501,568/25,423,800 | 1h41m | 4.934 | — | — | — | —
17:16:26 | 4.4 | 5/10 | 2625/4966 |  45.29% | 11,514,368/25,423,800 | 1h41m | 4.859 | — | — | — | —
17:16:31 | 4.4 | 5/10 | 2650/4966 |  45.34% | 11,527,168/25,423,800 | 1h41m | 4.872 | — | — | — | —
17:16:37 | 4.4 | 5/10 | 2675/4966 |  45.39% | 11,539,968/25,423,800 | 1h41m | 4.880 | — | — | — | —
17:16:42 | 4.4 | 5/10 | 2700/4966 |  45.44% | 11,552,768/25,423,800 | 1h41m | 4.910 | — | — | — | —
17:16:48 | 4.4 | 5/10 | 2725/4966 |  45.49% | 11,565,568/25,423,800 | 1h41m | 4.779 | — | — | — | —
17:16:53 | 4.4 | 5/10 | 2750/4966 |  45.54% | 11,578,368/25,423,800 | 1h41m | 4.878 | — | — | — | —
17:16:58 | 4.4 | 5/10 | 2775/4966 |  45.59% | 11,591,168/25,423,800 | 1h40m | 4.807 | — | — | — | —
17:17:04 | 4.4 | 5/10 | 2800/4966 |  45.64% | 11,603,968/25,423,800 | 1h40m | 4.819 | — | — | — | —
17:17:09 | 4.4 | 5/10 | 2825/4966 |  45.69% | 11,616,768/25,423,800 | 1h40m | 4.886 | — | — | — | —
17:17:14 | 4.4 | 5/10 | 2850/4966 |  45.74% | 11,629,568/25,423,800 | 1h40m | 4.916 | — | — | — | —
17:17:19 | 4.4 | 5/10 | 2875/4966 |  45.79% | 11,642,368/25,423,800 | 1h40m | 4.762 | — | — | — | —
17:17:25 | 4.4 | 5/10 | 2900/4966 |  45.84% | 11,655,168/25,423,800 | 1h40m | 4.748 | — | — | — | —
17:17:30 | 4.4 | 5/10 | 2925/4966 |  45.89% | 11,667,968/25,423,800 | 1h40m | 4.917 | — | — | — | —
17:17:35 | 4.4 | 5/10 | 2950/4966 |  45.94% | 11,680,768/25,423,800 | 1h40m | 4.987 | — | — | — | —
17:17:41 | 4.4 | 5/10 | 2975/4966 |  45.99% | 11,693,568/25,423,800 | 1h40m | 4.853 | — | — | — | —
17:17:46 | 4.4 | 5/10 | 3000/4966 |  46.04% | 11,706,368/25,423,800 | 1h40m | 4.961 | — | — | — | —
17:17:52 | 4.4 | 5/10 | 3025/4966 |  46.09% | 11,719,168/25,423,800 | 1h40m | 4.925 | — | — | — | —
17:17:57 | 4.4 | 5/10 | 3050/4966 |  46.14% | 11,731,968/25,423,800 | 1h39m | 4.857 | — | — | — | —
17:18:03 | 4.4 | 5/10 | 3075/4966 |  46.19% | 11,744,768/25,423,800 | 1h39m | 5.012 | — | — | — | —
17:18:08 | 4.4 | 5/10 | 3100/4966 |  46.24% | 11,757,568/25,423,800 | 1h39m | 4.910 | — | — | — | —
17:18:13 | 4.4 | 5/10 | 3125/4966 |  46.29% | 11,770,368/25,423,800 | 1h39m | 5.023 | — | — | — | —
17:18:19 | 4.4 | 5/10 | 3150/4966 |  46.34% | 11,783,168/25,423,800 | 1h39m | 5.073 | — | — | — | —
17:18:24 | 4.4 | 5/10 | 3175/4966 |  46.39% | 11,795,968/25,423,800 | 1h39m | 4.714 | — | — | — | —
17:18:29 | 4.4 | 5/10 | 3200/4966 |  46.44% | 11,808,768/25,423,800 | 1h39m | 4.974 | — | — | — | —
17:18:35 | 4.4 | 5/10 | 3225/4966 |  46.49% | 11,821,568/25,423,800 | 1h39m | 4.821 | — | — | — | —
17:18:40 | 4.4 | 5/10 | 3250/4966 |  46.54% | 11,834,368/25,423,800 | 1h39m | 4.911 | — | — | — | —
17:18:46 | 4.4 | 5/10 | 3275/4966 |  46.59% | 11,847,168/25,423,800 | 1h39m | 4.934 | — | — | — | —
17:18:51 | 4.4 | 5/10 | 3300/4966 |  46.65% | 11,859,968/25,423,800 | 1h38m | 4.958 | — | — | — | —
17:18:57 | 4.4 | 5/10 | 3325/4966 |  46.70% | 11,872,768/25,423,800 | 1h38m | 4.820 | — | — | — | —
17:19:02 | 4.4 | 5/10 | 3350/4966 |  46.75% | 11,885,568/25,423,800 | 1h38m | 4.992 | — | — | — | —
17:19:07 | 4.4 | 5/10 | 3375/4966 |  46.80% | 11,898,368/25,423,800 | 1h38m | 4.913 | — | — | — | —
17:19:13 | 4.4 | 5/10 | 3400/4966 |  46.85% | 11,911,168/25,423,800 | 1h38m | 4.886 | — | — | — | —
17:19:18 | 4.4 | 5/10 | 3425/4966 |  46.90% | 11,923,968/25,423,800 | 1h38m | 4.881 | — | — | — | —
17:19:24 | 4.4 | 5/10 | 3450/4966 |  46.95% | 11,936,768/25,423,800 | 1h38m | 4.856 | — | — | — | —
17:19:29 | 4.4 | 5/10 | 3475/4966 |  47.00% | 11,949,568/25,423,800 | 1h38m | 4.812 | — | — | — | —
17:19:34 | 4.4 | 5/10 | 3500/4966 |  47.05% | 11,962,368/25,423,800 | 1h38m | 4.740 | — | — | — | —
17:19:40 | 4.4 | 5/10 | 3525/4966 |  47.10% | 11,975,168/25,423,800 | 1h38m | 4.891 | — | — | — | —
17:19:45 | 4.4 | 5/10 | 3550/4966 |  47.15% | 11,987,968/25,423,800 | 1h37m | 5.090 | — | — | — | —
17:19:50 | 4.4 | 5/10 | 3575/4966 |  47.20% | 12,000,768/25,423,800 | 1h37m | 4.768 | — | — | — | —
17:19:56 | 4.4 | 5/10 | 3600/4966 |  47.25% | 12,013,568/25,423,800 | 1h37m | 4.881 | — | — | — | —
17:20:01 | 4.4 | 5/10 | 3625/4966 |  47.30% | 12,026,368/25,423,800 | 1h37m | 4.828 | — | — | — | —
17:20:06 | 4.4 | 5/10 | 3650/4966 |  47.35% | 12,039,168/25,423,800 | 1h37m | 4.720 | — | — | — | —
17:20:12 | 4.4 | 5/10 | 3675/4966 |  47.40% | 12,051,968/25,423,800 | 1h37m | 4.935 | — | — | — | —
17:20:17 | 4.4 | 5/10 | 3700/4966 |  47.45% | 12,064,768/25,423,800 | 1h37m | 4.947 | — | — | — | —
17:20:22 | 4.4 | 5/10 | 3725/4966 |  47.50% | 12,077,568/25,423,800 | 1h37m | 4.862 | — | — | — | —
17:20:27 | 4.4 | 5/10 | 3750/4966 |  47.55% | 12,090,368/25,423,800 | 1h37m | 4.866 | — | — | — | —
17:20:33 | 4.4 | 5/10 | 3775/4966 |  47.60% | 12,103,168/25,423,800 | 1h37m | 4.798 | — | — | — | —
17:20:38 | 4.4 | 5/10 | 3800/4966 |  47.65% | 12,115,968/25,423,800 | 1h36m | 4.802 | — | — | — | —
17:20:43 | 4.4 | 5/10 | 3825/4966 |  47.70% | 12,128,768/25,423,800 | 1h36m | 4.984 | — | — | — | —
17:20:49 | 4.4 | 5/10 | 3850/4966 |  47.75% | 12,141,568/25,423,800 | 1h36m | 5.089 | — | — | — | —
17:20:55 | 4.4 | 5/10 | 3875/4966 |  47.80% | 12,154,368/25,423,800 | 1h36m | 4.869 | — | — | — | —
17:21:00 | 4.4 | 5/10 | 3900/4966 |  47.85% | 12,167,168/25,423,800 | 1h36m | 5.061 | — | — | — | —
17:21:05 | 4.4 | 5/10 | 3925/4966 |  47.90% | 12,179,968/25,423,800 | 1h36m | 4.913 | — | — | — | —
17:21:11 | 4.4 | 5/10 | 3950/4966 |  47.95% | 12,192,768/25,423,800 | 1h36m | 4.727 | — | — | — | —
17:21:16 | 4.4 | 5/10 | 3975/4966 |  48.00% | 12,205,568/25,423,800 | 1h36m | 4.939 | — | — | — | —
17:21:21 | 4.4 | 5/10 | 4000/4966 |  48.05% | 12,218,368/25,423,800 | 1h36m | 5.054 | — | — | — | —
17:21:27 | 4.4 | 5/10 | 4025/4966 |  48.11% | 12,231,168/25,423,800 | 1h36m | 5.075 | — | — | — | —
17:21:32 | 4.4 | 5/10 | 4050/4966 |  48.16% | 12,243,968/25,423,800 | 1h36m | 4.957 | — | — | — | —
17:21:37 | 4.4 | 5/10 | 4075/4966 |  48.21% | 12,256,768/25,423,800 | 1h35m | 4.983 | — | — | — | —
17:21:43 | 4.4 | 5/10 | 4100/4966 |  48.26% | 12,269,568/25,423,800 | 1h35m | 5.080 | — | — | — | —
17:21:49 | 4.4 | 5/10 | 4125/4966 |  48.31% | 12,282,368/25,423,800 | 1h35m | 4.757 | — | — | — | —
17:21:54 | 4.4 | 5/10 | 4150/4966 |  48.36% | 12,295,168/25,423,800 | 1h35m | 4.858 | — | — | — | —
17:21:59 | 4.4 | 5/10 | 4175/4966 |  48.41% | 12,307,968/25,423,800 | 1h35m | 4.766 | — | — | — | —
17:22:05 | 4.4 | 5/10 | 4200/4966 |  48.46% | 12,320,768/25,423,800 | 1h35m | 5.016 | — | — | — | —
17:22:10 | 4.4 | 5/10 | 4225/4966 |  48.51% | 12,333,568/25,423,800 | 1h35m | 5.016 | — | — | — | —
17:22:15 | 4.4 | 5/10 | 4250/4966 |  48.56% | 12,346,368/25,423,800 | 1h35m | 4.957 | — | — | — | —
17:22:20 | 4.4 | 5/10 | 4275/4966 |  48.61% | 12,359,168/25,423,800 | 1h35m | 4.825 | — | — | — | —
17:22:26 | 4.4 | 5/10 | 4300/4966 |  48.66% | 12,371,968/25,423,800 | 1h35m | 4.899 | — | — | — | —
17:22:31 | 4.4 | 5/10 | 4325/4966 |  48.71% | 12,384,768/25,423,800 | 1h34m | 4.908 | — | — | — | —
17:22:36 | 4.4 | 5/10 | 4350/4966 |  48.76% | 12,397,568/25,423,800 | 1h34m | 4.598 | — | — | — | —
17:22:41 | 4.4 | 5/10 | 4375/4966 |  48.81% | 12,410,368/25,423,800 | 1h34m | 4.893 | — | — | — | —
17:22:47 | 4.4 | 5/10 | 4400/4966 |  48.86% | 12,423,168/25,423,800 | 1h34m | 4.932 | — | — | — | —
17:22:52 | 4.4 | 5/10 | 4425/4966 |  48.91% | 12,435,968/25,423,800 | 1h34m | 4.817 | — | — | — | —
17:22:57 | 4.4 | 5/10 | 4450/4966 |  48.96% | 12,448,768/25,423,800 | 1h34m | 4.852 | — | — | — | —
17:23:03 | 4.4 | 5/10 | 4475/4966 |  49.01% | 12,461,568/25,423,800 | 1h34m | 4.864 | — | — | — | —
17:23:08 | 4.4 | 5/10 | 4500/4966 |  49.06% | 12,474,368/25,423,800 | 1h34m | 4.850 | — | — | — | —
17:23:13 | 4.4 | 5/10 | 4525/4966 |  49.11% | 12,487,168/25,423,800 | 1h34m | 4.895 | — | — | — | —
17:23:19 | 4.4 | 5/10 | 4550/4966 |  49.16% | 12,499,968/25,423,800 | 1h34m | 4.843 | — | — | — | —
17:23:24 | 4.4 | 5/10 | 4575/4966 |  49.21% | 12,512,768/25,423,800 | 1h33m | 4.928 | — | — | — | —
17:23:29 | 4.4 | 5/10 | 4600/4966 |  49.26% | 12,525,568/25,423,800 | 1h33m | 4.989 | — | — | — | —
17:23:35 | 4.4 | 5/10 | 4625/4966 |  49.31% | 12,538,368/25,423,800 | 1h33m | 4.764 | — | — | — | —
17:23:40 | 4.4 | 5/10 | 4650/4966 |  49.36% | 12,551,168/25,423,800 | 1h33m | 5.027 | — | — | — | —
17:23:46 | 4.4 | 5/10 | 4675/4966 |  49.41% | 12,563,968/25,423,800 | 1h33m | 4.884 | — | — | — | —
17:23:51 | 4.4 | 5/10 | 4700/4966 |  49.46% | 12,576,768/25,423,800 | 1h33m | 5.062 | — | — | — | —
17:23:57 | 4.4 | 5/10 | 4725/4966 |  49.51% | 12,589,568/25,423,800 | 1h33m | 5.043 | — | — | — | —
17:24:02 | 4.4 | 5/10 | 4750/4966 |  49.57% | 12,602,368/25,423,800 | 1h33m | 4.931 | — | — | — | —
17:24:07 | 4.4 | 5/10 | 4775/4966 |  49.62% | 12,615,168/25,423,800 | 1h33m | 4.938 | — | — | — | —
17:24:13 | 4.4 | 5/10 | 4800/4966 |  49.67% | 12,627,968/25,423,800 | 1h33m | 4.727 | — | — | — | —
17:24:18 | 4.4 | 5/10 | 4825/4966 |  49.72% | 12,640,768/25,423,800 | 1h32m | 5.043 | — | — | — | —
17:24:23 | 4.4 | 5/10 | 4850/4966 |  49.77% | 12,653,568/25,423,800 | 1h32m | 4.893 | — | — | — | —
17:24:29 | 4.4 | 5/10 | 4875/4966 |  49.82% | 12,666,368/25,423,800 | 1h32m | 4.719 | — | — | — | —
17:24:34 | 4.4 | 5/10 | 4900/4966 |  49.87% | 12,679,168/25,423,800 | 1h32m | 4.721 | — | — | — | —
17:24:40 | 4.4 | 5/10 | 4925/4966 |  49.92% | 12,691,968/25,423,800 | 1h32m | 4.854 | — | — | — | —
17:24:45 | 4.4 | 5/10 | 4950/4966 |  49.97% | 12,704,768/25,423,800 | 1h32m | 5.014 | — | — | — | —
17:24:49 | 4.4 | 5/10 | 4966/4966 |  50.00% | 12,712,960/25,423,800 | 1h32m | 4.837 | — | — | — | —
17:25:00 | validation | 5/10 | epoch-end |  50.00% | 12,711,900/25,423,800 | 1h32m | 4.913 |  54.65% |  44.24% |   5.90% | 1.529
17:25:00 | 4.4 | 6/10 | 1/4966 |  50.00% | 12,713,472/25,423,800 | 1h32m | 4.805 | — | — | — | —
17:25:05 | 4.4 | 6/10 | 25/4966 |  50.05% | 12,725,760/25,423,800 | 1h32m | 4.966 | — | — | — | —
17:25:11 | 4.4 | 6/10 | 50/4966 |  50.10% | 12,738,560/25,423,800 | 1h32m | 4.892 | — | — | — | —
17:25:16 | 4.4 | 6/10 | 75/4966 |  50.15% | 12,751,360/25,423,800 | 1h32m | 4.876 | — | — | — | —
17:25:21 | 4.4 | 6/10 | 100/4966 |  50.20% | 12,764,160/25,423,800 | 1h32m | 4.985 | — | — | — | —
17:25:26 | 4.4 | 6/10 | 125/4966 |  50.25% | 12,776,960/25,423,800 | 1h32m | 4.886 | — | — | — | —
17:25:32 | 4.4 | 6/10 | 150/4966 |  50.30% | 12,789,760/25,423,800 | 1h32m | 4.987 | — | — | — | —
17:25:37 | 4.4 | 6/10 | 175/4966 |  50.35% | 12,802,560/25,423,800 | 1h31m | 4.898 | — | — | — | —
17:25:42 | 4.4 | 6/10 | 200/4966 |  50.40% | 12,815,360/25,423,800 | 1h31m | 4.880 | — | — | — | —
17:25:47 | 4.4 | 6/10 | 225/4966 |  50.45% | 12,828,160/25,423,800 | 1h31m | 4.952 | — | — | — | —
17:25:53 | 4.4 | 6/10 | 250/4966 |  50.50% | 12,840,960/25,423,800 | 1h31m | 4.851 | — | — | — | —
17:25:58 | 4.4 | 6/10 | 275/4966 |  50.55% | 12,853,760/25,423,800 | 1h31m | 4.853 | — | — | — | —
17:26:03 | 4.4 | 6/10 | 300/4966 |  50.60% | 12,866,560/25,423,800 | 1h31m | 4.998 | — | — | — | —
17:26:09 | 4.4 | 6/10 | 325/4966 |  50.65% | 12,879,360/25,423,800 | 1h31m | 4.788 | — | — | — | —
17:26:14 | 4.4 | 6/10 | 350/4966 |  50.70% | 12,892,160/25,423,800 | 1h31m | 4.711 | — | — | — | —
17:26:19 | 4.4 | 6/10 | 375/4966 |  50.76% | 12,904,960/25,423,800 | 1h31m | 4.857 | — | — | — | —
17:26:25 | 4.4 | 6/10 | 400/4966 |  50.81% | 12,917,760/25,423,800 | 1h31m | 4.870 | — | — | — | —
17:26:30 | 4.4 | 6/10 | 425/4966 |  50.86% | 12,930,560/25,423,800 | 1h30m | 4.718 | — | — | — | —
17:26:36 | 4.4 | 6/10 | 450/4966 |  50.91% | 12,943,360/25,423,800 | 1h30m | 5.014 | — | — | — | —
17:26:41 | 4.4 | 6/10 | 475/4966 |  50.96% | 12,956,160/25,423,800 | 1h30m | 4.782 | — | — | — | —
17:26:46 | 4.4 | 6/10 | 500/4966 |  51.01% | 12,968,960/25,423,800 | 1h30m | 4.988 | — | — | — | —
17:26:52 | 4.4 | 6/10 | 525/4966 |  51.06% | 12,981,760/25,423,800 | 1h30m | 5.049 | — | — | — | —
17:26:57 | 4.4 | 6/10 | 550/4966 |  51.11% | 12,994,560/25,423,800 | 1h30m | 4.888 | — | — | — | —
17:27:03 | 4.4 | 6/10 | 575/4966 |  51.16% | 13,007,360/25,423,800 | 1h30m | 4.696 | — | — | — | —
17:27:08 | 4.4 | 6/10 | 600/4966 |  51.21% | 13,020,160/25,423,800 | 1h30m | 4.835 | — | — | — | —
17:27:14 | 4.4 | 6/10 | 625/4966 |  51.26% | 13,032,960/25,423,800 | 1h30m | 4.737 | — | — | — | —
17:27:19 | 4.4 | 6/10 | 650/4966 |  51.31% | 13,045,760/25,423,800 | 1h30m | 4.882 | — | — | — | —
17:27:24 | 4.4 | 6/10 | 675/4966 |  51.36% | 13,058,560/25,423,800 | 1h30m | 4.864 | — | — | — | —
17:27:30 | 4.4 | 6/10 | 700/4966 |  51.41% | 13,071,360/25,423,800 | 1h29m | 4.654 | — | — | — | —
17:27:35 | 4.4 | 6/10 | 725/4966 |  51.46% | 13,084,160/25,423,800 | 1h29m | 5.090 | — | — | — | —
17:27:40 | 4.4 | 6/10 | 750/4966 |  51.51% | 13,096,960/25,423,800 | 1h29m | 4.868 | — | — | — | —
17:27:46 | 4.4 | 6/10 | 775/4966 |  51.56% | 13,109,760/25,423,800 | 1h29m | 4.909 | — | — | — | —
17:27:51 | 4.4 | 6/10 | 800/4966 |  51.61% | 13,122,560/25,423,800 | 1h29m | 4.853 | — | — | — | —
17:27:57 | 4.4 | 6/10 | 825/4966 |  51.66% | 13,135,360/25,423,800 | 1h29m | 4.793 | — | — | — | —
17:28:02 | 4.4 | 6/10 | 850/4966 |  51.71% | 13,148,160/25,423,800 | 1h29m | 5.069 | — | — | — | —
17:28:07 | 4.4 | 6/10 | 875/4966 |  51.76% | 13,160,960/25,423,800 | 1h29m | 5.048 | — | — | — | —
17:28:13 | 4.4 | 6/10 | 900/4966 |  51.81% | 13,173,760/25,423,800 | 1h29m | 4.802 | — | — | — | —
17:28:18 | 4.4 | 6/10 | 925/4966 |  51.86% | 13,186,560/25,423,800 | 1h29m | 4.904 | — | — | — | —
17:28:23 | 4.4 | 6/10 | 950/4966 |  51.91% | 13,199,360/25,423,800 | 1h28m | 4.751 | — | — | — | —
17:28:29 | 4.4 | 6/10 | 975/4966 |  51.96% | 13,212,160/25,423,800 | 1h28m | 4.867 | — | — | — | —
17:28:34 | 4.4 | 6/10 | 1000/4966 |  52.01% | 13,224,960/25,423,800 | 1h28m | 4.818 | — | — | — | —
17:28:39 | 4.4 | 6/10 | 1025/4966 |  52.06% | 13,237,760/25,423,800 | 1h28m | 4.994 | — | — | — | —
17:28:44 | 4.4 | 6/10 | 1050/4966 |  52.11% | 13,250,560/25,423,800 | 1h28m | 4.836 | — | — | — | —
17:28:50 | 4.4 | 6/10 | 1075/4966 |  52.16% | 13,263,360/25,423,800 | 1h28m | 4.919 | — | — | — | —
17:28:55 | 4.4 | 6/10 | 1100/4966 |  52.22% | 13,276,160/25,423,800 | 1h28m | 4.806 | — | — | — | —
17:29:01 | 4.4 | 6/10 | 1125/4966 |  52.27% | 13,288,960/25,423,800 | 1h28m | 4.905 | — | — | — | —
17:29:06 | 4.4 | 6/10 | 1150/4966 |  52.32% | 13,301,760/25,423,800 | 1h28m | 4.762 | — | — | — | —
17:29:11 | 4.4 | 6/10 | 1175/4966 |  52.37% | 13,314,560/25,423,800 | 1h28m | 4.863 | — | — | — | —
17:29:17 | 4.4 | 6/10 | 1200/4966 |  52.42% | 13,327,360/25,423,800 | 1h27m | 4.806 | — | — | — | —
17:29:22 | 4.4 | 6/10 | 1225/4966 |  52.47% | 13,340,160/25,423,800 | 1h27m | 4.885 | — | — | — | —
17:29:27 | 4.4 | 6/10 | 1250/4966 |  52.52% | 13,352,960/25,423,800 | 1h27m | 4.979 | — | — | — | —
17:29:33 | 4.4 | 6/10 | 1275/4966 |  52.57% | 13,365,760/25,423,800 | 1h27m | 4.835 | — | — | — | —
17:29:38 | 4.4 | 6/10 | 1300/4966 |  52.62% | 13,378,560/25,423,800 | 1h27m | 4.760 | — | — | — | —
17:29:44 | 4.4 | 6/10 | 1325/4966 |  52.67% | 13,391,360/25,423,800 | 1h27m | 4.881 | — | — | — | —
17:29:49 | 4.4 | 6/10 | 1350/4966 |  52.72% | 13,404,160/25,423,800 | 1h27m | 4.670 | — | — | — | —
17:29:55 | 4.4 | 6/10 | 1375/4966 |  52.77% | 13,416,960/25,423,800 | 1h27m | 4.817 | — | — | — | —
17:30:00 | 4.4 | 6/10 | 1400/4966 |  52.82% | 13,429,760/25,423,800 | 1h27m | 4.857 | — | — | — | —
17:30:06 | 4.4 | 6/10 | 1425/4966 |  52.87% | 13,442,560/25,423,800 | 1h27m | 4.804 | — | — | — | —
17:30:11 | 4.4 | 6/10 | 1450/4966 |  52.92% | 13,455,360/25,423,800 | 1h27m | 4.888 | — | — | — | —
17:30:16 | 4.4 | 6/10 | 1475/4966 |  52.97% | 13,468,160/25,423,800 | 1h26m | 4.794 | — | — | — | —
17:30:22 | 4.4 | 6/10 | 1500/4966 |  53.02% | 13,480,960/25,423,800 | 1h26m | 4.847 | — | — | — | —
17:30:27 | 4.4 | 6/10 | 1525/4966 |  53.07% | 13,493,760/25,423,800 | 1h26m | 5.112 | — | — | — | —
17:30:32 | 4.4 | 6/10 | 1550/4966 |  53.12% | 13,506,560/25,423,800 | 1h26m | 4.838 | — | — | — | —
17:30:38 | 4.4 | 6/10 | 1575/4966 |  53.17% | 13,519,360/25,423,800 | 1h26m | 4.805 | — | — | — | —
17:30:43 | 4.4 | 6/10 | 1600/4966 |  53.22% | 13,532,160/25,423,800 | 1h26m | 4.722 | — | — | — | —
17:30:48 | 4.4 | 6/10 | 1625/4966 |  53.27% | 13,544,960/25,423,800 | 1h26m | 4.702 | — | — | — | —
17:30:53 | 4.4 | 6/10 | 1650/4966 |  53.32% | 13,557,760/25,423,800 | 1h26m | 4.943 | — | — | — | —
17:30:59 | 4.4 | 6/10 | 1675/4966 |  53.37% | 13,570,560/25,423,800 | 1h26m | 4.750 | — | — | — | —
17:31:04 | 4.4 | 6/10 | 1700/4966 |  53.42% | 13,583,360/25,423,800 | 1h26m | 4.926 | — | — | — | —
17:31:09 | 4.4 | 6/10 | 1725/4966 |  53.47% | 13,596,160/25,423,800 | 1h25m | 5.036 | — | — | — | —
17:31:14 | 4.4 | 6/10 | 1750/4966 |  53.52% | 13,608,960/25,423,800 | 1h25m | 4.885 | — | — | — | —
17:31:20 | 4.4 | 6/10 | 1775/4966 |  53.57% | 13,621,760/25,423,800 | 1h25m | 4.938 | — | — | — | —
17:31:25 | 4.4 | 6/10 | 1800/4966 |  53.62% | 13,634,560/25,423,800 | 1h25m | 4.709 | — | — | — | —
17:31:30 | 4.4 | 6/10 | 1825/4966 |  53.67% | 13,647,360/25,423,800 | 1h25m | 4.815 | — | — | — | —
17:31:36 | 4.4 | 6/10 | 1850/4966 |  53.73% | 13,660,160/25,423,800 | 1h25m | 4.882 | — | — | — | —
17:31:41 | 4.4 | 6/10 | 1875/4966 |  53.78% | 13,672,960/25,423,800 | 1h25m | 4.858 | — | — | — | —
17:31:46 | 4.4 | 6/10 | 1900/4966 |  53.83% | 13,685,760/25,423,800 | 1h25m | 4.922 | — | — | — | —
17:31:52 | 4.4 | 6/10 | 1925/4966 |  53.88% | 13,698,560/25,423,800 | 1h25m | 4.709 | — | — | — | —
17:31:57 | 4.4 | 6/10 | 1950/4966 |  53.93% | 13,711,360/25,423,800 | 1h25m | 5.065 | — | — | — | —
17:32:02 | 4.4 | 6/10 | 1975/4966 |  53.98% | 13,724,160/25,423,800 | 1h24m | 4.906 | — | — | — | —
17:32:07 | 4.4 | 6/10 | 2000/4966 |  54.03% | 13,736,960/25,423,800 | 1h24m | 4.800 | — | — | — | —
17:32:12 | 4.4 | 6/10 | 2025/4966 |  54.08% | 13,749,760/25,423,800 | 1h24m | 4.892 | — | — | — | —
17:32:18 | 4.4 | 6/10 | 2050/4966 |  54.13% | 13,762,560/25,423,800 | 1h24m | 4.967 | — | — | — | —
17:32:23 | 4.4 | 6/10 | 2075/4966 |  54.18% | 13,775,360/25,423,800 | 1h24m | 4.774 | — | — | — | —
17:32:29 | 4.4 | 6/10 | 2100/4966 |  54.23% | 13,788,160/25,423,800 | 1h24m | 4.800 | — | — | — | —
17:32:34 | 4.4 | 6/10 | 2125/4966 |  54.28% | 13,800,960/25,423,800 | 1h24m | 4.906 | — | — | — | —
17:32:39 | 4.4 | 6/10 | 2150/4966 |  54.33% | 13,813,760/25,423,800 | 1h24m | 4.871 | — | — | — | —
17:32:45 | 4.4 | 6/10 | 2175/4966 |  54.38% | 13,826,560/25,423,800 | 1h24m | 4.863 | — | — | — | —
17:32:50 | 4.4 | 6/10 | 2200/4966 |  54.43% | 13,839,360/25,423,800 | 1h24m | 4.966 | — | — | — | —
17:32:55 | 4.4 | 6/10 | 2225/4966 |  54.48% | 13,852,160/25,423,800 | 1h24m | 4.751 | — | — | — | —
17:33:00 | 4.4 | 6/10 | 2250/4966 |  54.53% | 13,864,960/25,423,800 | 1h23m | 4.729 | — | — | — | —
17:33:06 | 4.4 | 6/10 | 2275/4966 |  54.58% | 13,877,760/25,423,800 | 1h23m | 4.765 | — | — | — | —
17:33:11 | 4.4 | 6/10 | 2300/4966 |  54.63% | 13,890,560/25,423,800 | 1h23m | 4.941 | — | — | — | —
17:33:16 | 4.4 | 6/10 | 2325/4966 |  54.68% | 13,903,360/25,423,800 | 1h23m | 5.103 | — | — | — | —
17:33:21 | 4.4 | 6/10 | 2350/4966 |  54.73% | 13,916,160/25,423,800 | 1h23m | 4.734 | — | — | — | —
17:33:27 | 4.4 | 6/10 | 2375/4966 |  54.78% | 13,928,960/25,423,800 | 1h23m | 4.955 | — | — | — | —
17:33:32 | 4.4 | 6/10 | 2400/4966 |  54.83% | 13,941,760/25,423,800 | 1h23m | 4.987 | — | — | — | —
17:33:37 | 4.4 | 6/10 | 2425/4966 |  54.88% | 13,954,560/25,423,800 | 1h23m | 4.841 | — | — | — | —
17:33:43 | 4.4 | 6/10 | 2450/4966 |  54.93% | 13,967,360/25,423,800 | 1h23m | 4.964 | — | — | — | —
17:33:48 | 4.4 | 6/10 | 2475/4966 |  54.98% | 13,980,160/25,423,800 | 1h23m | 4.669 | — | — | — | —
17:33:53 | 4.4 | 6/10 | 2500/4966 |  55.03% | 13,992,960/25,423,800 | 1h22m | 4.684 | — | — | — | —
17:33:58 | 4.4 | 6/10 | 2525/4966 |  55.08% | 14,005,760/25,423,800 | 1h22m | 4.811 | — | — | — | —
17:34:04 | 4.4 | 6/10 | 2550/4966 |  55.13% | 14,018,560/25,423,800 | 1h22m | 4.761 | — | — | — | —
17:34:09 | 4.4 | 6/10 | 2575/4966 |  55.19% | 14,031,360/25,423,800 | 1h22m | 4.920 | — | — | — | —
17:34:14 | 4.4 | 6/10 | 2600/4966 |  55.24% | 14,044,160/25,423,800 | 1h22m | 4.749 | — | — | — | —
17:34:19 | 4.4 | 6/10 | 2625/4966 |  55.29% | 14,056,960/25,423,800 | 1h22m | 4.822 | — | — | — | —
17:34:25 | 4.4 | 6/10 | 2650/4966 |  55.34% | 14,069,760/25,423,800 | 1h22m | 4.737 | — | — | — | —
17:34:30 | 4.4 | 6/10 | 2675/4966 |  55.39% | 14,082,560/25,423,800 | 1h22m | 4.857 | — | — | — | —
17:34:35 | 4.4 | 6/10 | 2700/4966 |  55.44% | 14,095,360/25,423,800 | 1h22m | 4.903 | — | — | — | —
17:34:40 | 4.4 | 6/10 | 2725/4966 |  55.49% | 14,108,160/25,423,800 | 1h22m | 4.906 | — | — | — | —
17:34:45 | 4.4 | 6/10 | 2750/4966 |  55.54% | 14,120,960/25,423,800 | 1h21m | 4.869 | — | — | — | —
17:34:51 | 4.4 | 6/10 | 2775/4966 |  55.59% | 14,133,760/25,423,800 | 1h21m | 4.921 | — | — | — | —
17:34:56 | 4.4 | 6/10 | 2800/4966 |  55.64% | 14,146,560/25,423,800 | 1h21m | 4.651 | — | — | — | —
17:35:01 | 4.4 | 6/10 | 2825/4966 |  55.69% | 14,159,360/25,423,800 | 1h21m | 4.801 | — | — | — | —
17:35:07 | 4.4 | 6/10 | 2850/4966 |  55.74% | 14,172,160/25,423,800 | 1h21m | 4.941 | — | — | — | —
17:35:12 | 4.4 | 6/10 | 2875/4966 |  55.79% | 14,184,960/25,423,800 | 1h21m | 4.711 | — | — | — | —
17:35:18 | 4.4 | 6/10 | 2900/4966 |  55.84% | 14,197,760/25,423,800 | 1h21m | 4.969 | — | — | — | —
17:35:23 | 4.4 | 6/10 | 2925/4966 |  55.89% | 14,210,560/25,423,800 | 1h21m | 4.560 | — | — | — | —
17:35:29 | 4.4 | 6/10 | 2950/4966 |  55.94% | 14,223,360/25,423,800 | 1h21m | 4.858 | — | — | — | —
17:35:34 | 4.4 | 6/10 | 2975/4966 |  55.99% | 14,236,160/25,423,800 | 1h21m | 5.016 | — | — | — | —
17:35:40 | 4.4 | 6/10 | 3000/4966 |  56.04% | 14,248,960/25,423,800 | 1h21m | 5.022 | — | — | — | —
17:35:45 | 4.4 | 6/10 | 3025/4966 |  56.09% | 14,261,760/25,423,800 | 1h20m | 5.026 | — | — | — | —
17:35:50 | 4.4 | 6/10 | 3050/4966 |  56.14% | 14,274,560/25,423,800 | 1h20m | 4.923 | — | — | — | —
17:35:57 | 4.4 | 6/10 | 3075/4966 |  56.19% | 14,287,360/25,423,800 | 1h20m | 5.070 | — | — | — | —
17:36:05 | 4.4 | 6/10 | 3100/4966 |  56.24% | 14,300,160/25,423,800 | 1h20m | 4.768 | — | — | — | —
17:36:13 | 4.4 | 6/10 | 3125/4966 |  56.29% | 14,312,960/25,423,800 | 1h20m | 4.863 | — | — | — | —
17:36:21 | 4.4 | 6/10 | 3150/4966 |  56.34% | 14,325,760/25,423,800 | 1h20m | 4.884 | — | — | — | —
17:36:29 | 4.4 | 6/10 | 3175/4966 |  56.39% | 14,338,560/25,423,800 | 1h20m | 4.795 | — | — | — | —
17:36:37 | 4.4 | 6/10 | 3200/4966 |  56.44% | 14,351,360/25,423,800 | 1h20m | 5.034 | — | — | — | —
17:36:45 | 4.4 | 6/10 | 3225/4966 |  56.49% | 14,364,160/25,423,800 | 1h20m | 4.715 | — | — | — | —
17:36:53 | 4.4 | 6/10 | 3250/4966 |  56.54% | 14,376,960/25,423,800 | 1h20m | 4.745 | — | — | — | —
17:37:02 | 4.4 | 6/10 | 3275/4966 |  56.59% | 14,389,760/25,423,800 | 1h20m | 5.084 | — | — | — | —
17:37:10 | 4.4 | 6/10 | 3300/4966 |  56.65% | 14,402,560/25,423,800 | 1h20m | 4.662 | — | — | — | —
17:37:18 | 4.4 | 6/10 | 3325/4966 |  56.70% | 14,415,360/25,423,800 | 1h20m | 4.909 | — | — | — | —
17:37:25 | 4.4 | 6/10 | 3350/4966 |  56.75% | 14,428,160/25,423,800 | 1h20m | 4.891 | — | — | — | —
17:37:33 | 4.4 | 6/10 | 3375/4966 |  56.80% | 14,440,960/25,423,800 | 1h20m | 4.736 | — | — | — | —
17:37:41 | 4.4 | 6/10 | 3400/4966 |  56.85% | 14,453,760/25,423,800 | 1h19m | 4.761 | — | — | — | —
17:37:49 | 4.4 | 6/10 | 3425/4966 |  56.90% | 14,466,560/25,423,800 | 1h19m | 4.796 | — | — | — | —
17:37:56 | 4.4 | 6/10 | 3450/4966 |  56.95% | 14,479,360/25,423,800 | 1h19m | 4.844 | — | — | — | —
17:38:04 | 4.4 | 6/10 | 3475/4966 |  57.00% | 14,492,160/25,423,800 | 1h19m | 4.992 | — | — | — | —
17:38:12 | 4.4 | 6/10 | 3500/4966 |  57.05% | 14,504,960/25,423,800 | 1h19m | 4.947 | — | — | — | —
17:38:20 | 4.4 | 6/10 | 3525/4966 |  57.10% | 14,517,760/25,423,800 | 1h19m | 4.992 | — | — | — | —
17:38:28 | 4.4 | 6/10 | 3550/4966 |  57.15% | 14,530,560/25,423,800 | 1h19m | 4.977 | — | — | — | —
17:38:36 | 4.4 | 6/10 | 3575/4966 |  57.20% | 14,543,360/25,423,800 | 1h19m | 4.934 | — | — | — | —
17:38:44 | 4.4 | 6/10 | 3600/4966 |  57.25% | 14,556,160/25,423,800 | 1h19m | 4.982 | — | — | — | —
17:38:51 | 4.4 | 6/10 | 3625/4966 |  57.30% | 14,568,960/25,423,800 | 1h19m | 4.887 | — | — | — | —
17:38:56 | 4.4 | 6/10 | 3650/4966 |  57.35% | 14,581,760/25,423,800 | 1h19m | 4.897 | — | — | — | —
17:39:01 | 4.4 | 6/10 | 3675/4966 |  57.40% | 14,594,560/25,423,800 | 1h19m | 4.855 | — | — | — | —
17:39:07 | 4.4 | 6/10 | 3700/4966 |  57.45% | 14,607,360/25,423,800 | 1h19m | 4.910 | — | — | — | —
17:39:13 | 4.4 | 6/10 | 3725/4966 |  57.50% | 14,620,160/25,423,800 | 1h18m | 4.766 | — | — | — | —
17:39:18 | 4.4 | 6/10 | 3750/4966 |  57.55% | 14,632,960/25,423,800 | 1h18m | 4.859 | — | — | — | —
17:39:23 | 4.4 | 6/10 | 3775/4966 |  57.60% | 14,645,760/25,423,800 | 1h18m | 4.846 | — | — | — | —
17:39:28 | 4.4 | 6/10 | 3800/4966 |  57.65% | 14,658,560/25,423,800 | 1h18m | 4.878 | — | — | — | —
17:39:34 | 4.4 | 6/10 | 3825/4966 |  57.70% | 14,671,360/25,423,800 | 1h18m | 4.868 | — | — | — | —
17:39:39 | 4.4 | 6/10 | 3850/4966 |  57.75% | 14,684,160/25,423,800 | 1h18m | 4.714 | — | — | — | —
17:39:44 | 4.4 | 6/10 | 3875/4966 |  57.80% | 14,696,960/25,423,800 | 1h18m | 5.024 | — | — | — | —
17:39:49 | 4.4 | 6/10 | 3900/4966 |  57.85% | 14,709,760/25,423,800 | 1h18m | 4.756 | — | — | — | —
17:39:54 | 4.4 | 6/10 | 3925/4966 |  57.90% | 14,722,560/25,423,800 | 1h18m | 4.798 | — | — | — | —
17:40:00 | 4.4 | 6/10 | 3950/4966 |  57.95% | 14,735,360/25,423,800 | 1h18m | 4.886 | — | — | — | —
17:40:05 | 4.4 | 6/10 | 3975/4966 |  58.00% | 14,748,160/25,423,800 | 1h17m | 4.836 | — | — | — | —
17:40:10 | 4.4 | 6/10 | 4000/4966 |  58.05% | 14,760,960/25,423,800 | 1h17m | 4.594 | — | — | — | —
17:40:15 | 4.4 | 6/10 | 4025/4966 |  58.11% | 14,773,760/25,423,800 | 1h17m | 4.942 | — | — | — | —
17:40:20 | 4.4 | 6/10 | 4050/4966 |  58.16% | 14,786,560/25,423,800 | 1h17m | 4.833 | — | — | — | —
17:40:25 | 4.4 | 6/10 | 4075/4966 |  58.21% | 14,799,360/25,423,800 | 1h17m | 4.764 | — | — | — | —
17:40:30 | 4.4 | 6/10 | 4100/4966 |  58.26% | 14,812,160/25,423,800 | 1h17m | 4.854 | — | — | — | —
17:40:36 | 4.4 | 6/10 | 4125/4966 |  58.31% | 14,824,960/25,423,800 | 1h17m | 4.845 | — | — | — | —
17:40:41 | 4.4 | 6/10 | 4150/4966 |  58.36% | 14,837,760/25,423,800 | 1h17m | 4.744 | — | — | — | —
17:40:46 | 4.4 | 6/10 | 4175/4966 |  58.41% | 14,850,560/25,423,800 | 1h17m | 4.929 | — | — | — | —
17:40:51 | 4.4 | 6/10 | 4200/4966 |  58.46% | 14,863,360/25,423,800 | 1h17m | 4.654 | — | — | — | —
17:40:56 | 4.4 | 6/10 | 4225/4966 |  58.51% | 14,876,160/25,423,800 | 1h17m | 4.752 | — | — | — | —
17:41:01 | 4.4 | 6/10 | 4250/4966 |  58.56% | 14,888,960/25,423,800 | 1h16m | 4.891 | — | — | — | —
17:41:06 | 4.4 | 6/10 | 4275/4966 |  58.61% | 14,901,760/25,423,800 | 1h16m | 4.917 | — | — | — | —
17:41:12 | 4.4 | 6/10 | 4300/4966 |  58.66% | 14,914,560/25,423,800 | 1h16m | 4.663 | — | — | — | —
17:41:17 | 4.4 | 6/10 | 4325/4966 |  58.71% | 14,927,360/25,423,800 | 1h16m | 4.788 | — | — | — | —
17:41:22 | 4.4 | 6/10 | 4350/4966 |  58.76% | 14,940,160/25,423,800 | 1h16m | 5.062 | — | — | — | —
17:41:27 | 4.4 | 6/10 | 4375/4966 |  58.81% | 14,952,960/25,423,800 | 1h16m | 4.782 | — | — | — | —
17:41:32 | 4.4 | 6/10 | 4400/4966 |  58.86% | 14,965,760/25,423,800 | 1h16m | 4.904 | — | — | — | —
17:41:37 | 4.4 | 6/10 | 4425/4966 |  58.91% | 14,978,560/25,423,800 | 1h16m | 4.948 | — | — | — | —
17:41:42 | 4.4 | 6/10 | 4450/4966 |  58.96% | 14,991,360/25,423,800 | 1h16m | 4.818 | — | — | — | —
17:41:48 | 4.4 | 6/10 | 4475/4966 |  59.01% | 15,004,160/25,423,800 | 1h16m | 4.955 | — | — | — | —
17:41:53 | 4.4 | 6/10 | 4500/4966 |  59.06% | 15,016,960/25,423,800 | 1h15m | 5.109 | — | — | — | —
17:41:58 | 4.4 | 6/10 | 4525/4966 |  59.11% | 15,029,760/25,423,800 | 1h15m | 4.758 | — | — | — | —
17:42:03 | 4.4 | 6/10 | 4550/4966 |  59.16% | 15,042,560/25,423,800 | 1h15m | 4.746 | — | — | — | —
17:42:08 | 4.4 | 6/10 | 4575/4966 |  59.21% | 15,055,360/25,423,800 | 1h15m | 4.879 | — | — | — | —
17:42:13 | 4.4 | 6/10 | 4600/4966 |  59.26% | 15,068,160/25,423,800 | 1h15m | 4.772 | — | — | — | —
17:42:19 | 4.4 | 6/10 | 4625/4966 |  59.31% | 15,080,960/25,423,800 | 1h15m | 4.863 | — | — | — | —
17:42:24 | 4.4 | 6/10 | 4650/4966 |  59.36% | 15,093,760/25,423,800 | 1h15m | 4.884 | — | — | — | —
17:42:29 | 4.4 | 6/10 | 4675/4966 |  59.41% | 15,106,560/25,423,800 | 1h15m | 4.838 | — | — | — | —
17:42:34 | 4.4 | 6/10 | 4700/4966 |  59.46% | 15,119,360/25,423,800 | 1h15m | 4.771 | — | — | — | —
17:42:39 | 4.4 | 6/10 | 4725/4966 |  59.51% | 15,132,160/25,423,800 | 1h15m | 4.800 | — | — | — | —
17:42:44 | 4.4 | 6/10 | 4750/4966 |  59.57% | 15,144,960/25,423,800 | 1h14m | 4.751 | — | — | — | —
17:42:49 | 4.4 | 6/10 | 4775/4966 |  59.62% | 15,157,760/25,423,800 | 1h14m | 4.951 | — | — | — | —
17:42:54 | 4.4 | 6/10 | 4800/4966 |  59.67% | 15,170,560/25,423,800 | 1h14m | 4.714 | — | — | — | —
17:42:59 | 4.4 | 6/10 | 4825/4966 |  59.72% | 15,183,360/25,423,800 | 1h14m | 4.864 | — | — | — | —
17:43:05 | 4.4 | 6/10 | 4850/4966 |  59.77% | 15,196,160/25,423,800 | 1h14m | 4.837 | — | — | — | —
17:43:10 | 4.4 | 6/10 | 4875/4966 |  59.82% | 15,208,960/25,423,800 | 1h14m | 4.936 | — | — | — | —
17:43:15 | 4.4 | 6/10 | 4900/4966 |  59.87% | 15,221,760/25,423,800 | 1h14m | 4.903 | — | — | — | —
17:43:20 | 4.4 | 6/10 | 4925/4966 |  59.92% | 15,234,560/25,423,800 | 1h14m | 4.846 | — | — | — | —
17:43:25 | 4.4 | 6/10 | 4950/4966 |  59.97% | 15,247,360/25,423,800 | 1h14m | 4.872 | — | — | — | —
17:43:28 | 4.4 | 6/10 | 4966/4966 |  60.00% | 15,255,552/25,423,800 | 1h14m | 4.935 | — | — | — | —
17:43:39 | validation | 6/10 | epoch-end |  60.00% | 15,254,280/25,423,800 | 1h14m | 4.872 |  55.03% |  44.61% |   6.33% | 1.521
17:43:40 | 4.4 | 7/10 | 1/4966 |  60.00% | 15,256,064/25,423,800 | 1h14m | 4.901 | — | — | — | —
17:43:45 | 4.4 | 7/10 | 25/4966 |  60.05% | 15,268,352/25,423,800 | 1h14m | 4.924 | — | — | — | —
17:43:50 | 4.4 | 7/10 | 50/4966 |  60.10% | 15,281,152/25,423,800 | 1h14m | 4.878 | — | — | — | —
17:43:55 | 4.4 | 7/10 | 75/4966 |  60.15% | 15,293,952/25,423,800 | 1h13m | 4.914 | — | — | — | —
17:44:01 | 4.4 | 7/10 | 100/4966 |  60.20% | 15,306,752/25,423,800 | 1h13m | 4.659 | — | — | — | —
17:44:06 | 4.4 | 7/10 | 125/4966 |  60.25% | 15,319,552/25,423,800 | 1h13m | 4.948 | — | — | — | —
17:44:11 | 4.4 | 7/10 | 150/4966 |  60.30% | 15,332,352/25,423,800 | 1h13m | 4.834 | — | — | — | —
17:44:16 | 4.4 | 7/10 | 175/4966 |  60.35% | 15,345,152/25,423,800 | 1h13m | 4.996 | — | — | — | —
17:44:22 | 4.4 | 7/10 | 200/4966 |  60.40% | 15,357,952/25,423,800 | 1h13m | 4.947 | — | — | — | —
17:44:27 | 4.4 | 7/10 | 225/4966 |  60.45% | 15,370,752/25,423,800 | 1h13m | 4.847 | — | — | — | —
17:44:32 | 4.4 | 7/10 | 250/4966 |  60.50% | 15,383,552/25,423,800 | 1h13m | 4.567 | — | — | — | —
17:44:37 | 4.4 | 7/10 | 275/4966 |  60.55% | 15,396,352/25,423,800 | 1h13m | 4.921 | — | — | — | —
17:44:42 | 4.4 | 7/10 | 300/4966 |  60.60% | 15,409,152/25,423,800 | 1h13m | 4.775 | — | — | — | —
17:44:48 | 4.4 | 7/10 | 325/4966 |  60.65% | 15,421,952/25,423,800 | 1h12m | 4.970 | — | — | — | —
17:44:53 | 4.4 | 7/10 | 350/4966 |  60.70% | 15,434,752/25,423,800 | 1h12m | 4.765 | — | — | — | —
17:44:58 | 4.4 | 7/10 | 375/4966 |  60.76% | 15,447,552/25,423,800 | 1h12m | 4.803 | — | — | — | —
17:45:04 | 4.4 | 7/10 | 400/4966 |  60.81% | 15,460,352/25,423,800 | 1h12m | 4.662 | — | — | — | —
17:45:09 | 4.4 | 7/10 | 425/4966 |  60.86% | 15,473,152/25,423,800 | 1h12m | 4.759 | — | — | — | —
17:45:14 | 4.4 | 7/10 | 450/4966 |  60.91% | 15,485,952/25,423,800 | 1h12m | 4.992 | — | — | — | —
17:45:19 | 4.4 | 7/10 | 475/4966 |  60.96% | 15,498,752/25,423,800 | 1h12m | 4.859 | — | — | — | —
17:45:24 | 4.4 | 7/10 | 500/4966 |  61.01% | 15,511,552/25,423,800 | 1h12m | 4.788 | — | — | — | —
17:45:30 | 4.4 | 7/10 | 525/4966 |  61.06% | 15,524,352/25,423,800 | 1h12m | 4.832 | — | — | — | —
17:45:35 | 4.4 | 7/10 | 550/4966 |  61.11% | 15,537,152/25,423,800 | 1h12m | 4.717 | — | — | — | —
17:45:40 | 4.4 | 7/10 | 575/4966 |  61.16% | 15,549,952/25,423,800 | 1h11m | 4.776 | — | — | — | —
17:45:45 | 4.4 | 7/10 | 600/4966 |  61.21% | 15,562,752/25,423,800 | 1h11m | 4.716 | — | — | — | —
17:45:51 | 4.4 | 7/10 | 625/4966 |  61.26% | 15,575,552/25,423,800 | 1h11m | 4.709 | — | — | — | —
17:45:56 | 4.4 | 7/10 | 650/4966 |  61.31% | 15,588,352/25,423,800 | 1h11m | 4.914 | — | — | — | —
17:46:01 | 4.4 | 7/10 | 675/4966 |  61.36% | 15,601,152/25,423,800 | 1h11m | 4.750 | — | — | — | —
17:46:07 | 4.4 | 7/10 | 700/4966 |  61.41% | 15,613,952/25,423,800 | 1h11m | 4.844 | — | — | — | —
17:46:12 | 4.4 | 7/10 | 725/4966 |  61.46% | 15,626,752/25,423,800 | 1h11m | 4.960 | — | — | — | —
17:46:17 | 4.4 | 7/10 | 750/4966 |  61.51% | 15,639,552/25,423,800 | 1h11m | 4.922 | — | — | — | —
17:46:23 | 4.4 | 7/10 | 775/4966 |  61.56% | 15,652,352/25,423,800 | 1h11m | 5.021 | — | — | — | —
17:46:28 | 4.4 | 7/10 | 800/4966 |  61.61% | 15,665,152/25,423,800 | 1h11m | 4.870 | — | — | — | —
17:46:33 | 4.4 | 7/10 | 825/4966 |  61.66% | 15,677,952/25,423,800 | 1h11m | 4.847 | — | — | — | —
17:46:39 | 4.4 | 7/10 | 850/4966 |  61.71% | 15,690,752/25,423,800 | 1h10m | 4.805 | — | — | — | —
17:46:44 | 4.4 | 7/10 | 875/4966 |  61.76% | 15,703,552/25,423,800 | 1h10m | 4.933 | — | — | — | —
17:46:49 | 4.4 | 7/10 | 900/4966 |  61.81% | 15,716,352/25,423,800 | 1h10m | 4.751 | — | — | — | —
17:46:55 | 4.4 | 7/10 | 925/4966 |  61.86% | 15,729,152/25,423,800 | 1h10m | 4.771 | — | — | — | —
17:47:00 | 4.4 | 7/10 | 950/4966 |  61.91% | 15,741,952/25,423,800 | 1h10m | 4.870 | — | — | — | —
17:47:05 | 4.4 | 7/10 | 975/4966 |  61.96% | 15,754,752/25,423,800 | 1h10m | 4.665 | — | — | — | —
17:47:11 | 4.4 | 7/10 | 1000/4966 |  62.01% | 15,767,552/25,423,800 | 1h10m | 4.875 | — | — | — | —
17:47:16 | 4.4 | 7/10 | 1025/4966 |  62.06% | 15,780,352/25,423,800 | 1h10m | 4.845 | — | — | — | —
17:47:21 | 4.4 | 7/10 | 1050/4966 |  62.11% | 15,793,152/25,423,800 | 1h10m | 4.849 | — | — | — | —
17:47:27 | 4.4 | 7/10 | 1075/4966 |  62.16% | 15,805,952/25,423,800 | 1h10m | 4.808 | — | — | — | —
17:47:32 | 4.4 | 7/10 | 1100/4966 |  62.22% | 15,818,752/25,423,800 | 1h09m | 4.864 | — | — | — | —
17:47:38 | 4.4 | 7/10 | 1125/4966 |  62.27% | 15,831,552/25,423,800 | 1h09m | 4.996 | — | — | — | —
17:47:43 | 4.4 | 7/10 | 1150/4966 |  62.32% | 15,844,352/25,423,800 | 1h09m | 5.009 | — | — | — | —
17:47:48 | 4.4 | 7/10 | 1175/4966 |  62.37% | 15,857,152/25,423,800 | 1h09m | 4.740 | — | — | — | —
17:47:54 | 4.4 | 7/10 | 1200/4966 |  62.42% | 15,869,952/25,423,800 | 1h09m | 4.765 | — | — | — | —
17:47:59 | 4.4 | 7/10 | 1225/4966 |  62.47% | 15,882,752/25,423,800 | 1h09m | 4.852 | — | — | — | —
17:48:04 | 4.4 | 7/10 | 1250/4966 |  62.52% | 15,895,552/25,423,800 | 1h09m | 4.770 | — | — | — | —
17:48:09 | 4.4 | 7/10 | 1275/4966 |  62.57% | 15,908,352/25,423,800 | 1h09m | 4.696 | — | — | — | —
17:48:15 | 4.4 | 7/10 | 1300/4966 |  62.62% | 15,921,152/25,423,800 | 1h09m | 4.805 | — | — | — | —
17:48:20 | 4.4 | 7/10 | 1325/4966 |  62.67% | 15,933,952/25,423,800 | 1h09m | 4.872 | — | — | — | —
17:48:25 | 4.4 | 7/10 | 1350/4966 |  62.72% | 15,946,752/25,423,800 | 1h08m | 4.802 | — | — | — | —
17:48:30 | 4.4 | 7/10 | 1375/4966 |  62.77% | 15,959,552/25,423,800 | 1h08m | 4.826 | — | — | — | —
17:48:36 | 4.4 | 7/10 | 1400/4966 |  62.82% | 15,972,352/25,423,800 | 1h08m | 4.943 | — | — | — | —
17:48:41 | 4.4 | 7/10 | 1425/4966 |  62.87% | 15,985,152/25,423,800 | 1h08m | 4.886 | — | — | — | —
17:48:46 | 4.4 | 7/10 | 1450/4966 |  62.92% | 15,997,952/25,423,800 | 1h08m | 4.877 | — | — | — | —
17:48:52 | 4.4 | 7/10 | 1475/4966 |  62.97% | 16,010,752/25,423,800 | 1h08m | 4.832 | — | — | — | —
17:48:57 | 4.4 | 7/10 | 1500/4966 |  63.02% | 16,023,552/25,423,800 | 1h08m | 4.746 | — | — | — | —
17:49:02 | 4.4 | 7/10 | 1525/4966 |  63.07% | 16,036,352/25,423,800 | 1h08m | 4.794 | — | — | — | —
17:49:07 | 4.4 | 7/10 | 1550/4966 |  63.12% | 16,049,152/25,423,800 | 1h08m | 4.818 | — | — | — | —
17:49:13 | 4.4 | 7/10 | 1575/4966 |  63.17% | 16,061,952/25,423,800 | 1h08m | 4.953 | — | — | — | —
17:49:18 | 4.4 | 7/10 | 1600/4966 |  63.22% | 16,074,752/25,423,800 | 1h08m | 4.795 | — | — | — | —
17:49:23 | 4.4 | 7/10 | 1625/4966 |  63.27% | 16,087,552/25,423,800 | 1h07m | 4.790 | — | — | — | —
17:49:29 | 4.4 | 7/10 | 1650/4966 |  63.32% | 16,100,352/25,423,800 | 1h07m | 4.775 | — | — | — | —
17:49:34 | 4.4 | 7/10 | 1675/4966 |  63.37% | 16,113,152/25,423,800 | 1h07m | 4.873 | — | — | — | —
17:49:39 | 4.4 | 7/10 | 1700/4966 |  63.42% | 16,125,952/25,423,800 | 1h07m | 4.759 | — | — | — | —
17:49:45 | 4.4 | 7/10 | 1725/4966 |  63.47% | 16,138,752/25,423,800 | 1h07m | 4.892 | — | — | — | —
17:49:50 | 4.4 | 7/10 | 1750/4966 |  63.52% | 16,151,552/25,423,800 | 1h07m | 4.772 | — | — | — | —
17:49:55 | 4.4 | 7/10 | 1775/4966 |  63.57% | 16,164,352/25,423,800 | 1h07m | 4.698 | — | — | — | —
17:50:01 | 4.4 | 7/10 | 1800/4966 |  63.62% | 16,177,152/25,423,800 | 1h07m | 4.842 | — | — | — | —
17:50:06 | 4.4 | 7/10 | 1825/4966 |  63.67% | 16,189,952/25,423,800 | 1h07m | 4.726 | — | — | — | —
17:50:12 | 4.4 | 7/10 | 1850/4966 |  63.73% | 16,202,752/25,423,800 | 1h07m | 4.960 | — | — | — | —
17:50:17 | 4.4 | 7/10 | 1875/4966 |  63.78% | 16,215,552/25,423,800 | 1h06m | 4.743 | — | — | — | —
17:50:22 | 4.4 | 7/10 | 1900/4966 |  63.83% | 16,228,352/25,423,800 | 1h06m | 4.712 | — | — | — | —
17:50:28 | 4.4 | 7/10 | 1925/4966 |  63.88% | 16,241,152/25,423,800 | 1h06m | 4.621 | — | — | — | —
17:50:33 | 4.4 | 7/10 | 1950/4966 |  63.93% | 16,253,952/25,423,800 | 1h06m | 4.865 | — | — | — | —
17:50:39 | 4.4 | 7/10 | 1975/4966 |  63.98% | 16,266,752/25,423,800 | 1h06m | 5.006 | — | — | — | —
17:50:44 | 4.4 | 7/10 | 2000/4966 |  64.03% | 16,279,552/25,423,800 | 1h06m | 4.905 | — | — | — | —
17:50:50 | 4.4 | 7/10 | 2025/4966 |  64.08% | 16,292,352/25,423,800 | 1h06m | 4.884 | — | — | — | —
17:50:55 | 4.4 | 7/10 | 2050/4966 |  64.13% | 16,305,152/25,423,800 | 1h06m | 4.639 | — | — | — | —
17:51:00 | 4.4 | 7/10 | 2075/4966 |  64.18% | 16,317,952/25,423,800 | 1h06m | 4.802 | — | — | — | —
17:51:06 | 4.4 | 7/10 | 2100/4966 |  64.23% | 16,330,752/25,423,800 | 1h06m | 4.846 | — | — | — | —
17:51:11 | 4.4 | 7/10 | 2125/4966 |  64.28% | 16,343,552/25,423,800 | 1h06m | 4.751 | — | — | — | —
17:51:16 | 4.4 | 7/10 | 2150/4966 |  64.33% | 16,356,352/25,423,800 | 1h05m | 4.747 | — | — | — | —
17:51:21 | 4.4 | 7/10 | 2175/4966 |  64.38% | 16,369,152/25,423,800 | 1h05m | 4.733 | — | — | — | —
17:51:27 | 4.4 | 7/10 | 2200/4966 |  64.43% | 16,381,952/25,423,800 | 1h05m | 4.736 | — | — | — | —
17:51:32 | 4.4 | 7/10 | 2225/4966 |  64.48% | 16,394,752/25,423,800 | 1h05m | 4.857 | — | — | — | —
17:51:37 | 4.4 | 7/10 | 2250/4966 |  64.53% | 16,407,552/25,423,800 | 1h05m | 4.713 | — | — | — | —
17:51:42 | 4.4 | 7/10 | 2275/4966 |  64.58% | 16,420,352/25,423,800 | 1h05m | 4.802 | — | — | — | —
17:51:48 | 4.4 | 7/10 | 2300/4966 |  64.63% | 16,433,152/25,423,800 | 1h05m | 4.763 | — | — | — | —
17:51:53 | 4.4 | 7/10 | 2325/4966 |  64.68% | 16,445,952/25,423,800 | 1h05m | 4.882 | — | — | — | —
17:51:58 | 4.4 | 7/10 | 2350/4966 |  64.73% | 16,458,752/25,423,800 | 1h05m | 5.031 | — | — | — | —
17:52:04 | 4.4 | 7/10 | 2375/4966 |  64.78% | 16,471,552/25,423,800 | 1h05m | 4.777 | — | — | — | —
17:52:09 | 4.4 | 7/10 | 2400/4966 |  64.83% | 16,484,352/25,423,800 | 1h04m | 4.817 | — | — | — | —
17:52:14 | 4.4 | 7/10 | 2425/4966 |  64.88% | 16,497,152/25,423,800 | 1h04m | 4.911 | — | — | — | —
17:52:20 | 4.4 | 7/10 | 2450/4966 |  64.93% | 16,509,952/25,423,800 | 1h04m | 4.851 | — | — | — | —
17:52:25 | 4.4 | 7/10 | 2475/4966 |  64.98% | 16,522,752/25,423,800 | 1h04m | 5.118 | — | — | — | —
17:52:31 | 4.4 | 7/10 | 2500/4966 |  65.03% | 16,535,552/25,423,800 | 1h04m | 4.764 | — | — | — | —
17:52:36 | 4.4 | 7/10 | 2525/4966 |  65.08% | 16,548,352/25,423,800 | 1h04m | 4.773 | — | — | — | —
17:52:42 | 4.4 | 7/10 | 2550/4966 |  65.13% | 16,561,152/25,423,800 | 1h04m | 4.747 | — | — | — | —
17:52:47 | 4.4 | 7/10 | 2575/4966 |  65.19% | 16,573,952/25,423,800 | 1h04m | 4.906 | — | — | — | —
17:52:52 | 4.4 | 7/10 | 2600/4966 |  65.24% | 16,586,752/25,423,800 | 1h04m | 4.871 | — | — | — | —
17:52:58 | 4.4 | 7/10 | 2625/4966 |  65.29% | 16,599,552/25,423,800 | 1h04m | 4.770 | — | — | — | —
17:53:03 | 4.4 | 7/10 | 2650/4966 |  65.34% | 16,612,352/25,423,800 | 1h04m | 5.051 | — | — | — | —
17:53:08 | 4.4 | 7/10 | 2675/4966 |  65.39% | 16,625,152/25,423,800 | 1h03m | 4.823 | — | — | — | —
17:53:14 | 4.4 | 7/10 | 2700/4966 |  65.44% | 16,637,952/25,423,800 | 1h03m | 4.756 | — | — | — | —
17:53:19 | 4.4 | 7/10 | 2725/4966 |  65.49% | 16,650,752/25,423,800 | 1h03m | 4.825 | — | — | — | —
17:53:24 | 4.4 | 7/10 | 2750/4966 |  65.54% | 16,663,552/25,423,800 | 1h03m | 4.852 | — | — | — | —
17:53:30 | 4.4 | 7/10 | 2775/4966 |  65.59% | 16,676,352/25,423,800 | 1h03m | 4.845 | — | — | — | —
17:53:35 | 4.4 | 7/10 | 2800/4966 |  65.64% | 16,689,152/25,423,800 | 1h03m | 4.808 | — | — | — | —
17:53:41 | 4.4 | 7/10 | 2825/4966 |  65.69% | 16,701,952/25,423,800 | 1h03m | 4.824 | — | — | — | —
17:53:46 | 4.4 | 7/10 | 2850/4966 |  65.74% | 16,714,752/25,423,800 | 1h03m | 4.830 | — | — | — | —
17:53:51 | 4.4 | 7/10 | 2875/4966 |  65.79% | 16,727,552/25,423,800 | 1h03m | 4.762 | — | — | — | —
17:53:57 | 4.4 | 7/10 | 2900/4966 |  65.84% | 16,740,352/25,423,800 | 1h03m | 4.759 | — | — | — | —
17:54:02 | 4.4 | 7/10 | 2925/4966 |  65.89% | 16,753,152/25,423,800 | 1h02m | 4.989 | — | — | — | —
17:54:07 | 4.4 | 7/10 | 2950/4966 |  65.94% | 16,765,952/25,423,800 | 1h02m | 4.763 | — | — | — | —
17:54:13 | 4.4 | 7/10 | 2975/4966 |  65.99% | 16,778,752/25,423,800 | 1h02m | 4.799 | — | — | — | —
17:54:18 | 4.4 | 7/10 | 3000/4966 |  66.04% | 16,791,552/25,423,800 | 1h02m | 5.039 | — | — | — | —
17:54:23 | 4.4 | 7/10 | 3025/4966 |  66.09% | 16,804,352/25,423,800 | 1h02m | 4.875 | — | — | — | —
17:54:28 | 4.4 | 7/10 | 3050/4966 |  66.14% | 16,817,152/25,423,800 | 1h02m | 4.982 | — | — | — | —
17:54:34 | 4.4 | 7/10 | 3075/4966 |  66.19% | 16,829,952/25,423,800 | 1h02m | 4.890 | — | — | — | —
17:54:39 | 4.4 | 7/10 | 3100/4966 |  66.24% | 16,842,752/25,423,800 | 1h02m | 4.857 | — | — | — | —
17:54:45 | 4.4 | 7/10 | 3125/4966 |  66.29% | 16,855,552/25,423,800 | 1h02m | 4.804 | — | — | — | —
17:54:50 | 4.4 | 7/10 | 3150/4966 |  66.34% | 16,868,352/25,423,800 | 1h02m | 4.896 | — | — | — | —
17:54:55 | 4.4 | 7/10 | 3175/4966 |  66.39% | 16,881,152/25,423,800 | 1h02m | 5.033 | — | — | — | —
17:55:00 | 4.4 | 7/10 | 3200/4966 |  66.44% | 16,893,952/25,423,800 | 1h01m | 4.703 | — | — | — | —
17:55:06 | 4.4 | 7/10 | 3225/4966 |  66.49% | 16,906,752/25,423,800 | 1h01m | 4.865 | — | — | — | —
17:55:11 | 4.4 | 7/10 | 3250/4966 |  66.54% | 16,919,552/25,423,800 | 1h01m | 4.918 | — | — | — | —
17:55:16 | 4.4 | 7/10 | 3275/4966 |  66.59% | 16,932,352/25,423,800 | 1h01m | 4.919 | — | — | — | —
17:55:21 | 4.4 | 7/10 | 3300/4966 |  66.65% | 16,945,152/25,423,800 | 1h01m | 4.791 | — | — | — | —
17:55:27 | 4.4 | 7/10 | 3325/4966 |  66.70% | 16,957,952/25,423,800 | 1h01m | 4.910 | — | — | — | —
17:55:32 | 4.4 | 7/10 | 3350/4966 |  66.75% | 16,970,752/25,423,800 | 1h01m | 4.855 | — | — | — | —
17:55:37 | 4.4 | 7/10 | 3375/4966 |  66.80% | 16,983,552/25,423,800 | 1h01m | 4.875 | — | — | — | —
17:55:42 | 4.4 | 7/10 | 3400/4966 |  66.85% | 16,996,352/25,423,800 | 1h01m | 4.793 | — | — | — | —
17:55:47 | 4.4 | 7/10 | 3425/4966 |  66.90% | 17,009,152/25,423,800 | 1h01m | 4.766 | — | — | — | —
17:55:53 | 4.4 | 7/10 | 3450/4966 |  66.95% | 17,021,952/25,423,800 | 1h00m | 4.862 | — | — | — | —
17:55:58 | 4.4 | 7/10 | 3475/4966 |  67.00% | 17,034,752/25,423,800 | 1h00m | 4.648 | — | — | — | —
17:56:03 | 4.4 | 7/10 | 3500/4966 |  67.05% | 17,047,552/25,423,800 | 1h00m | 5.010 | — | — | — | —
17:56:08 | 4.4 | 7/10 | 3525/4966 |  67.10% | 17,060,352/25,423,800 | 1h00m | 4.828 | — | — | — | —
17:56:13 | 4.4 | 7/10 | 3550/4966 |  67.15% | 17,073,152/25,423,800 | 1h00m | 4.895 | — | — | — | —
17:56:19 | 4.4 | 7/10 | 3575/4966 |  67.20% | 17,085,952/25,423,800 | 1h00m | 4.949 | — | — | — | —
17:56:24 | 4.4 | 7/10 | 3600/4966 |  67.25% | 17,098,752/25,423,800 | 1h00m | 4.804 | — | — | — | —
17:56:30 | 4.4 | 7/10 | 3625/4966 |  67.30% | 17,111,552/25,423,800 | 1h00m | 4.882 | — | — | — | —
17:56:35 | 4.4 | 7/10 | 3650/4966 |  67.35% | 17,124,352/25,423,800 | 1h00m | 4.735 | — | — | — | —
17:56:40 | 4.4 | 7/10 | 3675/4966 |  67.40% | 17,137,152/25,423,800 | 1h00m | 4.909 | — | — | — | —
17:56:45 | 4.4 | 7/10 | 3700/4966 |  67.45% | 17,149,952/25,423,800 | 1h00m | 4.830 | — | — | — | —
17:56:50 | 4.4 | 7/10 | 3725/4966 |  67.50% | 17,162,752/25,423,800 | 59m56s | 4.910 | — | — | — | —
17:56:56 | 4.4 | 7/10 | 3750/4966 |  67.55% | 17,175,552/25,423,800 | 59m50s | 4.820 | — | — | — | —
17:57:01 | 4.4 | 7/10 | 3775/4966 |  67.60% | 17,188,352/25,423,800 | 59m44s | 4.721 | — | — | — | —
17:57:06 | 4.4 | 7/10 | 3800/4966 |  67.65% | 17,201,152/25,423,800 | 59m38s | 4.824 | — | — | — | —
17:57:11 | 4.4 | 7/10 | 3825/4966 |  67.70% | 17,213,952/25,423,800 | 59m33s | 4.808 | — | — | — | —
17:57:16 | 4.4 | 7/10 | 3850/4966 |  67.75% | 17,226,752/25,423,800 | 59m27s | 4.784 | — | — | — | —
17:57:21 | 4.4 | 7/10 | 3875/4966 |  67.80% | 17,239,552/25,423,800 | 59m21s | 4.833 | — | — | — | —
17:57:27 | 4.4 | 7/10 | 3900/4966 |  67.85% | 17,252,352/25,423,800 | 59m15s | 4.892 | — | — | — | —
17:57:32 | 4.4 | 7/10 | 3925/4966 |  67.90% | 17,265,152/25,423,800 | 59m10s | 4.941 | — | — | — | —
17:57:37 | 4.4 | 7/10 | 3950/4966 |  67.95% | 17,277,952/25,423,800 | 59m04s | 5.036 | — | — | — | —
17:57:42 | 4.4 | 7/10 | 3975/4966 |  68.00% | 17,290,752/25,423,800 | 58m58s | 4.940 | — | — | — | —
17:57:47 | 4.4 | 7/10 | 4000/4966 |  68.05% | 17,303,552/25,423,800 | 58m52s | 4.816 | — | — | — | —
17:57:53 | 4.4 | 7/10 | 4025/4966 |  68.11% | 17,316,352/25,423,800 | 58m47s | 4.900 | — | — | — | —
17:57:58 | 4.4 | 7/10 | 4050/4966 |  68.16% | 17,329,152/25,423,800 | 58m41s | 4.714 | — | — | — | —
17:58:03 | 4.4 | 7/10 | 4075/4966 |  68.21% | 17,341,952/25,423,800 | 58m35s | 4.796 | — | — | — | —
17:58:08 | 4.4 | 7/10 | 4100/4966 |  68.26% | 17,354,752/25,423,800 | 58m29s | 4.803 | — | — | — | —
17:58:13 | 4.4 | 7/10 | 4125/4966 |  68.31% | 17,367,552/25,423,800 | 58m24s | 4.856 | — | — | — | —
17:58:19 | 4.4 | 7/10 | 4150/4966 |  68.36% | 17,380,352/25,423,800 | 58m18s | 4.831 | — | — | — | —
17:58:24 | 4.4 | 7/10 | 4175/4966 |  68.41% | 17,393,152/25,423,800 | 58m12s | 4.732 | — | — | — | —
17:58:29 | 4.4 | 7/10 | 4200/4966 |  68.46% | 17,405,952/25,423,800 | 58m07s | 4.860 | — | — | — | —
17:58:34 | 4.4 | 7/10 | 4225/4966 |  68.51% | 17,418,752/25,423,800 | 58m01s | 4.942 | — | — | — | —
17:58:40 | 4.4 | 7/10 | 4250/4966 |  68.56% | 17,431,552/25,423,800 | 57m55s | 4.916 | — | — | — | —
17:58:45 | 4.4 | 7/10 | 4275/4966 |  68.61% | 17,444,352/25,423,800 | 57m49s | 4.766 | — | — | — | —
17:58:50 | 4.4 | 7/10 | 4300/4966 |  68.66% | 17,457,152/25,423,800 | 57m44s | 4.937 | — | — | — | —
17:58:55 | 4.4 | 7/10 | 4325/4966 |  68.71% | 17,469,952/25,423,800 | 57m38s | 4.724 | — | — | — | —
17:59:00 | 4.4 | 7/10 | 4350/4966 |  68.76% | 17,482,752/25,423,800 | 57m32s | 4.802 | — | — | — | —
17:59:05 | 4.4 | 7/10 | 4375/4966 |  68.81% | 17,495,552/25,423,800 | 57m26s | 4.664 | — | — | — | —
17:59:11 | 4.4 | 7/10 | 4400/4966 |  68.86% | 17,508,352/25,423,800 | 57m21s | 4.858 | — | — | — | —
17:59:16 | 4.4 | 7/10 | 4425/4966 |  68.91% | 17,521,152/25,423,800 | 57m15s | 4.645 | — | — | — | —
17:59:21 | 4.4 | 7/10 | 4450/4966 |  68.96% | 17,533,952/25,423,800 | 57m09s | 4.891 | — | — | — | —
17:59:27 | 4.4 | 7/10 | 4475/4966 |  69.01% | 17,546,752/25,423,800 | 57m04s | 4.936 | — | — | — | —
17:59:32 | 4.4 | 7/10 | 4500/4966 |  69.06% | 17,559,552/25,423,800 | 56m58s | 4.812 | — | — | — | —
17:59:37 | 4.4 | 7/10 | 4525/4966 |  69.11% | 17,572,352/25,423,800 | 56m52s | 4.994 | — | — | — | —
17:59:42 | 4.4 | 7/10 | 4550/4966 |  69.16% | 17,585,152/25,423,800 | 56m46s | 4.906 | — | — | — | —
17:59:47 | 4.4 | 7/10 | 4575/4966 |  69.21% | 17,597,952/25,423,800 | 56m41s | 4.775 | — | — | — | —
17:59:52 | 4.4 | 7/10 | 4600/4966 |  69.26% | 17,610,752/25,423,800 | 56m35s | 4.912 | — | — | — | —
17:59:58 | 4.4 | 7/10 | 4625/4966 |  69.31% | 17,623,552/25,423,800 | 56m29s | 4.783 | — | — | — | —
18:00:03 | 4.4 | 7/10 | 4650/4966 |  69.36% | 17,636,352/25,423,800 | 56m23s | 4.793 | — | — | — | —
18:00:08 | 4.4 | 7/10 | 4675/4966 |  69.41% | 17,649,152/25,423,800 | 56m18s | 4.742 | — | — | — | —
18:00:13 | 4.4 | 7/10 | 4700/4966 |  69.46% | 17,661,952/25,423,800 | 56m12s | 4.895 | — | — | — | —
18:00:18 | 4.4 | 7/10 | 4725/4966 |  69.51% | 17,674,752/25,423,800 | 56m06s | 4.727 | — | — | — | —
18:00:23 | 4.4 | 7/10 | 4750/4966 |  69.57% | 17,687,552/25,423,800 | 56m00s | 4.757 | — | — | — | —
18:00:28 | 4.4 | 7/10 | 4775/4966 |  69.62% | 17,700,352/25,423,800 | 55m55s | 4.850 | — | — | — | —
18:00:34 | 4.4 | 7/10 | 4800/4966 |  69.67% | 17,713,152/25,423,800 | 55m49s | 4.777 | — | — | — | —
18:00:39 | 4.4 | 7/10 | 4825/4966 |  69.72% | 17,725,952/25,423,800 | 55m43s | 4.764 | — | — | — | —
18:00:44 | 4.4 | 7/10 | 4850/4966 |  69.77% | 17,738,752/25,423,800 | 55m37s | 4.832 | — | — | — | —
18:00:49 | 4.4 | 7/10 | 4875/4966 |  69.82% | 17,751,552/25,423,800 | 55m32s | 4.722 | — | — | — | —
18:00:54 | 4.4 | 7/10 | 4900/4966 |  69.87% | 17,764,352/25,423,800 | 55m26s | 4.942 | — | — | — | —
18:00:59 | 4.4 | 7/10 | 4925/4966 |  69.92% | 17,777,152/25,423,800 | 55m20s | 4.850 | — | — | — | —
18:01:04 | 4.4 | 7/10 | 4950/4966 |  69.97% | 17,789,952/25,423,800 | 55m15s | 4.869 | — | — | — | —
18:01:08 | 4.4 | 7/10 | 4966/4966 |  70.00% | 17,798,144/25,423,800 | 55m11s | 4.739 | — | — | — | —
18:01:19 | validation | 7/10 | epoch-end |  70.00% | 17,796,660/25,423,800 | 55m16s | 4.840 |  55.16% |  44.74% |   6.31% | 1.511
18:01:19 | 4.4 | 8/10 | 1/4966 |  70.00% | 17,798,656/25,423,800 | 55m15s | 4.878 | — | — | — | —
18:01:24 | 4.4 | 8/10 | 25/4966 |  70.05% | 17,810,944/25,423,800 | 55m10s | 4.721 | — | — | — | —
18:01:29 | 4.4 | 8/10 | 50/4966 |  70.10% | 17,823,744/25,423,800 | 55m04s | 4.821 | — | — | — | —
18:01:34 | 4.4 | 8/10 | 75/4966 |  70.15% | 17,836,544/25,423,800 | 54m58s | 4.750 | — | — | — | —
18:01:39 | 4.4 | 8/10 | 100/4966 |  70.20% | 17,849,344/25,423,800 | 54m53s | 4.822 | — | — | — | —
18:01:45 | 4.4 | 8/10 | 125/4966 |  70.25% | 17,862,144/25,423,800 | 54m47s | 4.855 | — | — | — | —
18:01:50 | 4.4 | 8/10 | 150/4966 |  70.30% | 17,874,944/25,423,800 | 54m41s | 4.813 | — | — | — | —
18:01:55 | 4.4 | 8/10 | 175/4966 |  70.35% | 17,887,744/25,423,800 | 54m35s | 4.952 | — | — | — | —
18:02:00 | 4.4 | 8/10 | 200/4966 |  70.40% | 17,900,544/25,423,800 | 54m30s | 4.815 | — | — | — | —
18:02:06 | 4.4 | 8/10 | 225/4966 |  70.45% | 17,913,344/25,423,800 | 54m24s | 4.723 | — | — | — | —
18:02:11 | 4.4 | 8/10 | 250/4966 |  70.50% | 17,926,144/25,423,800 | 54m18s | 4.756 | — | — | — | —
18:02:16 | 4.4 | 8/10 | 275/4966 |  70.55% | 17,938,944/25,423,800 | 54m13s | 4.895 | — | — | — | —
18:02:22 | 4.4 | 8/10 | 300/4966 |  70.60% | 17,951,744/25,423,800 | 54m07s | 4.765 | — | — | — | —
18:02:27 | 4.4 | 8/10 | 325/4966 |  70.65% | 17,964,544/25,423,800 | 54m02s | 4.702 | — | — | — | —
18:02:33 | 4.4 | 8/10 | 350/4966 |  70.70% | 17,977,344/25,423,800 | 53m56s | 4.772 | — | — | — | —
18:02:38 | 4.4 | 8/10 | 375/4966 |  70.76% | 17,990,144/25,423,800 | 53m50s | 4.825 | — | — | — | —
18:02:43 | 4.4 | 8/10 | 400/4966 |  70.81% | 18,002,944/25,423,800 | 53m45s | 4.877 | — | — | — | —
18:02:49 | 4.4 | 8/10 | 425/4966 |  70.86% | 18,015,744/25,423,800 | 53m39s | 4.817 | — | — | — | —
18:02:54 | 4.4 | 8/10 | 450/4966 |  70.91% | 18,028,544/25,423,800 | 53m33s | 4.801 | — | — | — | —
18:02:59 | 4.4 | 8/10 | 475/4966 |  70.96% | 18,041,344/25,423,800 | 53m28s | 4.782 | — | — | — | —
18:03:05 | 4.4 | 8/10 | 500/4966 |  71.01% | 18,054,144/25,423,800 | 53m22s | 5.034 | — | — | — | —
18:03:10 | 4.4 | 8/10 | 525/4966 |  71.06% | 18,066,944/25,423,800 | 53m16s | 4.719 | — | — | — | —
18:03:15 | 4.4 | 8/10 | 550/4966 |  71.11% | 18,079,744/25,423,800 | 53m11s | 4.936 | — | — | — | —
18:03:20 | 4.4 | 8/10 | 575/4966 |  71.16% | 18,092,544/25,423,800 | 53m05s | 4.821 | — | — | — | —
18:03:26 | 4.4 | 8/10 | 600/4966 |  71.21% | 18,105,344/25,423,800 | 52m59s | 4.904 | — | — | — | —
18:03:31 | 4.4 | 8/10 | 625/4966 |  71.26% | 18,118,144/25,423,800 | 52m54s | 4.693 | — | — | — | —
18:03:36 | 4.4 | 8/10 | 650/4966 |  71.31% | 18,130,944/25,423,800 | 52m48s | 4.817 | — | — | — | —
18:03:42 | 4.4 | 8/10 | 675/4966 |  71.36% | 18,143,744/25,423,800 | 52m42s | 4.872 | — | — | — | —
18:03:47 | 4.4 | 8/10 | 700/4966 |  71.41% | 18,156,544/25,423,800 | 52m37s | 4.854 | — | — | — | —
18:03:52 | 4.4 | 8/10 | 725/4966 |  71.46% | 18,169,344/25,423,800 | 52m31s | 4.746 | — | — | — | —
18:03:57 | 4.4 | 8/10 | 750/4966 |  71.51% | 18,182,144/25,423,800 | 52m25s | 4.644 | — | — | — | —
18:04:02 | 4.4 | 8/10 | 775/4966 |  71.56% | 18,194,944/25,423,800 | 52m20s | 4.757 | — | — | — | —
18:04:08 | 4.4 | 8/10 | 800/4966 |  71.61% | 18,207,744/25,423,800 | 52m14s | 4.810 | — | — | — | —
18:04:13 | 4.4 | 8/10 | 825/4966 |  71.66% | 18,220,544/25,423,800 | 52m08s | 4.809 | — | — | — | —
18:04:18 | 4.4 | 8/10 | 850/4966 |  71.71% | 18,233,344/25,423,800 | 52m03s | 4.783 | — | — | — | —
18:04:23 | 4.4 | 8/10 | 875/4966 |  71.76% | 18,246,144/25,423,800 | 51m57s | 4.982 | — | — | — | —
18:04:29 | 4.4 | 8/10 | 900/4966 |  71.81% | 18,258,944/25,423,800 | 51m51s | 4.600 | — | — | — | —
18:04:34 | 4.4 | 8/10 | 925/4966 |  71.86% | 18,271,744/25,423,800 | 51m45s | 4.739 | — | — | — | —
18:04:39 | 4.4 | 8/10 | 950/4966 |  71.91% | 18,284,544/25,423,800 | 51m40s | 4.910 | — | — | — | —
18:04:44 | 4.4 | 8/10 | 975/4966 |  71.96% | 18,297,344/25,423,800 | 51m34s | 4.727 | — | — | — | —
18:04:49 | 4.4 | 8/10 | 1000/4966 |  72.01% | 18,310,144/25,423,800 | 51m28s | 4.648 | — | — | — | —
18:04:55 | 4.4 | 8/10 | 1025/4966 |  72.06% | 18,322,944/25,423,800 | 51m23s | 4.651 | — | — | — | —
18:05:00 | 4.4 | 8/10 | 1050/4966 |  72.11% | 18,335,744/25,423,800 | 51m17s | 4.712 | — | — | — | —
18:05:05 | 4.4 | 8/10 | 1075/4966 |  72.16% | 18,348,544/25,423,800 | 51m11s | 4.909 | — | — | — | —
18:05:11 | 4.4 | 8/10 | 1100/4966 |  72.22% | 18,361,344/25,423,800 | 51m06s | 4.844 | — | — | — | —
18:05:16 | 4.4 | 8/10 | 1125/4966 |  72.27% | 18,374,144/25,423,800 | 51m00s | 4.822 | — | — | — | —
18:05:21 | 4.4 | 8/10 | 1150/4966 |  72.32% | 18,386,944/25,423,800 | 50m54s | 4.810 | — | — | — | —
18:05:26 | 4.4 | 8/10 | 1175/4966 |  72.37% | 18,399,744/25,423,800 | 50m49s | 4.841 | — | — | — | —
18:05:31 | 4.4 | 8/10 | 1200/4966 |  72.42% | 18,412,544/25,423,800 | 50m43s | 4.926 | — | — | — | —
18:05:37 | 4.4 | 8/10 | 1225/4966 |  72.47% | 18,425,344/25,423,800 | 50m37s | 4.844 | — | — | — | —
18:05:42 | 4.4 | 8/10 | 1250/4966 |  72.52% | 18,438,144/25,423,800 | 50m32s | 4.753 | — | — | — | —
18:05:47 | 4.4 | 8/10 | 1275/4966 |  72.57% | 18,450,944/25,423,800 | 50m26s | 4.733 | — | — | — | —
18:05:52 | 4.4 | 8/10 | 1300/4966 |  72.62% | 18,463,744/25,423,800 | 50m20s | 4.872 | — | — | — | —
18:05:58 | 4.4 | 8/10 | 1325/4966 |  72.67% | 18,476,544/25,423,800 | 50m15s | 4.943 | — | — | — | —
18:06:03 | 4.4 | 8/10 | 1350/4966 |  72.72% | 18,489,344/25,423,800 | 50m09s | 4.812 | — | — | — | —
18:06:08 | 4.4 | 8/10 | 1375/4966 |  72.77% | 18,502,144/25,423,800 | 50m03s | 4.760 | — | — | — | —
18:06:14 | 4.4 | 8/10 | 1400/4966 |  72.82% | 18,514,944/25,423,800 | 49m58s | 4.989 | — | — | — | —
18:06:19 | 4.4 | 8/10 | 1425/4966 |  72.87% | 18,527,744/25,423,800 | 49m52s | 4.799 | — | — | — | —
18:06:24 | 4.4 | 8/10 | 1450/4966 |  72.92% | 18,540,544/25,423,800 | 49m46s | 4.801 | — | — | — | —
18:06:29 | 4.4 | 8/10 | 1475/4966 |  72.97% | 18,553,344/25,423,800 | 49m41s | 4.878 | — | — | — | —
18:06:35 | 4.4 | 8/10 | 1500/4966 |  73.02% | 18,566,144/25,423,800 | 49m35s | 4.766 | — | — | — | —
18:06:40 | 4.4 | 8/10 | 1525/4966 |  73.07% | 18,578,944/25,423,800 | 49m29s | 4.933 | — | — | — | —
18:06:45 | 4.4 | 8/10 | 1550/4966 |  73.12% | 18,591,744/25,423,800 | 49m24s | 4.918 | — | — | — | —
18:06:50 | 4.4 | 8/10 | 1575/4966 |  73.17% | 18,604,544/25,423,800 | 49m18s | 4.860 | — | — | — | —
18:06:56 | 4.4 | 8/10 | 1600/4966 |  73.22% | 18,617,344/25,423,800 | 49m12s | 4.801 | — | — | — | —
18:07:01 | 4.4 | 8/10 | 1625/4966 |  73.27% | 18,630,144/25,423,800 | 49m07s | 4.742 | — | — | — | —
18:07:06 | 4.4 | 8/10 | 1650/4966 |  73.32% | 18,642,944/25,423,800 | 49m01s | 4.828 | — | — | — | —
18:07:11 | 4.4 | 8/10 | 1675/4966 |  73.37% | 18,655,744/25,423,800 | 48m55s | 4.823 | — | — | — | —
18:07:16 | 4.4 | 8/10 | 1700/4966 |  73.42% | 18,668,544/25,423,800 | 48m50s | 4.906 | — | — | — | —
18:07:22 | 4.4 | 8/10 | 1725/4966 |  73.47% | 18,681,344/25,423,800 | 48m44s | 4.959 | — | — | — | —
18:07:27 | 4.4 | 8/10 | 1750/4966 |  73.52% | 18,694,144/25,423,800 | 48m38s | 4.826 | — | — | — | —
18:07:32 | 4.4 | 8/10 | 1775/4966 |  73.57% | 18,706,944/25,423,800 | 48m33s | 4.961 | — | — | — | —
18:07:37 | 4.4 | 8/10 | 1800/4966 |  73.62% | 18,719,744/25,423,800 | 48m27s | 4.975 | — | — | — | —
18:07:42 | 4.4 | 8/10 | 1825/4966 |  73.67% | 18,732,544/25,423,800 | 48m21s | 4.992 | — | — | — | —
18:07:48 | 4.4 | 8/10 | 1850/4966 |  73.73% | 18,745,344/25,423,800 | 48m16s | 4.793 | — | — | — | —
18:07:53 | 4.4 | 8/10 | 1875/4966 |  73.78% | 18,758,144/25,423,800 | 48m10s | 4.778 | — | — | — | —
18:07:59 | 4.4 | 8/10 | 1900/4966 |  73.83% | 18,770,944/25,423,800 | 48m04s | 4.934 | — | — | — | —
18:08:04 | 4.4 | 8/10 | 1925/4966 |  73.88% | 18,783,744/25,423,800 | 47m59s | 4.846 | — | — | — | —
18:08:09 | 4.4 | 8/10 | 1950/4966 |  73.93% | 18,796,544/25,423,800 | 47m53s | 4.704 | — | — | — | —
18:08:14 | 4.4 | 8/10 | 1975/4966 |  73.98% | 18,809,344/25,423,800 | 47m48s | 4.685 | — | — | — | —
18:08:19 | 4.4 | 8/10 | 2000/4966 |  74.03% | 18,822,144/25,423,800 | 47m42s | 4.705 | — | — | — | —
18:08:25 | 4.4 | 8/10 | 2025/4966 |  74.08% | 18,834,944/25,423,800 | 47m36s | 4.886 | — | — | — | —
18:08:30 | 4.4 | 8/10 | 2050/4966 |  74.13% | 18,847,744/25,423,800 | 47m31s | 4.823 | — | — | — | —
18:08:35 | 4.4 | 8/10 | 2075/4966 |  74.18% | 18,860,544/25,423,800 | 47m25s | 4.769 | — | — | — | —
18:08:40 | 4.4 | 8/10 | 2100/4966 |  74.23% | 18,873,344/25,423,800 | 47m19s | 4.936 | — | — | — | —
18:08:45 | 4.4 | 8/10 | 2125/4966 |  74.28% | 18,886,144/25,423,800 | 47m13s | 4.860 | — | — | — | —
18:08:51 | 4.4 | 8/10 | 2150/4966 |  74.33% | 18,898,944/25,423,800 | 47m08s | 4.903 | — | — | — | —
18:08:56 | 4.4 | 8/10 | 2175/4966 |  74.38% | 18,911,744/25,423,800 | 47m02s | 4.863 | — | — | — | —
18:09:01 | 4.4 | 8/10 | 2200/4966 |  74.43% | 18,924,544/25,423,800 | 46m56s | 4.836 | — | — | — | —
18:09:06 | 4.4 | 8/10 | 2225/4966 |  74.48% | 18,937,344/25,423,800 | 46m51s | 4.967 | — | — | — | —
18:09:11 | 4.4 | 8/10 | 2250/4966 |  74.53% | 18,950,144/25,423,800 | 46m45s | 4.850 | — | — | — | —
18:09:17 | 4.4 | 8/10 | 2275/4966 |  74.58% | 18,962,944/25,423,800 | 46m39s | 4.690 | — | — | — | —
18:09:22 | 4.4 | 8/10 | 2300/4966 |  74.63% | 18,975,744/25,423,800 | 46m34s | 4.802 | — | — | — | —
18:09:27 | 4.4 | 8/10 | 2325/4966 |  74.68% | 18,988,544/25,423,800 | 46m28s | 4.804 | — | — | — | —
18:09:33 | 4.4 | 8/10 | 2350/4966 |  74.73% | 19,001,344/25,423,800 | 46m23s | 4.769 | — | — | — | —
18:09:38 | 4.4 | 8/10 | 2375/4966 |  74.78% | 19,014,144/25,423,800 | 46m17s | 4.752 | — | — | — | —
18:09:43 | 4.4 | 8/10 | 2400/4966 |  74.83% | 19,026,944/25,423,800 | 46m11s | 4.857 | — | — | — | —
18:09:48 | 4.4 | 8/10 | 2425/4966 |  74.88% | 19,039,744/25,423,800 | 46m06s | 4.766 | — | — | — | —
18:09:53 | 4.4 | 8/10 | 2450/4966 |  74.93% | 19,052,544/25,423,800 | 46m00s | 4.861 | — | — | — | —
18:09:58 | 4.4 | 8/10 | 2475/4966 |  74.98% | 19,065,344/25,423,800 | 45m54s | 4.726 | — | — | — | —
18:10:04 | 4.4 | 8/10 | 2500/4966 |  75.03% | 19,078,144/25,423,800 | 45m49s | 4.735 | — | — | — | —
18:10:09 | 4.4 | 8/10 | 2525/4966 |  75.08% | 19,090,944/25,423,800 | 45m43s | 4.688 | — | — | — | —
18:10:14 | 4.4 | 8/10 | 2550/4966 |  75.13% | 19,103,744/25,423,800 | 45m37s | 4.822 | — | — | — | —
18:10:19 | 4.4 | 8/10 | 2575/4966 |  75.19% | 19,116,544/25,423,800 | 45m32s | 4.872 | — | — | — | —
18:10:24 | 4.4 | 8/10 | 2600/4966 |  75.24% | 19,129,344/25,423,800 | 45m26s | 4.874 | — | — | — | —
18:10:29 | 4.4 | 8/10 | 2625/4966 |  75.29% | 19,142,144/25,423,800 | 45m20s | 4.723 | — | — | — | —
18:10:34 | 4.4 | 8/10 | 2650/4966 |  75.34% | 19,154,944/25,423,800 | 45m15s | 4.847 | — | — | — | —
18:10:40 | 4.4 | 8/10 | 2675/4966 |  75.39% | 19,167,744/25,423,800 | 45m09s | 4.604 | — | — | — | —
18:10:45 | 4.4 | 8/10 | 2700/4966 |  75.44% | 19,180,544/25,423,800 | 45m03s | 4.813 | — | — | — | —
18:10:50 | 4.4 | 8/10 | 2725/4966 |  75.49% | 19,193,344/25,423,800 | 44m58s | 4.729 | — | — | — | —
18:10:55 | 4.4 | 8/10 | 2750/4966 |  75.54% | 19,206,144/25,423,800 | 44m52s | 5.007 | — | — | — | —
18:11:01 | 4.4 | 8/10 | 2775/4966 |  75.59% | 19,218,944/25,423,800 | 44m46s | 4.923 | — | — | — | —
18:11:06 | 4.4 | 8/10 | 2800/4966 |  75.64% | 19,231,744/25,423,800 | 44m41s | 4.749 | — | — | — | —
18:11:11 | 4.4 | 8/10 | 2825/4966 |  75.69% | 19,244,544/25,423,800 | 44m35s | 4.752 | — | — | — | —
18:11:16 | 4.4 | 8/10 | 2850/4966 |  75.74% | 19,257,344/25,423,800 | 44m29s | 4.860 | — | — | — | —
18:11:21 | 4.4 | 8/10 | 2875/4966 |  75.79% | 19,270,144/25,423,800 | 44m24s | 4.869 | — | — | — | —
18:11:26 | 4.4 | 8/10 | 2900/4966 |  75.84% | 19,282,944/25,423,800 | 44m18s | 5.037 | — | — | — | —
18:11:31 | 4.4 | 8/10 | 2925/4966 |  75.89% | 19,295,744/25,423,800 | 44m12s | 4.884 | — | — | — | —
18:11:37 | 4.4 | 8/10 | 2950/4966 |  75.94% | 19,308,544/25,423,800 | 44m07s | 4.673 | — | — | — | —
18:11:42 | 4.4 | 8/10 | 2975/4966 |  75.99% | 19,321,344/25,423,800 | 44m01s | 4.735 | — | — | — | —
18:11:47 | 4.4 | 8/10 | 3000/4966 |  76.04% | 19,334,144/25,423,800 | 43m55s | 4.730 | — | — | — | —
18:11:52 | 4.4 | 8/10 | 3025/4966 |  76.09% | 19,346,944/25,423,800 | 43m50s | 4.786 | — | — | — | —
18:11:57 | 4.4 | 8/10 | 3050/4966 |  76.14% | 19,359,744/25,423,800 | 43m44s | 4.929 | — | — | — | —
18:12:03 | 4.4 | 8/10 | 3075/4966 |  76.19% | 19,372,544/25,423,800 | 43m38s | 4.865 | — | — | — | —
18:12:08 | 4.4 | 8/10 | 3100/4966 |  76.24% | 19,385,344/25,423,800 | 43m33s | 4.768 | — | — | — | —
18:12:13 | 4.4 | 8/10 | 3125/4966 |  76.29% | 19,398,144/25,423,800 | 43m27s | 4.865 | — | — | — | —
18:12:18 | 4.4 | 8/10 | 3150/4966 |  76.34% | 19,410,944/25,423,800 | 43m22s | 4.842 | — | — | — | —
18:12:24 | 4.4 | 8/10 | 3175/4966 |  76.39% | 19,423,744/25,423,800 | 43m16s | 4.998 | — | — | — | —
18:12:29 | 4.4 | 8/10 | 3200/4966 |  76.44% | 19,436,544/25,423,800 | 43m10s | 4.844 | — | — | — | —
18:12:34 | 4.4 | 8/10 | 3225/4966 |  76.49% | 19,449,344/25,423,800 | 43m05s | 4.979 | — | — | — | —
18:12:40 | 4.4 | 8/10 | 3250/4966 |  76.54% | 19,462,144/25,423,800 | 42m59s | 4.832 | — | — | — | —
18:12:45 | 4.4 | 8/10 | 3275/4966 |  76.59% | 19,474,944/25,423,800 | 42m54s | 4.847 | — | — | — | —
18:12:51 | 4.4 | 8/10 | 3300/4966 |  76.65% | 19,487,744/25,423,800 | 42m48s | 4.789 | — | — | — | —
18:12:56 | 4.4 | 8/10 | 3325/4966 |  76.70% | 19,500,544/25,423,800 | 42m43s | 5.047 | — | — | — | —
18:13:02 | 4.4 | 8/10 | 3350/4966 |  76.75% | 19,513,344/25,423,800 | 42m37s | 4.907 | — | — | — | —
18:13:07 | 4.4 | 8/10 | 3375/4966 |  76.80% | 19,526,144/25,423,800 | 42m31s | 4.705 | — | — | — | —
18:13:13 | 4.4 | 8/10 | 3400/4966 |  76.85% | 19,538,944/25,423,800 | 42m26s | 4.937 | — | — | — | —
18:13:18 | 4.4 | 8/10 | 3425/4966 |  76.90% | 19,551,744/25,423,800 | 42m20s | 4.713 | — | — | — | —
18:13:23 | 4.4 | 8/10 | 3450/4966 |  76.95% | 19,564,544/25,423,800 | 42m15s | 4.750 | — | — | — | —
18:13:29 | 4.4 | 8/10 | 3475/4966 |  77.00% | 19,577,344/25,423,800 | 42m09s | 4.986 | — | — | — | —
18:13:35 | 4.4 | 8/10 | 3500/4966 |  77.05% | 19,590,144/25,423,800 | 42m04s | 4.935 | — | — | — | —
18:13:40 | 4.4 | 8/10 | 3525/4966 |  77.10% | 19,602,944/25,423,800 | 41m58s | 4.857 | — | — | — | —
18:13:46 | 4.4 | 8/10 | 3550/4966 |  77.15% | 19,615,744/25,423,800 | 41m53s | 4.800 | — | — | — | —
18:13:51 | 4.4 | 8/10 | 3575/4966 |  77.20% | 19,628,544/25,423,800 | 41m47s | 4.949 | — | — | — | —
18:13:56 | 4.4 | 8/10 | 3600/4966 |  77.25% | 19,641,344/25,423,800 | 41m41s | 4.795 | — | — | — | —
18:14:02 | 4.4 | 8/10 | 3625/4966 |  77.30% | 19,654,144/25,423,800 | 41m36s | 4.927 | — | — | — | —
18:14:07 | 4.4 | 8/10 | 3650/4966 |  77.35% | 19,666,944/25,423,800 | 41m30s | 4.979 | — | — | — | —
18:14:13 | 4.4 | 8/10 | 3675/4966 |  77.40% | 19,679,744/25,423,800 | 41m25s | 4.918 | — | — | — | —
18:14:18 | 4.4 | 8/10 | 3700/4966 |  77.45% | 19,692,544/25,423,800 | 41m19s | 4.702 | — | — | — | —
18:14:24 | 4.4 | 8/10 | 3725/4966 |  77.50% | 19,705,344/25,423,800 | 41m14s | 4.992 | — | — | — | —
18:14:29 | 4.4 | 8/10 | 3750/4966 |  77.55% | 19,718,144/25,423,800 | 41m08s | 4.723 | — | — | — | —
18:14:34 | 4.4 | 8/10 | 3775/4966 |  77.60% | 19,730,944/25,423,800 | 41m02s | 4.771 | — | — | — | —
18:14:40 | 4.4 | 8/10 | 3800/4966 |  77.65% | 19,743,744/25,423,800 | 40m57s | 4.995 | — | — | — | —
18:14:45 | 4.4 | 8/10 | 3825/4966 |  77.70% | 19,756,544/25,423,800 | 40m51s | 4.767 | — | — | — | —
18:14:51 | 4.4 | 8/10 | 3850/4966 |  77.75% | 19,769,344/25,423,800 | 40m46s | 4.584 | — | — | — | —
18:14:56 | 4.4 | 8/10 | 3875/4966 |  77.80% | 19,782,144/25,423,800 | 40m40s | 4.703 | — | — | — | —
18:15:01 | 4.4 | 8/10 | 3900/4966 |  77.85% | 19,794,944/25,423,800 | 40m35s | 4.773 | — | — | — | —
18:15:07 | 4.4 | 8/10 | 3925/4966 |  77.90% | 19,807,744/25,423,800 | 40m29s | 4.826 | — | — | — | —
18:15:12 | 4.4 | 8/10 | 3950/4966 |  77.95% | 19,820,544/25,423,800 | 40m23s | 4.856 | — | — | — | —
18:15:18 | 4.4 | 8/10 | 3975/4966 |  78.00% | 19,833,344/25,423,800 | 40m18s | 4.676 | — | — | — | —
18:15:23 | 4.4 | 8/10 | 4000/4966 |  78.05% | 19,846,144/25,423,800 | 40m12s | 4.813 | — | — | — | —
18:15:29 | 4.4 | 8/10 | 4025/4966 |  78.11% | 19,858,944/25,423,800 | 40m07s | 4.722 | — | — | — | —
18:15:34 | 4.4 | 8/10 | 4050/4966 |  78.16% | 19,871,744/25,423,800 | 40m01s | 4.575 | — | — | — | —
18:15:39 | 4.4 | 8/10 | 4075/4966 |  78.21% | 19,884,544/25,423,800 | 39m56s | 4.899 | — | — | — | —
18:15:45 | 4.4 | 8/10 | 4100/4966 |  78.26% | 19,897,344/25,423,800 | 39m50s | 4.698 | — | — | — | —
18:15:50 | 4.4 | 8/10 | 4125/4966 |  78.31% | 19,910,144/25,423,800 | 39m44s | 4.847 | — | — | — | —
18:15:56 | 4.4 | 8/10 | 4150/4966 |  78.36% | 19,922,944/25,423,800 | 39m39s | 4.834 | — | — | — | —
18:16:01 | 4.4 | 8/10 | 4175/4966 |  78.41% | 19,935,744/25,423,800 | 39m33s | 4.877 | — | — | — | —
18:16:06 | 4.4 | 8/10 | 4200/4966 |  78.46% | 19,948,544/25,423,800 | 39m28s | 4.864 | — | — | — | —
18:16:12 | 4.4 | 8/10 | 4225/4966 |  78.51% | 19,961,344/25,423,800 | 39m22s | 5.005 | — | — | — | —
18:16:17 | 4.4 | 8/10 | 4250/4966 |  78.56% | 19,974,144/25,423,800 | 39m17s | 4.801 | — | — | — | —
18:16:23 | 4.4 | 8/10 | 4275/4966 |  78.61% | 19,986,944/25,423,800 | 39m11s | 4.758 | — | — | — | —
18:16:29 | 4.4 | 8/10 | 4300/4966 |  78.66% | 19,999,744/25,423,800 | 39m06s | 4.857 | — | — | — | —
18:16:34 | 4.4 | 8/10 | 4325/4966 |  78.71% | 20,012,544/25,423,800 | 39m00s | 4.838 | — | — | — | —
18:16:39 | 4.4 | 8/10 | 4350/4966 |  78.76% | 20,025,344/25,423,800 | 38m54s | 4.802 | — | — | — | —
18:16:45 | 4.4 | 8/10 | 4375/4966 |  78.81% | 20,038,144/25,423,800 | 38m49s | 4.735 | — | — | — | —
18:16:50 | 4.4 | 8/10 | 4400/4966 |  78.86% | 20,050,944/25,423,800 | 38m43s | 4.687 | — | — | — | —
18:16:55 | 4.4 | 8/10 | 4425/4966 |  78.91% | 20,063,744/25,423,800 | 38m38s | 4.637 | — | — | — | —
18:17:01 | 4.4 | 8/10 | 4450/4966 |  78.96% | 20,076,544/25,423,800 | 38m32s | 4.711 | — | — | — | —
18:17:06 | 4.4 | 8/10 | 4475/4966 |  79.01% | 20,089,344/25,423,800 | 38m27s | 4.861 | — | — | — | —
18:17:12 | 4.4 | 8/10 | 4500/4966 |  79.06% | 20,102,144/25,423,800 | 38m21s | 5.037 | — | — | — | —
18:17:17 | 4.4 | 8/10 | 4525/4966 |  79.11% | 20,114,944/25,423,800 | 38m16s | 4.653 | — | — | — | —
18:17:23 | 4.4 | 8/10 | 4550/4966 |  79.16% | 20,127,744/25,423,800 | 38m10s | 4.897 | — | — | — | —
18:17:28 | 4.4 | 8/10 | 4575/4966 |  79.21% | 20,140,544/25,423,800 | 38m04s | 4.692 | — | — | — | —
18:17:33 | 4.4 | 8/10 | 4600/4966 |  79.26% | 20,153,344/25,423,800 | 37m59s | 5.021 | — | — | — | —
18:17:39 | 4.4 | 8/10 | 4625/4966 |  79.31% | 20,166,144/25,423,800 | 37m53s | 4.780 | — | — | — | —
18:17:44 | 4.4 | 8/10 | 4650/4966 |  79.36% | 20,178,944/25,423,800 | 37m48s | 4.869 | — | — | — | —
18:17:50 | 4.4 | 8/10 | 4675/4966 |  79.41% | 20,191,744/25,423,800 | 37m42s | 4.765 | — | — | — | —
18:17:55 | 4.4 | 8/10 | 4700/4966 |  79.46% | 20,204,544/25,423,800 | 37m37s | 4.843 | — | — | — | —
18:18:00 | 4.4 | 8/10 | 4725/4966 |  79.51% | 20,217,344/25,423,800 | 37m31s | 4.795 | — | — | — | —
18:18:06 | 4.4 | 8/10 | 4750/4966 |  79.57% | 20,230,144/25,423,800 | 37m25s | 4.746 | — | — | — | —
18:18:11 | 4.4 | 8/10 | 4775/4966 |  79.62% | 20,242,944/25,423,800 | 37m20s | 4.666 | — | — | — | —
18:18:17 | 4.4 | 8/10 | 4800/4966 |  79.67% | 20,255,744/25,423,800 | 37m14s | 4.954 | — | — | — | —
18:18:22 | 4.4 | 8/10 | 4825/4966 |  79.72% | 20,268,544/25,423,800 | 37m09s | 4.806 | — | — | — | —
18:18:28 | 4.4 | 8/10 | 4850/4966 |  79.77% | 20,281,344/25,423,800 | 37m03s | 4.699 | — | — | — | —
18:18:33 | 4.4 | 8/10 | 4875/4966 |  79.82% | 20,294,144/25,423,800 | 36m58s | 5.001 | — | — | — | —
18:18:38 | 4.4 | 8/10 | 4900/4966 |  79.87% | 20,306,944/25,423,800 | 36m52s | 4.914 | — | — | — | —
18:18:44 | 4.4 | 8/10 | 4925/4966 |  79.92% | 20,319,744/25,423,800 | 36m46s | 4.671 | — | — | — | —
18:18:49 | 4.4 | 8/10 | 4950/4966 |  79.97% | 20,332,544/25,423,800 | 36m41s | 4.771 | — | — | — | —
18:18:53 | 4.4 | 8/10 | 4966/4966 |  80.00% | 20,340,736/25,423,800 | 36m37s | 4.599 | — | — | — | —
18:19:04 | validation | 8/10 | epoch-end |  80.00% | 20,339,040/25,423,800 | 36m40s | 4.819 |  55.46% |  44.98% |   6.65% | 1.513
18:19:04 | 4.4 | 9/10 | 1/4966 |  80.00% | 20,341,248/25,423,800 | 36m40s | 4.831 | — | — | — | —
18:19:10 | 4.4 | 9/10 | 25/4966 |  80.05% | 20,353,536/25,423,800 | 36m35s | 4.638 | — | — | — | —
18:19:15 | 4.4 | 9/10 | 50/4966 |  80.10% | 20,366,336/25,423,800 | 36m29s | 4.645 | — | — | — | —
18:19:20 | 4.4 | 9/10 | 75/4966 |  80.15% | 20,379,136/25,423,800 | 36m24s | 4.962 | — | — | — | —
18:19:26 | 4.4 | 9/10 | 100/4966 |  80.20% | 20,391,936/25,423,800 | 36m18s | 4.785 | — | — | — | —
18:19:32 | 4.4 | 9/10 | 125/4966 |  80.25% | 20,404,736/25,423,800 | 36m13s | 4.818 | — | — | — | —
18:19:37 | 4.4 | 9/10 | 150/4966 |  80.30% | 20,417,536/25,423,800 | 36m07s | 4.708 | — | — | — | —
18:19:43 | 4.4 | 9/10 | 175/4966 |  80.35% | 20,430,336/25,423,800 | 36m01s | 4.760 | — | — | — | —
18:19:49 | 4.4 | 9/10 | 200/4966 |  80.40% | 20,443,136/25,423,800 | 35m56s | 4.827 | — | — | — | —
18:19:54 | 4.4 | 9/10 | 225/4966 |  80.45% | 20,455,936/25,423,800 | 35m50s | 4.685 | — | — | — | —
18:20:00 | 4.4 | 9/10 | 250/4966 |  80.50% | 20,468,736/25,423,800 | 35m45s | 4.685 | — | — | — | —
18:20:05 | 4.4 | 9/10 | 275/4966 |  80.55% | 20,481,536/25,423,800 | 35m39s | 4.932 | — | — | — | —
18:20:11 | 4.4 | 9/10 | 300/4966 |  80.60% | 20,494,336/25,423,800 | 35m34s | 4.899 | — | — | — | —
18:20:16 | 4.4 | 9/10 | 325/4966 |  80.65% | 20,507,136/25,423,800 | 35m28s | 4.837 | — | — | — | —
18:20:22 | 4.4 | 9/10 | 350/4966 |  80.70% | 20,519,936/25,423,800 | 35m23s | 4.975 | — | — | — | —
18:20:27 | 4.4 | 9/10 | 375/4966 |  80.76% | 20,532,736/25,423,800 | 35m17s | 4.907 | — | — | — | —
18:20:33 | 4.4 | 9/10 | 400/4966 |  80.81% | 20,545,536/25,423,800 | 35m12s | 4.756 | — | — | — | —
18:20:38 | 4.4 | 9/10 | 425/4966 |  80.86% | 20,558,336/25,423,800 | 35m06s | 4.677 | — | — | — | —
18:20:44 | 4.4 | 9/10 | 450/4966 |  80.91% | 20,571,136/25,423,800 | 35m01s | 4.726 | — | — | — | —
18:20:49 | 4.4 | 9/10 | 475/4966 |  80.96% | 20,583,936/25,423,800 | 34m55s | 4.960 | — | — | — | —
18:20:55 | 4.4 | 9/10 | 500/4966 |  81.01% | 20,596,736/25,423,800 | 34m49s | 4.824 | — | — | — | —
18:21:00 | 4.4 | 9/10 | 525/4966 |  81.06% | 20,609,536/25,423,800 | 34m44s | 4.891 | — | — | — | —
18:21:06 | 4.4 | 9/10 | 550/4966 |  81.11% | 20,622,336/25,423,800 | 34m38s | 4.913 | — | — | — | —
18:21:11 | 4.4 | 9/10 | 575/4966 |  81.16% | 20,635,136/25,423,800 | 34m33s | 4.723 | — | — | — | —
18:21:17 | 4.4 | 9/10 | 600/4966 |  81.21% | 20,647,936/25,423,800 | 34m27s | 4.815 | — | — | — | —
18:21:23 | 4.4 | 9/10 | 625/4966 |  81.26% | 20,660,736/25,423,800 | 34m22s | 4.673 | — | — | — | —
18:21:28 | 4.4 | 9/10 | 650/4966 |  81.31% | 20,673,536/25,423,800 | 34m16s | 4.822 | — | — | — | —
18:21:34 | 4.4 | 9/10 | 675/4966 |  81.36% | 20,686,336/25,423,800 | 34m11s | 4.968 | — | — | — | —
18:21:39 | 4.4 | 9/10 | 700/4966 |  81.41% | 20,699,136/25,423,800 | 34m05s | 4.784 | — | — | — | —
18:21:45 | 4.4 | 9/10 | 725/4966 |  81.46% | 20,711,936/25,423,800 | 34m00s | 4.743 | — | — | — | —
18:21:50 | 4.4 | 9/10 | 750/4966 |  81.51% | 20,724,736/25,423,800 | 33m54s | 5.079 | — | — | — | —
18:21:56 | 4.4 | 9/10 | 775/4966 |  81.56% | 20,737,536/25,423,800 | 33m48s | 4.649 | — | — | — | —
18:22:01 | 4.4 | 9/10 | 800/4966 |  81.61% | 20,750,336/25,423,800 | 33m43s | 4.875 | — | — | — | —
18:22:07 | 4.4 | 9/10 | 825/4966 |  81.66% | 20,763,136/25,423,800 | 33m37s | 4.873 | — | — | — | —
18:22:12 | 4.4 | 9/10 | 850/4966 |  81.71% | 20,775,936/25,423,800 | 33m32s | 4.928 | — | — | — | —
18:22:18 | 4.4 | 9/10 | 875/4966 |  81.76% | 20,788,736/25,423,800 | 33m26s | 4.781 | — | — | — | —
18:22:24 | 4.4 | 9/10 | 900/4966 |  81.81% | 20,801,536/25,423,800 | 33m21s | 4.900 | — | — | — | —
18:22:29 | 4.4 | 9/10 | 925/4966 |  81.86% | 20,814,336/25,423,800 | 33m15s | 5.061 | — | — | — | —
18:22:35 | 4.4 | 9/10 | 950/4966 |  81.91% | 20,827,136/25,423,800 | 33m10s | 4.798 | — | — | — | —
18:22:41 | 4.4 | 9/10 | 975/4966 |  81.96% | 20,839,936/25,423,800 | 33m04s | 4.747 | — | — | — | —
18:22:47 | 4.4 | 9/10 | 1000/4966 |  82.01% | 20,852,736/25,423,800 | 32m59s | 4.848 | — | — | — | —
18:22:53 | 4.4 | 9/10 | 1025/4966 |  82.06% | 20,865,536/25,423,800 | 32m53s | 4.739 | — | — | — | —
18:22:58 | 4.4 | 9/10 | 1050/4966 |  82.11% | 20,878,336/25,423,800 | 32m48s | 4.909 | — | — | — | —
18:23:04 | 4.4 | 9/10 | 1075/4966 |  82.16% | 20,891,136/25,423,800 | 32m42s | 4.841 | — | — | — | —
18:23:10 | 4.4 | 9/10 | 1100/4966 |  82.22% | 20,903,936/25,423,800 | 32m37s | 4.762 | — | — | — | —
18:23:16 | 4.4 | 9/10 | 1125/4966 |  82.27% | 20,916,736/25,423,800 | 32m31s | 4.755 | — | — | — | —
18:23:22 | 4.4 | 9/10 | 1150/4966 |  82.32% | 20,929,536/25,423,800 | 32m26s | 4.872 | — | — | — | —
18:23:28 | 4.4 | 9/10 | 1175/4966 |  82.37% | 20,942,336/25,423,800 | 32m21s | 4.959 | — | — | — | —
18:23:33 | 4.4 | 9/10 | 1200/4966 |  82.42% | 20,955,136/25,423,800 | 32m15s | 4.843 | — | — | — | —
18:23:39 | 4.4 | 9/10 | 1225/4966 |  82.47% | 20,967,936/25,423,800 | 32m10s | 4.672 | — | — | — | —
18:23:45 | 4.4 | 9/10 | 1250/4966 |  82.52% | 20,980,736/25,423,800 | 32m04s | 4.702 | — | — | — | —
18:23:51 | 4.4 | 9/10 | 1275/4966 |  82.57% | 20,993,536/25,423,800 | 31m59s | 4.810 | — | — | — | —
18:23:56 | 4.4 | 9/10 | 1300/4966 |  82.62% | 21,006,336/25,423,800 | 31m53s | 4.711 | — | — | — | —
18:24:02 | 4.4 | 9/10 | 1325/4966 |  82.67% | 21,019,136/25,423,800 | 31m47s | 4.804 | — | — | — | —
18:24:07 | 4.4 | 9/10 | 1350/4966 |  82.72% | 21,031,936/25,423,800 | 31m42s | 4.798 | — | — | — | —
18:24:12 | 4.4 | 9/10 | 1375/4966 |  82.77% | 21,044,736/25,423,800 | 31m36s | 4.904 | — | — | — | —
18:24:17 | 4.4 | 9/10 | 1400/4966 |  82.82% | 21,057,536/25,423,800 | 31m31s | 4.829 | — | — | — | —
18:24:23 | 4.4 | 9/10 | 1425/4966 |  82.87% | 21,070,336/25,423,800 | 31m25s | 4.935 | — | — | — | —
18:24:28 | 4.4 | 9/10 | 1450/4966 |  82.92% | 21,083,136/25,423,800 | 31m19s | 4.748 | — | — | — | —
18:24:33 | 4.4 | 9/10 | 1475/4966 |  82.97% | 21,095,936/25,423,800 | 31m14s | 4.684 | — | — | — | —
18:24:39 | 4.4 | 9/10 | 1500/4966 |  83.02% | 21,108,736/25,423,800 | 31m08s | 4.767 | — | — | — | —
18:24:44 | 4.4 | 9/10 | 1525/4966 |  83.07% | 21,121,536/25,423,800 | 31m03s | 4.880 | — | — | — | —
18:24:49 | 4.4 | 9/10 | 1550/4966 |  83.12% | 21,134,336/25,423,800 | 30m57s | 4.842 | — | — | — | —
18:24:55 | 4.4 | 9/10 | 1575/4966 |  83.17% | 21,147,136/25,423,800 | 30m52s | 4.940 | — | — | — | —
18:25:00 | 4.4 | 9/10 | 1600/4966 |  83.22% | 21,159,936/25,423,800 | 30m46s | 4.863 | — | — | — | —
18:25:05 | 4.4 | 9/10 | 1625/4966 |  83.27% | 21,172,736/25,423,800 | 30m40s | 4.880 | — | — | — | —
18:25:11 | 4.4 | 9/10 | 1650/4966 |  83.32% | 21,185,536/25,423,800 | 30m35s | 4.914 | — | — | — | —
18:25:16 | 4.4 | 9/10 | 1675/4966 |  83.37% | 21,198,336/25,423,800 | 30m29s | 4.700 | — | — | — | —
18:25:21 | 4.4 | 9/10 | 1700/4966 |  83.42% | 21,211,136/25,423,800 | 30m24s | 4.868 | — | — | — | —
18:25:27 | 4.4 | 9/10 | 1725/4966 |  83.47% | 21,223,936/25,423,800 | 30m18s | 4.847 | — | — | — | —
18:25:32 | 4.4 | 9/10 | 1750/4966 |  83.52% | 21,236,736/25,423,800 | 30m13s | 4.805 | — | — | — | —
18:25:38 | 4.4 | 9/10 | 1775/4966 |  83.57% | 21,249,536/25,423,800 | 30m07s | 4.746 | — | — | — | —
18:25:43 | 4.4 | 9/10 | 1800/4966 |  83.62% | 21,262,336/25,423,800 | 30m01s | 4.902 | — | — | — | —
18:25:48 | 4.4 | 9/10 | 1825/4966 |  83.67% | 21,275,136/25,423,800 | 29m56s | 4.764 | — | — | — | —
18:25:53 | 4.4 | 9/10 | 1850/4966 |  83.73% | 21,287,936/25,423,800 | 29m50s | 4.917 | — | — | — | —
18:25:59 | 4.4 | 9/10 | 1875/4966 |  83.78% | 21,300,736/25,423,800 | 29m45s | 4.976 | — | — | — | —
18:26:04 | 4.4 | 9/10 | 1900/4966 |  83.83% | 21,313,536/25,423,800 | 29m39s | 4.940 | — | — | — | —
18:26:09 | 4.4 | 9/10 | 1925/4966 |  83.88% | 21,326,336/25,423,800 | 29m33s | 4.718 | — | — | — | —
18:26:14 | 4.4 | 9/10 | 1950/4966 |  83.93% | 21,339,136/25,423,800 | 29m28s | 4.799 | — | — | — | —
18:26:20 | 4.4 | 9/10 | 1975/4966 |  83.98% | 21,351,936/25,423,800 | 29m22s | 4.774 | — | — | — | —
18:26:25 | 4.4 | 9/10 | 2000/4966 |  84.03% | 21,364,736/25,423,800 | 29m17s | 4.814 | — | — | — | —
18:26:30 | 4.4 | 9/10 | 2025/4966 |  84.08% | 21,377,536/25,423,800 | 29m11s | 4.881 | — | — | — | —
18:26:35 | 4.4 | 9/10 | 2050/4966 |  84.13% | 21,390,336/25,423,800 | 29m05s | 4.776 | — | — | — | —
18:26:40 | 4.4 | 9/10 | 2075/4966 |  84.18% | 21,403,136/25,423,800 | 29m00s | 4.816 | — | — | — | —
18:26:45 | 4.4 | 9/10 | 2100/4966 |  84.23% | 21,415,936/25,423,800 | 28m54s | 4.937 | — | — | — | —
18:26:50 | 4.4 | 9/10 | 2125/4966 |  84.28% | 21,428,736/25,423,800 | 28m48s | 4.834 | — | — | — | —
18:26:55 | 4.4 | 9/10 | 2150/4966 |  84.33% | 21,441,536/25,423,800 | 28m43s | 4.901 | — | — | — | —
18:27:01 | 4.4 | 9/10 | 2175/4966 |  84.38% | 21,454,336/25,423,800 | 28m37s | 4.821 | — | — | — | —
18:27:06 | 4.4 | 9/10 | 2200/4966 |  84.43% | 21,467,136/25,423,800 | 28m32s | 4.833 | — | — | — | —
18:27:11 | 4.4 | 9/10 | 2225/4966 |  84.48% | 21,479,936/25,423,800 | 28m26s | 4.821 | — | — | — | —
18:27:16 | 4.4 | 9/10 | 2250/4966 |  84.53% | 21,492,736/25,423,800 | 28m20s | 4.781 | — | — | — | —
18:27:21 | 4.4 | 9/10 | 2275/4966 |  84.58% | 21,505,536/25,423,800 | 28m15s | 4.704 | — | — | — | —
18:27:27 | 4.4 | 9/10 | 2300/4966 |  84.63% | 21,518,336/25,423,800 | 28m09s | 4.777 | — | — | — | —
18:27:32 | 4.4 | 9/10 | 2325/4966 |  84.68% | 21,531,136/25,423,800 | 28m04s | 4.639 | — | — | — | —
18:27:37 | 4.4 | 9/10 | 2350/4966 |  84.73% | 21,543,936/25,423,800 | 27m58s | 4.737 | — | — | — | —
18:27:42 | 4.4 | 9/10 | 2375/4966 |  84.78% | 21,556,736/25,423,800 | 27m53s | 4.764 | — | — | — | —
18:27:47 | 4.4 | 9/10 | 2400/4966 |  84.83% | 21,569,536/25,423,800 | 27m47s | 4.815 | — | — | — | —
18:27:53 | 4.4 | 9/10 | 2425/4966 |  84.88% | 21,582,336/25,423,800 | 27m41s | 4.844 | — | — | — | —
18:27:58 | 4.4 | 9/10 | 2450/4966 |  84.93% | 21,595,136/25,423,800 | 27m36s | 4.728 | — | — | — | —
18:28:03 | 4.4 | 9/10 | 2475/4966 |  84.98% | 21,607,936/25,423,800 | 27m30s | 4.826 | — | — | — | —
18:28:08 | 4.4 | 9/10 | 2500/4966 |  85.03% | 21,620,736/25,423,800 | 27m25s | 4.949 | — | — | — | —
18:28:14 | 4.4 | 9/10 | 2525/4966 |  85.08% | 21,633,536/25,423,800 | 27m19s | 4.881 | — | — | — | —
18:28:19 | 4.4 | 9/10 | 2550/4966 |  85.13% | 21,646,336/25,423,800 | 27m13s | 4.663 | — | — | — | —
18:28:24 | 4.4 | 9/10 | 2575/4966 |  85.19% | 21,659,136/25,423,800 | 27m08s | 4.713 | — | — | — | —
18:28:29 | 4.4 | 9/10 | 2600/4966 |  85.24% | 21,671,936/25,423,800 | 27m02s | 4.837 | — | — | — | —
18:28:35 | 4.4 | 9/10 | 2625/4966 |  85.29% | 21,684,736/25,423,800 | 26m57s | 4.918 | — | — | — | —
18:28:40 | 4.4 | 9/10 | 2650/4966 |  85.34% | 21,697,536/25,423,800 | 26m51s | 4.750 | — | — | — | —
18:28:45 | 4.4 | 9/10 | 2675/4966 |  85.39% | 21,710,336/25,423,800 | 26m45s | 4.778 | — | — | — | —
18:28:50 | 4.4 | 9/10 | 2700/4966 |  85.44% | 21,723,136/25,423,800 | 26m40s | 4.731 | — | — | — | —
18:28:55 | 4.4 | 9/10 | 2725/4966 |  85.49% | 21,735,936/25,423,800 | 26m34s | 4.735 | — | — | — | —
18:29:00 | 4.4 | 9/10 | 2750/4966 |  85.54% | 21,748,736/25,423,800 | 26m29s | 4.654 | — | — | — | —
18:29:05 | 4.4 | 9/10 | 2775/4966 |  85.59% | 21,761,536/25,423,800 | 26m23s | 4.814 | — | — | — | —
18:29:11 | 4.4 | 9/10 | 2800/4966 |  85.64% | 21,774,336/25,423,800 | 26m17s | 5.005 | — | — | — | —
18:29:16 | 4.4 | 9/10 | 2825/4966 |  85.69% | 21,787,136/25,423,800 | 26m12s | 4.848 | — | — | — | —
18:29:21 | 4.4 | 9/10 | 2850/4966 |  85.74% | 21,799,936/25,423,800 | 26m06s | 4.706 | — | — | — | —
18:29:26 | 4.4 | 9/10 | 2875/4966 |  85.79% | 21,812,736/25,423,800 | 26m01s | 4.785 | — | — | — | —
18:29:31 | 4.4 | 9/10 | 2900/4966 |  85.84% | 21,825,536/25,423,800 | 25m55s | 4.922 | — | — | — | —
18:29:36 | 4.4 | 9/10 | 2925/4966 |  85.89% | 21,838,336/25,423,800 | 25m50s | 4.812 | — | — | — | —
18:29:42 | 4.4 | 9/10 | 2950/4966 |  85.94% | 21,851,136/25,423,800 | 25m44s | 4.677 | — | — | — | —
18:29:47 | 4.4 | 9/10 | 2975/4966 |  85.99% | 21,863,936/25,423,800 | 25m38s | 4.597 | — | — | — | —
18:29:52 | 4.4 | 9/10 | 3000/4966 |  86.04% | 21,876,736/25,423,800 | 25m33s | 4.838 | — | — | — | —
18:29:57 | 4.4 | 9/10 | 3025/4966 |  86.09% | 21,889,536/25,423,800 | 25m27s | 4.819 | — | — | — | —
18:30:03 | 4.4 | 9/10 | 3050/4966 |  86.14% | 21,902,336/25,423,800 | 25m22s | 4.698 | — | — | — | —
18:30:08 | 4.4 | 9/10 | 3075/4966 |  86.19% | 21,915,136/25,423,800 | 25m16s | 4.698 | — | — | — | —
18:30:13 | 4.4 | 9/10 | 3100/4966 |  86.24% | 21,927,936/25,423,800 | 25m10s | 4.847 | — | — | — | —
18:30:18 | 4.4 | 9/10 | 3125/4966 |  86.29% | 21,940,736/25,423,800 | 25m05s | 4.801 | — | — | — | —
18:30:23 | 4.4 | 9/10 | 3150/4966 |  86.34% | 21,953,536/25,423,800 | 24m59s | 4.719 | — | — | — | —
18:30:28 | 4.4 | 9/10 | 3175/4966 |  86.39% | 21,966,336/25,423,800 | 24m54s | 4.785 | — | — | — | —
18:30:34 | 4.4 | 9/10 | 3200/4966 |  86.44% | 21,979,136/25,423,800 | 24m48s | 4.832 | — | — | — | —
18:30:39 | 4.4 | 9/10 | 3225/4966 |  86.49% | 21,991,936/25,423,800 | 24m43s | 4.797 | — | — | — | —
18:30:44 | 4.4 | 9/10 | 3250/4966 |  86.54% | 22,004,736/25,423,800 | 24m37s | 4.904 | — | — | — | —
18:30:50 | 4.4 | 9/10 | 3275/4966 |  86.59% | 22,017,536/25,423,800 | 24m31s | 4.829 | — | — | — | —
18:30:55 | 4.4 | 9/10 | 3300/4966 |  86.65% | 22,030,336/25,423,800 | 24m26s | 4.773 | — | — | — | —
18:31:00 | 4.4 | 9/10 | 3325/4966 |  86.70% | 22,043,136/25,423,800 | 24m20s | 4.855 | — | — | — | —
18:31:06 | 4.4 | 9/10 | 3350/4966 |  86.75% | 22,055,936/25,423,800 | 24m15s | 4.983 | — | — | — | —
18:31:11 | 4.4 | 9/10 | 3375/4966 |  86.80% | 22,068,736/25,423,800 | 24m09s | 5.018 | — | — | — | —
18:31:17 | 4.4 | 9/10 | 3400/4966 |  86.85% | 22,081,536/25,423,800 | 24m04s | 4.761 | — | — | — | —
18:31:22 | 4.4 | 9/10 | 3425/4966 |  86.90% | 22,094,336/25,423,800 | 23m58s | 4.902 | — | — | — | —
18:31:27 | 4.4 | 9/10 | 3450/4966 |  86.95% | 22,107,136/25,423,800 | 23m53s | 4.845 | — | — | — | —
18:31:33 | 4.4 | 9/10 | 3475/4966 |  87.00% | 22,119,936/25,423,800 | 23m47s | 4.840 | — | — | — | —
18:31:38 | 4.4 | 9/10 | 3500/4966 |  87.05% | 22,132,736/25,423,800 | 23m41s | 4.843 | — | — | — | —
18:31:43 | 4.4 | 9/10 | 3525/4966 |  87.10% | 22,145,536/25,423,800 | 23m36s | 4.700 | — | — | — | —
18:31:48 | 4.4 | 9/10 | 3550/4966 |  87.15% | 22,158,336/25,423,800 | 23m30s | 4.609 | — | — | — | —
18:31:54 | 4.4 | 9/10 | 3575/4966 |  87.20% | 22,171,136/25,423,800 | 23m25s | 4.814 | — | — | — | —
18:31:59 | 4.4 | 9/10 | 3600/4966 |  87.25% | 22,183,936/25,423,800 | 23m19s | 4.734 | — | — | — | —
18:32:04 | 4.4 | 9/10 | 3625/4966 |  87.30% | 22,196,736/25,423,800 | 23m14s | 4.860 | — | — | — | —
18:32:09 | 4.4 | 9/10 | 3650/4966 |  87.35% | 22,209,536/25,423,800 | 23m08s | 4.893 | — | — | — | —
18:32:14 | 4.4 | 9/10 | 3675/4966 |  87.40% | 22,222,336/25,423,800 | 23m02s | 4.814 | — | — | — | —
18:32:19 | 4.4 | 9/10 | 3700/4966 |  87.45% | 22,235,136/25,423,800 | 22m57s | 5.016 | — | — | — | —
18:32:25 | 4.4 | 9/10 | 3725/4966 |  87.50% | 22,247,936/25,423,800 | 22m51s | 4.742 | — | — | — | —
18:32:30 | 4.4 | 9/10 | 3750/4966 |  87.55% | 22,260,736/25,423,800 | 22m46s | 4.733 | — | — | — | —
18:32:35 | 4.4 | 9/10 | 3775/4966 |  87.60% | 22,273,536/25,423,800 | 22m40s | 4.880 | — | — | — | —
18:32:40 | 4.4 | 9/10 | 3800/4966 |  87.65% | 22,286,336/25,423,800 | 22m35s | 4.737 | — | — | — | —
18:32:45 | 4.4 | 9/10 | 3825/4966 |  87.70% | 22,299,136/25,423,800 | 22m29s | 4.823 | — | — | — | —
18:32:50 | 4.4 | 9/10 | 3850/4966 |  87.75% | 22,311,936/25,423,800 | 22m23s | 4.726 | — | — | — | —
18:32:55 | 4.4 | 9/10 | 3875/4966 |  87.80% | 22,324,736/25,423,800 | 22m18s | 4.875 | — | — | — | —
18:33:01 | 4.4 | 9/10 | 3900/4966 |  87.85% | 22,337,536/25,423,800 | 22m12s | 4.835 | — | — | — | —
18:33:06 | 4.4 | 9/10 | 3925/4966 |  87.90% | 22,350,336/25,423,800 | 22m07s | 4.727 | — | — | — | —
18:33:11 | 4.4 | 9/10 | 3950/4966 |  87.95% | 22,363,136/25,423,800 | 22m01s | 4.662 | — | — | — | —
18:33:16 | 4.4 | 9/10 | 3975/4966 |  88.00% | 22,375,936/25,423,800 | 21m56s | 4.793 | — | — | — | —
18:33:21 | 4.4 | 9/10 | 4000/4966 |  88.05% | 22,388,736/25,423,800 | 21m50s | 4.841 | — | — | — | —
18:33:26 | 4.4 | 9/10 | 4025/4966 |  88.11% | 22,401,536/25,423,800 | 21m44s | 4.739 | — | — | — | —
18:33:31 | 4.4 | 9/10 | 4050/4966 |  88.16% | 22,414,336/25,423,800 | 21m39s | 4.904 | — | — | — | —
18:33:36 | 4.4 | 9/10 | 4075/4966 |  88.21% | 22,427,136/25,423,800 | 21m33s | 4.853 | — | — | — | —
18:33:42 | 4.4 | 9/10 | 4100/4966 |  88.26% | 22,439,936/25,423,800 | 21m28s | 4.753 | — | — | — | —
18:33:47 | 4.4 | 9/10 | 4125/4966 |  88.31% | 22,452,736/25,423,800 | 21m22s | 4.787 | — | — | — | —
18:33:52 | 4.4 | 9/10 | 4150/4966 |  88.36% | 22,465,536/25,423,800 | 21m16s | 4.726 | — | — | — | —
18:33:57 | 4.4 | 9/10 | 4175/4966 |  88.41% | 22,478,336/25,423,800 | 21m11s | 4.854 | — | — | — | —
18:34:03 | 4.4 | 9/10 | 4200/4966 |  88.46% | 22,491,136/25,423,800 | 21m05s | 4.864 | — | — | — | —
18:34:08 | 4.4 | 9/10 | 4225/4966 |  88.51% | 22,503,936/25,423,800 | 21m00s | 4.688 | — | — | — | —
18:34:13 | 4.4 | 9/10 | 4250/4966 |  88.56% | 22,516,736/25,423,800 | 20m54s | 4.691 | — | — | — | —
18:34:18 | 4.4 | 9/10 | 4275/4966 |  88.61% | 22,529,536/25,423,800 | 20m49s | 4.839 | — | — | — | —
18:34:24 | 4.4 | 9/10 | 4300/4966 |  88.66% | 22,542,336/25,423,800 | 20m43s | 4.821 | — | — | — | —
18:34:29 | 4.4 | 9/10 | 4325/4966 |  88.71% | 22,555,136/25,423,800 | 20m38s | 4.809 | — | — | — | —
18:34:34 | 4.4 | 9/10 | 4350/4966 |  88.76% | 22,567,936/25,423,800 | 20m32s | 4.715 | — | — | — | —
18:34:39 | 4.4 | 9/10 | 4375/4966 |  88.81% | 22,580,736/25,423,800 | 20m26s | 4.717 | — | — | — | —
18:34:44 | 4.4 | 9/10 | 4400/4966 |  88.86% | 22,593,536/25,423,800 | 20m21s | 4.704 | — | — | — | —
18:34:49 | 4.4 | 9/10 | 4425/4966 |  88.91% | 22,606,336/25,423,800 | 20m15s | 4.771 | — | — | — | —
18:34:54 | 4.4 | 9/10 | 4450/4966 |  88.96% | 22,619,136/25,423,800 | 20m10s | 4.649 | — | — | — | —
18:35:00 | 4.4 | 9/10 | 4475/4966 |  89.01% | 22,631,936/25,423,800 | 20m04s | 4.908 | — | — | — | —
18:35:05 | 4.4 | 9/10 | 4500/4966 |  89.06% | 22,644,736/25,423,800 | 19m59s | 4.889 | — | — | — | —
18:35:10 | 4.4 | 9/10 | 4525/4966 |  89.11% | 22,657,536/25,423,800 | 19m53s | 4.871 | — | — | — | —
18:35:15 | 4.4 | 9/10 | 4550/4966 |  89.16% | 22,670,336/25,423,800 | 19m48s | 4.674 | — | — | — | —
18:35:20 | 4.4 | 9/10 | 4575/4966 |  89.21% | 22,683,136/25,423,800 | 19m42s | 4.901 | — | — | — | —
18:35:26 | 4.4 | 9/10 | 4600/4966 |  89.26% | 22,695,936/25,423,800 | 19m36s | 4.775 | — | — | — | —
18:35:31 | 4.4 | 9/10 | 4625/4966 |  89.31% | 22,708,736/25,423,800 | 19m31s | 4.878 | — | — | — | —
18:35:36 | 4.4 | 9/10 | 4650/4966 |  89.36% | 22,721,536/25,423,800 | 19m25s | 5.021 | — | — | — | —
18:35:41 | 4.4 | 9/10 | 4675/4966 |  89.41% | 22,734,336/25,423,800 | 19m20s | 4.917 | — | — | — | —
18:35:46 | 4.4 | 9/10 | 4700/4966 |  89.46% | 22,747,136/25,423,800 | 19m14s | 4.881 | — | — | — | —
18:35:51 | 4.4 | 9/10 | 4725/4966 |  89.51% | 22,759,936/25,423,800 | 19m09s | 4.770 | — | — | — | —
18:35:57 | 4.4 | 9/10 | 4750/4966 |  89.57% | 22,772,736/25,423,800 | 19m03s | 4.678 | — | — | — | —
18:36:02 | 4.4 | 9/10 | 4775/4966 |  89.62% | 22,785,536/25,423,800 | 18m58s | 4.927 | — | — | — | —
18:36:07 | 4.4 | 9/10 | 4800/4966 |  89.67% | 22,798,336/25,423,800 | 18m52s | 4.573 | — | — | — | —
18:36:12 | 4.4 | 9/10 | 4825/4966 |  89.72% | 22,811,136/25,423,800 | 18m46s | 4.724 | — | — | — | —
18:36:17 | 4.4 | 9/10 | 4850/4966 |  89.77% | 22,823,936/25,423,800 | 18m41s | 4.772 | — | — | — | —
18:36:23 | 4.4 | 9/10 | 4875/4966 |  89.82% | 22,836,736/25,423,800 | 18m35s | 4.788 | — | — | — | —
18:36:28 | 4.4 | 9/10 | 4900/4966 |  89.87% | 22,849,536/25,423,800 | 18m30s | 4.817 | — | — | — | —
18:36:33 | 4.4 | 9/10 | 4925/4966 |  89.92% | 22,862,336/25,423,800 | 18m24s | 4.745 | — | — | — | —
18:36:38 | 4.4 | 9/10 | 4950/4966 |  89.97% | 22,875,136/25,423,800 | 18m19s | 4.740 | — | — | — | —
18:36:41 | 4.4 | 9/10 | 4966/4966 |  90.00% | 22,883,328/25,423,800 | 18m15s | 4.801 | — | — | — | —
18:36:53 | validation | 9/10 | epoch-end |  90.00% | 22,881,420/25,423,800 | 18m16s | 4.806 |  55.42% |  45.02% |   6.59% | 1.511
18:36:53 | 4.4 | 10/10 | 1/4966 |  90.00% | 22,883,840/25,423,800 | 18m16s | 4.760 | — | — | — | —
18:36:58 | 4.4 | 10/10 | 25/4966 |  90.05% | 22,896,128/25,423,800 | 18m11s | 4.882 | — | — | — | —
18:37:03 | 4.4 | 10/10 | 50/4966 |  90.10% | 22,908,928/25,423,800 | 18m05s | 4.859 | — | — | — | —
18:37:08 | 4.4 | 10/10 | 75/4966 |  90.15% | 22,921,728/25,423,800 | 18m00s | 4.808 | — | — | — | —
18:37:13 | 4.4 | 10/10 | 100/4966 |  90.20% | 22,934,528/25,423,800 | 17m54s | 4.854 | — | — | — | —
18:37:18 | 4.4 | 10/10 | 125/4966 |  90.25% | 22,947,328/25,423,800 | 17m49s | 4.920 | — | — | — | —
18:37:24 | 4.4 | 10/10 | 150/4966 |  90.30% | 22,960,128/25,423,800 | 17m43s | 4.740 | — | — | — | —
18:37:29 | 4.4 | 10/10 | 175/4966 |  90.35% | 22,972,928/25,423,800 | 17m37s | 4.699 | — | — | — | —
18:37:34 | 4.4 | 10/10 | 200/4966 |  90.40% | 22,985,728/25,423,800 | 17m32s | 4.763 | — | — | — | —
18:37:39 | 4.4 | 10/10 | 225/4966 |  90.45% | 22,998,528/25,423,800 | 17m26s | 4.738 | — | — | — | —
18:37:44 | 4.4 | 10/10 | 250/4966 |  90.50% | 23,011,328/25,423,800 | 17m21s | 4.874 | — | — | — | —
18:37:49 | 4.4 | 10/10 | 275/4966 |  90.55% | 23,024,128/25,423,800 | 17m15s | 4.704 | — | — | — | —
18:37:54 | 4.4 | 10/10 | 300/4966 |  90.60% | 23,036,928/25,423,800 | 17m10s | 4.889 | — | — | — | —
18:38:00 | 4.4 | 10/10 | 325/4966 |  90.65% | 23,049,728/25,423,800 | 17m04s | 4.716 | — | — | — | —
18:38:05 | 4.4 | 10/10 | 350/4966 |  90.70% | 23,062,528/25,423,800 | 16m58s | 4.693 | — | — | — | —
18:38:10 | 4.4 | 10/10 | 375/4966 |  90.76% | 23,075,328/25,423,800 | 16m53s | 4.834 | — | — | — | —
18:38:15 | 4.4 | 10/10 | 400/4966 |  90.81% | 23,088,128/25,423,800 | 16m47s | 4.871 | — | — | — | —
18:38:20 | 4.4 | 10/10 | 425/4966 |  90.86% | 23,100,928/25,423,800 | 16m42s | 4.691 | — | — | — | —
18:38:25 | 4.4 | 10/10 | 450/4966 |  90.91% | 23,113,728/25,423,800 | 16m36s | 4.785 | — | — | — | —
18:38:30 | 4.4 | 10/10 | 475/4966 |  90.96% | 23,126,528/25,423,800 | 16m31s | 4.810 | — | — | — | —
18:38:35 | 4.4 | 10/10 | 500/4966 |  91.01% | 23,139,328/25,423,800 | 16m25s | 4.865 | — | — | — | —
18:38:41 | 4.4 | 10/10 | 525/4966 |  91.06% | 23,152,128/25,423,800 | 16m20s | 4.968 | — | — | — | —
18:38:46 | 4.4 | 10/10 | 550/4966 |  91.11% | 23,164,928/25,423,800 | 16m14s | 4.930 | — | — | — | —
18:38:51 | 4.4 | 10/10 | 575/4966 |  91.16% | 23,177,728/25,423,800 | 16m08s | 4.698 | — | — | — | —
18:38:56 | 4.4 | 10/10 | 600/4966 |  91.21% | 23,190,528/25,423,800 | 16m03s | 4.787 | — | — | — | —
18:39:01 | 4.4 | 10/10 | 625/4966 |  91.26% | 23,203,328/25,423,800 | 15m57s | 4.756 | — | — | — | —
18:39:06 | 4.4 | 10/10 | 650/4966 |  91.31% | 23,216,128/25,423,800 | 15m52s | 4.889 | — | — | — | —
18:39:11 | 4.4 | 10/10 | 675/4966 |  91.36% | 23,228,928/25,423,800 | 15m46s | 4.841 | — | — | — | —
18:39:17 | 4.4 | 10/10 | 700/4966 |  91.41% | 23,241,728/25,423,800 | 15m41s | 4.864 | — | — | — | —
18:39:22 | 4.4 | 10/10 | 725/4966 |  91.46% | 23,254,528/25,423,800 | 15m35s | 4.903 | — | — | — | —
18:39:27 | 4.4 | 10/10 | 750/4966 |  91.51% | 23,267,328/25,423,800 | 15m30s | 4.713 | — | — | — | —
18:39:32 | 4.4 | 10/10 | 775/4966 |  91.56% | 23,280,128/25,423,800 | 15m24s | 4.788 | — | — | — | —
18:39:37 | 4.4 | 10/10 | 800/4966 |  91.61% | 23,292,928/25,423,800 | 15m19s | 4.802 | — | — | — | —
18:39:43 | 4.4 | 10/10 | 825/4966 |  91.66% | 23,305,728/25,423,800 | 15m13s | 4.911 | — | — | — | —
18:39:48 | 4.4 | 10/10 | 850/4966 |  91.71% | 23,318,528/25,423,800 | 15m07s | 5.004 | — | — | — | —
18:39:53 | 4.4 | 10/10 | 875/4966 |  91.76% | 23,331,328/25,423,800 | 15m02s | 4.723 | — | — | — | —
18:39:58 | 4.4 | 10/10 | 900/4966 |  91.81% | 23,344,128/25,423,800 | 14m56s | 4.816 | — | — | — | —
18:40:03 | 4.4 | 10/10 | 925/4966 |  91.86% | 23,356,928/25,423,800 | 14m51s | 4.741 | — | — | — | —
18:40:08 | 4.4 | 10/10 | 950/4966 |  91.91% | 23,369,728/25,423,800 | 14m45s | 4.631 | — | — | — | —
18:40:14 | 4.4 | 10/10 | 975/4966 |  91.96% | 23,382,528/25,423,800 | 14m40s | 4.688 | — | — | — | —
18:40:19 | 4.4 | 10/10 | 1000/4966 |  92.01% | 23,395,328/25,423,800 | 14m34s | 4.730 | — | — | — | —
18:40:24 | 4.4 | 10/10 | 1025/4966 |  92.06% | 23,408,128/25,423,800 | 14m29s | 4.761 | — | — | — | —
18:40:29 | 4.4 | 10/10 | 1050/4966 |  92.11% | 23,420,928/25,423,800 | 14m23s | 4.847 | — | — | — | —
18:40:35 | 4.4 | 10/10 | 1075/4966 |  92.16% | 23,433,728/25,423,800 | 14m18s | 4.751 | — | — | — | —
18:40:40 | 4.4 | 10/10 | 1100/4966 |  92.22% | 23,446,528/25,423,800 | 14m12s | 4.730 | — | — | — | —
18:40:45 | 4.4 | 10/10 | 1125/4966 |  92.27% | 23,459,328/25,423,800 | 14m07s | 4.959 | — | — | — | —
18:40:50 | 4.4 | 10/10 | 1150/4966 |  92.32% | 23,472,128/25,423,800 | 14m01s | 4.729 | — | — | — | —
18:40:56 | 4.4 | 10/10 | 1175/4966 |  92.37% | 23,484,928/25,423,800 | 13m55s | 4.664 | — | — | — | —
18:41:01 | 4.4 | 10/10 | 1200/4966 |  92.42% | 23,497,728/25,423,800 | 13m50s | 4.764 | — | — | — | —
18:41:06 | 4.4 | 10/10 | 1225/4966 |  92.47% | 23,510,528/25,423,800 | 13m44s | 4.889 | — | — | — | —
18:41:11 | 4.4 | 10/10 | 1250/4966 |  92.52% | 23,523,328/25,423,800 | 13m39s | 4.792 | — | — | — | —
18:41:16 | 4.4 | 10/10 | 1275/4966 |  92.57% | 23,536,128/25,423,800 | 13m33s | 4.976 | — | — | — | —
18:41:22 | 4.4 | 10/10 | 1300/4966 |  92.62% | 23,548,928/25,423,800 | 13m28s | 4.898 | — | — | — | —
18:41:27 | 4.4 | 10/10 | 1325/4966 |  92.67% | 23,561,728/25,423,800 | 13m22s | 4.856 | — | — | — | —
18:41:32 | 4.4 | 10/10 | 1350/4966 |  92.72% | 23,574,528/25,423,800 | 13m17s | 4.682 | — | — | — | —
18:41:37 | 4.4 | 10/10 | 1375/4966 |  92.77% | 23,587,328/25,423,800 | 13m11s | 4.918 | — | — | — | —
18:41:42 | 4.4 | 10/10 | 1400/4966 |  92.82% | 23,600,128/25,423,800 | 13m06s | 4.647 | — | — | — | —
18:41:48 | 4.4 | 10/10 | 1425/4966 |  92.87% | 23,612,928/25,423,800 | 13m00s | 4.775 | — | — | — | —
18:41:53 | 4.4 | 10/10 | 1450/4966 |  92.92% | 23,625,728/25,423,800 | 12m55s | 4.791 | — | — | — | —
18:41:58 | 4.4 | 10/10 | 1475/4966 |  92.97% | 23,638,528/25,423,800 | 12m49s | 4.799 | — | — | — | —
18:42:04 | 4.4 | 10/10 | 1500/4966 |  93.02% | 23,651,328/25,423,800 | 12m44s | 4.905 | — | — | — | —
18:42:09 | 4.4 | 10/10 | 1525/4966 |  93.07% | 23,664,128/25,423,800 | 12m38s | 4.715 | — | — | — | —
18:42:14 | 4.4 | 10/10 | 1550/4966 |  93.12% | 23,676,928/25,423,800 | 12m32s | 4.816 | — | — | — | —
18:42:20 | 4.4 | 10/10 | 1575/4966 |  93.17% | 23,689,728/25,423,800 | 12m27s | 4.714 | — | — | — | —
18:42:25 | 4.4 | 10/10 | 1600/4966 |  93.22% | 23,702,528/25,423,800 | 12m21s | 4.841 | — | — | — | —
18:42:31 | 4.4 | 10/10 | 1625/4966 |  93.27% | 23,715,328/25,423,800 | 12m16s | 4.889 | — | — | — | —
18:42:36 | 4.4 | 10/10 | 1650/4966 |  93.32% | 23,728,128/25,423,800 | 12m10s | 4.707 | — | — | — | —
18:42:42 | 4.4 | 10/10 | 1675/4966 |  93.37% | 23,740,928/25,423,800 | 12m05s | 4.761 | — | — | — | —
18:42:47 | 4.4 | 10/10 | 1700/4966 |  93.42% | 23,753,728/25,423,800 | 11m59s | 4.904 | — | — | — | —
18:42:53 | 4.4 | 10/10 | 1725/4966 |  93.47% | 23,766,528/25,423,800 | 11m54s | 4.916 | — | — | — | —
18:42:58 | 4.4 | 10/10 | 1750/4966 |  93.52% | 23,779,328/25,423,800 | 11m48s | 4.713 | — | — | — | —
18:43:03 | 4.4 | 10/10 | 1775/4966 |  93.57% | 23,792,128/25,423,800 | 11m43s | 4.818 | — | — | — | —
18:43:08 | 4.4 | 10/10 | 1800/4966 |  93.62% | 23,804,928/25,423,800 | 11m37s | 4.795 | — | — | — | —
18:43:14 | 4.4 | 10/10 | 1825/4966 |  93.67% | 23,817,728/25,423,800 | 11m32s | 4.687 | — | — | — | —
18:43:19 | 4.4 | 10/10 | 1850/4966 |  93.73% | 23,830,528/25,423,800 | 11m26s | 4.773 | — | — | — | —
18:43:24 | 4.4 | 10/10 | 1875/4966 |  93.78% | 23,843,328/25,423,800 | 11m21s | 4.846 | — | — | — | —
18:43:29 | 4.4 | 10/10 | 1900/4966 |  93.83% | 23,856,128/25,423,800 | 11m15s | 4.770 | — | — | — | —
18:43:34 | 4.4 | 10/10 | 1925/4966 |  93.88% | 23,868,928/25,423,800 | 11m10s | 4.956 | — | — | — | —
18:43:40 | 4.4 | 10/10 | 1950/4966 |  93.93% | 23,881,728/25,423,800 | 11m04s | 4.901 | — | — | — | —
18:43:45 | 4.4 | 10/10 | 1975/4966 |  93.98% | 23,894,528/25,423,800 | 10m59s | 4.826 | — | — | — | —
18:43:50 | 4.4 | 10/10 | 2000/4966 |  94.03% | 23,907,328/25,423,800 | 10m53s | 4.838 | — | — | — | —
18:43:55 | 4.4 | 10/10 | 2025/4966 |  94.08% | 23,920,128/25,423,800 | 10m48s | 4.934 | — | — | — | —
18:44:01 | 4.4 | 10/10 | 2050/4966 |  94.13% | 23,932,928/25,423,800 | 10m42s | 4.818 | — | — | — | —
18:44:06 | 4.4 | 10/10 | 2075/4966 |  94.18% | 23,945,728/25,423,800 | 10m36s | 4.969 | — | — | — | —
18:44:11 | 4.4 | 10/10 | 2100/4966 |  94.23% | 23,958,528/25,423,800 | 10m31s | 4.856 | — | — | — | —
18:44:17 | 4.4 | 10/10 | 2125/4966 |  94.28% | 23,971,328/25,423,800 | 10m25s | 4.847 | — | — | — | —
18:44:22 | 4.4 | 10/10 | 2150/4966 |  94.33% | 23,984,128/25,423,800 | 10m20s | 4.852 | — | — | — | —
18:44:27 | 4.4 | 10/10 | 2175/4966 |  94.38% | 23,996,928/25,423,800 | 10m14s | 4.685 | — | — | — | —
18:44:32 | 4.4 | 10/10 | 2200/4966 |  94.43% | 24,009,728/25,423,800 | 10m09s | 4.888 | — | — | — | —
18:44:38 | 4.4 | 10/10 | 2225/4966 |  94.48% | 24,022,528/25,423,800 | 10m03s | 4.670 | — | — | — | —
18:44:43 | 4.4 | 10/10 | 2250/4966 |  94.53% | 24,035,328/25,423,800 | 09m58s | 4.897 | — | — | — | —
18:44:48 | 4.4 | 10/10 | 2275/4966 |  94.58% | 24,048,128/25,423,800 | 09m52s | 4.952 | — | — | — | —
18:44:53 | 4.4 | 10/10 | 2300/4966 |  94.63% | 24,060,928/25,423,800 | 09m47s | 4.871 | — | — | — | —
18:44:59 | 4.4 | 10/10 | 2325/4966 |  94.68% | 24,073,728/25,423,800 | 09m41s | 4.957 | — | — | — | —
18:45:05 | 4.4 | 10/10 | 2350/4966 |  94.73% | 24,086,528/25,423,800 | 09m36s | 4.773 | — | — | — | —
18:45:11 | 4.4 | 10/10 | 2375/4966 |  94.78% | 24,099,328/25,423,800 | 09m30s | 4.811 | — | — | — | —
18:45:16 | 4.4 | 10/10 | 2400/4966 |  94.83% | 24,112,128/25,423,800 | 09m25s | 4.829 | — | — | — | —
18:45:21 | 4.4 | 10/10 | 2425/4966 |  94.88% | 24,124,928/25,423,800 | 09m19s | 4.850 | — | — | — | —
18:45:27 | 4.4 | 10/10 | 2450/4966 |  94.93% | 24,137,728/25,423,800 | 09m14s | 4.794 | — | — | — | —
18:45:32 | 4.4 | 10/10 | 2475/4966 |  94.98% | 24,150,528/25,423,800 | 09m08s | 4.905 | — | — | — | —
18:45:37 | 4.4 | 10/10 | 2500/4966 |  95.03% | 24,163,328/25,423,800 | 09m03s | 4.715 | — | — | — | —
18:45:42 | 4.4 | 10/10 | 2525/4966 |  95.08% | 24,176,128/25,423,800 | 08m57s | 4.996 | — | — | — | —
18:45:48 | 4.4 | 10/10 | 2550/4966 |  95.13% | 24,188,928/25,423,800 | 08m52s | 5.104 | — | — | — | —
18:45:53 | 4.4 | 10/10 | 2575/4966 |  95.19% | 24,201,728/25,423,800 | 08m46s | 4.892 | — | — | — | —
18:45:58 | 4.4 | 10/10 | 2600/4966 |  95.24% | 24,214,528/25,423,800 | 08m41s | 4.775 | — | — | — | —
18:46:03 | 4.4 | 10/10 | 2625/4966 |  95.29% | 24,227,328/25,423,800 | 08m35s | 4.952 | — | — | — | —
18:46:09 | 4.4 | 10/10 | 2650/4966 |  95.34% | 24,240,128/25,423,800 | 08m30s | 4.650 | — | — | — | —
18:46:14 | 4.4 | 10/10 | 2675/4966 |  95.39% | 24,252,928/25,423,800 | 08m24s | 4.671 | — | — | — | —
18:46:19 | 4.4 | 10/10 | 2700/4966 |  95.44% | 24,265,728/25,423,800 | 08m19s | 4.947 | — | — | — | —
18:46:24 | 4.4 | 10/10 | 2725/4966 |  95.49% | 24,278,528/25,423,800 | 08m13s | 4.871 | — | — | — | —
18:46:30 | 4.4 | 10/10 | 2750/4966 |  95.54% | 24,291,328/25,423,800 | 08m08s | 4.940 | — | — | — | —
18:46:35 | 4.4 | 10/10 | 2775/4966 |  95.59% | 24,304,128/25,423,800 | 08m02s | 4.884 | — | — | — | —
18:46:40 | 4.4 | 10/10 | 2800/4966 |  95.64% | 24,316,928/25,423,800 | 07m56s | 4.886 | — | — | — | —
18:46:45 | 4.4 | 10/10 | 2825/4966 |  95.69% | 24,329,728/25,423,800 | 07m51s | 4.745 | — | — | — | —
18:46:51 | 4.4 | 10/10 | 2850/4966 |  95.74% | 24,342,528/25,423,800 | 07m45s | 4.805 | — | — | — | —
18:46:56 | 4.4 | 10/10 | 2875/4966 |  95.79% | 24,355,328/25,423,800 | 07m40s | 4.880 | — | — | — | —
18:47:01 | 4.4 | 10/10 | 2900/4966 |  95.84% | 24,368,128/25,423,800 | 07m34s | 4.635 | — | — | — | —
18:47:06 | 4.4 | 10/10 | 2925/4966 |  95.89% | 24,380,928/25,423,800 | 07m29s | 4.754 | — | — | — | —
18:47:11 | 4.4 | 10/10 | 2950/4966 |  95.94% | 24,393,728/25,423,800 | 07m23s | 4.704 | — | — | — | —
18:47:17 | 4.4 | 10/10 | 2975/4966 |  95.99% | 24,406,528/25,423,800 | 07m18s | 4.738 | — | — | — | —
18:47:23 | 4.4 | 10/10 | 3000/4966 |  96.04% | 24,419,328/25,423,800 | 07m12s | 4.800 | — | — | — | —
18:47:28 | 4.4 | 10/10 | 3025/4966 |  96.09% | 24,432,128/25,423,800 | 07m07s | 4.865 | — | — | — | —
18:47:33 | 4.4 | 10/10 | 3050/4966 |  96.14% | 24,444,928/25,423,800 | 07m01s | 4.725 | — | — | — | —
18:47:38 | 4.4 | 10/10 | 3075/4966 |  96.19% | 24,457,728/25,423,800 | 06m56s | 4.888 | — | — | — | —
18:47:43 | 4.4 | 10/10 | 3100/4966 |  96.24% | 24,470,528/25,423,800 | 06m50s | 4.586 | — | — | — | —
18:47:48 | 4.4 | 10/10 | 3125/4966 |  96.29% | 24,483,328/25,423,800 | 06m45s | 4.743 | — | — | — | —
18:47:54 | 4.4 | 10/10 | 3150/4966 |  96.34% | 24,496,128/25,423,800 | 06m39s | 4.881 | — | — | — | —
18:47:59 | 4.4 | 10/10 | 3175/4966 |  96.39% | 24,508,928/25,423,800 | 06m34s | 4.843 | — | — | — | —
18:48:04 | 4.4 | 10/10 | 3200/4966 |  96.44% | 24,521,728/25,423,800 | 06m28s | 4.772 | — | — | — | —
18:48:10 | 4.4 | 10/10 | 3225/4966 |  96.49% | 24,534,528/25,423,800 | 06m23s | 4.848 | — | — | — | —
18:48:16 | 4.4 | 10/10 | 3250/4966 |  96.54% | 24,547,328/25,423,800 | 06m17s | 4.757 | — | — | — | —
18:48:21 | 4.4 | 10/10 | 3275/4966 |  96.59% | 24,560,128/25,423,800 | 06m12s | 4.853 | — | — | — | —
18:48:26 | 4.4 | 10/10 | 3300/4966 |  96.65% | 24,572,928/25,423,800 | 06m06s | 4.794 | — | — | — | —
18:48:31 | 4.4 | 10/10 | 3325/4966 |  96.70% | 24,585,728/25,423,800 | 06m01s | 4.820 | — | — | — | —
18:48:37 | 4.4 | 10/10 | 3350/4966 |  96.75% | 24,598,528/25,423,800 | 05m55s | 4.954 | — | — | — | —
18:48:42 | 4.4 | 10/10 | 3375/4966 |  96.80% | 24,611,328/25,423,800 | 05m50s | 4.959 | — | — | — | —
18:48:47 | 4.4 | 10/10 | 3400/4966 |  96.85% | 24,624,128/25,423,800 | 05m44s | 4.689 | — | — | — | —
18:48:52 | 4.4 | 10/10 | 3425/4966 |  96.90% | 24,636,928/25,423,800 | 05m39s | 4.841 | — | — | — | —
18:48:58 | 4.4 | 10/10 | 3450/4966 |  96.95% | 24,649,728/25,423,800 | 05m33s | 4.911 | — | — | — | —
18:49:03 | 4.4 | 10/10 | 3475/4966 |  97.00% | 24,662,528/25,423,800 | 05m28s | 4.715 | — | — | — | —
18:49:08 | 4.4 | 10/10 | 3500/4966 |  97.05% | 24,675,328/25,423,800 | 05m22s | 4.787 | — | — | — | —
18:49:13 | 4.4 | 10/10 | 3525/4966 |  97.10% | 24,688,128/25,423,800 | 05m17s | 4.853 | — | — | — | —
18:49:18 | 4.4 | 10/10 | 3550/4966 |  97.15% | 24,700,928/25,423,800 | 05m11s | 4.864 | — | — | — | —
18:49:24 | 4.4 | 10/10 | 3575/4966 |  97.20% | 24,713,728/25,423,800 | 05m06s | 4.740 | — | — | — | —
18:49:29 | 4.4 | 10/10 | 3600/4966 |  97.25% | 24,726,528/25,423,800 | 05m00s | 4.755 | — | — | — | —
18:49:34 | 4.4 | 10/10 | 3625/4966 |  97.30% | 24,739,328/25,423,800 | 04m55s | 4.762 | — | — | — | —
18:49:40 | 4.4 | 10/10 | 3650/4966 |  97.35% | 24,752,128/25,423,800 | 04m49s | 4.703 | — | — | — | —
18:49:45 | 4.4 | 10/10 | 3675/4966 |  97.40% | 24,764,928/25,423,800 | 04m44s | 4.875 | — | — | — | —
18:49:50 | 4.4 | 10/10 | 3700/4966 |  97.45% | 24,777,728/25,423,800 | 04m38s | 4.680 | — | — | — | —
18:49:56 | 4.4 | 10/10 | 3725/4966 |  97.50% | 24,790,528/25,423,800 | 04m33s | 4.803 | — | — | — | —
18:50:01 | 4.4 | 10/10 | 3750/4966 |  97.55% | 24,803,328/25,423,800 | 04m27s | 4.856 | — | — | — | —
18:50:06 | 4.4 | 10/10 | 3775/4966 |  97.60% | 24,816,128/25,423,800 | 04m22s | 4.780 | — | — | — | —
18:50:11 | 4.4 | 10/10 | 3800/4966 |  97.65% | 24,828,928/25,423,800 | 04m16s | 4.848 | — | — | — | —
18:50:16 | 4.4 | 10/10 | 3825/4966 |  97.70% | 24,841,728/25,423,800 | 04m11s | 4.664 | — | — | — | —
18:50:22 | 4.4 | 10/10 | 3850/4966 |  97.75% | 24,854,528/25,423,800 | 04m05s | 4.766 | — | — | — | —
18:50:27 | 4.4 | 10/10 | 3875/4966 |  97.80% | 24,867,328/25,423,800 | 04m00s | 4.764 | — | — | — | —
18:50:32 | 4.4 | 10/10 | 3900/4966 |  97.85% | 24,880,128/25,423,800 | 03m54s | 4.918 | — | — | — | —
18:50:37 | 4.4 | 10/10 | 3925/4966 |  97.90% | 24,892,928/25,423,800 | 03m49s | 4.684 | — | — | — | —
18:50:43 | 4.4 | 10/10 | 3950/4966 |  97.95% | 24,905,728/25,423,800 | 03m43s | 4.722 | — | — | — | —
18:50:48 | 4.4 | 10/10 | 3975/4966 |  98.00% | 24,918,528/25,423,800 | 03m38s | 4.783 | — | — | — | —
18:50:53 | 4.4 | 10/10 | 4000/4966 |  98.05% | 24,931,328/25,423,800 | 03m32s | 4.616 | — | — | — | —
18:50:58 | 4.4 | 10/10 | 4025/4966 |  98.11% | 24,944,128/25,423,800 | 03m26s | 4.827 | — | — | — | —
18:51:04 | 4.4 | 10/10 | 4050/4966 |  98.16% | 24,956,928/25,423,800 | 03m21s | 4.882 | — | — | — | —
18:51:09 | 4.4 | 10/10 | 4075/4966 |  98.21% | 24,969,728/25,423,800 | 03m16s | 4.896 | — | — | — | —
18:51:15 | 4.4 | 10/10 | 4100/4966 |  98.26% | 24,982,528/25,423,800 | 03m10s | 4.763 | — | — | — | —
18:51:20 | 4.4 | 10/10 | 4125/4966 |  98.31% | 24,995,328/25,423,800 | 03m04s | 4.829 | — | — | — | —
18:51:25 | 4.4 | 10/10 | 4150/4966 |  98.36% | 25,008,128/25,423,800 | 02m59s | 4.793 | — | — | — | —
18:51:30 | 4.4 | 10/10 | 4175/4966 |  98.41% | 25,020,928/25,423,800 | 02m53s | 4.978 | — | — | — | —
18:51:35 | 4.4 | 10/10 | 4200/4966 |  98.46% | 25,033,728/25,423,800 | 02m48s | 4.849 | — | — | — | —
18:51:41 | 4.4 | 10/10 | 4225/4966 |  98.51% | 25,046,528/25,423,800 | 02m42s | 4.850 | — | — | — | —
18:51:46 | 4.4 | 10/10 | 4250/4966 |  98.56% | 25,059,328/25,423,800 | 02m37s | 4.765 | — | — | — | —
18:51:51 | 4.4 | 10/10 | 4275/4966 |  98.61% | 25,072,128/25,423,800 | 02m31s | 4.717 | — | — | — | —
18:51:56 | 4.4 | 10/10 | 4300/4966 |  98.66% | 25,084,928/25,423,800 | 02m26s | 4.850 | — | — | — | —
18:52:01 | 4.4 | 10/10 | 4325/4966 |  98.71% | 25,097,728/25,423,800 | 02m20s | 4.708 | — | — | — | —
18:52:07 | 4.4 | 10/10 | 4350/4966 |  98.76% | 25,110,528/25,423,800 | 02m15s | 4.866 | — | — | — | —
18:52:12 | 4.4 | 10/10 | 4375/4966 |  98.81% | 25,123,328/25,423,800 | 02m09s | 4.967 | — | — | — | —
18:52:17 | 4.4 | 10/10 | 4400/4966 |  98.86% | 25,136,128/25,423,800 | 02m04s | 4.876 | — | — | — | —
18:52:22 | 4.4 | 10/10 | 4425/4966 |  98.91% | 25,148,928/25,423,800 | 01m58s | 4.815 | — | — | — | —
18:52:28 | 4.4 | 10/10 | 4450/4966 |  98.96% | 25,161,728/25,423,800 | 01m53s | 4.799 | — | — | — | —
18:52:33 | 4.4 | 10/10 | 4475/4966 |  99.01% | 25,174,528/25,423,800 | 01m47s | 4.713 | — | — | — | —
18:52:38 | 4.4 | 10/10 | 4500/4966 |  99.06% | 25,187,328/25,423,800 | 01m42s | 4.784 | — | — | — | —
18:52:43 | 4.4 | 10/10 | 4525/4966 |  99.11% | 25,200,128/25,423,800 | 01m36s | 4.698 | — | — | — | —
18:52:49 | 4.4 | 10/10 | 4550/4966 |  99.16% | 25,212,928/25,423,800 | 01m31s | 4.748 | — | — | — | —
18:52:54 | 4.4 | 10/10 | 4575/4966 |  99.21% | 25,225,728/25,423,800 | 01m25s | 4.696 | — | — | — | —
18:52:59 | 4.4 | 10/10 | 4600/4966 |  99.26% | 25,238,528/25,423,800 | 01m20s | 4.832 | — | — | — | —
18:53:04 | 4.4 | 10/10 | 4625/4966 |  99.31% | 25,251,328/25,423,800 | 01m14s | 4.769 | — | — | — | —
18:53:10 | 4.4 | 10/10 | 4650/4966 |  99.36% | 25,264,128/25,423,800 | 01m09s | 4.712 | — | — | — | —
18:53:15 | 4.4 | 10/10 | 4675/4966 |  99.41% | 25,276,928/25,423,800 | 01m03s | 4.787 | — | — | — | —
18:53:20 | 4.4 | 10/10 | 4700/4966 |  99.46% | 25,289,728/25,423,800 | 00m58s | 4.739 | — | — | — | —
18:53:25 | 4.4 | 10/10 | 4725/4966 |  99.51% | 25,302,528/25,423,800 | 00m52s | 4.867 | — | — | — | —
18:53:30 | 4.4 | 10/10 | 4750/4966 |  99.57% | 25,315,328/25,423,800 | 00m47s | 4.671 | — | — | — | —
18:53:36 | 4.4 | 10/10 | 4775/4966 |  99.62% | 25,328,128/25,423,800 | 00m41s | 4.860 | — | — | — | —
18:53:41 | 4.4 | 10/10 | 4800/4966 |  99.67% | 25,340,928/25,423,800 | 00m36s | 4.789 | — | — | — | —
18:53:46 | 4.4 | 10/10 | 4825/4966 |  99.72% | 25,353,728/25,423,800 | 00m30s | 4.780 | — | — | — | —
18:53:51 | 4.4 | 10/10 | 4850/4966 |  99.77% | 25,366,528/25,423,800 | 00m25s | 4.740 | — | — | — | —
18:53:56 | 4.4 | 10/10 | 4875/4966 |  99.82% | 25,379,328/25,423,800 | 00m20s | 4.720 | — | — | — | —
18:54:02 | 4.4 | 10/10 | 4900/4966 |  99.87% | 25,392,128/25,423,800 | 00m14s | 4.674 | — | — | — | —
18:54:07 | 4.4 | 10/10 | 4925/4966 |  99.92% | 25,404,928/25,423,800 | 00m09s | 4.831 | — | — | — | —
18:54:12 | 4.4 | 10/10 | 4950/4966 |  99.97% | 25,417,728/25,423,800 | 00m03s | 4.858 | — | — | — | —
18:54:16 | 4.4 | 10/10 | 4966/4966 | 100.00% | 25,423,800/25,423,800 | done | 4.932 | — | — | — | —
18:54:28 | validation | 10/10 | epoch-end | 100.00% | 25,423,800/25,423,800 | done | 4.800 |  55.49% |  45.16% |   6.72% | 1.511
