time | phase | epoch | batch | work | done | ETA | loss | card@1 | zone | tile | timing
-----+-------+-------+-------+------+------+-----+------+--------+------+------+-------
02:41:06 | 4.4.1 | 1/11 | 1/5425 |   0.00% | 512/30,550,828 | 24h48m | 4.779 | — | — | — | —
02:41:12 | 4.4.1 | 1/11 | 25/5425 |   0.04% | 12,800/30,550,828 | 5h00m | 5.143 | — | — | — | —
02:41:18 | 4.4.1 | 1/11 | 50/5425 |   0.08% | 25,600/30,550,828 | 4h36m | 4.770 | — | — | — | —
02:41:25 | 4.4.1 | 1/11 | 75/5425 |   0.13% | 38,400/30,550,828 | 4h33m | 4.742 | — | — | — | —
02:41:31 | 4.4.1 | 1/11 | 100/5425 |   0.17% | 51,200/30,550,828 | 4h23m | 5.030 | — | — | — | —
02:41:37 | 4.4.1 | 1/11 | 125/5425 |   0.21% | 64,000/30,550,828 | 4h19m | 4.714 | — | — | — | —
02:41:43 | 4.4.1 | 1/11 | 150/5425 |   0.25% | 76,800/30,550,828 | 4h16m | 4.650 | — | — | — | —
02:41:49 | 4.4.1 | 1/11 | 175/5425 |   0.29% | 89,600/30,550,828 | 4h13m | 4.745 | — | — | — | —
02:41:55 | 4.4.1 | 1/11 | 200/5425 |   0.34% | 102,400/30,550,828 | 4h12m | 4.571 | — | — | — | —
02:42:02 | 4.4.1 | 1/11 | 225/5425 |   0.38% | 115,200/30,550,828 | 4h11m | 5.109 | — | — | — | —
02:42:07 | 4.4.1 | 1/11 | 250/5425 |   0.42% | 128,000/30,550,828 | 4h09m | 4.767 | — | — | — | —
02:42:13 | 4.4.1 | 1/11 | 275/5425 |   0.46% | 140,800/30,550,828 | 4h08m | 4.695 | — | — | — | —
02:42:19 | 4.4.1 | 1/11 | 300/5425 |   0.50% | 153,600/30,550,828 | 4h06m | 4.892 | — | — | — | —
02:42:25 | 4.4.1 | 1/11 | 325/5425 |   0.54% | 166,400/30,550,828 | 4h05m | 4.784 | — | — | — | —
02:42:31 | 4.4.1 | 1/11 | 350/5425 |   0.59% | 179,200/30,550,828 | 4h04m | 4.510 | — | — | — | —
02:42:37 | 4.4.1 | 1/11 | 375/5425 |   0.63% | 192,000/30,550,828 | 4h04m | 5.031 | — | — | — | —
02:42:43 | 4.4.1 | 1/11 | 400/5425 |   0.67% | 204,800/30,550,828 | 4h04m | 4.733 | — | — | — | —
02:42:49 | 4.4.1 | 1/11 | 425/5425 |   0.71% | 217,600/30,550,828 | 4h03m | 4.724 | — | — | — | —
02:42:55 | 4.4.1 | 1/11 | 450/5425 |   0.75% | 230,400/30,550,828 | 4h03m | 4.455 | — | — | — | —
02:43:01 | 4.4.1 | 1/11 | 475/5425 |   0.80% | 243,200/30,550,828 | 4h02m | 4.905 | — | — | — | —
02:43:07 | 4.4.1 | 1/11 | 500/5425 |   0.84% | 256,000/30,550,828 | 4h02m | 4.725 | — | — | — | —
02:43:13 | 4.4.1 | 1/11 | 525/5425 |   0.88% | 268,800/30,550,828 | 4h02m | 4.830 | — | — | — | —
02:43:19 | 4.4.1 | 1/11 | 550/5425 |   0.92% | 281,600/30,550,828 | 4h01m | 4.429 | — | — | — | —
02:43:25 | 4.4.1 | 1/11 | 575/5425 |   0.96% | 294,400/30,550,828 | 4h01m | 4.804 | — | — | — | —
02:43:31 | 4.4.1 | 1/11 | 600/5425 |   1.01% | 307,200/30,550,828 | 4h01m | 5.074 | — | — | — | —
02:43:37 | 4.4.1 | 1/11 | 625/5425 |   1.05% | 320,000/30,550,828 | 4h00m | 5.061 | — | — | — | —
02:43:43 | 4.4.1 | 1/11 | 650/5425 |   1.09% | 332,800/30,550,828 | 4h00m | 4.464 | — | — | — | —
02:43:50 | 4.4.1 | 1/11 | 675/5425 |   1.13% | 345,600/30,550,828 | 4h01m | 4.643 | — | — | — | —
02:43:56 | 4.4.1 | 1/11 | 700/5425 |   1.17% | 358,400/30,550,828 | 4h01m | 4.783 | — | — | — | —
02:44:03 | 4.4.1 | 1/11 | 725/5425 |   1.21% | 371,200/30,550,828 | 4h01m | 5.152 | — | — | — | —
02:44:08 | 4.4.1 | 1/11 | 750/5425 |   1.26% | 384,000/30,550,828 | 4h00m | 4.987 | — | — | — | —
02:44:14 | 4.4.1 | 1/11 | 775/5425 |   1.30% | 396,800/30,550,828 | 4h00m | 4.714 | — | — | — | —
02:44:20 | 4.4.1 | 1/11 | 800/5425 |   1.34% | 409,600/30,550,828 | 4h00m | 4.675 | — | — | — | —
02:44:27 | 4.4.1 | 1/11 | 825/5425 |   1.38% | 422,400/30,550,828 | 4h00m | 4.388 | — | — | — | —
02:44:33 | 4.4.1 | 1/11 | 850/5425 |   1.42% | 435,200/30,550,828 | 4h00m | 5.027 | — | — | — | —
02:44:40 | 4.4.1 | 1/11 | 875/5425 |   1.47% | 448,000/30,550,828 | 4h01m | 5.069 | — | — | — | —
02:44:46 | 4.4.1 | 1/11 | 900/5425 |   1.51% | 460,800/30,550,828 | 4h00m | 4.654 | — | — | — | —
02:44:52 | 4.4.1 | 1/11 | 925/5425 |   1.55% | 473,600/30,550,828 | 4h00m | 4.605 | — | — | — | —
02:44:58 | 4.4.1 | 1/11 | 950/5425 |   1.59% | 486,400/30,550,828 | 4h00m | 4.737 | — | — | — | —
02:45:04 | 4.4.1 | 1/11 | 975/5425 |   1.63% | 499,200/30,550,828 | 3h59m | 4.577 | — | — | — | —
02:45:10 | 4.4.1 | 1/11 | 1000/5425 |   1.68% | 512,000/30,550,828 | 3h59m | 5.096 | — | — | — | —
02:45:16 | 4.4.1 | 1/11 | 1025/5425 |   1.72% | 524,800/30,550,828 | 3h59m | 4.556 | — | — | — | —
02:45:22 | 4.4.1 | 1/11 | 1050/5425 |   1.76% | 537,600/30,550,828 | 3h59m | 5.177 | — | — | — | —
02:45:28 | 4.4.1 | 1/11 | 1075/5425 |   1.80% | 550,400/30,550,828 | 3h59m | 4.419 | — | — | — | —
02:45:34 | 4.4.1 | 1/11 | 1100/5425 |   1.84% | 563,200/30,550,828 | 3h59m | 4.339 | — | — | — | —
02:45:41 | 4.4.1 | 1/11 | 1125/5425 |   1.89% | 576,000/30,550,828 | 3h59m | 4.712 | — | — | — | —
02:45:47 | 4.4.1 | 1/11 | 1150/5425 |   1.93% | 588,800/30,550,828 | 3h59m | 4.833 | — | — | — | —
02:45:53 | 4.4.1 | 1/11 | 1175/5425 |   1.97% | 601,600/30,550,828 | 3h59m | 4.609 | — | — | — | —
02:46:00 | 4.4.1 | 1/11 | 1200/5425 |   2.01% | 614,400/30,550,828 | 3h59m | 4.525 | — | — | — | —
02:46:06 | 4.4.1 | 1/11 | 1225/5425 |   2.05% | 627,200/30,550,828 | 3h59m | 5.076 | — | — | — | —
02:46:12 | 4.4.1 | 1/11 | 1250/5425 |   2.09% | 640,000/30,550,828 | 3h59m | 4.741 | — | — | — | —
02:46:19 | 4.4.1 | 1/11 | 1275/5425 |   2.14% | 652,800/30,550,828 | 3h59m | 4.673 | — | — | — | —
02:46:25 | 4.4.1 | 1/11 | 1300/5425 |   2.18% | 665,600/30,550,828 | 3h59m | 4.879 | — | — | — | —
02:46:31 | 4.4.1 | 1/11 | 1325/5425 |   2.22% | 678,400/30,550,828 | 3h59m | 4.289 | — | — | — | —
02:46:37 | 4.4.1 | 1/11 | 1350/5425 |   2.26% | 691,200/30,550,828 | 3h59m | 5.111 | — | — | — | —
02:46:43 | 4.4.1 | 1/11 | 1375/5425 |   2.30% | 704,000/30,550,828 | 3h59m | 4.507 | — | — | — | —
02:46:50 | 4.4.1 | 1/11 | 1400/5425 |   2.35% | 716,800/30,550,828 | 3h59m | 4.865 | — | — | — | —
02:46:56 | 4.4.1 | 1/11 | 1425/5425 |   2.39% | 729,600/30,550,828 | 3h59m | 4.585 | — | — | — | —
02:47:02 | 4.4.1 | 1/11 | 1450/5425 |   2.43% | 742,400/30,550,828 | 3h59m | 4.689 | — | — | — | —
02:47:08 | 4.4.1 | 1/11 | 1475/5425 |   2.47% | 755,200/30,550,828 | 3h59m | 5.130 | — | — | — | —
02:47:15 | 4.4.1 | 1/11 | 1500/5425 |   2.51% | 768,000/30,550,828 | 3h59m | 4.505 | — | — | — | —
02:47:21 | 4.4.1 | 1/11 | 1525/5425 |   2.56% | 780,800/30,550,828 | 3h59m | 5.026 | — | — | — | —
02:47:27 | 4.4.1 | 1/11 | 1550/5425 |   2.60% | 793,600/30,550,828 | 3h59m | 4.879 | — | — | — | —
02:47:34 | 4.4.1 | 1/11 | 1575/5425 |   2.64% | 806,400/30,550,828 | 3h59m | 4.759 | — | — | — | —
02:47:41 | 4.4.1 | 1/11 | 1600/5425 |   2.68% | 819,200/30,550,828 | 3h59m | 4.905 | — | — | — | —
02:47:47 | 4.4.1 | 1/11 | 1625/5425 |   2.72% | 832,000/30,550,828 | 3h59m | 4.943 | — | — | — | —
02:47:53 | 4.4.1 | 1/11 | 1650/5425 |   2.76% | 844,800/30,550,828 | 3h59m | 4.929 | — | — | — | —
02:48:00 | 4.4.1 | 1/11 | 1675/5425 |   2.81% | 857,600/30,550,828 | 3h59m | 4.672 | — | — | — | —
02:48:06 | 4.4.1 | 1/11 | 1700/5425 |   2.85% | 870,400/30,550,828 | 3h59m | 4.305 | — | — | — | —
02:48:13 | 4.4.1 | 1/11 | 1725/5425 |   2.89% | 883,200/30,550,828 | 3h59m | 4.868 | — | — | — | —
02:48:19 | 4.4.1 | 1/11 | 1750/5425 |   2.93% | 896,000/30,550,828 | 3h59m | 5.032 | — | — | — | —
02:48:25 | 4.4.1 | 1/11 | 1775/5425 |   2.97% | 908,800/30,550,828 | 3h59m | 4.883 | — | — | — | —
02:48:32 | 4.4.1 | 1/11 | 1800/5425 |   3.02% | 921,600/30,550,828 | 3h59m | 5.364 | — | — | — | —
02:48:38 | 4.4.1 | 1/11 | 1825/5425 |   3.06% | 934,400/30,550,828 | 3h59m | 4.798 | — | — | — | —
02:48:44 | 4.4.1 | 1/11 | 1850/5425 |   3.10% | 947,200/30,550,828 | 3h59m | 4.516 | — | — | — | —
02:48:51 | 4.4.1 | 1/11 | 1875/5425 |   3.14% | 960,000/30,550,828 | 3h59m | 4.701 | — | — | — | —
02:48:57 | 4.4.1 | 1/11 | 1900/5425 |   3.18% | 972,800/30,550,828 | 3h59m | 5.126 | — | — | — | —
02:49:03 | 4.4.1 | 1/11 | 1925/5425 |   3.23% | 985,600/30,550,828 | 3h59m | 4.686 | — | — | — | —
02:49:10 | 4.4.1 | 1/11 | 1950/5425 |   3.27% | 998,400/30,550,828 | 3h59m | 4.878 | — | — | — | —
02:49:17 | 4.4.1 | 1/11 | 1975/5425 |   3.31% | 1,011,200/30,550,828 | 3h59m | 4.942 | — | — | — | —
02:49:23 | 4.4.1 | 1/11 | 2000/5425 |   3.35% | 1,024,000/30,550,828 | 3h59m | 4.780 | — | — | — | —
02:49:30 | 4.4.1 | 1/11 | 2025/5425 |   3.39% | 1,036,800/30,550,828 | 3h59m | 5.157 | — | — | — | —
02:49:36 | 4.4.1 | 1/11 | 2050/5425 |   3.44% | 1,049,600/30,550,828 | 3h59m | 4.819 | — | — | — | —
02:49:43 | 4.4.1 | 1/11 | 2075/5425 |   3.48% | 1,062,400/30,550,828 | 3h59m | 4.540 | — | — | — | —
02:49:49 | 4.4.1 | 1/11 | 2100/5425 |   3.52% | 1,075,200/30,550,828 | 3h59m | 4.713 | — | — | — | —
02:49:55 | 4.4.1 | 1/11 | 2125/5425 |   3.56% | 1,088,000/30,550,828 | 3h59m | 4.832 | — | — | — | —
02:50:02 | 4.4.1 | 1/11 | 2150/5425 |   3.60% | 1,100,800/30,550,828 | 3h59m | 4.502 | — | — | — | —
02:50:08 | 4.4.1 | 1/11 | 2175/5425 |   3.64% | 1,113,600/30,550,828 | 3h59m | 4.669 | — | — | — | —
02:50:14 | 4.4.1 | 1/11 | 2200/5425 |   3.69% | 1,126,400/30,550,828 | 3h59m | 4.879 | — | — | — | —
02:50:20 | 4.4.1 | 1/11 | 2225/5425 |   3.73% | 1,139,200/30,550,828 | 3h59m | 4.644 | — | — | — | —
02:50:26 | 4.4.1 | 1/11 | 2250/5425 |   3.77% | 1,152,000/30,550,828 | 3h58m | 4.773 | — | — | — | —
02:50:32 | 4.4.1 | 1/11 | 2275/5425 |   3.81% | 1,164,800/30,550,828 | 3h58m | 5.006 | — | — | — | —
02:50:38 | 4.4.1 | 1/11 | 2300/5425 |   3.85% | 1,177,600/30,550,828 | 3h58m | 4.550 | — | — | — | —
02:50:44 | 4.4.1 | 1/11 | 2325/5425 |   3.90% | 1,190,400/30,550,828 | 3h58m | 4.694 | — | — | — | —
02:50:50 | 4.4.1 | 1/11 | 2350/5425 |   3.94% | 1,203,200/30,550,828 | 3h58m | 5.041 | — | — | — | —
02:50:57 | 4.4.1 | 1/11 | 2375/5425 |   3.98% | 1,216,000/30,550,828 | 3h58m | 4.477 | — | — | — | —
02:51:03 | 4.4.1 | 1/11 | 2400/5425 |   4.02% | 1,228,800/30,550,828 | 3h57m | 4.901 | — | — | — | —
02:51:09 | 4.4.1 | 1/11 | 2425/5425 |   4.06% | 1,241,600/30,550,828 | 3h57m | 4.838 | — | — | — | —
02:51:15 | 4.4.1 | 1/11 | 2450/5425 |   4.11% | 1,254,400/30,550,828 | 3h57m | 5.036 | — | — | — | —
02:51:21 | 4.4.1 | 1/11 | 2475/5425 |   4.15% | 1,267,200/30,550,828 | 3h57m | 4.644 | — | — | — | —
02:51:27 | 4.4.1 | 1/11 | 2500/5425 |   4.19% | 1,280,000/30,550,828 | 3h57m | 4.703 | — | — | — | —
02:51:33 | 4.4.1 | 1/11 | 2525/5425 |   4.23% | 1,292,800/30,550,828 | 3h57m | 4.940 | — | — | — | —
02:51:39 | 4.4.1 | 1/11 | 2550/5425 |   4.27% | 1,305,600/30,550,828 | 3h57m | 4.793 | — | — | — | —
02:51:45 | 4.4.1 | 1/11 | 2575/5425 |   4.32% | 1,318,400/30,550,828 | 3h56m | 4.587 | — | — | — | —
02:51:51 | 4.4.1 | 1/11 | 2600/5425 |   4.36% | 1,331,200/30,550,828 | 3h56m | 4.611 | — | — | — | —
02:51:57 | 4.4.1 | 1/11 | 2625/5425 |   4.40% | 1,344,000/30,550,828 | 3h56m | 4.786 | — | — | — | —
02:52:04 | 4.4.1 | 1/11 | 2650/5425 |   4.44% | 1,356,800/30,550,828 | 3h56m | 4.748 | — | — | — | —
02:52:11 | 4.4.1 | 1/11 | 2675/5425 |   4.48% | 1,369,600/30,550,828 | 3h56m | 4.906 | — | — | — | —
02:52:17 | 4.4.1 | 1/11 | 2700/5425 |   4.52% | 1,382,400/30,550,828 | 3h56m | 5.198 | — | — | — | —
02:52:23 | 4.4.1 | 1/11 | 2725/5425 |   4.57% | 1,395,200/30,550,828 | 3h56m | 4.882 | — | — | — | —
02:52:29 | 4.4.1 | 1/11 | 2750/5425 |   4.61% | 1,408,000/30,550,828 | 3h56m | 4.730 | — | — | — | —
02:52:35 | 4.4.1 | 1/11 | 2775/5425 |   4.65% | 1,420,800/30,550,828 | 3h55m | 4.847 | — | — | — | —
02:52:42 | 4.4.1 | 1/11 | 2800/5425 |   4.69% | 1,433,600/30,550,828 | 3h56m | 4.730 | — | — | — | —
02:52:49 | 4.4.1 | 1/11 | 2825/5425 |   4.73% | 1,446,400/30,550,828 | 3h56m | 4.474 | — | — | — | —
02:52:55 | 4.4.1 | 1/11 | 2850/5425 |   4.78% | 1,459,200/30,550,828 | 3h55m | 5.055 | — | — | — | —
02:53:01 | 4.4.1 | 1/11 | 2875/5425 |   4.82% | 1,472,000/30,550,828 | 3h55m | 4.930 | — | — | — | —
02:53:07 | 4.4.1 | 1/11 | 2900/5425 |   4.86% | 1,484,800/30,550,828 | 3h55m | 4.548 | — | — | — | —
02:53:13 | 4.4.1 | 1/11 | 2925/5425 |   4.90% | 1,497,600/30,550,828 | 3h55m | 4.929 | — | — | — | —
02:53:19 | 4.4.1 | 1/11 | 2950/5425 |   4.94% | 1,510,400/30,550,828 | 3h55m | 5.443 | — | — | — | —
02:53:25 | 4.4.1 | 1/11 | 2975/5425 |   4.99% | 1,523,200/30,550,828 | 3h55m | 4.902 | — | — | — | —
02:53:32 | 4.4.1 | 1/11 | 3000/5425 |   5.03% | 1,536,000/30,550,828 | 3h55m | 4.559 | — | — | — | —
02:53:38 | 4.4.1 | 1/11 | 3025/5425 |   5.07% | 1,548,800/30,550,828 | 3h55m | 4.689 | — | — | — | —
02:53:44 | 4.4.1 | 1/11 | 3050/5425 |   5.11% | 1,561,600/30,550,828 | 3h54m | 4.812 | — | — | — | —
02:53:50 | 4.4.1 | 1/11 | 3075/5425 |   5.15% | 1,574,400/30,550,828 | 3h54m | 4.863 | — | — | — | —
02:53:56 | 4.4.1 | 1/11 | 3100/5425 |   5.19% | 1,587,200/30,550,828 | 3h54m | 4.610 | — | — | — | —
02:54:02 | 4.4.1 | 1/11 | 3125/5425 |   5.24% | 1,600,000/30,550,828 | 3h54m | 4.966 | — | — | — | —
02:54:08 | 4.4.1 | 1/11 | 3150/5425 |   5.28% | 1,612,800/30,550,828 | 3h54m | 4.985 | — | — | — | —
02:54:15 | 4.4.1 | 1/11 | 3175/5425 |   5.32% | 1,625,600/30,550,828 | 3h54m | 4.786 | — | — | — | —
02:54:21 | 4.4.1 | 1/11 | 3200/5425 |   5.36% | 1,638,400/30,550,828 | 3h54m | 4.715 | — | — | — | —
02:54:27 | 4.4.1 | 1/11 | 3225/5425 |   5.40% | 1,651,200/30,550,828 | 3h54m | 5.145 | — | — | — | —
02:54:33 | 4.4.1 | 1/11 | 3250/5425 |   5.45% | 1,664,000/30,550,828 | 3h53m | 5.045 | — | — | — | —
02:54:39 | 4.4.1 | 1/11 | 3275/5425 |   5.49% | 1,676,800/30,550,828 | 3h53m | 5.266 | — | — | — | —
02:54:45 | 4.4.1 | 1/11 | 3300/5425 |   5.53% | 1,689,600/30,550,828 | 3h53m | 4.720 | — | — | — | —
02:54:51 | 4.4.1 | 1/11 | 3325/5425 |   5.57% | 1,702,400/30,550,828 | 3h53m | 4.998 | — | — | — | —
02:54:58 | 4.4.1 | 1/11 | 3350/5425 |   5.61% | 1,715,200/30,550,828 | 3h53m | 4.444 | — | — | — | —
02:55:05 | 4.4.1 | 1/11 | 3375/5425 |   5.66% | 1,728,000/30,550,828 | 3h53m | 5.245 | — | — | — | —
02:55:11 | 4.4.1 | 1/11 | 3400/5425 |   5.70% | 1,740,800/30,550,828 | 3h53m | 4.434 | — | — | — | —
02:55:17 | 4.4.1 | 1/11 | 3425/5425 |   5.74% | 1,753,600/30,550,828 | 3h53m | 4.858 | — | — | — | —
02:55:23 | 4.4.1 | 1/11 | 3450/5425 |   5.78% | 1,766,400/30,550,828 | 3h53m | 4.754 | — | — | — | —
02:55:30 | 4.4.1 | 1/11 | 3475/5425 |   5.82% | 1,779,200/30,550,828 | 3h53m | 4.487 | — | — | — | —
02:55:36 | 4.4.1 | 1/11 | 3500/5425 |   5.87% | 1,792,000/30,550,828 | 3h53m | 4.953 | — | — | — | —
02:55:42 | 4.4.1 | 1/11 | 3525/5425 |   5.91% | 1,804,800/30,550,828 | 3h52m | 4.412 | — | — | — | —
02:55:48 | 4.4.1 | 1/11 | 3550/5425 |   5.95% | 1,817,600/30,550,828 | 3h52m | 5.259 | — | — | — | —
02:55:54 | 4.4.1 | 1/11 | 3575/5425 |   5.99% | 1,830,400/30,550,828 | 3h52m | 4.414 | — | — | — | —
02:56:00 | 4.4.1 | 1/11 | 3600/5425 |   6.03% | 1,843,200/30,550,828 | 3h52m | 4.914 | — | — | — | —
02:56:06 | 4.4.1 | 1/11 | 3625/5425 |   6.07% | 1,856,000/30,550,828 | 3h52m | 5.014 | — | — | — | —
02:56:12 | 4.4.1 | 1/11 | 3650/5425 |   6.12% | 1,868,800/30,550,828 | 3h52m | 4.426 | — | — | — | —
02:56:18 | 4.4.1 | 1/11 | 3675/5425 |   6.16% | 1,881,600/30,550,828 | 3h51m | 5.361 | — | — | — | —
02:56:24 | 4.4.1 | 1/11 | 3700/5425 |   6.20% | 1,894,400/30,550,828 | 3h51m | 4.954 | — | — | — | —
02:56:30 | 4.4.1 | 1/11 | 3725/5425 |   6.24% | 1,907,200/30,550,828 | 3h51m | 5.062 | — | — | — | —
02:56:36 | 4.4.1 | 1/11 | 3750/5425 |   6.28% | 1,920,000/30,550,828 | 3h51m | 5.042 | — | — | — | —
02:56:43 | 4.4.1 | 1/11 | 3775/5425 |   6.33% | 1,932,800/30,550,828 | 3h51m | 4.767 | — | — | — | —
02:56:49 | 4.4.1 | 1/11 | 3800/5425 |   6.37% | 1,945,600/30,550,828 | 3h51m | 4.767 | — | — | — | —
02:56:56 | 4.4.1 | 1/11 | 3825/5425 |   6.41% | 1,958,400/30,550,828 | 3h51m | 4.957 | — | — | — | —
02:57:03 | 4.4.1 | 1/11 | 3850/5425 |   6.45% | 1,971,200/30,550,828 | 3h51m | 4.784 | — | — | — | —
02:57:09 | 4.4.1 | 1/11 | 3875/5425 |   6.49% | 1,984,000/30,550,828 | 3h51m | 4.808 | — | — | — | —
02:57:15 | 4.4.1 | 1/11 | 3900/5425 |   6.54% | 1,996,800/30,550,828 | 3h51m | 4.868 | — | — | — | —
02:57:21 | 4.4.1 | 1/11 | 3925/5425 |   6.58% | 2,009,600/30,550,828 | 3h51m | 4.872 | — | — | — | —
02:57:28 | 4.4.1 | 1/11 | 3950/5425 |   6.62% | 2,022,400/30,550,828 | 3h51m | 4.594 | — | — | — | —
02:57:34 | 4.4.1 | 1/11 | 3975/5425 |   6.66% | 2,035,200/30,550,828 | 3h51m | 4.621 | — | — | — | —
02:57:41 | 4.4.1 | 1/11 | 4000/5425 |   6.70% | 2,048,000/30,550,828 | 3h51m | 4.614 | — | — | — | —
02:57:47 | 4.4.1 | 1/11 | 4025/5425 |   6.74% | 2,060,800/30,550,828 | 3h50m | 4.905 | — | — | — | —
02:57:53 | 4.4.1 | 1/11 | 4050/5425 |   6.79% | 2,073,600/30,550,828 | 3h50m | 4.761 | — | — | — | —
02:57:59 | 4.4.1 | 1/11 | 4075/5425 |   6.83% | 2,086,400/30,550,828 | 3h50m | 4.622 | — | — | — | —
02:58:05 | 4.4.1 | 1/11 | 4100/5425 |   6.87% | 2,099,200/30,550,828 | 3h50m | 4.620 | — | — | — | —
02:58:11 | 4.4.1 | 1/11 | 4125/5425 |   6.91% | 2,112,000/30,550,828 | 3h50m | 5.019 | — | — | — | —
02:58:17 | 4.4.1 | 1/11 | 4150/5425 |   6.95% | 2,124,800/30,550,828 | 3h50m | 4.639 | — | — | — | —
02:58:23 | 4.4.1 | 1/11 | 4175/5425 |   7.00% | 2,137,600/30,550,828 | 3h50m | 4.789 | — | — | — | —
02:58:29 | 4.4.1 | 1/11 | 4200/5425 |   7.04% | 2,150,400/30,550,828 | 3h49m | 4.616 | — | — | — | —
02:58:35 | 4.4.1 | 1/11 | 4225/5425 |   7.08% | 2,163,200/30,550,828 | 3h49m | 4.404 | — | — | — | —
02:58:41 | 4.4.1 | 1/11 | 4250/5425 |   7.12% | 2,176,000/30,550,828 | 3h49m | 4.643 | — | — | — | —
02:58:47 | 4.4.1 | 1/11 | 4275/5425 |   7.16% | 2,188,800/30,550,828 | 3h49m | 4.800 | — | — | — | —
02:58:53 | 4.4.1 | 1/11 | 4300/5425 |   7.21% | 2,201,600/30,550,828 | 3h49m | 4.623 | — | — | — | —
02:58:59 | 4.4.1 | 1/11 | 4325/5425 |   7.25% | 2,214,400/30,550,828 | 3h49m | 4.981 | — | — | — | —
02:59:05 | 4.4.1 | 1/11 | 4350/5425 |   7.29% | 2,227,200/30,550,828 | 3h49m | 4.522 | — | — | — | —
02:59:11 | 4.4.1 | 1/11 | 4375/5425 |   7.33% | 2,240,000/30,550,828 | 3h48m | 4.896 | — | — | — | —
02:59:18 | 4.4.1 | 1/11 | 4400/5425 |   7.37% | 2,252,800/30,550,828 | 3h48m | 4.500 | — | — | — | —
02:59:24 | 4.4.1 | 1/11 | 4425/5425 |   7.42% | 2,265,600/30,550,828 | 3h48m | 4.726 | — | — | — | —
02:59:30 | 4.4.1 | 1/11 | 4450/5425 |   7.46% | 2,278,400/30,550,828 | 3h48m | 4.683 | — | — | — | —
02:59:36 | 4.4.1 | 1/11 | 4475/5425 |   7.50% | 2,291,200/30,550,828 | 3h48m | 4.673 | — | — | — | —
02:59:43 | 4.4.1 | 1/11 | 4500/5425 |   7.54% | 2,304,000/30,550,828 | 3h48m | 5.125 | — | — | — | —
02:59:49 | 4.4.1 | 1/11 | 4525/5425 |   7.58% | 2,316,800/30,550,828 | 3h48m | 4.832 | — | — | — | —
02:59:55 | 4.4.1 | 1/11 | 4550/5425 |   7.62% | 2,329,600/30,550,828 | 3h48m | 4.352 | — | — | — | —
03:00:01 | 4.4.1 | 1/11 | 4575/5425 |   7.67% | 2,342,400/30,550,828 | 3h48m | 4.787 | — | — | — | —
03:00:07 | 4.4.1 | 1/11 | 4600/5425 |   7.71% | 2,355,200/30,550,828 | 3h48m | 4.504 | — | — | — | —
03:00:13 | 4.4.1 | 1/11 | 4625/5425 |   7.75% | 2,368,000/30,550,828 | 3h47m | 4.436 | — | — | — | —
03:00:20 | 4.4.1 | 1/11 | 4650/5425 |   7.79% | 2,380,800/30,550,828 | 3h47m | 5.080 | — | — | — | —
03:00:26 | 4.4.1 | 1/11 | 4675/5425 |   7.83% | 2,393,600/30,550,828 | 3h47m | 4.877 | — | — | — | —
03:00:33 | 4.4.1 | 1/11 | 4700/5425 |   7.88% | 2,406,400/30,550,828 | 3h47m | 4.498 | — | — | — | —
03:00:41 | 4.4.1 | 1/11 | 4725/5425 |   7.92% | 2,419,200/30,550,828 | 3h48m | 4.618 | — | — | — | —
03:00:47 | 4.4.1 | 1/11 | 4750/5425 |   7.96% | 2,432,000/30,550,828 | 3h47m | 4.489 | — | — | — | —
03:00:55 | 4.4.1 | 1/11 | 4775/5425 |   8.00% | 2,444,800/30,550,828 | 3h48m | 4.979 | — | — | — | —
03:01:01 | 4.4.1 | 1/11 | 4800/5425 |   8.04% | 2,457,600/30,550,828 | 3h48m | 4.819 | — | — | — | —
03:01:08 | 4.4.1 | 1/11 | 4825/5425 |   8.09% | 2,470,400/30,550,828 | 3h48m | 4.965 | — | — | — | —
03:01:15 | 4.4.1 | 1/11 | 4850/5425 |   8.13% | 2,483,200/30,550,828 | 3h48m | 4.836 | — | — | — | —
03:01:22 | 4.4.1 | 1/11 | 4875/5425 |   8.17% | 2,496,000/30,550,828 | 3h48m | 4.722 | — | — | — | —
03:01:28 | 4.4.1 | 1/11 | 4900/5425 |   8.21% | 2,508,800/30,550,828 | 3h48m | 4.712 | — | — | — | —
03:01:35 | 4.4.1 | 1/11 | 4925/5425 |   8.25% | 2,521,600/30,550,828 | 3h47m | 4.478 | — | — | — | —
03:01:41 | 4.4.1 | 1/11 | 4950/5425 |   8.29% | 2,534,400/30,550,828 | 3h47m | 4.949 | — | — | — | —
03:01:48 | 4.4.1 | 1/11 | 4975/5425 |   8.34% | 2,547,200/30,550,828 | 3h47m | 5.128 | — | — | — | —
03:01:55 | 4.4.1 | 1/11 | 5000/5425 |   8.38% | 2,560,000/30,550,828 | 3h47m | 4.897 | — | — | — | —
03:02:01 | 4.4.1 | 1/11 | 5025/5425 |   8.42% | 2,572,800/30,550,828 | 3h47m | 4.849 | — | — | — | —
03:02:09 | 4.4.1 | 1/11 | 5050/5425 |   8.46% | 2,585,600/30,550,828 | 3h47m | 5.164 | — | — | — | —
03:02:15 | 4.4.1 | 1/11 | 5075/5425 |   8.50% | 2,598,400/30,550,828 | 3h47m | 4.389 | — | — | — | —
03:02:22 | 4.4.1 | 1/11 | 5100/5425 |   8.55% | 2,611,200/30,550,828 | 3h47m | 4.985 | — | — | — | —
03:02:28 | 4.4.1 | 1/11 | 5125/5425 |   8.59% | 2,624,000/30,550,828 | 3h47m | 4.656 | — | — | — | —
03:02:34 | 4.4.1 | 1/11 | 5150/5425 |   8.63% | 2,636,800/30,550,828 | 3h47m | 4.673 | — | — | — | —
03:02:41 | 4.4.1 | 1/11 | 5175/5425 |   8.67% | 2,649,600/30,550,828 | 3h47m | 4.923 | — | — | — | —
03:02:47 | 4.4.1 | 1/11 | 5200/5425 |   8.71% | 2,662,400/30,550,828 | 3h47m | 4.987 | — | — | — | —
03:02:53 | 4.4.1 | 1/11 | 5225/5425 |   8.76% | 2,675,200/30,550,828 | 3h47m | 4.605 | — | — | — | —
03:02:59 | 4.4.1 | 1/11 | 5250/5425 |   8.80% | 2,688,000/30,550,828 | 3h47m | 4.802 | — | — | — | —
03:03:06 | 4.4.1 | 1/11 | 5275/5425 |   8.84% | 2,700,800/30,550,828 | 3h47m | 4.695 | — | — | — | —
03:03:12 | 4.4.1 | 1/11 | 5300/5425 |   8.88% | 2,713,600/30,550,828 | 3h47m | 4.892 | — | — | — | —
03:03:24 | 4.4.1 | 1/11 | 5325/5425 |   8.92% | 2,726,400/30,550,828 | 3h47m | 4.666 | — | — | — | —
03:03:33 | 4.4.1 | 1/11 | 5350/5425 |   8.97% | 2,739,200/30,550,828 | 3h48m | 4.739 | — | — | — | —
03:03:39 | 4.4.1 | 1/11 | 5375/5425 |   9.01% | 2,752,000/30,550,828 | 3h48m | 4.862 | — | — | — | —
03:03:45 | 4.4.1 | 1/11 | 5400/5425 |   9.05% | 2,764,800/30,550,828 | 3h47m | 4.604 | — | — | — | —
03:03:51 | 4.4.1 | 1/11 | 5425/5425 |   9.09% | 2,777,600/30,550,828 | 3h47m | 4.529 | — | — | — | —
03:04:14 | validation | 1/11 | epoch-end |   9.09% | 2,777,348/30,550,828 | 3h51m | 4.797 |  55.45% |  44.54% |   8.05% | 1.511
03:04:14 | 4.4.1 | 2/11 | 1/5425 |   9.09% | 2,778,112/30,550,828 | 3h51m | 4.914 | — | — | — | —
03:04:20 | 4.4.1 | 2/11 | 25/5425 |   9.13% | 2,790,400/30,550,828 | 3h51m | 4.850 | — | — | — | —
03:04:26 | 4.4.1 | 2/11 | 50/5425 |   9.17% | 2,803,200/30,550,828 | 3h51m | 4.775 | — | — | — | —
03:04:32 | 4.4.1 | 2/11 | 75/5425 |   9.22% | 2,816,000/30,550,828 | 3h51m | 5.453 | — | — | — | —
03:04:38 | 4.4.1 | 2/11 | 100/5425 |   9.26% | 2,828,800/30,550,828 | 3h50m | 4.784 | — | — | — | —
03:04:44 | 4.4.1 | 2/11 | 125/5425 |   9.30% | 2,841,600/30,550,828 | 3h50m | 5.046 | — | — | — | —
03:04:50 | 4.4.1 | 2/11 | 150/5425 |   9.34% | 2,854,400/30,550,828 | 3h50m | 4.959 | — | — | — | —
03:04:56 | 4.4.1 | 2/11 | 175/5425 |   9.38% | 2,867,200/30,550,828 | 3h50m | 4.786 | — | — | — | —
03:05:03 | 4.4.1 | 2/11 | 200/5425 |   9.43% | 2,880,000/30,550,828 | 3h50m | 4.764 | — | — | — | —
03:05:09 | 4.4.1 | 2/11 | 225/5425 |   9.47% | 2,892,800/30,550,828 | 3h50m | 5.311 | — | — | — | —
03:05:15 | 4.4.1 | 2/11 | 250/5425 |   9.51% | 2,905,600/30,550,828 | 3h49m | 4.546 | — | — | — | —
03:05:21 | 4.4.1 | 2/11 | 275/5425 |   9.55% | 2,918,400/30,550,828 | 3h49m | 4.812 | — | — | — | —
03:05:31 | 4.4.1 | 2/11 | 300/5425 |   9.59% | 2,931,200/30,550,828 | 3h50m | 4.826 | — | — | — | —
03:05:38 | 4.4.1 | 2/11 | 325/5425 |   9.64% | 2,944,000/30,550,828 | 3h50m | 4.715 | — | — | — | —
03:05:44 | 4.4.1 | 2/11 | 350/5425 |   9.68% | 2,956,800/30,550,828 | 3h50m | 4.586 | — | — | — | —
03:05:51 | 4.4.1 | 2/11 | 375/5425 |   9.72% | 2,969,600/30,550,828 | 3h50m | 4.596 | — | — | — | —
03:05:57 | 4.4.1 | 2/11 | 400/5425 |   9.76% | 2,982,400/30,550,828 | 3h49m | 4.880 | — | — | — | —
03:06:03 | 4.4.1 | 2/11 | 425/5425 |   9.80% | 2,995,200/30,550,828 | 3h49m | 4.608 | — | — | — | —
03:06:09 | 4.4.1 | 2/11 | 450/5425 |   9.84% | 3,008,000/30,550,828 | 3h49m | 4.992 | — | — | — | —
03:06:16 | 4.4.1 | 2/11 | 475/5425 |   9.89% | 3,020,800/30,550,828 | 3h49m | 4.463 | — | — | — | —
03:06:22 | 4.4.1 | 2/11 | 500/5425 |   9.93% | 3,033,600/30,550,828 | 3h49m | 4.422 | — | — | — | —
03:06:28 | 4.4.1 | 2/11 | 525/5425 |   9.97% | 3,046,400/30,550,828 | 3h49m | 4.849 | — | — | — | —
03:06:35 | 4.4.1 | 2/11 | 550/5425 |  10.01% | 3,059,200/30,550,828 | 3h49m | 4.500 | — | — | — | —
03:06:41 | 4.4.1 | 2/11 | 575/5425 |  10.05% | 3,072,000/30,550,828 | 3h49m | 4.682 | — | — | — | —
03:06:48 | 4.4.1 | 2/11 | 600/5425 |  10.10% | 3,084,800/30,550,828 | 3h49m | 4.542 | — | — | — | —
03:06:54 | 4.4.1 | 2/11 | 625/5425 |  10.14% | 3,097,600/30,550,828 | 3h48m | 4.991 | — | — | — | —
03:07:00 | 4.4.1 | 2/11 | 650/5425 |  10.18% | 3,110,400/30,550,828 | 3h48m | 4.572 | — | — | — | —
03:07:07 | 4.4.1 | 2/11 | 675/5425 |  10.22% | 3,123,200/30,550,828 | 3h48m | 4.609 | — | — | — | —
03:07:13 | 4.4.1 | 2/11 | 700/5425 |  10.26% | 3,136,000/30,550,828 | 3h48m | 4.411 | — | — | — | —
03:07:19 | 4.4.1 | 2/11 | 725/5425 |  10.31% | 3,148,800/30,550,828 | 3h48m | 4.996 | — | — | — | —
03:07:25 | 4.4.1 | 2/11 | 750/5425 |  10.35% | 3,161,600/30,550,828 | 3h48m | 4.732 | — | — | — | —
03:07:33 | 4.4.1 | 2/11 | 775/5425 |  10.39% | 3,174,400/30,550,828 | 3h48m | 4.671 | — | — | — | —
03:07:39 | 4.4.1 | 2/11 | 800/5425 |  10.43% | 3,187,200/30,550,828 | 3h48m | 4.757 | — | — | — | —
03:07:46 | 4.4.1 | 2/11 | 825/5425 |  10.47% | 3,200,000/30,550,828 | 3h48m | 4.972 | — | — | — | —
03:07:52 | 4.4.1 | 2/11 | 850/5425 |  10.52% | 3,212,800/30,550,828 | 3h48m | 4.551 | — | — | — | —
03:07:58 | 4.4.1 | 2/11 | 875/5425 |  10.56% | 3,225,600/30,550,828 | 3h47m | 4.858 | — | — | — | —
03:08:04 | 4.4.1 | 2/11 | 900/5425 |  10.60% | 3,238,400/30,550,828 | 3h47m | 5.412 | — | — | — | —
03:08:10 | 4.4.1 | 2/11 | 925/5425 |  10.64% | 3,251,200/30,550,828 | 3h47m | 4.767 | — | — | — | —
03:08:17 | 4.4.1 | 2/11 | 950/5425 |  10.68% | 3,264,000/30,550,828 | 3h47m | 4.752 | — | — | — | —
03:08:23 | 4.4.1 | 2/11 | 975/5425 |  10.72% | 3,276,800/30,550,828 | 3h47m | 4.728 | — | — | — | —
03:08:29 | 4.4.1 | 2/11 | 1000/5425 |  10.77% | 3,289,600/30,550,828 | 3h47m | 4.571 | — | — | — | —
03:08:35 | 4.4.1 | 2/11 | 1025/5425 |  10.81% | 3,302,400/30,550,828 | 3h46m | 4.763 | — | — | — | —
03:08:41 | 4.4.1 | 2/11 | 1050/5425 |  10.85% | 3,315,200/30,550,828 | 3h46m | 4.804 | — | — | — | —
03:08:47 | 4.4.1 | 2/11 | 1075/5425 |  10.89% | 3,328,000/30,550,828 | 3h46m | 4.888 | — | — | — | —
03:08:54 | 4.4.1 | 2/11 | 1100/5425 |  10.93% | 3,340,800/30,550,828 | 3h46m | 5.219 | — | — | — | —
03:09:00 | 4.4.1 | 2/11 | 1125/5425 |  10.98% | 3,353,600/30,550,828 | 3h46m | 4.388 | — | — | — | —
03:09:06 | 4.4.1 | 2/11 | 1150/5425 |  11.02% | 3,366,400/30,550,828 | 3h46m | 4.958 | — | — | — | —
03:09:12 | 4.4.1 | 2/11 | 1175/5425 |  11.06% | 3,379,200/30,550,828 | 3h46m | 4.991 | — | — | — | —
03:09:18 | 4.4.1 | 2/11 | 1200/5425 |  11.10% | 3,392,000/30,550,828 | 3h46m | 4.737 | — | — | — | —
03:09:24 | 4.4.1 | 2/11 | 1225/5425 |  11.14% | 3,404,800/30,550,828 | 3h45m | 4.679 | — | — | — | —
03:09:31 | 4.4.1 | 2/11 | 1250/5425 |  11.19% | 3,417,600/30,550,828 | 3h45m | 4.749 | — | — | — | —
03:09:37 | 4.4.1 | 2/11 | 1275/5425 |  11.23% | 3,430,400/30,550,828 | 3h45m | 4.808 | — | — | — | —
03:09:43 | 4.4.1 | 2/11 | 1300/5425 |  11.27% | 3,443,200/30,550,828 | 3h45m | 4.823 | — | — | — | —
03:09:50 | 4.4.1 | 2/11 | 1325/5425 |  11.31% | 3,456,000/30,550,828 | 3h45m | 4.806 | — | — | — | —
03:09:56 | 4.4.1 | 2/11 | 1350/5425 |  11.35% | 3,468,800/30,550,828 | 3h45m | 4.779 | — | — | — | —
03:10:03 | 4.4.1 | 2/11 | 1375/5425 |  11.40% | 3,481,600/30,550,828 | 3h45m | 4.828 | — | — | — | —
03:10:09 | 4.4.1 | 2/11 | 1400/5425 |  11.44% | 3,494,400/30,550,828 | 3h45m | 4.905 | — | — | — | —
03:10:15 | 4.4.1 | 2/11 | 1425/5425 |  11.48% | 3,507,200/30,550,828 | 3h44m | 4.788 | — | — | — | —
03:10:21 | 4.4.1 | 2/11 | 1450/5425 |  11.52% | 3,520,000/30,550,828 | 3h44m | 4.827 | — | — | — | —
03:10:27 | 4.4.1 | 2/11 | 1475/5425 |  11.56% | 3,532,800/30,550,828 | 3h44m | 4.903 | — | — | — | —
03:10:33 | 4.4.1 | 2/11 | 1500/5425 |  11.60% | 3,545,600/30,550,828 | 3h44m | 4.427 | — | — | — | —
03:10:39 | 4.4.1 | 2/11 | 1525/5425 |  11.65% | 3,558,400/30,550,828 | 3h44m | 4.720 | — | — | — | —
03:10:45 | 4.4.1 | 2/11 | 1550/5425 |  11.69% | 3,571,200/30,550,828 | 3h44m | 4.725 | — | — | — | —
03:10:52 | 4.4.1 | 2/11 | 1575/5425 |  11.73% | 3,584,000/30,550,828 | 3h44m | 4.593 | — | — | — | —
03:10:58 | 4.4.1 | 2/11 | 1600/5425 |  11.77% | 3,596,800/30,550,828 | 3h44m | 5.179 | — | — | — | —
03:11:05 | 4.4.1 | 2/11 | 1625/5425 |  11.81% | 3,609,600/30,550,828 | 3h43m | 4.547 | — | — | — | —
03:11:11 | 4.4.1 | 2/11 | 1650/5425 |  11.86% | 3,622,400/30,550,828 | 3h43m | 4.689 | — | — | — | —
03:11:17 | 4.4.1 | 2/11 | 1675/5425 |  11.90% | 3,635,200/30,550,828 | 3h43m | 4.775 | — | — | — | —
03:11:23 | 4.4.1 | 2/11 | 1700/5425 |  11.94% | 3,648,000/30,550,828 | 3h43m | 4.579 | — | — | — | —
03:11:29 | 4.4.1 | 2/11 | 1725/5425 |  11.98% | 3,660,800/30,550,828 | 3h43m | 4.854 | — | — | — | —
03:11:36 | 4.4.1 | 2/11 | 1750/5425 |  12.02% | 3,673,600/30,550,828 | 3h43m | 4.544 | — | — | — | —
03:11:42 | 4.4.1 | 2/11 | 1775/5425 |  12.07% | 3,686,400/30,550,828 | 3h43m | 4.672 | — | — | — | —
03:11:48 | 4.4.1 | 2/11 | 1800/5425 |  12.11% | 3,699,200/30,550,828 | 3h43m | 4.475 | — | — | — | —
03:11:54 | 4.4.1 | 2/11 | 1825/5425 |  12.15% | 3,712,000/30,550,828 | 3h42m | 4.530 | — | — | — | —
03:12:00 | 4.4.1 | 2/11 | 1850/5425 |  12.19% | 3,724,800/30,550,828 | 3h42m | 4.559 | — | — | — | —
03:12:07 | 4.4.1 | 2/11 | 1875/5425 |  12.23% | 3,737,600/30,550,828 | 3h42m | 4.888 | — | — | — | —
03:12:13 | 4.4.1 | 2/11 | 1900/5425 |  12.27% | 3,750,400/30,550,828 | 3h42m | 4.469 | — | — | — | —
03:12:19 | 4.4.1 | 2/11 | 1925/5425 |  12.32% | 3,763,200/30,550,828 | 3h42m | 4.772 | — | — | — | —
03:12:25 | 4.4.1 | 2/11 | 1950/5425 |  12.36% | 3,776,000/30,550,828 | 3h42m | 4.984 | — | — | — | —
03:12:31 | 4.4.1 | 2/11 | 1975/5425 |  12.40% | 3,788,800/30,550,828 | 3h42m | 4.956 | — | — | — | —
03:12:37 | 4.4.1 | 2/11 | 2000/5425 |  12.44% | 3,801,600/30,550,828 | 3h41m | 4.990 | — | — | — | —
03:12:43 | 4.4.1 | 2/11 | 2025/5425 |  12.48% | 3,814,400/30,550,828 | 3h41m | 4.815 | — | — | — | —
03:12:50 | 4.4.1 | 2/11 | 2050/5425 |  12.53% | 3,827,200/30,550,828 | 3h41m | 4.997 | — | — | — | —
03:12:56 | 4.4.1 | 2/11 | 2075/5425 |  12.57% | 3,840,000/30,550,828 | 3h41m | 4.976 | — | — | — | —
03:13:02 | 4.4.1 | 2/11 | 2100/5425 |  12.61% | 3,852,800/30,550,828 | 3h41m | 4.921 | — | — | — | —
03:13:08 | 4.4.1 | 2/11 | 2125/5425 |  12.65% | 3,865,600/30,550,828 | 3h41m | 4.617 | — | — | — | —
03:13:15 | 4.4.1 | 2/11 | 2150/5425 |  12.69% | 3,878,400/30,550,828 | 3h41m | 4.795 | — | — | — | —
03:13:21 | 4.4.1 | 2/11 | 2175/5425 |  12.74% | 3,891,200/30,550,828 | 3h41m | 4.794 | — | — | — | —
03:13:27 | 4.4.1 | 2/11 | 2200/5425 |  12.78% | 3,904,000/30,550,828 | 3h41m | 4.961 | — | — | — | —
03:13:33 | 4.4.1 | 2/11 | 2225/5425 |  12.82% | 3,916,800/30,550,828 | 3h40m | 4.805 | — | — | — | —
03:13:40 | 4.4.1 | 2/11 | 2250/5425 |  12.86% | 3,929,600/30,550,828 | 3h40m | 4.967 | — | — | — | —
03:13:46 | 4.4.1 | 2/11 | 2275/5425 |  12.90% | 3,942,400/30,550,828 | 3h40m | 4.924 | — | — | — | —
03:13:52 | 4.4.1 | 2/11 | 2300/5425 |  12.95% | 3,955,200/30,550,828 | 3h40m | 5.040 | — | — | — | —
03:13:59 | 4.4.1 | 2/11 | 2325/5425 |  12.99% | 3,968,000/30,550,828 | 3h40m | 4.568 | — | — | — | —
03:14:05 | 4.4.1 | 2/11 | 2350/5425 |  13.03% | 3,980,800/30,550,828 | 3h40m | 4.948 | — | — | — | —
03:14:12 | 4.4.1 | 2/11 | 2375/5425 |  13.07% | 3,993,600/30,550,828 | 3h40m | 5.246 | — | — | — | —
03:14:19 | 4.4.1 | 2/11 | 2400/5425 |  13.11% | 4,006,400/30,550,828 | 3h40m | 4.279 | — | — | — | —
03:14:25 | 4.4.1 | 2/11 | 2425/5425 |  13.15% | 4,019,200/30,550,828 | 3h40m | 4.765 | — | — | — | —
03:14:31 | 4.4.1 | 2/11 | 2450/5425 |  13.20% | 4,032,000/30,550,828 | 3h39m | 4.883 | — | — | — | —
03:14:37 | 4.4.1 | 2/11 | 2475/5425 |  13.24% | 4,044,800/30,550,828 | 3h39m | 4.874 | — | — | — | —
03:14:44 | 4.4.1 | 2/11 | 2500/5425 |  13.28% | 4,057,600/30,550,828 | 3h39m | 4.881 | — | — | — | —
03:14:50 | 4.4.1 | 2/11 | 2525/5425 |  13.32% | 4,070,400/30,550,828 | 3h39m | 5.129 | — | — | — | —
03:14:56 | 4.4.1 | 2/11 | 2550/5425 |  13.36% | 4,083,200/30,550,828 | 3h39m | 4.930 | — | — | — | —
03:15:03 | 4.4.1 | 2/11 | 2575/5425 |  13.41% | 4,096,000/30,550,828 | 3h39m | 4.734 | — | — | — | —
03:15:10 | 4.4.1 | 2/11 | 2600/5425 |  13.45% | 4,108,800/30,550,828 | 3h39m | 4.461 | — | — | — | —
03:15:16 | 4.4.1 | 2/11 | 2625/5425 |  13.49% | 4,121,600/30,550,828 | 3h39m | 4.719 | — | — | — | —
03:15:22 | 4.4.1 | 2/11 | 2650/5425 |  13.53% | 4,134,400/30,550,828 | 3h39m | 4.404 | — | — | — | —
03:15:28 | 4.4.1 | 2/11 | 2675/5425 |  13.57% | 4,147,200/30,550,828 | 3h38m | 4.962 | — | — | — | —
03:15:34 | 4.4.1 | 2/11 | 2700/5425 |  13.62% | 4,160,000/30,550,828 | 3h38m | 4.654 | — | — | — | —
03:15:40 | 4.4.1 | 2/11 | 2725/5425 |  13.66% | 4,172,800/30,550,828 | 3h38m | 4.770 | — | — | — | —
03:15:46 | 4.4.1 | 2/11 | 2750/5425 |  13.70% | 4,185,600/30,550,828 | 3h38m | 4.455 | — | — | — | —
03:15:52 | 4.4.1 | 2/11 | 2775/5425 |  13.74% | 4,198,400/30,550,828 | 3h38m | 5.047 | — | — | — | —
03:15:59 | 4.4.1 | 2/11 | 2800/5425 |  13.78% | 4,211,200/30,550,828 | 3h38m | 4.775 | — | — | — | —
03:16:06 | 4.4.1 | 2/11 | 2825/5425 |  13.82% | 4,224,000/30,550,828 | 3h38m | 4.731 | — | — | — | —
03:16:12 | 4.4.1 | 2/11 | 2850/5425 |  13.87% | 4,236,800/30,550,828 | 3h38m | 4.413 | — | — | — | —
03:16:18 | 4.4.1 | 2/11 | 2875/5425 |  13.91% | 4,249,600/30,550,828 | 3h38m | 4.454 | — | — | — | —
03:16:24 | 4.4.1 | 2/11 | 2900/5425 |  13.95% | 4,262,400/30,550,828 | 3h37m | 4.296 | — | — | — | —
03:16:31 | 4.4.1 | 2/11 | 2925/5425 |  13.99% | 4,275,200/30,550,828 | 3h37m | 4.749 | — | — | — | —
03:16:37 | 4.4.1 | 2/11 | 2950/5425 |  14.03% | 4,288,000/30,550,828 | 3h37m | 4.833 | — | — | — | —
03:16:43 | 4.4.1 | 2/11 | 2975/5425 |  14.08% | 4,300,800/30,550,828 | 3h37m | 4.728 | — | — | — | —
03:16:49 | 4.4.1 | 2/11 | 3000/5425 |  14.12% | 4,313,600/30,550,828 | 3h37m | 4.610 | — | — | — | —
03:16:56 | 4.4.1 | 2/11 | 3025/5425 |  14.16% | 4,326,400/30,550,828 | 3h37m | 4.685 | — | — | — | —
03:17:03 | 4.4.1 | 2/11 | 3050/5425 |  14.20% | 4,339,200/30,550,828 | 3h37m | 5.101 | — | — | — | —
03:17:09 | 4.4.1 | 2/11 | 3075/5425 |  14.24% | 4,352,000/30,550,828 | 3h37m | 4.705 | — | — | — | —
03:17:15 | 4.4.1 | 2/11 | 3100/5425 |  14.29% | 4,364,800/30,550,828 | 3h37m | 4.852 | — | — | — | —
03:17:21 | 4.4.1 | 2/11 | 3125/5425 |  14.33% | 4,377,600/30,550,828 | 3h36m | 4.686 | — | — | — | —
03:17:27 | 4.4.1 | 2/11 | 3150/5425 |  14.37% | 4,390,400/30,550,828 | 3h36m | 4.643 | — | — | — | —
03:17:34 | 4.4.1 | 2/11 | 3175/5425 |  14.41% | 4,403,200/30,550,828 | 3h36m | 4.724 | — | — | — | —
03:17:40 | 4.4.1 | 2/11 | 3200/5425 |  14.45% | 4,416,000/30,550,828 | 3h36m | 4.994 | — | — | — | —
03:17:46 | 4.4.1 | 2/11 | 3225/5425 |  14.50% | 4,428,800/30,550,828 | 3h36m | 4.900 | — | — | — | —
03:17:53 | 4.4.1 | 2/11 | 3250/5425 |  14.54% | 4,441,600/30,550,828 | 3h36m | 4.963 | — | — | — | —
03:18:00 | 4.4.1 | 2/11 | 3275/5425 |  14.58% | 4,454,400/30,550,828 | 3h36m | 4.951 | — | — | — | —
03:18:06 | 4.4.1 | 2/11 | 3300/5425 |  14.62% | 4,467,200/30,550,828 | 3h36m | 5.321 | — | — | — | —
03:18:12 | 4.4.1 | 2/11 | 3325/5425 |  14.66% | 4,480,000/30,550,828 | 3h36m | 4.838 | — | — | — | —
03:18:18 | 4.4.1 | 2/11 | 3350/5425 |  14.70% | 4,492,800/30,550,828 | 3h35m | 4.769 | — | — | — | —
03:18:24 | 4.4.1 | 2/11 | 3375/5425 |  14.75% | 4,505,600/30,550,828 | 3h35m | 5.075 | — | — | — | —
03:18:30 | 4.4.1 | 2/11 | 3400/5425 |  14.79% | 4,518,400/30,550,828 | 3h35m | 4.993 | — | — | — | —
03:18:36 | 4.4.1 | 2/11 | 3425/5425 |  14.83% | 4,531,200/30,550,828 | 3h35m | 4.759 | — | — | — | —
03:18:43 | 4.4.1 | 2/11 | 3450/5425 |  14.87% | 4,544,000/30,550,828 | 3h35m | 4.864 | — | — | — | —
03:18:49 | 4.4.1 | 2/11 | 3475/5425 |  14.91% | 4,556,800/30,550,828 | 3h35m | 4.781 | — | — | — | —
03:18:56 | 4.4.1 | 2/11 | 3500/5425 |  14.96% | 4,569,600/30,550,828 | 3h35m | 4.534 | — | — | — | —
03:19:02 | 4.4.1 | 2/11 | 3525/5425 |  15.00% | 4,582,400/30,550,828 | 3h35m | 4.695 | — | — | — | —
03:19:08 | 4.4.1 | 2/11 | 3550/5425 |  15.04% | 4,595,200/30,550,828 | 3h34m | 4.618 | — | — | — | —
03:19:14 | 4.4.1 | 2/11 | 3575/5425 |  15.08% | 4,608,000/30,550,828 | 3h34m | 4.643 | — | — | — | —
03:19:20 | 4.4.1 | 2/11 | 3600/5425 |  15.12% | 4,620,800/30,550,828 | 3h34m | 4.652 | — | — | — | —
03:19:27 | 4.4.1 | 2/11 | 3625/5425 |  15.17% | 4,633,600/30,550,828 | 3h34m | 4.972 | — | — | — | —
03:19:33 | 4.4.1 | 2/11 | 3650/5425 |  15.21% | 4,646,400/30,550,828 | 3h34m | 4.705 | — | — | — | —
03:19:39 | 4.4.1 | 2/11 | 3675/5425 |  15.25% | 4,659,200/30,550,828 | 3h34m | 4.845 | — | — | — | —
03:19:46 | 4.4.1 | 2/11 | 3700/5425 |  15.29% | 4,672,000/30,550,828 | 3h34m | 4.879 | — | — | — | —
03:19:52 | 4.4.1 | 2/11 | 3725/5425 |  15.33% | 4,684,800/30,550,828 | 3h34m | 4.954 | — | — | — | —
03:19:58 | 4.4.1 | 2/11 | 3750/5425 |  15.37% | 4,697,600/30,550,828 | 3h34m | 4.817 | — | — | — | —
03:20:04 | 4.4.1 | 2/11 | 3775/5425 |  15.42% | 4,710,400/30,550,828 | 3h33m | 4.670 | — | — | — | —
03:20:10 | 4.4.1 | 2/11 | 3800/5425 |  15.46% | 4,723,200/30,550,828 | 3h33m | 4.906 | — | — | — | —
03:20:16 | 4.4.1 | 2/11 | 3825/5425 |  15.50% | 4,736,000/30,550,828 | 3h33m | 4.289 | — | — | — | —
03:20:22 | 4.4.1 | 2/11 | 3850/5425 |  15.54% | 4,748,800/30,550,828 | 3h33m | 4.699 | — | — | — | —
03:20:28 | 4.4.1 | 2/11 | 3875/5425 |  15.58% | 4,761,600/30,550,828 | 3h33m | 4.481 | — | — | — | —
03:20:35 | 4.4.1 | 2/11 | 3900/5425 |  15.63% | 4,774,400/30,550,828 | 3h33m | 4.574 | — | — | — | —
03:20:41 | 4.4.1 | 2/11 | 3925/5425 |  15.67% | 4,787,200/30,550,828 | 3h33m | 4.818 | — | — | — | —
03:20:47 | 4.4.1 | 2/11 | 3950/5425 |  15.71% | 4,800,000/30,550,828 | 3h33m | 4.605 | — | — | — | —
03:20:53 | 4.4.1 | 2/11 | 3975/5425 |  15.75% | 4,812,800/30,550,828 | 3h32m | 4.585 | — | — | — | —
03:20:59 | 4.4.1 | 2/11 | 4000/5425 |  15.79% | 4,825,600/30,550,828 | 3h32m | 4.809 | — | — | — | —
03:21:05 | 4.4.1 | 2/11 | 4025/5425 |  15.84% | 4,838,400/30,550,828 | 3h32m | 4.565 | — | — | — | —
03:21:11 | 4.4.1 | 2/11 | 4050/5425 |  15.88% | 4,851,200/30,550,828 | 3h32m | 4.283 | — | — | — | —
03:21:17 | 4.4.1 | 2/11 | 4075/5425 |  15.92% | 4,864,000/30,550,828 | 3h32m | 4.832 | — | — | — | —
03:21:23 | 4.4.1 | 2/11 | 4100/5425 |  15.96% | 4,876,800/30,550,828 | 3h32m | 5.060 | — | — | — | —
03:21:30 | 4.4.1 | 2/11 | 4125/5425 |  16.00% | 4,889,600/30,550,828 | 3h32m | 5.263 | — | — | — | —
03:21:36 | 4.4.1 | 2/11 | 4150/5425 |  16.05% | 4,902,400/30,550,828 | 3h32m | 4.598 | — | — | — | —
03:21:42 | 4.4.1 | 2/11 | 4175/5425 |  16.09% | 4,915,200/30,550,828 | 3h31m | 4.739 | — | — | — | —
03:21:49 | 4.4.1 | 2/11 | 4200/5425 |  16.13% | 4,928,000/30,550,828 | 3h31m | 4.474 | — | — | — | —
03:21:55 | 4.4.1 | 2/11 | 4225/5425 |  16.17% | 4,940,800/30,550,828 | 3h31m | 4.726 | — | — | — | —
03:22:01 | 4.4.1 | 2/11 | 4250/5425 |  16.21% | 4,953,600/30,550,828 | 3h31m | 5.108 | — | — | — | —
03:22:07 | 4.4.1 | 2/11 | 4275/5425 |  16.25% | 4,966,400/30,550,828 | 3h31m | 5.125 | — | — | — | —
03:22:13 | 4.4.1 | 2/11 | 4300/5425 |  16.30% | 4,979,200/30,550,828 | 3h31m | 4.939 | — | — | — | —
03:22:19 | 4.4.1 | 2/11 | 4325/5425 |  16.34% | 4,992,000/30,550,828 | 3h31m | 4.846 | — | — | — | —
03:22:26 | 4.4.1 | 2/11 | 4350/5425 |  16.38% | 5,004,800/30,550,828 | 3h31m | 4.699 | — | — | — | —
03:22:32 | 4.4.1 | 2/11 | 4375/5425 |  16.42% | 5,017,600/30,550,828 | 3h30m | 4.636 | — | — | — | —
03:22:38 | 4.4.1 | 2/11 | 4400/5425 |  16.46% | 5,030,400/30,550,828 | 3h30m | 4.502 | — | — | — | —
03:22:44 | 4.4.1 | 2/11 | 4425/5425 |  16.51% | 5,043,200/30,550,828 | 3h30m | 4.965 | — | — | — | —
03:22:50 | 4.4.1 | 2/11 | 4450/5425 |  16.55% | 5,056,000/30,550,828 | 3h30m | 4.555 | — | — | — | —
03:22:56 | 4.4.1 | 2/11 | 4475/5425 |  16.59% | 5,068,800/30,550,828 | 3h30m | 4.802 | — | — | — | —
03:23:02 | 4.4.1 | 2/11 | 4500/5425 |  16.63% | 5,081,600/30,550,828 | 3h30m | 4.728 | — | — | — | —
03:23:08 | 4.4.1 | 2/11 | 4525/5425 |  16.67% | 5,094,400/30,550,828 | 3h30m | 4.776 | — | — | — | —
03:23:15 | 4.4.1 | 2/11 | 4550/5425 |  16.72% | 5,107,200/30,550,828 | 3h30m | 4.345 | — | — | — | —
03:23:21 | 4.4.1 | 2/11 | 4575/5425 |  16.76% | 5,120,000/30,550,828 | 3h30m | 4.939 | — | — | — | —
03:23:27 | 4.4.1 | 2/11 | 4600/5425 |  16.80% | 5,132,800/30,550,828 | 3h29m | 5.014 | — | — | — | —
03:23:33 | 4.4.1 | 2/11 | 4625/5425 |  16.84% | 5,145,600/30,550,828 | 3h29m | 4.645 | — | — | — | —
03:23:39 | 4.4.1 | 2/11 | 4650/5425 |  16.88% | 5,158,400/30,550,828 | 3h29m | 4.938 | — | — | — | —
03:23:45 | 4.4.1 | 2/11 | 4675/5425 |  16.93% | 5,171,200/30,550,828 | 3h29m | 4.935 | — | — | — | —
03:23:51 | 4.4.1 | 2/11 | 4700/5425 |  16.97% | 5,184,000/30,550,828 | 3h29m | 4.911 | — | — | — | —
03:23:58 | 4.4.1 | 2/11 | 4725/5425 |  17.01% | 5,196,800/30,550,828 | 3h29m | 4.239 | — | — | — | —
03:24:04 | 4.4.1 | 2/11 | 4750/5425 |  17.05% | 5,209,600/30,550,828 | 3h29m | 4.635 | — | — | — | —
03:24:11 | 4.4.1 | 2/11 | 4775/5425 |  17.09% | 5,222,400/30,550,828 | 3h29m | 4.331 | — | — | — | —
03:24:17 | 4.4.1 | 2/11 | 4800/5425 |  17.13% | 5,235,200/30,550,828 | 3h28m | 4.499 | — | — | — | —
03:24:23 | 4.4.1 | 2/11 | 4825/5425 |  17.18% | 5,248,000/30,550,828 | 3h28m | 4.527 | — | — | — | —
03:24:29 | 4.4.1 | 2/11 | 4850/5425 |  17.22% | 5,260,800/30,550,828 | 3h28m | 5.133 | — | — | — | —
03:24:35 | 4.4.1 | 2/11 | 4875/5425 |  17.26% | 5,273,600/30,550,828 | 3h28m | 5.113 | — | — | — | —
03:24:40 | 4.4.1 | 2/11 | 4900/5425 |  17.30% | 5,286,400/30,550,828 | 3h28m | 4.807 | — | — | — | —
03:24:46 | 4.4.1 | 2/11 | 4925/5425 |  17.34% | 5,299,200/30,550,828 | 3h28m | 4.879 | — | — | — | —
03:24:53 | 4.4.1 | 2/11 | 4950/5425 |  17.39% | 5,312,000/30,550,828 | 3h28m | 4.756 | — | — | — | —
03:25:00 | 4.4.1 | 2/11 | 4975/5425 |  17.43% | 5,324,800/30,550,828 | 3h28m | 5.002 | — | — | — | —
03:25:06 | 4.4.1 | 2/11 | 5000/5425 |  17.47% | 5,337,600/30,550,828 | 3h28m | 4.874 | — | — | — | —
03:25:12 | 4.4.1 | 2/11 | 5025/5425 |  17.51% | 5,350,400/30,550,828 | 3h27m | 5.100 | — | — | — | —
03:25:19 | 4.4.1 | 2/11 | 5050/5425 |  17.55% | 5,363,200/30,550,828 | 3h27m | 4.678 | — | — | — | —
03:25:25 | 4.4.1 | 2/11 | 5075/5425 |  17.60% | 5,376,000/30,550,828 | 3h27m | 4.829 | — | — | — | —
03:25:31 | 4.4.1 | 2/11 | 5100/5425 |  17.64% | 5,388,800/30,550,828 | 3h27m | 5.075 | — | — | — | —
03:25:37 | 4.4.1 | 2/11 | 5125/5425 |  17.68% | 5,401,600/30,550,828 | 3h27m | 4.792 | — | — | — | —
03:25:44 | 4.4.1 | 2/11 | 5150/5425 |  17.72% | 5,414,400/30,550,828 | 3h27m | 5.073 | — | — | — | —
03:25:50 | 4.4.1 | 2/11 | 5175/5425 |  17.76% | 5,427,200/30,550,828 | 3h27m | 4.651 | — | — | — | —
03:25:56 | 4.4.1 | 2/11 | 5200/5425 |  17.80% | 5,440,000/30,550,828 | 3h27m | 5.047 | — | — | — | —
03:26:02 | 4.4.1 | 2/11 | 5225/5425 |  17.85% | 5,452,800/30,550,828 | 3h26m | 4.720 | — | — | — | —
03:26:08 | 4.4.1 | 2/11 | 5250/5425 |  17.89% | 5,465,600/30,550,828 | 3h26m | 4.785 | — | — | — | —
03:26:14 | 4.4.1 | 2/11 | 5275/5425 |  17.93% | 5,478,400/30,550,828 | 3h26m | 5.010 | — | — | — | —
03:26:20 | 4.4.1 | 2/11 | 5300/5425 |  17.97% | 5,491,200/30,550,828 | 3h26m | 4.952 | — | — | — | —
03:26:26 | 4.4.1 | 2/11 | 5325/5425 |  18.01% | 5,504,000/30,550,828 | 3h26m | 4.602 | — | — | — | —
03:26:32 | 4.4.1 | 2/11 | 5350/5425 |  18.06% | 5,516,800/30,550,828 | 3h26m | 4.637 | — | — | — | —
03:26:38 | 4.4.1 | 2/11 | 5375/5425 |  18.10% | 5,529,600/30,550,828 | 3h26m | 5.136 | — | — | — | —
03:26:44 | 4.4.1 | 2/11 | 5400/5425 |  18.14% | 5,542,400/30,550,828 | 3h26m | 5.207 | — | — | — | —
03:26:50 | 4.4.1 | 2/11 | 5425/5425 |  18.18% | 5,555,200/30,550,828 | 3h25m | 4.691 | — | — | — | —
03:27:12 | validation | 2/11 | epoch-end |  18.18% | 5,554,696/30,550,828 | 3h27m | 4.779 |  55.68% |  44.89% |   8.54% | 1.504
03:27:12 | 4.4.1 | 3/11 | 1/5425 |  18.18% | 5,555,712/30,550,828 | 3h27m | 4.893 | — | — | — | —
03:27:18 | 4.4.1 | 3/11 | 25/5425 |  18.22% | 5,568,000/30,550,828 | 3h27m | 4.681 | — | — | — | —
03:27:24 | 4.4.1 | 3/11 | 50/5425 |  18.27% | 5,580,800/30,550,828 | 3h27m | 4.712 | — | — | — | —
03:27:30 | 4.4.1 | 3/11 | 75/5425 |  18.31% | 5,593,600/30,550,828 | 3h27m | 5.191 | — | — | — | —
03:27:36 | 4.4.1 | 3/11 | 100/5425 |  18.35% | 5,606,400/30,550,828 | 3h27m | 4.760 | — | — | — | —
03:27:42 | 4.4.1 | 3/11 | 125/5425 |  18.39% | 5,619,200/30,550,828 | 3h26m | 4.710 | — | — | — | —
03:27:48 | 4.4.1 | 3/11 | 150/5425 |  18.43% | 5,632,000/30,550,828 | 3h26m | 4.509 | — | — | — | —
03:27:54 | 4.4.1 | 3/11 | 175/5425 |  18.48% | 5,644,800/30,550,828 | 3h26m | 4.666 | — | — | — | —
03:28:00 | 4.4.1 | 3/11 | 200/5425 |  18.52% | 5,657,600/30,550,828 | 3h26m | 4.831 | — | — | — | —
03:28:06 | 4.4.1 | 3/11 | 225/5425 |  18.56% | 5,670,400/30,550,828 | 3h26m | 4.588 | — | — | — | —
03:28:13 | 4.4.1 | 3/11 | 250/5425 |  18.60% | 5,683,200/30,550,828 | 3h26m | 4.449 | — | — | — | —
03:28:19 | 4.4.1 | 3/11 | 275/5425 |  18.64% | 5,696,000/30,550,828 | 3h26m | 4.804 | — | — | — | —
03:28:25 | 4.4.1 | 3/11 | 300/5425 |  18.68% | 5,708,800/30,550,828 | 3h26m | 4.794 | — | — | — | —
03:28:31 | 4.4.1 | 3/11 | 325/5425 |  18.73% | 5,721,600/30,550,828 | 3h25m | 5.031 | — | — | — | —
03:28:37 | 4.4.1 | 3/11 | 350/5425 |  18.77% | 5,734,400/30,550,828 | 3h25m | 4.677 | — | — | — | —
03:28:43 | 4.4.1 | 3/11 | 375/5425 |  18.81% | 5,747,200/30,550,828 | 3h25m | 4.893 | — | — | — | —
03:28:50 | 4.4.1 | 3/11 | 400/5425 |  18.85% | 5,760,000/30,550,828 | 3h25m | 4.389 | — | — | — | —
03:28:56 | 4.4.1 | 3/11 | 425/5425 |  18.89% | 5,772,800/30,550,828 | 3h25m | 4.575 | — | — | — | —
03:29:02 | 4.4.1 | 3/11 | 450/5425 |  18.94% | 5,785,600/30,550,828 | 3h25m | 4.934 | — | — | — | —
03:29:08 | 4.4.1 | 3/11 | 475/5425 |  18.98% | 5,798,400/30,550,828 | 3h25m | 4.899 | — | — | — | —
03:29:13 | 4.4.1 | 3/11 | 500/5425 |  19.02% | 5,811,200/30,550,828 | 3h25m | 4.626 | — | — | — | —
03:29:19 | 4.4.1 | 3/11 | 525/5425 |  19.06% | 5,824,000/30,550,828 | 3h24m | 5.029 | — | — | — | —
03:29:25 | 4.4.1 | 3/11 | 550/5425 |  19.10% | 5,836,800/30,550,828 | 3h24m | 5.006 | — | — | — | —
03:29:32 | 4.4.1 | 3/11 | 575/5425 |  19.15% | 5,849,600/30,550,828 | 3h24m | 5.005 | — | — | — | —
03:29:38 | 4.4.1 | 3/11 | 600/5425 |  19.19% | 5,862,400/30,550,828 | 3h24m | 4.692 | — | — | — | —
03:29:44 | 4.4.1 | 3/11 | 625/5425 |  19.23% | 5,875,200/30,550,828 | 3h24m | 4.684 | — | — | — | —
03:29:50 | 4.4.1 | 3/11 | 650/5425 |  19.27% | 5,888,000/30,550,828 | 3h24m | 4.913 | — | — | — | —
03:29:56 | 4.4.1 | 3/11 | 675/5425 |  19.31% | 5,900,800/30,550,828 | 3h24m | 4.416 | — | — | — | —
03:30:02 | 4.4.1 | 3/11 | 700/5425 |  19.35% | 5,913,600/30,550,828 | 3h23m | 4.516 | — | — | — | —
03:30:08 | 4.4.1 | 3/11 | 725/5425 |  19.40% | 5,926,400/30,550,828 | 3h23m | 4.580 | — | — | — | —
03:30:14 | 4.4.1 | 3/11 | 750/5425 |  19.44% | 5,939,200/30,550,828 | 3h23m | 5.372 | — | — | — | —
03:30:21 | 4.4.1 | 3/11 | 775/5425 |  19.48% | 5,952,000/30,550,828 | 3h23m | 5.055 | — | — | — | —
03:30:27 | 4.4.1 | 3/11 | 800/5425 |  19.52% | 5,964,800/30,550,828 | 3h23m | 4.855 | — | — | — | —
03:30:33 | 4.4.1 | 3/11 | 825/5425 |  19.56% | 5,977,600/30,550,828 | 3h23m | 4.934 | — | — | — | —
03:30:39 | 4.4.1 | 3/11 | 850/5425 |  19.61% | 5,990,400/30,550,828 | 3h23m | 4.356 | — | — | — | —
03:30:45 | 4.4.1 | 3/11 | 875/5425 |  19.65% | 6,003,200/30,550,828 | 3h23m | 4.734 | — | — | — | —
03:30:51 | 4.4.1 | 3/11 | 900/5425 |  19.69% | 6,016,000/30,550,828 | 3h23m | 4.765 | — | — | — | —
03:30:58 | 4.4.1 | 3/11 | 925/5425 |  19.73% | 6,028,800/30,550,828 | 3h22m | 4.475 | — | — | — | —
03:31:04 | 4.4.1 | 3/11 | 950/5425 |  19.77% | 6,041,600/30,550,828 | 3h22m | 4.836 | — | — | — | —
03:31:10 | 4.4.1 | 3/11 | 975/5425 |  19.82% | 6,054,400/30,550,828 | 3h22m | 4.919 | — | — | — | —
03:31:16 | 4.4.1 | 3/11 | 1000/5425 |  19.86% | 6,067,200/30,550,828 | 3h22m | 5.415 | — | — | — | —
03:31:22 | 4.4.1 | 3/11 | 1025/5425 |  19.90% | 6,080,000/30,550,828 | 3h22m | 4.800 | — | — | — | —
03:31:28 | 4.4.1 | 3/11 | 1050/5425 |  19.94% | 6,092,800/30,550,828 | 3h22m | 4.696 | — | — | — | —
03:31:34 | 4.4.1 | 3/11 | 1075/5425 |  19.98% | 6,105,600/30,550,828 | 3h22m | 4.734 | — | — | — | —
03:31:41 | 4.4.1 | 3/11 | 1100/5425 |  20.03% | 6,118,400/30,550,828 | 3h22m | 5.018 | — | — | — | —
03:31:47 | 4.4.1 | 3/11 | 1125/5425 |  20.07% | 6,131,200/30,550,828 | 3h21m | 4.874 | — | — | — | —
03:31:52 | 4.4.1 | 3/11 | 1150/5425 |  20.11% | 6,144,000/30,550,828 | 3h21m | 4.842 | — | — | — | —
03:31:58 | 4.4.1 | 3/11 | 1175/5425 |  20.15% | 6,156,800/30,550,828 | 3h21m | 4.601 | — | — | — | —
03:32:04 | 4.4.1 | 3/11 | 1200/5425 |  20.19% | 6,169,600/30,550,828 | 3h21m | 4.657 | — | — | — | —
03:32:11 | 4.4.1 | 3/11 | 1225/5425 |  20.23% | 6,182,400/30,550,828 | 3h21m | 5.192 | — | — | — | —
03:32:17 | 4.4.1 | 3/11 | 1250/5425 |  20.28% | 6,195,200/30,550,828 | 3h21m | 4.857 | — | — | — | —
03:32:24 | 4.4.1 | 3/11 | 1275/5425 |  20.32% | 6,208,000/30,550,828 | 3h21m | 4.594 | — | — | — | —
03:32:30 | 4.4.1 | 3/11 | 1300/5425 |  20.36% | 6,220,800/30,550,828 | 3h21m | 5.068 | — | — | — | —
03:32:35 | 4.4.1 | 3/11 | 1325/5425 |  20.40% | 6,233,600/30,550,828 | 3h20m | 4.776 | — | — | — | —
03:32:41 | 4.4.1 | 3/11 | 1350/5425 |  20.44% | 6,246,400/30,550,828 | 3h20m | 4.606 | — | — | — | —
03:32:47 | 4.4.1 | 3/11 | 1375/5425 |  20.49% | 6,259,200/30,550,828 | 3h20m | 4.644 | — | — | — | —
03:32:54 | 4.4.1 | 3/11 | 1400/5425 |  20.53% | 6,272,000/30,550,828 | 3h20m | 4.881 | — | — | — | —
03:33:00 | 4.4.1 | 3/11 | 1425/5425 |  20.57% | 6,284,800/30,550,828 | 3h20m | 5.465 | — | — | — | —
03:33:06 | 4.4.1 | 3/11 | 1450/5425 |  20.61% | 6,297,600/30,550,828 | 3h20m | 4.621 | — | — | — | —
03:33:12 | 4.4.1 | 3/11 | 1475/5425 |  20.65% | 6,310,400/30,550,828 | 3h20m | 4.232 | — | — | — | —
03:33:18 | 4.4.1 | 3/11 | 1500/5425 |  20.70% | 6,323,200/30,550,828 | 3h20m | 5.273 | — | — | — | —
03:33:24 | 4.4.1 | 3/11 | 1525/5425 |  20.74% | 6,336,000/30,550,828 | 3h19m | 4.741 | — | — | — | —
03:33:30 | 4.4.1 | 3/11 | 1550/5425 |  20.78% | 6,348,800/30,550,828 | 3h19m | 4.753 | — | — | — | —
03:33:36 | 4.4.1 | 3/11 | 1575/5425 |  20.82% | 6,361,600/30,550,828 | 3h19m | 4.489 | — | — | — | —
03:33:43 | 4.4.1 | 3/11 | 1600/5425 |  20.86% | 6,374,400/30,550,828 | 3h19m | 4.328 | — | — | — | —
03:33:49 | 4.4.1 | 3/11 | 1625/5425 |  20.90% | 6,387,200/30,550,828 | 3h19m | 4.692 | — | — | — | —
03:33:55 | 4.4.1 | 3/11 | 1650/5425 |  20.95% | 6,400,000/30,550,828 | 3h19m | 4.795 | — | — | — | —
03:34:01 | 4.4.1 | 3/11 | 1675/5425 |  20.99% | 6,412,800/30,550,828 | 3h19m | 4.470 | — | — | — | —
03:34:07 | 4.4.1 | 3/11 | 1700/5425 |  21.03% | 6,425,600/30,550,828 | 3h19m | 4.993 | — | — | — | —
03:34:14 | 4.4.1 | 3/11 | 1725/5425 |  21.07% | 6,438,400/30,550,828 | 3h19m | 4.962 | — | — | — | —
03:34:20 | 4.4.1 | 3/11 | 1750/5425 |  21.11% | 6,451,200/30,550,828 | 3h18m | 4.812 | — | — | — | —
03:34:26 | 4.4.1 | 3/11 | 1775/5425 |  21.16% | 6,464,000/30,550,828 | 3h18m | 4.418 | — | — | — | —
03:34:32 | 4.4.1 | 3/11 | 1800/5425 |  21.20% | 6,476,800/30,550,828 | 3h18m | 4.501 | — | — | — | —
03:34:38 | 4.4.1 | 3/11 | 1825/5425 |  21.24% | 6,489,600/30,550,828 | 3h18m | 4.482 | — | — | — | —
03:34:44 | 4.4.1 | 3/11 | 1850/5425 |  21.28% | 6,502,400/30,550,828 | 3h18m | 5.032 | — | — | — | —
03:34:50 | 4.4.1 | 3/11 | 1875/5425 |  21.32% | 6,515,200/30,550,828 | 3h18m | 4.868 | — | — | — | —
03:34:57 | 4.4.1 | 3/11 | 1900/5425 |  21.37% | 6,528,000/30,550,828 | 3h18m | 5.003 | — | — | — | —
03:35:04 | 4.4.1 | 3/11 | 1925/5425 |  21.41% | 6,540,800/30,550,828 | 3h18m | 4.635 | — | — | — | —
03:35:09 | 4.4.1 | 3/11 | 1950/5425 |  21.45% | 6,553,600/30,550,828 | 3h18m | 4.722 | — | — | — | —
03:35:15 | 4.4.1 | 3/11 | 1975/5425 |  21.49% | 6,566,400/30,550,828 | 3h17m | 4.649 | — | — | — | —
03:35:21 | 4.4.1 | 3/11 | 2000/5425 |  21.53% | 6,579,200/30,550,828 | 3h17m | 4.858 | — | — | — | —
03:35:27 | 4.4.1 | 3/11 | 2025/5425 |  21.58% | 6,592,000/30,550,828 | 3h17m | 4.460 | — | — | — | —
03:35:34 | 4.4.1 | 3/11 | 2050/5425 |  21.62% | 6,604,800/30,550,828 | 3h17m | 4.663 | — | — | — | —
03:35:41 | 4.4.1 | 3/11 | 2075/5425 |  21.66% | 6,617,600/30,550,828 | 3h17m | 4.283 | — | — | — | —
03:35:47 | 4.4.1 | 3/11 | 2100/5425 |  21.70% | 6,630,400/30,550,828 | 3h17m | 4.664 | — | — | — | —
03:35:53 | 4.4.1 | 3/11 | 2125/5425 |  21.74% | 6,643,200/30,550,828 | 3h17m | 4.875 | — | — | — | —
03:35:59 | 4.4.1 | 3/11 | 2150/5425 |  21.78% | 6,656,000/30,550,828 | 3h17m | 5.230 | — | — | — | —
03:36:06 | 4.4.1 | 3/11 | 2175/5425 |  21.83% | 6,668,800/30,550,828 | 3h17m | 4.529 | — | — | — | —
03:36:12 | 4.4.1 | 3/11 | 2200/5425 |  21.87% | 6,681,600/30,550,828 | 3h16m | 4.286 | — | — | — | —
03:36:18 | 4.4.1 | 3/11 | 2225/5425 |  21.91% | 6,694,400/30,550,828 | 3h16m | 5.203 | — | — | — | —
03:36:25 | 4.4.1 | 3/11 | 2250/5425 |  21.95% | 6,707,200/30,550,828 | 3h16m | 4.754 | — | — | — | —
03:36:31 | 4.4.1 | 3/11 | 2275/5425 |  21.99% | 6,720,000/30,550,828 | 3h16m | 4.513 | — | — | — | —
03:36:37 | 4.4.1 | 3/11 | 2300/5425 |  22.04% | 6,732,800/30,550,828 | 3h16m | 5.037 | — | — | — | —
03:36:44 | 4.4.1 | 3/11 | 2325/5425 |  22.08% | 6,745,600/30,550,828 | 3h16m | 4.627 | — | — | — | —
03:36:50 | 4.4.1 | 3/11 | 2350/5425 |  22.12% | 6,758,400/30,550,828 | 3h16m | 4.619 | — | — | — | —
03:36:56 | 4.4.1 | 3/11 | 2375/5425 |  22.16% | 6,771,200/30,550,828 | 3h16m | 4.910 | — | — | — | —
03:37:02 | 4.4.1 | 3/11 | 2400/5425 |  22.20% | 6,784,000/30,550,828 | 3h16m | 4.606 | — | — | — | —
03:37:09 | 4.4.1 | 3/11 | 2425/5425 |  22.25% | 6,796,800/30,550,828 | 3h15m | 5.054 | — | — | — | —
03:37:15 | 4.4.1 | 3/11 | 2450/5425 |  22.29% | 6,809,600/30,550,828 | 3h15m | 4.807 | — | — | — | —
03:37:21 | 4.4.1 | 3/11 | 2475/5425 |  22.33% | 6,822,400/30,550,828 | 3h15m | 5.227 | — | — | — | —
03:37:27 | 4.4.1 | 3/11 | 2500/5425 |  22.37% | 6,835,200/30,550,828 | 3h15m | 4.924 | — | — | — | —
03:37:33 | 4.4.1 | 3/11 | 2525/5425 |  22.41% | 6,848,000/30,550,828 | 3h15m | 4.446 | — | — | — | —
03:37:39 | 4.4.1 | 3/11 | 2550/5425 |  22.45% | 6,860,800/30,550,828 | 3h15m | 4.700 | — | — | — | —
03:37:45 | 4.4.1 | 3/11 | 2575/5425 |  22.50% | 6,873,600/30,550,828 | 3h15m | 5.101 | — | — | — | —
03:37:51 | 4.4.1 | 3/11 | 2600/5425 |  22.54% | 6,886,400/30,550,828 | 3h15m | 4.600 | — | — | — | —
03:37:57 | 4.4.1 | 3/11 | 2625/5425 |  22.58% | 6,899,200/30,550,828 | 3h15m | 4.743 | — | — | — | —
03:38:03 | 4.4.1 | 3/11 | 2650/5425 |  22.62% | 6,912,000/30,550,828 | 3h14m | 4.686 | — | — | — | —
03:38:09 | 4.4.1 | 3/11 | 2675/5425 |  22.66% | 6,924,800/30,550,828 | 3h14m | 4.653 | — | — | — | —
03:38:16 | 4.4.1 | 3/11 | 2700/5425 |  22.71% | 6,937,600/30,550,828 | 3h14m | 4.653 | — | — | — | —
03:38:22 | 4.4.1 | 3/11 | 2725/5425 |  22.75% | 6,950,400/30,550,828 | 3h14m | 4.661 | — | — | — | —
03:38:28 | 4.4.1 | 3/11 | 2750/5425 |  22.79% | 6,963,200/30,550,828 | 3h14m | 4.829 | — | — | — | —
03:38:35 | 4.4.1 | 3/11 | 2775/5425 |  22.83% | 6,976,000/30,550,828 | 3h14m | 4.727 | — | — | — | —
03:38:41 | 4.4.1 | 3/11 | 2800/5425 |  22.87% | 6,988,800/30,550,828 | 3h14m | 4.842 | — | — | — | —
03:38:47 | 4.4.1 | 3/11 | 2825/5425 |  22.92% | 7,001,600/30,550,828 | 3h14m | 5.127 | — | — | — | —
03:38:53 | 4.4.1 | 3/11 | 2850/5425 |  22.96% | 7,014,400/30,550,828 | 3h14m | 4.593 | — | — | — | —
03:39:00 | 4.4.1 | 3/11 | 2875/5425 |  23.00% | 7,027,200/30,550,828 | 3h13m | 4.825 | — | — | — | —
03:39:06 | 4.4.1 | 3/11 | 2900/5425 |  23.04% | 7,040,000/30,550,828 | 3h13m | 5.065 | — | — | — | —
03:39:12 | 4.4.1 | 3/11 | 2925/5425 |  23.08% | 7,052,800/30,550,828 | 3h13m | 4.603 | — | — | — | —
03:39:19 | 4.4.1 | 3/11 | 2950/5425 |  23.13% | 7,065,600/30,550,828 | 3h13m | 5.031 | — | — | — | —
03:39:25 | 4.4.1 | 3/11 | 2975/5425 |  23.17% | 7,078,400/30,550,828 | 3h13m | 4.638 | — | — | — | —
03:39:32 | 4.4.1 | 3/11 | 3000/5425 |  23.21% | 7,091,200/30,550,828 | 3h13m | 5.155 | — | — | — | —
03:39:38 | 4.4.1 | 3/11 | 3025/5425 |  23.25% | 7,104,000/30,550,828 | 3h13m | 4.888 | — | — | — | —
03:39:44 | 4.4.1 | 3/11 | 3050/5425 |  23.29% | 7,116,800/30,550,828 | 3h13m | 4.656 | — | — | — | —
03:39:50 | 4.4.1 | 3/11 | 3075/5425 |  23.33% | 7,129,600/30,550,828 | 3h13m | 4.748 | — | — | — | —
03:39:57 | 4.4.1 | 3/11 | 3100/5425 |  23.38% | 7,142,400/30,550,828 | 3h12m | 4.824 | — | — | — | —
03:40:04 | 4.4.1 | 3/11 | 3125/5425 |  23.42% | 7,155,200/30,550,828 | 3h12m | 4.438 | — | — | — | —
03:40:10 | 4.4.1 | 3/11 | 3150/5425 |  23.46% | 7,168,000/30,550,828 | 3h12m | 4.515 | — | — | — | —
03:40:16 | 4.4.1 | 3/11 | 3175/5425 |  23.50% | 7,180,800/30,550,828 | 3h12m | 4.865 | — | — | — | —
03:40:23 | 4.4.1 | 3/11 | 3200/5425 |  23.54% | 7,193,600/30,550,828 | 3h12m | 4.858 | — | — | — | —
03:40:29 | 4.4.1 | 3/11 | 3225/5425 |  23.59% | 7,206,400/30,550,828 | 3h12m | 4.699 | — | — | — | —
03:40:36 | 4.4.1 | 3/11 | 3250/5425 |  23.63% | 7,219,200/30,550,828 | 3h12m | 4.791 | — | — | — | —
03:40:43 | 4.4.1 | 3/11 | 3275/5425 |  23.67% | 7,232,000/30,550,828 | 3h12m | 4.984 | — | — | — | —
03:40:49 | 4.4.1 | 3/11 | 3300/5425 |  23.71% | 7,244,800/30,550,828 | 3h12m | 4.896 | — | — | — | —
03:40:55 | 4.4.1 | 3/11 | 3325/5425 |  23.75% | 7,257,600/30,550,828 | 3h12m | 4.713 | — | — | — | —
03:41:02 | 4.4.1 | 3/11 | 3350/5425 |  23.80% | 7,270,400/30,550,828 | 3h11m | 4.847 | — | — | — | —
03:41:08 | 4.4.1 | 3/11 | 3375/5425 |  23.84% | 7,283,200/30,550,828 | 3h11m | 4.926 | — | — | — | —
03:41:14 | 4.4.1 | 3/11 | 3400/5425 |  23.88% | 7,296,000/30,550,828 | 3h11m | 4.747 | — | — | — | —
03:41:20 | 4.4.1 | 3/11 | 3425/5425 |  23.92% | 7,308,800/30,550,828 | 3h11m | 4.843 | — | — | — | —
03:41:26 | 4.4.1 | 3/11 | 3450/5425 |  23.96% | 7,321,600/30,550,828 | 3h11m | 4.834 | — | — | — | —
03:41:33 | 4.4.1 | 3/11 | 3475/5425 |  24.01% | 7,334,400/30,550,828 | 3h11m | 4.290 | — | — | — | —
03:41:39 | 4.4.1 | 3/11 | 3500/5425 |  24.05% | 7,347,200/30,550,828 | 3h11m | 4.881 | — | — | — | —
03:41:45 | 4.4.1 | 3/11 | 3525/5425 |  24.09% | 7,360,000/30,550,828 | 3h11m | 4.947 | — | — | — | —
03:41:52 | 4.4.1 | 3/11 | 3550/5425 |  24.13% | 7,372,800/30,550,828 | 3h11m | 4.914 | — | — | — | —
03:41:59 | 4.4.1 | 3/11 | 3575/5425 |  24.17% | 7,385,600/30,550,828 | 3h11m | 4.967 | — | — | — | —
03:42:05 | 4.4.1 | 3/11 | 3600/5425 |  24.21% | 7,398,400/30,550,828 | 3h10m | 4.885 | — | — | — | —
03:42:11 | 4.4.1 | 3/11 | 3625/5425 |  24.26% | 7,411,200/30,550,828 | 3h10m | 4.131 | — | — | — | —
03:42:17 | 4.4.1 | 3/11 | 3650/5425 |  24.30% | 7,424,000/30,550,828 | 3h10m | 4.647 | — | — | — | —
03:42:24 | 4.4.1 | 3/11 | 3675/5425 |  24.34% | 7,436,800/30,550,828 | 3h10m | 4.553 | — | — | — | —
03:42:31 | 4.4.1 | 3/11 | 3700/5425 |  24.38% | 7,449,600/30,550,828 | 3h10m | 4.565 | — | — | — | —
03:42:37 | 4.4.1 | 3/11 | 3725/5425 |  24.42% | 7,462,400/30,550,828 | 3h10m | 4.733 | — | — | — | —
03:42:43 | 4.4.1 | 3/11 | 3750/5425 |  24.47% | 7,475,200/30,550,828 | 3h10m | 4.788 | — | — | — | —
03:42:50 | 4.4.1 | 3/11 | 3775/5425 |  24.51% | 7,488,000/30,550,828 | 3h10m | 5.024 | — | — | — | —
03:42:57 | 4.4.1 | 3/11 | 3800/5425 |  24.55% | 7,500,800/30,550,828 | 3h10m | 5.092 | — | — | — | —
03:43:03 | 4.4.1 | 3/11 | 3825/5425 |  24.59% | 7,513,600/30,550,828 | 3h10m | 4.800 | — | — | — | —
03:43:09 | 4.4.1 | 3/11 | 3850/5425 |  24.63% | 7,526,400/30,550,828 | 3h09m | 4.746 | — | — | — | —
03:43:15 | 4.4.1 | 3/11 | 3875/5425 |  24.68% | 7,539,200/30,550,828 | 3h09m | 4.610 | — | — | — | —
03:43:21 | 4.4.1 | 3/11 | 3900/5425 |  24.72% | 7,552,000/30,550,828 | 3h09m | 4.829 | — | — | — | —
03:43:28 | 4.4.1 | 3/11 | 3925/5425 |  24.76% | 7,564,800/30,550,828 | 3h09m | 4.577 | — | — | — | —
03:43:34 | 4.4.1 | 3/11 | 3950/5425 |  24.80% | 7,577,600/30,550,828 | 3h09m | 4.712 | — | — | — | —
03:43:40 | 4.4.1 | 3/11 | 3975/5425 |  24.84% | 7,590,400/30,550,828 | 3h09m | 4.828 | — | — | — | —
03:43:46 | 4.4.1 | 3/11 | 4000/5425 |  24.88% | 7,603,200/30,550,828 | 3h09m | 4.452 | — | — | — | —
03:43:53 | 4.4.1 | 3/11 | 4025/5425 |  24.93% | 7,616,000/30,550,828 | 3h09m | 4.683 | — | — | — | —
03:43:59 | 4.4.1 | 3/11 | 4050/5425 |  24.97% | 7,628,800/30,550,828 | 3h09m | 4.432 | — | — | — | —
03:44:05 | 4.4.1 | 3/11 | 4075/5425 |  25.01% | 7,641,600/30,550,828 | 3h08m | 4.556 | — | — | — | —
03:44:11 | 4.4.1 | 3/11 | 4100/5425 |  25.05% | 7,654,400/30,550,828 | 3h08m | 4.849 | — | — | — | —
03:44:17 | 4.4.1 | 3/11 | 4125/5425 |  25.09% | 7,667,200/30,550,828 | 3h08m | 4.964 | — | — | — | —
03:44:23 | 4.4.1 | 3/11 | 4150/5425 |  25.14% | 7,680,000/30,550,828 | 3h08m | 4.481 | — | — | — | —
03:44:29 | 4.4.1 | 3/11 | 4175/5425 |  25.18% | 7,692,800/30,550,828 | 3h08m | 4.578 | — | — | — | —
03:44:35 | 4.4.1 | 3/11 | 4200/5425 |  25.22% | 7,705,600/30,550,828 | 3h08m | 4.725 | — | — | — | —
03:44:42 | 4.4.1 | 3/11 | 4225/5425 |  25.26% | 7,718,400/30,550,828 | 3h08m | 4.606 | — | — | — | —
03:44:48 | 4.4.1 | 3/11 | 4250/5425 |  25.30% | 7,731,200/30,550,828 | 3h08m | 4.626 | — | — | — | —
03:44:55 | 4.4.1 | 3/11 | 4275/5425 |  25.35% | 7,744,000/30,550,828 | 3h08m | 4.631 | — | — | — | —
03:45:01 | 4.4.1 | 3/11 | 4300/5425 |  25.39% | 7,756,800/30,550,828 | 3h07m | 4.451 | — | — | — | —
03:45:07 | 4.4.1 | 3/11 | 4325/5425 |  25.43% | 7,769,600/30,550,828 | 3h07m | 4.926 | — | — | — | —
03:45:13 | 4.4.1 | 3/11 | 4350/5425 |  25.47% | 7,782,400/30,550,828 | 3h07m | 4.253 | — | — | — | —
03:45:20 | 4.4.1 | 3/11 | 4375/5425 |  25.51% | 7,795,200/30,550,828 | 3h07m | 4.513 | — | — | — | —
03:45:26 | 4.4.1 | 3/11 | 4400/5425 |  25.56% | 7,808,000/30,550,828 | 3h07m | 4.845 | — | — | — | —
03:45:32 | 4.4.1 | 3/11 | 4425/5425 |  25.60% | 7,820,800/30,550,828 | 3h07m | 4.744 | — | — | — | —
03:45:38 | 4.4.1 | 3/11 | 4450/5425 |  25.64% | 7,833,600/30,550,828 | 3h07m | 4.665 | — | — | — | —
03:45:44 | 4.4.1 | 3/11 | 4475/5425 |  25.68% | 7,846,400/30,550,828 | 3h07m | 4.201 | — | — | — | —
03:45:51 | 4.4.1 | 3/11 | 4500/5425 |  25.72% | 7,859,200/30,550,828 | 3h07m | 4.981 | — | — | — | —
03:45:57 | 4.4.1 | 3/11 | 4525/5425 |  25.76% | 7,872,000/30,550,828 | 3h06m | 4.956 | — | — | — | —
03:46:03 | 4.4.1 | 3/11 | 4550/5425 |  25.81% | 7,884,800/30,550,828 | 3h06m | 4.955 | — | — | — | —
03:46:09 | 4.4.1 | 3/11 | 4575/5425 |  25.85% | 7,897,600/30,550,828 | 3h06m | 4.592 | — | — | — | —
03:46:15 | 4.4.1 | 3/11 | 4600/5425 |  25.89% | 7,910,400/30,550,828 | 3h06m | 4.792 | — | — | — | —
03:46:22 | 4.4.1 | 3/11 | 4625/5425 |  25.93% | 7,923,200/30,550,828 | 3h06m | 5.448 | — | — | — | —
03:46:28 | 4.4.1 | 3/11 | 4650/5425 |  25.97% | 7,936,000/30,550,828 | 3h06m | 4.931 | — | — | — | —
03:46:34 | 4.4.1 | 3/11 | 4675/5425 |  26.02% | 7,948,800/30,550,828 | 3h06m | 4.475 | — | — | — | —
03:46:40 | 4.4.1 | 3/11 | 4700/5425 |  26.06% | 7,961,600/30,550,828 | 3h06m | 4.565 | — | — | — | —
03:46:47 | 4.4.1 | 3/11 | 4725/5425 |  26.10% | 7,974,400/30,550,828 | 3h06m | 4.725 | — | — | — | —
03:46:53 | 4.4.1 | 3/11 | 4750/5425 |  26.14% | 7,987,200/30,550,828 | 3h05m | 4.686 | — | — | — | —
03:46:59 | 4.4.1 | 3/11 | 4775/5425 |  26.18% | 8,000,000/30,550,828 | 3h05m | 4.762 | — | — | — | —
03:47:05 | 4.4.1 | 3/11 | 4800/5425 |  26.23% | 8,012,800/30,550,828 | 3h05m | 4.680 | — | — | — | —
03:47:11 | 4.4.1 | 3/11 | 4825/5425 |  26.27% | 8,025,600/30,550,828 | 3h05m | 4.489 | — | — | — | —
03:47:17 | 4.4.1 | 3/11 | 4850/5425 |  26.31% | 8,038,400/30,550,828 | 3h05m | 4.423 | — | — | — | —
03:47:24 | 4.4.1 | 3/11 | 4875/5425 |  26.35% | 8,051,200/30,550,828 | 3h05m | 5.207 | — | — | — | —
03:47:31 | 4.4.1 | 3/11 | 4900/5425 |  26.39% | 8,064,000/30,550,828 | 3h05m | 4.660 | — | — | — | —
03:47:37 | 4.4.1 | 3/11 | 4925/5425 |  26.43% | 8,076,800/30,550,828 | 3h05m | 4.534 | — | — | — | —
03:47:43 | 4.4.1 | 3/11 | 4950/5425 |  26.48% | 8,089,600/30,550,828 | 3h05m | 4.714 | — | — | — | —
03:47:50 | 4.4.1 | 3/11 | 4975/5425 |  26.52% | 8,102,400/30,550,828 | 3h04m | 4.829 | — | — | — | —
03:47:56 | 4.4.1 | 3/11 | 5000/5425 |  26.56% | 8,115,200/30,550,828 | 3h04m | 4.849 | — | — | — | —
03:48:02 | 4.4.1 | 3/11 | 5025/5425 |  26.60% | 8,128,000/30,550,828 | 3h04m | 4.863 | — | — | — | —
03:48:09 | 4.4.1 | 3/11 | 5050/5425 |  26.64% | 8,140,800/30,550,828 | 3h04m | 4.894 | — | — | — | —
03:48:16 | 4.4.1 | 3/11 | 5075/5425 |  26.69% | 8,153,600/30,550,828 | 3h04m | 4.495 | — | — | — | —
03:48:23 | 4.4.1 | 3/11 | 5100/5425 |  26.73% | 8,166,400/30,550,828 | 3h04m | 4.420 | — | — | — | —
03:48:29 | 4.4.1 | 3/11 | 5125/5425 |  26.77% | 8,179,200/30,550,828 | 3h04m | 4.770 | — | — | — | —
03:48:35 | 4.4.1 | 3/11 | 5150/5425 |  26.81% | 8,192,000/30,550,828 | 3h04m | 4.858 | — | — | — | —
03:48:41 | 4.4.1 | 3/11 | 5175/5425 |  26.85% | 8,204,800/30,550,828 | 3h04m | 4.714 | — | — | — | —
03:48:47 | 4.4.1 | 3/11 | 5200/5425 |  26.90% | 8,217,600/30,550,828 | 3h04m | 4.777 | — | — | — | —
03:48:53 | 4.4.1 | 3/11 | 5225/5425 |  26.94% | 8,230,400/30,550,828 | 3h03m | 5.098 | — | — | — | —
03:49:00 | 4.4.1 | 3/11 | 5250/5425 |  26.98% | 8,243,200/30,550,828 | 3h03m | 5.114 | — | — | — | —
03:49:06 | 4.4.1 | 3/11 | 5275/5425 |  27.02% | 8,256,000/30,550,828 | 3h03m | 4.999 | — | — | — | —
03:49:13 | 4.4.1 | 3/11 | 5300/5425 |  27.06% | 8,268,800/30,550,828 | 3h03m | 4.460 | — | — | — | —
03:49:19 | 4.4.1 | 3/11 | 5325/5425 |  27.11% | 8,281,600/30,550,828 | 3h03m | 4.615 | — | — | — | —
03:49:25 | 4.4.1 | 3/11 | 5350/5425 |  27.15% | 8,294,400/30,550,828 | 3h03m | 4.634 | — | — | — | —
03:49:31 | 4.4.1 | 3/11 | 5375/5425 |  27.19% | 8,307,200/30,550,828 | 3h03m | 4.438 | — | — | — | —
03:49:37 | 4.4.1 | 3/11 | 5400/5425 |  27.23% | 8,320,000/30,550,828 | 3h03m | 4.822 | — | — | — | —
03:49:43 | 4.4.1 | 3/11 | 5425/5425 |  27.27% | 8,332,800/30,550,828 | 3h03m | 4.865 | — | — | — | —
03:50:06 | validation | 3/11 | epoch-end |  27.27% | 8,332,044/30,550,828 | 3h04m | 4.761 |  55.60% |  44.90% |   8.15% | 1.514
03:50:06 | 4.4.1 | 4/11 | 1/5425 |  27.27% | 8,333,312/30,550,828 | 3h04m | 4.777 | — | — | — | —
03:50:12 | 4.4.1 | 4/11 | 25/5425 |  27.31% | 8,345,600/30,550,828 | 3h03m | 4.550 | — | — | — | —
03:50:18 | 4.4.1 | 4/11 | 50/5425 |  27.36% | 8,358,400/30,550,828 | 3h03m | 4.719 | — | — | — | —
03:50:24 | 4.4.1 | 4/11 | 75/5425 |  27.40% | 8,371,200/30,550,828 | 3h03m | 4.452 | — | — | — | —
03:50:31 | 4.4.1 | 4/11 | 100/5425 |  27.44% | 8,384,000/30,550,828 | 3h03m | 4.393 | — | — | — | —
03:50:37 | 4.4.1 | 4/11 | 125/5425 |  27.48% | 8,396,800/30,550,828 | 3h03m | 4.637 | — | — | — | —
03:50:43 | 4.4.1 | 4/11 | 150/5425 |  27.52% | 8,409,600/30,550,828 | 3h03m | 5.000 | — | — | — | —
03:50:50 | 4.4.1 | 4/11 | 175/5425 |  27.57% | 8,422,400/30,550,828 | 3h03m | 4.519 | — | — | — | —
03:50:57 | 4.4.1 | 4/11 | 200/5425 |  27.61% | 8,435,200/30,550,828 | 3h03m | 4.957 | — | — | — | —
03:51:03 | 4.4.1 | 4/11 | 225/5425 |  27.65% | 8,448,000/30,550,828 | 3h03m | 5.284 | — | — | — | —
03:51:08 | 4.4.1 | 4/11 | 250/5425 |  27.69% | 8,460,800/30,550,828 | 3h02m | 4.406 | — | — | — | —
03:51:14 | 4.4.1 | 4/11 | 275/5425 |  27.73% | 8,473,600/30,550,828 | 3h02m | 5.063 | — | — | — | —
03:51:20 | 4.4.1 | 4/11 | 300/5425 |  27.78% | 8,486,400/30,550,828 | 3h02m | 4.646 | — | — | — | —
03:51:26 | 4.4.1 | 4/11 | 325/5425 |  27.82% | 8,499,200/30,550,828 | 3h02m | 5.098 | — | — | — | —
03:51:32 | 4.4.1 | 4/11 | 350/5425 |  27.86% | 8,512,000/30,550,828 | 3h02m | 4.736 | — | — | — | —
03:51:39 | 4.4.1 | 4/11 | 375/5425 |  27.90% | 8,524,800/30,550,828 | 3h02m | 5.131 | — | — | — | —
03:51:45 | 4.4.1 | 4/11 | 400/5425 |  27.94% | 8,537,600/30,550,828 | 3h02m | 4.851 | — | — | — | —
03:51:51 | 4.4.1 | 4/11 | 425/5425 |  27.98% | 8,550,400/30,550,828 | 3h02m | 4.730 | — | — | — | —
03:51:57 | 4.4.1 | 4/11 | 450/5425 |  28.03% | 8,563,200/30,550,828 | 3h02m | 5.028 | — | — | — | —
03:52:03 | 4.4.1 | 4/11 | 475/5425 |  28.07% | 8,576,000/30,550,828 | 3h01m | 4.964 | — | — | — | —
03:52:09 | 4.4.1 | 4/11 | 500/5425 |  28.11% | 8,588,800/30,550,828 | 3h01m | 4.617 | — | — | — | —
03:52:15 | 4.4.1 | 4/11 | 525/5425 |  28.15% | 8,601,600/30,550,828 | 3h01m | 4.642 | — | — | — | —
03:52:21 | 4.4.1 | 4/11 | 550/5425 |  28.19% | 8,614,400/30,550,828 | 3h01m | 4.647 | — | — | — | —
03:52:27 | 4.4.1 | 4/11 | 575/5425 |  28.24% | 8,627,200/30,550,828 | 3h01m | 4.402 | — | — | — | —
03:52:33 | 4.4.1 | 4/11 | 600/5425 |  28.28% | 8,640,000/30,550,828 | 3h01m | 4.711 | — | — | — | —
03:52:39 | 4.4.1 | 4/11 | 625/5425 |  28.32% | 8,652,800/30,550,828 | 3h01m | 4.850 | — | — | — | —
03:52:45 | 4.4.1 | 4/11 | 650/5425 |  28.36% | 8,665,600/30,550,828 | 3h01m | 4.881 | — | — | — | —
03:52:51 | 4.4.1 | 4/11 | 675/5425 |  28.40% | 8,678,400/30,550,828 | 3h00m | 4.871 | — | — | — | —
03:52:57 | 4.4.1 | 4/11 | 700/5425 |  28.45% | 8,691,200/30,550,828 | 3h00m | 4.680 | — | — | — | —
03:53:03 | 4.4.1 | 4/11 | 725/5425 |  28.49% | 8,704,000/30,550,828 | 3h00m | 4.761 | — | — | — | —
03:53:08 | 4.4.1 | 4/11 | 750/5425 |  28.53% | 8,716,800/30,550,828 | 3h00m | 4.521 | — | — | — | —
03:53:14 | 4.4.1 | 4/11 | 775/5425 |  28.57% | 8,729,600/30,550,828 | 3h00m | 4.797 | — | — | — | —
03:53:21 | 4.4.1 | 4/11 | 800/5425 |  28.61% | 8,742,400/30,550,828 | 3h00m | 4.987 | — | — | — | —
03:53:27 | 4.4.1 | 4/11 | 825/5425 |  28.66% | 8,755,200/30,550,828 | 3h00m | 4.817 | — | — | — | —
03:53:33 | 4.4.1 | 4/11 | 850/5425 |  28.70% | 8,768,000/30,550,828 | 3h00m | 4.651 | — | — | — | —
03:53:39 | 4.4.1 | 4/11 | 875/5425 |  28.74% | 8,780,800/30,550,828 | 2h59m | 4.947 | — | — | — | —
03:53:45 | 4.4.1 | 4/11 | 900/5425 |  28.78% | 8,793,600/30,550,828 | 2h59m | 4.752 | — | — | — | —
03:53:51 | 4.4.1 | 4/11 | 925/5425 |  28.82% | 8,806,400/30,550,828 | 2h59m | 4.646 | — | — | — | —
03:53:57 | 4.4.1 | 4/11 | 950/5425 |  28.86% | 8,819,200/30,550,828 | 2h59m | 5.053 | — | — | — | —
03:54:03 | 4.4.1 | 4/11 | 975/5425 |  28.91% | 8,832,000/30,550,828 | 2h59m | 4.988 | — | — | — | —
03:54:09 | 4.4.1 | 4/11 | 1000/5425 |  28.95% | 8,844,800/30,550,828 | 2h59m | 4.628 | — | — | — | —
03:54:15 | 4.4.1 | 4/11 | 1025/5425 |  28.99% | 8,857,600/30,550,828 | 2h59m | 4.773 | — | — | — | —
03:54:21 | 4.4.1 | 4/11 | 1050/5425 |  29.03% | 8,870,400/30,550,828 | 2h59m | 4.446 | — | — | — | —
03:54:27 | 4.4.1 | 4/11 | 1075/5425 |  29.07% | 8,883,200/30,550,828 | 2h59m | 5.070 | — | — | — | —
03:54:33 | 4.4.1 | 4/11 | 1100/5425 |  29.12% | 8,896,000/30,550,828 | 2h58m | 4.685 | — | — | — | —
03:54:39 | 4.4.1 | 4/11 | 1125/5425 |  29.16% | 8,908,800/30,550,828 | 2h58m | 4.917 | — | — | — | —
03:54:45 | 4.4.1 | 4/11 | 1150/5425 |  29.20% | 8,921,600/30,550,828 | 2h58m | 4.827 | — | — | — | —
03:54:51 | 4.4.1 | 4/11 | 1175/5425 |  29.24% | 8,934,400/30,550,828 | 2h58m | 4.709 | — | — | — | —
03:54:57 | 4.4.1 | 4/11 | 1200/5425 |  29.28% | 8,947,200/30,550,828 | 2h58m | 4.684 | — | — | — | —
03:55:04 | 4.4.1 | 4/11 | 1225/5425 |  29.33% | 8,960,000/30,550,828 | 2h58m | 4.553 | — | — | — | —
03:55:10 | 4.4.1 | 4/11 | 1250/5425 |  29.37% | 8,972,800/30,550,828 | 2h58m | 4.747 | — | — | — | —
03:55:16 | 4.4.1 | 4/11 | 1275/5425 |  29.41% | 8,985,600/30,550,828 | 2h58m | 4.882 | — | — | — | —
03:55:21 | 4.4.1 | 4/11 | 1300/5425 |  29.45% | 8,998,400/30,550,828 | 2h57m | 5.096 | — | — | — | —
03:55:27 | 4.4.1 | 4/11 | 1325/5425 |  29.49% | 9,011,200/30,550,828 | 2h57m | 5.063 | — | — | — | —
03:55:33 | 4.4.1 | 4/11 | 1350/5425 |  29.53% | 9,024,000/30,550,828 | 2h57m | 5.086 | — | — | — | —
03:55:40 | 4.4.1 | 4/11 | 1375/5425 |  29.58% | 9,036,800/30,550,828 | 2h57m | 4.696 | — | — | — | —
03:55:46 | 4.4.1 | 4/11 | 1400/5425 |  29.62% | 9,049,600/30,550,828 | 2h57m | 4.540 | — | — | — | —
03:55:52 | 4.4.1 | 4/11 | 1425/5425 |  29.66% | 9,062,400/30,550,828 | 2h57m | 4.653 | — | — | — | —
03:55:58 | 4.4.1 | 4/11 | 1450/5425 |  29.70% | 9,075,200/30,550,828 | 2h57m | 4.765 | — | — | — | —
03:56:04 | 4.4.1 | 4/11 | 1475/5425 |  29.74% | 9,088,000/30,550,828 | 2h57m | 4.753 | — | — | — | —
03:56:09 | 4.4.1 | 4/11 | 1500/5425 |  29.79% | 9,100,800/30,550,828 | 2h56m | 4.387 | — | — | — | —
03:56:15 | 4.4.1 | 4/11 | 1525/5425 |  29.83% | 9,113,600/30,550,828 | 2h56m | 4.720 | — | — | — | —
03:56:21 | 4.4.1 | 4/11 | 1550/5425 |  29.87% | 9,126,400/30,550,828 | 2h56m | 4.631 | — | — | — | —
03:56:28 | 4.4.1 | 4/11 | 1575/5425 |  29.91% | 9,139,200/30,550,828 | 2h56m | 4.245 | — | — | — | —
03:56:34 | 4.4.1 | 4/11 | 1600/5425 |  29.95% | 9,152,000/30,550,828 | 2h56m | 4.639 | — | — | — | —
03:56:40 | 4.4.1 | 4/11 | 1625/5425 |  30.00% | 9,164,800/30,550,828 | 2h56m | 4.757 | — | — | — | —
03:56:46 | 4.4.1 | 4/11 | 1650/5425 |  30.04% | 9,177,600/30,550,828 | 2h56m | 4.651 | — | — | — | —
03:56:52 | 4.4.1 | 4/11 | 1675/5425 |  30.08% | 9,190,400/30,550,828 | 2h56m | 4.832 | — | — | — | —
03:56:58 | 4.4.1 | 4/11 | 1700/5425 |  30.12% | 9,203,200/30,550,828 | 2h56m | 4.979 | — | — | — | —
03:57:04 | 4.4.1 | 4/11 | 1725/5425 |  30.16% | 9,216,000/30,550,828 | 2h55m | 4.695 | — | — | — | —
03:57:10 | 4.4.1 | 4/11 | 1750/5425 |  30.21% | 9,228,800/30,550,828 | 2h55m | 4.642 | — | — | — | —
03:57:17 | 4.4.1 | 4/11 | 1775/5425 |  30.25% | 9,241,600/30,550,828 | 2h55m | 4.528 | — | — | — | —
03:57:22 | 4.4.1 | 4/11 | 1800/5425 |  30.29% | 9,254,400/30,550,828 | 2h55m | 4.428 | — | — | — | —
03:57:28 | 4.4.1 | 4/11 | 1825/5425 |  30.33% | 9,267,200/30,550,828 | 2h55m | 4.405 | — | — | — | —
03:57:34 | 4.4.1 | 4/11 | 1850/5425 |  30.37% | 9,280,000/30,550,828 | 2h55m | 4.601 | — | — | — | —
03:57:40 | 4.4.1 | 4/11 | 1875/5425 |  30.41% | 9,292,800/30,550,828 | 2h55m | 4.798 | — | — | — | —
03:57:46 | 4.4.1 | 4/11 | 1900/5425 |  30.46% | 9,305,600/30,550,828 | 2h55m | 5.072 | — | — | — | —
03:57:52 | 4.4.1 | 4/11 | 1925/5425 |  30.50% | 9,318,400/30,550,828 | 2h55m | 4.911 | — | — | — | —
03:57:59 | 4.4.1 | 4/11 | 1950/5425 |  30.54% | 9,331,200/30,550,828 | 2h54m | 4.624 | — | — | — | —
03:58:05 | 4.4.1 | 4/11 | 1975/5425 |  30.58% | 9,344,000/30,550,828 | 2h54m | 4.968 | — | — | — | —
03:58:11 | 4.4.1 | 4/11 | 2000/5425 |  30.62% | 9,356,800/30,550,828 | 2h54m | 4.797 | — | — | — | —
03:58:17 | 4.4.1 | 4/11 | 2025/5425 |  30.67% | 9,369,600/30,550,828 | 2h54m | 4.536 | — | — | — | —
03:58:23 | 4.4.1 | 4/11 | 2050/5425 |  30.71% | 9,382,400/30,550,828 | 2h54m | 4.953 | — | — | — | —
03:58:29 | 4.4.1 | 4/11 | 2075/5425 |  30.75% | 9,395,200/30,550,828 | 2h54m | 4.459 | — | — | — | —
03:58:36 | 4.4.1 | 4/11 | 2100/5425 |  30.79% | 9,408,000/30,550,828 | 2h54m | 4.348 | — | — | — | —
03:58:42 | 4.4.1 | 4/11 | 2125/5425 |  30.83% | 9,420,800/30,550,828 | 2h54m | 4.766 | — | — | — | —
03:58:48 | 4.4.1 | 4/11 | 2150/5425 |  30.88% | 9,433,600/30,550,828 | 2h54m | 4.581 | — | — | — | —
03:58:54 | 4.4.1 | 4/11 | 2175/5425 |  30.92% | 9,446,400/30,550,828 | 2h53m | 4.703 | — | — | — | —
03:59:01 | 4.4.1 | 4/11 | 2200/5425 |  30.96% | 9,459,200/30,550,828 | 2h53m | 4.721 | — | — | — | —
03:59:07 | 4.4.1 | 4/11 | 2225/5425 |  31.00% | 9,472,000/30,550,828 | 2h53m | 4.360 | — | — | — | —
03:59:13 | 4.4.1 | 4/11 | 2250/5425 |  31.04% | 9,484,800/30,550,828 | 2h53m | 4.726 | — | — | — | —
03:59:20 | 4.4.1 | 4/11 | 2275/5425 |  31.09% | 9,497,600/30,550,828 | 2h53m | 4.967 | — | — | — | —
03:59:26 | 4.4.1 | 4/11 | 2300/5425 |  31.13% | 9,510,400/30,550,828 | 2h53m | 4.851 | — | — | — | —
03:59:32 | 4.4.1 | 4/11 | 2325/5425 |  31.17% | 9,523,200/30,550,828 | 2h53m | 5.112 | — | — | — | —
03:59:38 | 4.4.1 | 4/11 | 2350/5425 |  31.21% | 9,536,000/30,550,828 | 2h53m | 4.778 | — | — | — | —
03:59:45 | 4.4.1 | 4/11 | 2375/5425 |  31.25% | 9,548,800/30,550,828 | 2h53m | 4.799 | — | — | — | —
03:59:51 | 4.4.1 | 4/11 | 2400/5425 |  31.29% | 9,561,600/30,550,828 | 2h52m | 4.605 | — | — | — | —
03:59:57 | 4.4.1 | 4/11 | 2425/5425 |  31.34% | 9,574,400/30,550,828 | 2h52m | 4.850 | — | — | — | —
04:00:04 | 4.4.1 | 4/11 | 2450/5425 |  31.38% | 9,587,200/30,550,828 | 2h52m | 4.313 | — | — | — | —
04:00:11 | 4.4.1 | 4/11 | 2475/5425 |  31.42% | 9,600,000/30,550,828 | 2h52m | 4.878 | — | — | — | —
04:00:17 | 4.4.1 | 4/11 | 2500/5425 |  31.46% | 9,612,800/30,550,828 | 2h52m | 4.336 | — | — | — | —
04:00:23 | 4.4.1 | 4/11 | 2525/5425 |  31.50% | 9,625,600/30,550,828 | 2h52m | 5.022 | — | — | — | —
04:00:29 | 4.4.1 | 4/11 | 2550/5425 |  31.55% | 9,638,400/30,550,828 | 2h52m | 4.843 | — | — | — | —
04:00:35 | 4.4.1 | 4/11 | 2575/5425 |  31.59% | 9,651,200/30,550,828 | 2h52m | 4.769 | — | — | — | —
04:00:41 | 4.4.1 | 4/11 | 2600/5425 |  31.63% | 9,664,000/30,550,828 | 2h52m | 4.645 | — | — | — | —
04:00:48 | 4.4.1 | 4/11 | 2625/5425 |  31.67% | 9,676,800/30,550,828 | 2h52m | 4.865 | — | — | — | —
04:00:55 | 4.4.1 | 4/11 | 2650/5425 |  31.71% | 9,689,600/30,550,828 | 2h51m | 4.900 | — | — | — | —
04:01:01 | 4.4.1 | 4/11 | 2675/5425 |  31.76% | 9,702,400/30,550,828 | 2h51m | 4.577 | — | — | — | —
04:01:07 | 4.4.1 | 4/11 | 2700/5425 |  31.80% | 9,715,200/30,550,828 | 2h51m | 4.672 | — | — | — | —
04:01:13 | 4.4.1 | 4/11 | 2725/5425 |  31.84% | 9,728,000/30,550,828 | 2h51m | 4.346 | — | — | — | —
04:01:19 | 4.4.1 | 4/11 | 2750/5425 |  31.88% | 9,740,800/30,550,828 | 2h51m | 4.463 | — | — | — | —
04:01:27 | 4.4.1 | 4/11 | 2775/5425 |  31.92% | 9,753,600/30,550,828 | 2h51m | 5.110 | — | — | — | —
04:01:34 | 4.4.1 | 4/11 | 2800/5425 |  31.96% | 9,766,400/30,550,828 | 2h51m | 5.039 | — | — | — | —
04:01:40 | 4.4.1 | 4/11 | 2825/5425 |  32.01% | 9,779,200/30,550,828 | 2h51m | 4.696 | — | — | — | —
04:01:47 | 4.4.1 | 4/11 | 2850/5425 |  32.05% | 9,792,000/30,550,828 | 2h51m | 4.753 | — | — | — | —
04:01:53 | 4.4.1 | 4/11 | 2875/5425 |  32.09% | 9,804,800/30,550,828 | 2h51m | 4.737 | — | — | — | —
04:01:59 | 4.4.1 | 4/11 | 2900/5425 |  32.13% | 9,817,600/30,550,828 | 2h50m | 5.125 | — | — | — | —
04:02:06 | 4.4.1 | 4/11 | 2925/5425 |  32.17% | 9,830,400/30,550,828 | 2h50m | 4.794 | — | — | — | —
04:02:13 | 4.4.1 | 4/11 | 2950/5425 |  32.22% | 9,843,200/30,550,828 | 2h50m | 4.892 | — | — | — | —
04:02:19 | 4.4.1 | 4/11 | 2975/5425 |  32.26% | 9,856,000/30,550,828 | 2h50m | 4.940 | — | — | — | —
04:02:25 | 4.4.1 | 4/11 | 3000/5425 |  32.30% | 9,868,800/30,550,828 | 2h50m | 4.902 | — | — | — | —
04:02:31 | 4.4.1 | 4/11 | 3025/5425 |  32.34% | 9,881,600/30,550,828 | 2h50m | 5.071 | — | — | — | —
04:02:37 | 4.4.1 | 4/11 | 3050/5425 |  32.38% | 9,894,400/30,550,828 | 2h50m | 4.701 | — | — | — | —
04:02:44 | 4.4.1 | 4/11 | 3075/5425 |  32.43% | 9,907,200/30,550,828 | 2h50m | 4.772 | — | — | — | —
04:02:51 | 4.4.1 | 4/11 | 3100/5425 |  32.47% | 9,920,000/30,550,828 | 2h50m | 4.730 | — | — | — | —
04:02:57 | 4.4.1 | 4/11 | 3125/5425 |  32.51% | 9,932,800/30,550,828 | 2h49m | 4.791 | — | — | — | —
04:03:03 | 4.4.1 | 4/11 | 3150/5425 |  32.55% | 9,945,600/30,550,828 | 2h49m | 4.931 | — | — | — | —
04:03:09 | 4.4.1 | 4/11 | 3175/5425 |  32.59% | 9,958,400/30,550,828 | 2h49m | 5.019 | — | — | — | —
04:03:15 | 4.4.1 | 4/11 | 3200/5425 |  32.64% | 9,971,200/30,550,828 | 2h49m | 4.642 | — | — | — | —
04:03:21 | 4.4.1 | 4/11 | 3225/5425 |  32.68% | 9,984,000/30,550,828 | 2h49m | 4.776 | — | — | — | —
04:03:28 | 4.4.1 | 4/11 | 3250/5425 |  32.72% | 9,996,800/30,550,828 | 2h49m | 4.770 | — | — | — | —
04:03:35 | 4.4.1 | 4/11 | 3275/5425 |  32.76% | 10,009,600/30,550,828 | 2h49m | 4.680 | — | — | — | —
04:03:41 | 4.4.1 | 4/11 | 3300/5425 |  32.80% | 10,022,400/30,550,828 | 2h49m | 4.993 | — | — | — | —
04:03:48 | 4.4.1 | 4/11 | 3325/5425 |  32.84% | 10,035,200/30,550,828 | 2h49m | 4.645 | — | — | — | —
04:03:55 | 4.4.1 | 4/11 | 3350/5425 |  32.89% | 10,048,000/30,550,828 | 2h49m | 4.894 | — | — | — | —
04:04:03 | 4.4.1 | 4/11 | 3375/5425 |  32.93% | 10,060,800/30,550,828 | 2h49m | 4.622 | — | — | — | —
04:04:10 | 4.4.1 | 4/11 | 3400/5425 |  32.97% | 10,073,600/30,550,828 | 2h48m | 4.945 | — | — | — | —
04:04:17 | 4.4.1 | 4/11 | 3425/5425 |  33.01% | 10,086,400/30,550,828 | 2h48m | 4.516 | — | — | — | —
04:04:24 | 4.4.1 | 4/11 | 3450/5425 |  33.05% | 10,099,200/30,550,828 | 2h48m | 5.213 | — | — | — | —
04:04:30 | 4.4.1 | 4/11 | 3475/5425 |  33.10% | 10,112,000/30,550,828 | 2h48m | 4.723 | — | — | — | —
04:04:37 | 4.4.1 | 4/11 | 3500/5425 |  33.14% | 10,124,800/30,550,828 | 2h48m | 4.810 | — | — | — | —
04:04:43 | 4.4.1 | 4/11 | 3525/5425 |  33.18% | 10,137,600/30,550,828 | 2h48m | 4.605 | — | — | — | —
04:04:49 | 4.4.1 | 4/11 | 3550/5425 |  33.22% | 10,150,400/30,550,828 | 2h48m | 4.621 | — | — | — | —
04:04:55 | 4.4.1 | 4/11 | 3575/5425 |  33.26% | 10,163,200/30,550,828 | 2h48m | 4.632 | — | — | — | —
04:05:01 | 4.4.1 | 4/11 | 3600/5425 |  33.31% | 10,176,000/30,550,828 | 2h48m | 4.502 | — | — | — | —
04:05:08 | 4.4.1 | 4/11 | 3625/5425 |  33.35% | 10,188,800/30,550,828 | 2h47m | 4.913 | — | — | — | —
04:05:14 | 4.4.1 | 4/11 | 3650/5425 |  33.39% | 10,201,600/30,550,828 | 2h47m | 4.494 | — | — | — | —
04:05:20 | 4.4.1 | 4/11 | 3675/5425 |  33.43% | 10,214,400/30,550,828 | 2h47m | 4.584 | — | — | — | —
04:05:26 | 4.4.1 | 4/11 | 3700/5425 |  33.47% | 10,227,200/30,550,828 | 2h47m | 5.032 | — | — | — | —
04:05:32 | 4.4.1 | 4/11 | 3725/5425 |  33.51% | 10,240,000/30,550,828 | 2h47m | 4.645 | — | — | — | —
04:05:38 | 4.4.1 | 4/11 | 3750/5425 |  33.56% | 10,252,800/30,550,828 | 2h47m | 4.830 | — | — | — | —
04:05:44 | 4.4.1 | 4/11 | 3775/5425 |  33.60% | 10,265,600/30,550,828 | 2h47m | 4.552 | — | — | — | —
04:05:50 | 4.4.1 | 4/11 | 3800/5425 |  33.64% | 10,278,400/30,550,828 | 2h47m | 4.791 | — | — | — | —
04:05:57 | 4.4.1 | 4/11 | 3825/5425 |  33.68% | 10,291,200/30,550,828 | 2h47m | 5.048 | — | — | — | —
04:06:02 | 4.4.1 | 4/11 | 3850/5425 |  33.72% | 10,304,000/30,550,828 | 2h46m | 4.493 | — | — | — | —
04:06:08 | 4.4.1 | 4/11 | 3875/5425 |  33.77% | 10,316,800/30,550,828 | 2h46m | 4.571 | — | — | — | —
04:06:14 | 4.4.1 | 4/11 | 3900/5425 |  33.81% | 10,329,600/30,550,828 | 2h46m | 4.920 | — | — | — | —
04:06:21 | 4.4.1 | 4/11 | 3925/5425 |  33.85% | 10,342,400/30,550,828 | 2h46m | 4.780 | — | — | — | —
04:06:27 | 4.4.1 | 4/11 | 3950/5425 |  33.89% | 10,355,200/30,550,828 | 2h46m | 4.587 | — | — | — | —
04:06:33 | 4.4.1 | 4/11 | 3975/5425 |  33.93% | 10,368,000/30,550,828 | 2h46m | 4.799 | — | — | — | —
04:06:39 | 4.4.1 | 4/11 | 4000/5425 |  33.98% | 10,380,800/30,550,828 | 2h46m | 5.162 | — | — | — | —
04:06:46 | 4.4.1 | 4/11 | 4025/5425 |  34.02% | 10,393,600/30,550,828 | 2h46m | 4.640 | — | — | — | —
04:06:52 | 4.4.1 | 4/11 | 4050/5425 |  34.06% | 10,406,400/30,550,828 | 2h46m | 4.813 | — | — | — | —
04:06:58 | 4.4.1 | 4/11 | 4075/5425 |  34.10% | 10,419,200/30,550,828 | 2h45m | 4.442 | — | — | — | —
04:07:04 | 4.4.1 | 4/11 | 4100/5425 |  34.14% | 10,432,000/30,550,828 | 2h45m | 5.091 | — | — | — | —
04:07:10 | 4.4.1 | 4/11 | 4125/5425 |  34.19% | 10,444,800/30,550,828 | 2h45m | 4.728 | — | — | — | —
04:07:16 | 4.4.1 | 4/11 | 4150/5425 |  34.23% | 10,457,600/30,550,828 | 2h45m | 4.787 | — | — | — | —
04:07:22 | 4.4.1 | 4/11 | 4175/5425 |  34.27% | 10,470,400/30,550,828 | 2h45m | 4.612 | — | — | — | —
04:07:28 | 4.4.1 | 4/11 | 4200/5425 |  34.31% | 10,483,200/30,550,828 | 2h45m | 4.979 | — | — | — | —
04:07:34 | 4.4.1 | 4/11 | 4225/5425 |  34.35% | 10,496,000/30,550,828 | 2h45m | 4.960 | — | — | — | —
04:07:40 | 4.4.1 | 4/11 | 4250/5425 |  34.39% | 10,508,800/30,550,828 | 2h45m | 4.847 | — | — | — | —
04:07:46 | 4.4.1 | 4/11 | 4275/5425 |  34.44% | 10,521,600/30,550,828 | 2h45m | 4.522 | — | — | — | —
04:07:52 | 4.4.1 | 4/11 | 4300/5425 |  34.48% | 10,534,400/30,550,828 | 2h44m | 4.828 | — | — | — | —
04:07:58 | 4.4.1 | 4/11 | 4325/5425 |  34.52% | 10,547,200/30,550,828 | 2h44m | 4.232 | — | — | — | —
04:08:04 | 4.4.1 | 4/11 | 4350/5425 |  34.56% | 10,560,000/30,550,828 | 2h44m | 4.516 | — | — | — | —
04:08:10 | 4.4.1 | 4/11 | 4375/5425 |  34.60% | 10,572,800/30,550,828 | 2h44m | 4.657 | — | — | — | —
04:08:16 | 4.4.1 | 4/11 | 4400/5425 |  34.65% | 10,585,600/30,550,828 | 2h44m | 4.633 | — | — | — | —
04:08:22 | 4.4.1 | 4/11 | 4425/5425 |  34.69% | 10,598,400/30,550,828 | 2h44m | 4.635 | — | — | — | —
04:08:28 | 4.4.1 | 4/11 | 4450/5425 |  34.73% | 10,611,200/30,550,828 | 2h44m | 4.640 | — | — | — | —
04:08:33 | 4.4.1 | 4/11 | 4475/5425 |  34.77% | 10,624,000/30,550,828 | 2h44m | 4.701 | — | — | — | —
04:08:39 | 4.4.1 | 4/11 | 4500/5425 |  34.81% | 10,636,800/30,550,828 | 2h43m | 5.291 | — | — | — | —
04:08:45 | 4.4.1 | 4/11 | 4525/5425 |  34.86% | 10,649,600/30,550,828 | 2h43m | 4.518 | — | — | — | —
04:08:51 | 4.4.1 | 4/11 | 4550/5425 |  34.90% | 10,662,400/30,550,828 | 2h43m | 4.785 | — | — | — | —
04:08:57 | 4.4.1 | 4/11 | 4575/5425 |  34.94% | 10,675,200/30,550,828 | 2h43m | 4.781 | — | — | — | —
04:09:03 | 4.4.1 | 4/11 | 4600/5425 |  34.98% | 10,688,000/30,550,828 | 2h43m | 4.838 | — | — | — | —
04:09:09 | 4.4.1 | 4/11 | 4625/5425 |  35.02% | 10,700,800/30,550,828 | 2h43m | 4.721 | — | — | — | —
04:09:15 | 4.4.1 | 4/11 | 4650/5425 |  35.06% | 10,713,600/30,550,828 | 2h43m | 4.926 | — | — | — | —
04:09:22 | 4.4.1 | 4/11 | 4675/5425 |  35.11% | 10,726,400/30,550,828 | 2h43m | 4.814 | — | — | — | —
04:09:29 | 4.4.1 | 4/11 | 4700/5425 |  35.15% | 10,739,200/30,550,828 | 2h43m | 4.602 | — | — | — | —
04:09:36 | 4.4.1 | 4/11 | 4725/5425 |  35.19% | 10,752,000/30,550,828 | 2h43m | 4.444 | — | — | — | —
04:09:45 | 4.4.1 | 4/11 | 4750/5425 |  35.23% | 10,764,800/30,550,828 | 2h42m | 4.420 | — | — | — | —
04:09:55 | 4.4.1 | 4/11 | 4775/5425 |  35.27% | 10,777,600/30,550,828 | 2h43m | 4.812 | — | — | — | —
04:10:02 | 4.4.1 | 4/11 | 4800/5425 |  35.32% | 10,790,400/30,550,828 | 2h42m | 4.701 | — | — | — | —
04:10:10 | 4.4.1 | 4/11 | 4825/5425 |  35.36% | 10,803,200/30,550,828 | 2h42m | 4.840 | — | — | — | —
04:10:16 | 4.4.1 | 4/11 | 4850/5425 |  35.40% | 10,816,000/30,550,828 | 2h42m | 4.978 | — | — | — | —
04:10:22 | 4.4.1 | 4/11 | 4875/5425 |  35.44% | 10,828,800/30,550,828 | 2h42m | 4.427 | — | — | — | —
04:10:28 | 4.4.1 | 4/11 | 4900/5425 |  35.48% | 10,841,600/30,550,828 | 2h42m | 4.641 | — | — | — | —
04:10:34 | 4.4.1 | 4/11 | 4925/5425 |  35.53% | 10,854,400/30,550,828 | 2h42m | 4.480 | — | — | — | —
04:10:40 | 4.4.1 | 4/11 | 4950/5425 |  35.57% | 10,867,200/30,550,828 | 2h42m | 4.573 | — | — | — | —
04:10:46 | 4.4.1 | 4/11 | 4975/5425 |  35.61% | 10,880,000/30,550,828 | 2h42m | 4.814 | — | — | — | —
04:10:52 | 4.4.1 | 4/11 | 5000/5425 |  35.65% | 10,892,800/30,550,828 | 2h42m | 4.283 | — | — | — | —
04:10:58 | 4.4.1 | 4/11 | 5025/5425 |  35.69% | 10,905,600/30,550,828 | 2h41m | 4.626 | — | — | — | —
04:11:04 | 4.4.1 | 4/11 | 5050/5425 |  35.74% | 10,918,400/30,550,828 | 2h41m | 4.942 | — | — | — | —
04:11:10 | 4.4.1 | 4/11 | 5075/5425 |  35.78% | 10,931,200/30,550,828 | 2h41m | 4.856 | — | — | — | —
04:11:16 | 4.4.1 | 4/11 | 5100/5425 |  35.82% | 10,944,000/30,550,828 | 2h41m | 4.688 | — | — | — | —
04:11:22 | 4.4.1 | 4/11 | 5125/5425 |  35.86% | 10,956,800/30,550,828 | 2h41m | 4.427 | — | — | — | —
04:11:28 | 4.4.1 | 4/11 | 5150/5425 |  35.90% | 10,969,600/30,550,828 | 2h41m | 4.783 | — | — | — | —
04:11:33 | 4.4.1 | 4/11 | 5175/5425 |  35.94% | 10,982,400/30,550,828 | 2h41m | 4.918 | — | — | — | —
04:11:39 | 4.4.1 | 4/11 | 5200/5425 |  35.99% | 10,995,200/30,550,828 | 2h41m | 4.734 | — | — | — | —
04:11:45 | 4.4.1 | 4/11 | 5225/5425 |  36.03% | 11,008,000/30,550,828 | 2h41m | 4.706 | — | — | — | —
04:11:51 | 4.4.1 | 4/11 | 5250/5425 |  36.07% | 11,020,800/30,550,828 | 2h40m | 5.186 | — | — | — | —
04:11:57 | 4.4.1 | 4/11 | 5275/5425 |  36.11% | 11,033,600/30,550,828 | 2h40m | 4.547 | — | — | — | —
04:12:03 | 4.4.1 | 4/11 | 5300/5425 |  36.15% | 11,046,400/30,550,828 | 2h40m | 4.719 | — | — | — | —
04:12:09 | 4.4.1 | 4/11 | 5325/5425 |  36.20% | 11,059,200/30,550,828 | 2h40m | 4.418 | — | — | — | —
04:12:15 | 4.4.1 | 4/11 | 5350/5425 |  36.24% | 11,072,000/30,550,828 | 2h40m | 4.702 | — | — | — | —
04:12:21 | 4.4.1 | 4/11 | 5375/5425 |  36.28% | 11,084,800/30,550,828 | 2h40m | 4.905 | — | — | — | —
04:12:27 | 4.4.1 | 4/11 | 5400/5425 |  36.32% | 11,097,600/30,550,828 | 2h40m | 5.012 | — | — | — | —
04:13:25 | 4.4.1 | 4/11 | 5425/5425 |  36.36% | 11,110,400/30,550,828 | 2h41m | 4.461 | — | — | — | —
04:14:41 | validation | 4/11 | epoch-end |  36.36% | 11,109,392/30,550,828 | 2h43m | 4.744 |  55.87% |  45.16% |   8.64% | 1.503
04:14:41 | 4.4.1 | 5/11 | 1/5425 |  36.37% | 11,110,912/30,550,828 | 2h43m | 4.637 | — | — | — | —
04:14:47 | 4.4.1 | 5/11 | 25/5425 |  36.41% | 11,123,200/30,550,828 | 2h43m | 5.078 | — | — | — | —
04:14:53 | 4.4.1 | 5/11 | 50/5425 |  36.45% | 11,136,000/30,550,828 | 2h43m | 4.872 | — | — | — | —
04:14:58 | 4.4.1 | 5/11 | 75/5425 |  36.49% | 11,148,800/30,550,828 | 2h43m | 4.422 | — | — | — | —
04:15:04 | 4.4.1 | 5/11 | 100/5425 |  36.53% | 11,161,600/30,550,828 | 2h43m | 4.638 | — | — | — | —
04:15:10 | 4.4.1 | 5/11 | 125/5425 |  36.57% | 11,174,400/30,550,828 | 2h43m | 4.878 | — | — | — | —
04:15:16 | 4.4.1 | 5/11 | 150/5425 |  36.61% | 11,187,200/30,550,828 | 2h43m | 4.870 | — | — | — | —
04:15:22 | 4.4.1 | 5/11 | 175/5425 |  36.66% | 11,200,000/30,550,828 | 2h42m | 4.779 | — | — | — | —
04:15:28 | 4.4.1 | 5/11 | 200/5425 |  36.70% | 11,212,800/30,550,828 | 2h42m | 4.527 | — | — | — | —
04:15:33 | 4.4.1 | 5/11 | 225/5425 |  36.74% | 11,225,600/30,550,828 | 2h42m | 4.662 | — | — | — | —
04:15:39 | 4.4.1 | 5/11 | 250/5425 |  36.78% | 11,238,400/30,550,828 | 2h42m | 4.240 | — | — | — | —
04:15:45 | 4.4.1 | 5/11 | 275/5425 |  36.82% | 11,251,200/30,550,828 | 2h42m | 4.715 | — | — | — | —
04:15:51 | 4.4.1 | 5/11 | 300/5425 |  36.87% | 11,264,000/30,550,828 | 2h42m | 4.343 | — | — | — | —
04:15:57 | 4.4.1 | 5/11 | 325/5425 |  36.91% | 11,276,800/30,550,828 | 2h42m | 4.424 | — | — | — | —
04:16:03 | 4.4.1 | 5/11 | 350/5425 |  36.95% | 11,289,600/30,550,828 | 2h42m | 4.589 | — | — | — | —
04:16:09 | 4.4.1 | 5/11 | 375/5425 |  36.99% | 11,302,400/30,550,828 | 2h41m | 4.619 | — | — | — | —
04:16:15 | 4.4.1 | 5/11 | 400/5425 |  37.03% | 11,315,200/30,550,828 | 2h41m | 4.780 | — | — | — | —
04:16:20 | 4.4.1 | 5/11 | 425/5425 |  37.08% | 11,328,000/30,550,828 | 2h41m | 5.165 | — | — | — | —
04:16:26 | 4.4.1 | 5/11 | 450/5425 |  37.12% | 11,340,800/30,550,828 | 2h41m | 4.634 | — | — | — | —
04:16:32 | 4.4.1 | 5/11 | 475/5425 |  37.16% | 11,353,600/30,550,828 | 2h41m | 4.848 | — | — | — | —
04:16:38 | 4.4.1 | 5/11 | 500/5425 |  37.20% | 11,366,400/30,550,828 | 2h41m | 4.509 | — | — | — | —
04:16:44 | 4.4.1 | 5/11 | 525/5425 |  37.24% | 11,379,200/30,550,828 | 2h41m | 4.434 | — | — | — | —
04:16:50 | 4.4.1 | 5/11 | 550/5425 |  37.29% | 11,392,000/30,550,828 | 2h41m | 4.539 | — | — | — | —
04:16:55 | 4.4.1 | 5/11 | 575/5425 |  37.33% | 11,404,800/30,550,828 | 2h40m | 4.920 | — | — | — | —
04:17:01 | 4.4.1 | 5/11 | 600/5425 |  37.37% | 11,417,600/30,550,828 | 2h40m | 4.957 | — | — | — | —
04:17:07 | 4.4.1 | 5/11 | 625/5425 |  37.41% | 11,430,400/30,550,828 | 2h40m | 4.548 | — | — | — | —
04:17:13 | 4.4.1 | 5/11 | 650/5425 |  37.45% | 11,443,200/30,550,828 | 2h40m | 5.040 | — | — | — | —
04:17:19 | 4.4.1 | 5/11 | 675/5425 |  37.49% | 11,456,000/30,550,828 | 2h40m | 4.901 | — | — | — | —
04:17:25 | 4.4.1 | 5/11 | 700/5425 |  37.54% | 11,468,800/30,550,828 | 2h40m | 4.343 | — | — | — | —
04:17:30 | 4.4.1 | 5/11 | 725/5425 |  37.58% | 11,481,600/30,550,828 | 2h40m | 4.891 | — | — | — | —
04:17:36 | 4.4.1 | 5/11 | 750/5425 |  37.62% | 11,494,400/30,550,828 | 2h40m | 4.714 | — | — | — | —
04:17:42 | 4.4.1 | 5/11 | 775/5425 |  37.66% | 11,507,200/30,550,828 | 2h39m | 4.537 | — | — | — | —
04:17:48 | 4.4.1 | 5/11 | 800/5425 |  37.70% | 11,520,000/30,550,828 | 2h39m | 4.540 | — | — | — | —
04:17:54 | 4.4.1 | 5/11 | 825/5425 |  37.75% | 11,532,800/30,550,828 | 2h39m | 5.096 | — | — | — | —
04:18:00 | 4.4.1 | 5/11 | 850/5425 |  37.79% | 11,545,600/30,550,828 | 2h39m | 4.052 | — | — | — | —
04:18:06 | 4.4.1 | 5/11 | 875/5425 |  37.83% | 11,558,400/30,550,828 | 2h39m | 4.648 | — | — | — | —
04:18:12 | 4.4.1 | 5/11 | 900/5425 |  37.87% | 11,571,200/30,550,828 | 2h39m | 5.211 | — | — | — | —
04:18:17 | 4.4.1 | 5/11 | 925/5425 |  37.91% | 11,584,000/30,550,828 | 2h39m | 4.275 | — | — | — | —
04:18:23 | 4.4.1 | 5/11 | 950/5425 |  37.96% | 11,596,800/30,550,828 | 2h39m | 4.983 | — | — | — | —
04:18:29 | 4.4.1 | 5/11 | 975/5425 |  38.00% | 11,609,600/30,550,828 | 2h38m | 4.449 | — | — | — | —
04:18:35 | 4.4.1 | 5/11 | 1000/5425 |  38.04% | 11,622,400/30,550,828 | 2h38m | 4.596 | — | — | — | —
04:18:41 | 4.4.1 | 5/11 | 1025/5425 |  38.08% | 11,635,200/30,550,828 | 2h38m | 4.959 | — | — | — | —
04:18:47 | 4.4.1 | 5/11 | 1050/5425 |  38.12% | 11,648,000/30,550,828 | 2h38m | 4.850 | — | — | — | —
04:18:52 | 4.4.1 | 5/11 | 1075/5425 |  38.17% | 11,660,800/30,550,828 | 2h38m | 4.701 | — | — | — | —
04:18:58 | 4.4.1 | 5/11 | 1100/5425 |  38.21% | 11,673,600/30,550,828 | 2h38m | 4.666 | — | — | — | —
04:19:04 | 4.4.1 | 5/11 | 1125/5425 |  38.25% | 11,686,400/30,550,828 | 2h38m | 4.501 | — | — | — | —
04:19:10 | 4.4.1 | 5/11 | 1150/5425 |  38.29% | 11,699,200/30,550,828 | 2h38m | 4.553 | — | — | — | —
04:19:16 | 4.4.1 | 5/11 | 1175/5425 |  38.33% | 11,712,000/30,550,828 | 2h37m | 4.987 | — | — | — | —
04:19:22 | 4.4.1 | 5/11 | 1200/5425 |  38.37% | 11,724,800/30,550,828 | 2h37m | 4.665 | — | — | — | —
04:19:28 | 4.4.1 | 5/11 | 1225/5425 |  38.42% | 11,737,600/30,550,828 | 2h37m | 4.369 | — | — | — | —
04:19:34 | 4.4.1 | 5/11 | 1250/5425 |  38.46% | 11,750,400/30,550,828 | 2h37m | 4.728 | — | — | — | —
04:19:39 | 4.4.1 | 5/11 | 1275/5425 |  38.50% | 11,763,200/30,550,828 | 2h37m | 4.793 | — | — | — | —
04:19:45 | 4.4.1 | 5/11 | 1300/5425 |  38.54% | 11,776,000/30,550,828 | 2h37m | 4.715 | — | — | — | —
04:19:51 | 4.4.1 | 5/11 | 1325/5425 |  38.58% | 11,788,800/30,550,828 | 2h37m | 4.966 | — | — | — | —
04:19:57 | 4.4.1 | 5/11 | 1350/5425 |  38.63% | 11,801,600/30,550,828 | 2h37m | 4.936 | — | — | — | —
04:20:03 | 4.4.1 | 5/11 | 1375/5425 |  38.67% | 11,814,400/30,550,828 | 2h36m | 4.561 | — | — | — | —
04:20:08 | 4.4.1 | 5/11 | 1400/5425 |  38.71% | 11,827,200/30,550,828 | 2h36m | 4.562 | — | — | — | —
04:20:14 | 4.4.1 | 5/11 | 1425/5425 |  38.75% | 11,840,000/30,550,828 | 2h36m | 4.394 | — | — | — | —
04:20:20 | 4.4.1 | 5/11 | 1450/5425 |  38.79% | 11,852,800/30,550,828 | 2h36m | 4.421 | — | — | — | —
04:20:26 | 4.4.1 | 5/11 | 1475/5425 |  38.84% | 11,865,600/30,550,828 | 2h36m | 4.802 | — | — | — | —
04:20:32 | 4.4.1 | 5/11 | 1500/5425 |  38.88% | 11,878,400/30,550,828 | 2h36m | 4.762 | — | — | — | —
04:20:38 | 4.4.1 | 5/11 | 1525/5425 |  38.92% | 11,891,200/30,550,828 | 2h36m | 5.245 | — | — | — | —
04:20:44 | 4.4.1 | 5/11 | 1550/5425 |  38.96% | 11,904,000/30,550,828 | 2h36m | 4.966 | — | — | — | —
04:20:49 | 4.4.1 | 5/11 | 1575/5425 |  39.00% | 11,916,800/30,550,828 | 2h35m | 5.022 | — | — | — | —
04:20:55 | 4.4.1 | 5/11 | 1600/5425 |  39.04% | 11,929,600/30,550,828 | 2h35m | 4.920 | — | — | — | —
04:21:01 | 4.4.1 | 5/11 | 1625/5425 |  39.09% | 11,942,400/30,550,828 | 2h35m | 4.754 | — | — | — | —
04:21:07 | 4.4.1 | 5/11 | 1650/5425 |  39.13% | 11,955,200/30,550,828 | 2h35m | 4.930 | — | — | — | —
04:21:13 | 4.4.1 | 5/11 | 1675/5425 |  39.17% | 11,968,000/30,550,828 | 2h35m | 4.771 | — | — | — | —
04:21:19 | 4.4.1 | 5/11 | 1700/5425 |  39.21% | 11,980,800/30,550,828 | 2h35m | 5.067 | — | — | — | —
04:21:24 | 4.4.1 | 5/11 | 1725/5425 |  39.25% | 11,993,600/30,550,828 | 2h35m | 4.645 | — | — | — | —
04:21:30 | 4.4.1 | 5/11 | 1750/5425 |  39.30% | 12,006,400/30,550,828 | 2h35m | 4.536 | — | — | — | —
04:21:36 | 4.4.1 | 5/11 | 1775/5425 |  39.34% | 12,019,200/30,550,828 | 2h35m | 4.976 | — | — | — | —
04:21:42 | 4.4.1 | 5/11 | 1800/5425 |  39.38% | 12,032,000/30,550,828 | 2h34m | 5.006 | — | — | — | —
04:21:48 | 4.4.1 | 5/11 | 1825/5425 |  39.42% | 12,044,800/30,550,828 | 2h34m | 5.099 | — | — | — | —
04:21:54 | 4.4.1 | 5/11 | 1850/5425 |  39.46% | 12,057,600/30,550,828 | 2h34m | 4.238 | — | — | — | —
04:21:59 | 4.4.1 | 5/11 | 1875/5425 |  39.51% | 12,070,400/30,550,828 | 2h34m | 4.731 | — | — | — | —
04:22:05 | 4.4.1 | 5/11 | 1900/5425 |  39.55% | 12,083,200/30,550,828 | 2h34m | 4.692 | — | — | — | —
04:22:11 | 4.4.1 | 5/11 | 1925/5425 |  39.59% | 12,096,000/30,550,828 | 2h34m | 4.576 | — | — | — | —
04:22:17 | 4.4.1 | 5/11 | 1950/5425 |  39.63% | 12,108,800/30,550,828 | 2h34m | 5.000 | — | — | — | —
04:22:23 | 4.4.1 | 5/11 | 1975/5425 |  39.67% | 12,121,600/30,550,828 | 2h34m | 5.054 | — | — | — | —
04:22:29 | 4.4.1 | 5/11 | 2000/5425 |  39.72% | 12,134,400/30,550,828 | 2h33m | 4.513 | — | — | — | —
04:22:34 | 4.4.1 | 5/11 | 2025/5425 |  39.76% | 12,147,200/30,550,828 | 2h33m | 4.693 | — | — | — | —
04:22:40 | 4.4.1 | 5/11 | 2050/5425 |  39.80% | 12,160,000/30,550,828 | 2h33m | 4.393 | — | — | — | —
04:22:46 | 4.4.1 | 5/11 | 2075/5425 |  39.84% | 12,172,800/30,550,828 | 2h33m | 4.439 | — | — | — | —
04:22:52 | 4.4.1 | 5/11 | 2100/5425 |  39.88% | 12,185,600/30,550,828 | 2h33m | 4.686 | — | — | — | —
04:22:58 | 4.4.1 | 5/11 | 2125/5425 |  39.92% | 12,198,400/30,550,828 | 2h33m | 4.962 | — | — | — | —
04:23:04 | 4.4.1 | 5/11 | 2150/5425 |  39.97% | 12,211,200/30,550,828 | 2h33m | 4.929 | — | — | — | —
04:23:10 | 4.4.1 | 5/11 | 2175/5425 |  40.01% | 12,224,000/30,550,828 | 2h33m | 4.755 | — | — | — | —
04:23:15 | 4.4.1 | 5/11 | 2200/5425 |  40.05% | 12,236,800/30,550,828 | 2h32m | 4.625 | — | — | — | —
04:23:21 | 4.4.1 | 5/11 | 2225/5425 |  40.09% | 12,249,600/30,550,828 | 2h32m | 4.705 | — | — | — | —
04:23:27 | 4.4.1 | 5/11 | 2250/5425 |  40.13% | 12,262,400/30,550,828 | 2h32m | 5.008 | — | — | — | —
04:23:33 | 4.4.1 | 5/11 | 2275/5425 |  40.18% | 12,275,200/30,550,828 | 2h32m | 4.592 | — | — | — | —
04:23:39 | 4.4.1 | 5/11 | 2300/5425 |  40.22% | 12,288,000/30,550,828 | 2h32m | 4.213 | — | — | — | —
04:23:45 | 4.4.1 | 5/11 | 2325/5425 |  40.26% | 12,300,800/30,550,828 | 2h32m | 4.671 | — | — | — | —
04:23:50 | 4.4.1 | 5/11 | 2350/5425 |  40.30% | 12,313,600/30,550,828 | 2h32m | 4.851 | — | — | — | —
04:23:56 | 4.4.1 | 5/11 | 2375/5425 |  40.34% | 12,326,400/30,550,828 | 2h32m | 4.933 | — | — | — | —
04:24:02 | 4.4.1 | 5/11 | 2400/5425 |  40.39% | 12,339,200/30,550,828 | 2h31m | 4.767 | — | — | — | —
04:24:08 | 4.4.1 | 5/11 | 2425/5425 |  40.43% | 12,352,000/30,550,828 | 2h31m | 5.564 | — | — | — | —
04:24:14 | 4.4.1 | 5/11 | 2450/5425 |  40.47% | 12,364,800/30,550,828 | 2h31m | 5.113 | — | — | — | —
04:24:20 | 4.4.1 | 5/11 | 2475/5425 |  40.51% | 12,377,600/30,550,828 | 2h31m | 4.472 | — | — | — | —
04:24:26 | 4.4.1 | 5/11 | 2500/5425 |  40.55% | 12,390,400/30,550,828 | 2h31m | 4.614 | — | — | — | —
04:24:31 | 4.4.1 | 5/11 | 2525/5425 |  40.59% | 12,403,200/30,550,828 | 2h31m | 4.647 | — | — | — | —
04:24:37 | 4.4.1 | 5/11 | 2550/5425 |  40.64% | 12,416,000/30,550,828 | 2h31m | 4.514 | — | — | — | —
04:24:43 | 4.4.1 | 5/11 | 2575/5425 |  40.68% | 12,428,800/30,550,828 | 2h31m | 4.651 | — | — | — | —
04:24:49 | 4.4.1 | 5/11 | 2600/5425 |  40.72% | 12,441,600/30,550,828 | 2h31m | 4.594 | — | — | — | —
04:24:55 | 4.4.1 | 5/11 | 2625/5425 |  40.76% | 12,454,400/30,550,828 | 2h30m | 4.822 | — | — | — | —
04:25:01 | 4.4.1 | 5/11 | 2650/5425 |  40.80% | 12,467,200/30,550,828 | 2h30m | 4.806 | — | — | — | —
04:25:07 | 4.4.1 | 5/11 | 2675/5425 |  40.85% | 12,480,000/30,550,828 | 2h30m | 4.821 | — | — | — | —
04:25:13 | 4.4.1 | 5/11 | 2700/5425 |  40.89% | 12,492,800/30,550,828 | 2h30m | 4.753 | — | — | — | —
04:25:18 | 4.4.1 | 5/11 | 2725/5425 |  40.93% | 12,505,600/30,550,828 | 2h30m | 4.724 | — | — | — | —
04:25:24 | 4.4.1 | 5/11 | 2750/5425 |  40.97% | 12,518,400/30,550,828 | 2h30m | 4.837 | — | — | — | —
04:25:30 | 4.4.1 | 5/11 | 2775/5425 |  41.01% | 12,531,200/30,550,828 | 2h30m | 4.501 | — | — | — | —
04:25:36 | 4.4.1 | 5/11 | 2800/5425 |  41.06% | 12,544,000/30,550,828 | 2h30m | 4.529 | — | — | — | —
04:25:42 | 4.4.1 | 5/11 | 2825/5425 |  41.10% | 12,556,800/30,550,828 | 2h29m | 4.555 | — | — | — | —
04:25:48 | 4.4.1 | 5/11 | 2850/5425 |  41.14% | 12,569,600/30,550,828 | 2h29m | 4.598 | — | — | — | —
04:25:53 | 4.4.1 | 5/11 | 2875/5425 |  41.18% | 12,582,400/30,550,828 | 2h29m | 4.912 | — | — | — | —
04:26:00 | 4.4.1 | 5/11 | 2900/5425 |  41.22% | 12,595,200/30,550,828 | 2h29m | 4.805 | — | — | — | —
04:26:05 | 4.4.1 | 5/11 | 2925/5425 |  41.27% | 12,608,000/30,550,828 | 2h29m | 4.719 | — | — | — | —
04:26:11 | 4.4.1 | 5/11 | 2950/5425 |  41.31% | 12,620,800/30,550,828 | 2h29m | 4.478 | — | — | — | —
04:26:17 | 4.4.1 | 5/11 | 2975/5425 |  41.35% | 12,633,600/30,550,828 | 2h29m | 4.764 | — | — | — | —
04:26:23 | 4.4.1 | 5/11 | 3000/5425 |  41.39% | 12,646,400/30,550,828 | 2h29m | 4.943 | — | — | — | —
04:26:29 | 4.4.1 | 5/11 | 3025/5425 |  41.43% | 12,659,200/30,550,828 | 2h28m | 4.945 | — | — | — | —
04:26:35 | 4.4.1 | 5/11 | 3050/5425 |  41.47% | 12,672,000/30,550,828 | 2h28m | 4.683 | — | — | — | —
04:26:41 | 4.4.1 | 5/11 | 3075/5425 |  41.52% | 12,684,800/30,550,828 | 2h28m | 4.720 | — | — | — | —
04:26:46 | 4.4.1 | 5/11 | 3100/5425 |  41.56% | 12,697,600/30,550,828 | 2h28m | 4.301 | — | — | — | —
04:26:52 | 4.4.1 | 5/11 | 3125/5425 |  41.60% | 12,710,400/30,550,828 | 2h28m | 4.835 | — | — | — | —
04:26:58 | 4.4.1 | 5/11 | 3150/5425 |  41.64% | 12,723,200/30,550,828 | 2h28m | 4.692 | — | — | — | —
04:27:04 | 4.4.1 | 5/11 | 3175/5425 |  41.68% | 12,736,000/30,550,828 | 2h28m | 4.640 | — | — | — | —
04:27:10 | 4.4.1 | 5/11 | 3200/5425 |  41.73% | 12,748,800/30,550,828 | 2h28m | 4.778 | — | — | — | —
04:27:16 | 4.4.1 | 5/11 | 3225/5425 |  41.77% | 12,761,600/30,550,828 | 2h28m | 5.144 | — | — | — | —
04:27:21 | 4.4.1 | 5/11 | 3250/5425 |  41.81% | 12,774,400/30,550,828 | 2h27m | 4.597 | — | — | — | —
04:27:27 | 4.4.1 | 5/11 | 3275/5425 |  41.85% | 12,787,200/30,550,828 | 2h27m | 4.761 | — | — | — | —
04:27:33 | 4.4.1 | 5/11 | 3300/5425 |  41.89% | 12,800,000/30,550,828 | 2h27m | 4.762 | — | — | — | —
04:27:39 | 4.4.1 | 5/11 | 3325/5425 |  41.94% | 12,812,800/30,550,828 | 2h27m | 4.820 | — | — | — | —
04:27:45 | 4.4.1 | 5/11 | 3350/5425 |  41.98% | 12,825,600/30,550,828 | 2h27m | 4.675 | — | — | — | —
04:27:51 | 4.4.1 | 5/11 | 3375/5425 |  42.02% | 12,838,400/30,550,828 | 2h27m | 5.109 | — | — | — | —
04:27:56 | 4.4.1 | 5/11 | 3400/5425 |  42.06% | 12,851,200/30,550,828 | 2h27m | 4.770 | — | — | — | —
04:28:02 | 4.4.1 | 5/11 | 3425/5425 |  42.10% | 12,864,000/30,550,828 | 2h27m | 4.967 | — | — | — | —
04:28:08 | 4.4.1 | 5/11 | 3450/5425 |  42.14% | 12,876,800/30,550,828 | 2h26m | 4.388 | — | — | — | —
04:28:14 | 4.4.1 | 5/11 | 3475/5425 |  42.19% | 12,889,600/30,550,828 | 2h26m | 4.549 | — | — | — | —
04:28:20 | 4.4.1 | 5/11 | 3500/5425 |  42.23% | 12,902,400/30,550,828 | 2h26m | 4.764 | — | — | — | —
04:28:26 | 4.4.1 | 5/11 | 3525/5425 |  42.27% | 12,915,200/30,550,828 | 2h26m | 4.554 | — | — | — | —
04:28:32 | 4.4.1 | 5/11 | 3550/5425 |  42.31% | 12,928,000/30,550,828 | 2h26m | 4.689 | — | — | — | —
04:28:38 | 4.4.1 | 5/11 | 3575/5425 |  42.35% | 12,940,800/30,550,828 | 2h26m | 4.936 | — | — | — | —
04:28:43 | 4.4.1 | 5/11 | 3600/5425 |  42.40% | 12,953,600/30,550,828 | 2h26m | 4.594 | — | — | — | —
04:28:49 | 4.4.1 | 5/11 | 3625/5425 |  42.44% | 12,966,400/30,550,828 | 2h26m | 4.691 | — | — | — | —
04:28:55 | 4.4.1 | 5/11 | 3650/5425 |  42.48% | 12,979,200/30,550,828 | 2h26m | 4.621 | — | — | — | —
04:29:01 | 4.4.1 | 5/11 | 3675/5425 |  42.52% | 12,992,000/30,550,828 | 2h25m | 4.935 | — | — | — | —
04:29:07 | 4.4.1 | 5/11 | 3700/5425 |  42.56% | 13,004,800/30,550,828 | 2h25m | 4.713 | — | — | — | —
04:29:13 | 4.4.1 | 5/11 | 3725/5425 |  42.61% | 13,017,600/30,550,828 | 2h25m | 5.166 | — | — | — | —
04:29:19 | 4.4.1 | 5/11 | 3750/5425 |  42.65% | 13,030,400/30,550,828 | 2h25m | 4.689 | — | — | — | —
04:29:25 | 4.4.1 | 5/11 | 3775/5425 |  42.69% | 13,043,200/30,550,828 | 2h25m | 4.887 | — | — | — | —
04:29:30 | 4.4.1 | 5/11 | 3800/5425 |  42.73% | 13,056,000/30,550,828 | 2h25m | 4.591 | — | — | — | —
04:29:36 | 4.4.1 | 5/11 | 3825/5425 |  42.77% | 13,068,800/30,550,828 | 2h25m | 4.870 | — | — | — | —
04:29:42 | 4.4.1 | 5/11 | 3850/5425 |  42.82% | 13,081,600/30,550,828 | 2h25m | 4.806 | — | — | — | —
04:29:48 | 4.4.1 | 5/11 | 3875/5425 |  42.86% | 13,094,400/30,550,828 | 2h24m | 4.702 | — | — | — | —
04:29:54 | 4.4.1 | 5/11 | 3900/5425 |  42.90% | 13,107,200/30,550,828 | 2h24m | 4.606 | — | — | — | —
04:30:00 | 4.4.1 | 5/11 | 3925/5425 |  42.94% | 13,120,000/30,550,828 | 2h24m | 4.567 | — | — | — | —
04:30:05 | 4.4.1 | 5/11 | 3950/5425 |  42.98% | 13,132,800/30,550,828 | 2h24m | 4.515 | — | — | — | —
04:30:11 | 4.4.1 | 5/11 | 3975/5425 |  43.02% | 13,145,600/30,550,828 | 2h24m | 4.887 | — | — | — | —
04:30:17 | 4.4.1 | 5/11 | 4000/5425 |  43.07% | 13,158,400/30,550,828 | 2h24m | 4.638 | — | — | — | —
04:30:23 | 4.4.1 | 5/11 | 4025/5425 |  43.11% | 13,171,200/30,550,828 | 2h24m | 4.693 | — | — | — | —
04:30:29 | 4.4.1 | 5/11 | 4050/5425 |  43.15% | 13,184,000/30,550,828 | 2h24m | 5.035 | — | — | — | —
04:30:34 | 4.4.1 | 5/11 | 4075/5425 |  43.19% | 13,196,800/30,550,828 | 2h24m | 4.651 | — | — | — | —
04:30:40 | 4.4.1 | 5/11 | 4100/5425 |  43.23% | 13,209,600/30,550,828 | 2h23m | 4.720 | — | — | — | —
04:30:46 | 4.4.1 | 5/11 | 4125/5425 |  43.28% | 13,222,400/30,550,828 | 2h23m | 4.964 | — | — | — | —
04:30:52 | 4.4.1 | 5/11 | 4150/5425 |  43.32% | 13,235,200/30,550,828 | 2h23m | 4.495 | — | — | — | —
04:30:58 | 4.4.1 | 5/11 | 4175/5425 |  43.36% | 13,248,000/30,550,828 | 2h23m | 4.667 | — | — | — | —
04:31:04 | 4.4.1 | 5/11 | 4200/5425 |  43.40% | 13,260,800/30,550,828 | 2h23m | 4.698 | — | — | — | —
04:31:10 | 4.4.1 | 5/11 | 4225/5425 |  43.44% | 13,273,600/30,550,828 | 2h23m | 4.759 | — | — | — | —
04:31:15 | 4.4.1 | 5/11 | 4250/5425 |  43.49% | 13,286,400/30,550,828 | 2h23m | 4.542 | — | — | — | —
04:31:21 | 4.4.1 | 5/11 | 4275/5425 |  43.53% | 13,299,200/30,550,828 | 2h23m | 4.513 | — | — | — | —
04:31:27 | 4.4.1 | 5/11 | 4300/5425 |  43.57% | 13,312,000/30,550,828 | 2h22m | 4.485 | — | — | — | —
04:31:33 | 4.4.1 | 5/11 | 4325/5425 |  43.61% | 13,324,800/30,550,828 | 2h22m | 4.834 | — | — | — | —
04:31:39 | 4.4.1 | 5/11 | 4350/5425 |  43.65% | 13,337,600/30,550,828 | 2h22m | 4.873 | — | — | — | —
04:31:45 | 4.4.1 | 5/11 | 4375/5425 |  43.70% | 13,350,400/30,550,828 | 2h22m | 4.475 | — | — | — | —
04:31:50 | 4.4.1 | 5/11 | 4400/5425 |  43.74% | 13,363,200/30,550,828 | 2h22m | 4.865 | — | — | — | —
04:31:56 | 4.4.1 | 5/11 | 4425/5425 |  43.78% | 13,376,000/30,550,828 | 2h22m | 4.401 | — | — | — | —
04:32:02 | 4.4.1 | 5/11 | 4450/5425 |  43.82% | 13,388,800/30,550,828 | 2h22m | 4.995 | — | — | — | —
04:32:08 | 4.4.1 | 5/11 | 4475/5425 |  43.86% | 13,401,600/30,550,828 | 2h22m | 4.627 | — | — | — | —
04:32:14 | 4.4.1 | 5/11 | 4500/5425 |  43.90% | 13,414,400/30,550,828 | 2h22m | 4.501 | — | — | — | —
04:32:20 | 4.4.1 | 5/11 | 4525/5425 |  43.95% | 13,427,200/30,550,828 | 2h21m | 4.853 | — | — | — | —
04:32:25 | 4.4.1 | 5/11 | 4550/5425 |  43.99% | 13,440,000/30,550,828 | 2h21m | 4.785 | — | — | — | —
04:32:31 | 4.4.1 | 5/11 | 4575/5425 |  44.03% | 13,452,800/30,550,828 | 2h21m | 4.787 | — | — | — | —
04:32:37 | 4.4.1 | 5/11 | 4600/5425 |  44.07% | 13,465,600/30,550,828 | 2h21m | 4.779 | — | — | — | —
04:32:43 | 4.4.1 | 5/11 | 4625/5425 |  44.11% | 13,478,400/30,550,828 | 2h21m | 4.826 | — | — | — | —
04:32:49 | 4.4.1 | 5/11 | 4650/5425 |  44.16% | 13,491,200/30,550,828 | 2h21m | 4.595 | — | — | — | —
04:32:55 | 4.4.1 | 5/11 | 4675/5425 |  44.20% | 13,504,000/30,550,828 | 2h21m | 4.491 | — | — | — | —
04:33:01 | 4.4.1 | 5/11 | 4700/5425 |  44.24% | 13,516,800/30,550,828 | 2h21m | 4.699 | — | — | — | —
04:33:07 | 4.4.1 | 5/11 | 4725/5425 |  44.28% | 13,529,600/30,550,828 | 2h20m | 4.421 | — | — | — | —
04:33:13 | 4.4.1 | 5/11 | 4750/5425 |  44.32% | 13,542,400/30,550,828 | 2h20m | 5.028 | — | — | — | —
04:33:18 | 4.4.1 | 5/11 | 4775/5425 |  44.37% | 13,555,200/30,550,828 | 2h20m | 5.038 | — | — | — | —
04:33:24 | 4.4.1 | 5/11 | 4800/5425 |  44.41% | 13,568,000/30,550,828 | 2h20m | 4.573 | — | — | — | —
04:33:30 | 4.4.1 | 5/11 | 4825/5425 |  44.45% | 13,580,800/30,550,828 | 2h20m | 5.076 | — | — | — | —
04:33:36 | 4.4.1 | 5/11 | 4850/5425 |  44.49% | 13,593,600/30,550,828 | 2h20m | 4.746 | — | — | — | —
04:33:42 | 4.4.1 | 5/11 | 4875/5425 |  44.53% | 13,606,400/30,550,828 | 2h20m | 4.427 | — | — | — | —
04:33:48 | 4.4.1 | 5/11 | 4900/5425 |  44.57% | 13,619,200/30,550,828 | 2h20m | 4.423 | — | — | — | —
04:33:53 | 4.4.1 | 5/11 | 4925/5425 |  44.62% | 13,632,000/30,550,828 | 2h20m | 5.000 | — | — | — | —
04:33:59 | 4.4.1 | 5/11 | 4950/5425 |  44.66% | 13,644,800/30,550,828 | 2h19m | 4.810 | — | — | — | —
04:34:05 | 4.4.1 | 5/11 | 4975/5425 |  44.70% | 13,657,600/30,550,828 | 2h19m | 4.888 | — | — | — | —
04:34:11 | 4.4.1 | 5/11 | 5000/5425 |  44.74% | 13,670,400/30,550,828 | 2h19m | 4.456 | — | — | — | —
04:34:17 | 4.4.1 | 5/11 | 5025/5425 |  44.78% | 13,683,200/30,550,828 | 2h19m | 4.752 | — | — | — | —
04:34:23 | 4.4.1 | 5/11 | 5050/5425 |  44.83% | 13,696,000/30,550,828 | 2h19m | 4.359 | — | — | — | —
04:34:29 | 4.4.1 | 5/11 | 5075/5425 |  44.87% | 13,708,800/30,550,828 | 2h19m | 4.650 | — | — | — | —
04:34:35 | 4.4.1 | 5/11 | 5100/5425 |  44.91% | 13,721,600/30,550,828 | 2h19m | 4.706 | — | — | — | —
04:34:40 | 4.4.1 | 5/11 | 5125/5425 |  44.95% | 13,734,400/30,550,828 | 2h19m | 4.730 | — | — | — | —
04:34:46 | 4.4.1 | 5/11 | 5150/5425 |  44.99% | 13,747,200/30,550,828 | 2h18m | 4.436 | — | — | — | —
04:34:52 | 4.4.1 | 5/11 | 5175/5425 |  45.04% | 13,760,000/30,550,828 | 2h18m | 4.668 | — | — | — | —
04:34:58 | 4.4.1 | 5/11 | 5200/5425 |  45.08% | 13,772,800/30,550,828 | 2h18m | 4.615 | — | — | — | —
04:35:04 | 4.4.1 | 5/11 | 5225/5425 |  45.12% | 13,785,600/30,550,828 | 2h18m | 4.753 | — | — | — | —
04:35:10 | 4.4.1 | 5/11 | 5250/5425 |  45.16% | 13,798,400/30,550,828 | 2h18m | 4.606 | — | — | — | —
04:35:15 | 4.4.1 | 5/11 | 5275/5425 |  45.20% | 13,811,200/30,550,828 | 2h18m | 4.803 | — | — | — | —
04:35:21 | 4.4.1 | 5/11 | 5300/5425 |  45.25% | 13,824,000/30,550,828 | 2h18m | 4.736 | — | — | — | —
04:35:27 | 4.4.1 | 5/11 | 5325/5425 |  45.29% | 13,836,800/30,550,828 | 2h18m | 4.711 | — | — | — | —
04:35:33 | 4.4.1 | 5/11 | 5350/5425 |  45.33% | 13,849,600/30,550,828 | 2h18m | 4.732 | — | — | — | —
04:35:39 | 4.4.1 | 5/11 | 5375/5425 |  45.37% | 13,862,400/30,550,828 | 2h17m | 4.461 | — | — | — | —
04:35:45 | 4.4.1 | 5/11 | 5400/5425 |  45.41% | 13,875,200/30,550,828 | 2h17m | 4.551 | — | — | — | —
04:35:50 | 4.4.1 | 5/11 | 5425/5425 |  45.45% | 13,888,000/30,550,828 | 2h17m | 5.175 | — | — | — | —
04:36:11 | validation | 5/11 | epoch-end |  45.45% | 13,886,740/30,550,828 | 2h18m | 4.729 |  56.10% |  45.56% |   8.92% | 1.494
04:36:11 | 4.4.1 | 6/11 | 1/5425 |  45.46% | 13,888,512/30,550,828 | 2h18m | 4.789 | — | — | — | —
04:36:16 | 4.4.1 | 6/11 | 25/5425 |  45.50% | 13,900,800/30,550,828 | 2h18m | 4.660 | — | — | — | —
04:36:22 | 4.4.1 | 6/11 | 50/5425 |  45.54% | 13,913,600/30,550,828 | 2h17m | 5.061 | — | — | — | —
04:36:28 | 4.4.1 | 6/11 | 75/5425 |  45.58% | 13,926,400/30,550,828 | 2h17m | 4.825 | — | — | — | —
04:36:34 | 4.4.1 | 6/11 | 100/5425 |  45.62% | 13,939,200/30,550,828 | 2h17m | 4.819 | — | — | — | —
04:36:40 | 4.4.1 | 6/11 | 125/5425 |  45.66% | 13,952,000/30,550,828 | 2h17m | 4.466 | — | — | — | —
04:36:46 | 4.4.1 | 6/11 | 150/5425 |  45.71% | 13,964,800/30,550,828 | 2h17m | 4.761 | — | — | — | —
04:36:52 | 4.4.1 | 6/11 | 175/5425 |  45.75% | 13,977,600/30,550,828 | 2h17m | 5.054 | — | — | — | —
04:36:57 | 4.4.1 | 6/11 | 200/5425 |  45.79% | 13,990,400/30,550,828 | 2h17m | 4.539 | — | — | — | —
04:37:03 | 4.4.1 | 6/11 | 225/5425 |  45.83% | 14,003,200/30,550,828 | 2h17m | 5.207 | — | — | — | —
04:37:09 | 4.4.1 | 6/11 | 250/5425 |  45.87% | 14,016,000/30,550,828 | 2h16m | 4.611 | — | — | — | —
04:37:15 | 4.4.1 | 6/11 | 275/5425 |  45.92% | 14,028,800/30,550,828 | 2h16m | 4.719 | — | — | — | —
04:37:21 | 4.4.1 | 6/11 | 300/5425 |  45.96% | 14,041,600/30,550,828 | 2h16m | 4.815 | — | — | — | —
04:37:26 | 4.4.1 | 6/11 | 325/5425 |  46.00% | 14,054,400/30,550,828 | 2h16m | 4.563 | — | — | — | —
04:37:32 | 4.4.1 | 6/11 | 350/5425 |  46.04% | 14,067,200/30,550,828 | 2h16m | 4.568 | — | — | — | —
04:37:38 | 4.4.1 | 6/11 | 375/5425 |  46.08% | 14,080,000/30,550,828 | 2h16m | 4.137 | — | — | — | —
04:37:44 | 4.4.1 | 6/11 | 400/5425 |  46.12% | 14,092,800/30,550,828 | 2h16m | 4.949 | — | — | — | —
04:37:50 | 4.4.1 | 6/11 | 425/5425 |  46.17% | 14,105,600/30,550,828 | 2h16m | 4.773 | — | — | — | —
04:37:56 | 4.4.1 | 6/11 | 450/5425 |  46.21% | 14,118,400/30,550,828 | 2h16m | 4.429 | — | — | — | —
04:38:02 | 4.4.1 | 6/11 | 475/5425 |  46.25% | 14,131,200/30,550,828 | 2h15m | 4.683 | — | — | — | —
04:38:08 | 4.4.1 | 6/11 | 500/5425 |  46.29% | 14,144,000/30,550,828 | 2h15m | 4.888 | — | — | — | —
04:38:13 | 4.4.1 | 6/11 | 525/5425 |  46.33% | 14,156,800/30,550,828 | 2h15m | 5.232 | — | — | — | —
04:38:19 | 4.4.1 | 6/11 | 550/5425 |  46.38% | 14,169,600/30,550,828 | 2h15m | 4.487 | — | — | — | —
04:38:25 | 4.4.1 | 6/11 | 575/5425 |  46.42% | 14,182,400/30,550,828 | 2h15m | 4.913 | — | — | — | —
04:38:31 | 4.4.1 | 6/11 | 600/5425 |  46.46% | 14,195,200/30,550,828 | 2h15m | 5.098 | — | — | — | —
04:38:37 | 4.4.1 | 6/11 | 625/5425 |  46.50% | 14,208,000/30,550,828 | 2h15m | 4.929 | — | — | — | —
04:38:43 | 4.4.1 | 6/11 | 650/5425 |  46.54% | 14,220,800/30,550,828 | 2h15m | 4.600 | — | — | — | —
04:38:49 | 4.4.1 | 6/11 | 675/5425 |  46.59% | 14,233,600/30,550,828 | 2h14m | 5.101 | — | — | — | —
04:38:54 | 4.4.1 | 6/11 | 700/5425 |  46.63% | 14,246,400/30,550,828 | 2h14m | 4.539 | — | — | — | —
04:39:00 | 4.4.1 | 6/11 | 725/5425 |  46.67% | 14,259,200/30,550,828 | 2h14m | 4.632 | — | — | — | —
04:39:06 | 4.4.1 | 6/11 | 750/5425 |  46.71% | 14,272,000/30,550,828 | 2h14m | 4.505 | — | — | — | —
04:39:12 | 4.4.1 | 6/11 | 775/5425 |  46.75% | 14,284,800/30,550,828 | 2h14m | 4.689 | — | — | — | —
04:39:18 | 4.4.1 | 6/11 | 800/5425 |  46.80% | 14,297,600/30,550,828 | 2h14m | 4.744 | — | — | — | —
04:39:24 | 4.4.1 | 6/11 | 825/5425 |  46.84% | 14,310,400/30,550,828 | 2h14m | 4.783 | — | — | — | —
04:39:30 | 4.4.1 | 6/11 | 850/5425 |  46.88% | 14,323,200/30,550,828 | 2h14m | 4.741 | — | — | — | —
04:39:36 | 4.4.1 | 6/11 | 875/5425 |  46.92% | 14,336,000/30,550,828 | 2h14m | 4.529 | — | — | — | —
04:39:41 | 4.4.1 | 6/11 | 900/5425 |  46.96% | 14,348,800/30,550,828 | 2h13m | 4.709 | — | — | — | —
04:39:47 | 4.4.1 | 6/11 | 925/5425 |  47.00% | 14,361,600/30,550,828 | 2h13m | 4.950 | — | — | — | —
04:39:53 | 4.4.1 | 6/11 | 950/5425 |  47.05% | 14,374,400/30,550,828 | 2h13m | 4.602 | — | — | — | —
04:39:59 | 4.4.1 | 6/11 | 975/5425 |  47.09% | 14,387,200/30,550,828 | 2h13m | 4.599 | — | — | — | —
04:40:05 | 4.4.1 | 6/11 | 1000/5425 |  47.13% | 14,400,000/30,550,828 | 2h13m | 4.738 | — | — | — | —
04:40:11 | 4.4.1 | 6/11 | 1025/5425 |  47.17% | 14,412,800/30,550,828 | 2h13m | 4.908 | — | — | — | —
04:40:16 | 4.4.1 | 6/11 | 1050/5425 |  47.21% | 14,425,600/30,550,828 | 2h13m | 4.615 | — | — | — | —
04:40:22 | 4.4.1 | 6/11 | 1075/5425 |  47.26% | 14,438,400/30,550,828 | 2h13m | 4.582 | — | — | — | —
04:40:28 | 4.4.1 | 6/11 | 1100/5425 |  47.30% | 14,451,200/30,550,828 | 2h13m | 4.684 | — | — | — | —
04:40:34 | 4.4.1 | 6/11 | 1125/5425 |  47.34% | 14,464,000/30,550,828 | 2h12m | 4.630 | — | — | — | —
04:40:40 | 4.4.1 | 6/11 | 1150/5425 |  47.38% | 14,476,800/30,550,828 | 2h12m | 5.084 | — | — | — | —
04:40:46 | 4.4.1 | 6/11 | 1175/5425 |  47.42% | 14,489,600/30,550,828 | 2h12m | 4.702 | — | — | — | —
04:40:52 | 4.4.1 | 6/11 | 1200/5425 |  47.47% | 14,502,400/30,550,828 | 2h12m | 4.664 | — | — | — | —
04:40:58 | 4.4.1 | 6/11 | 1225/5425 |  47.51% | 14,515,200/30,550,828 | 2h12m | 4.640 | — | — | — | —
04:41:04 | 4.4.1 | 6/11 | 1250/5425 |  47.55% | 14,528,000/30,550,828 | 2h12m | 5.043 | — | — | — | —
04:41:09 | 4.4.1 | 6/11 | 1275/5425 |  47.59% | 14,540,800/30,550,828 | 2h12m | 4.547 | — | — | — | —
04:41:15 | 4.4.1 | 6/11 | 1300/5425 |  47.63% | 14,553,600/30,550,828 | 2h12m | 4.906 | — | — | — | —
04:41:21 | 4.4.1 | 6/11 | 1325/5425 |  47.67% | 14,566,400/30,550,828 | 2h12m | 4.429 | — | — | — | —
04:41:27 | 4.4.1 | 6/11 | 1350/5425 |  47.72% | 14,579,200/30,550,828 | 2h11m | 4.563 | — | — | — | —
04:41:33 | 4.4.1 | 6/11 | 1375/5425 |  47.76% | 14,592,000/30,550,828 | 2h11m | 4.821 | — | — | — | —
04:41:38 | 4.4.1 | 6/11 | 1400/5425 |  47.80% | 14,604,800/30,550,828 | 2h11m | 4.866 | — | — | — | —
04:41:44 | 4.4.1 | 6/11 | 1425/5425 |  47.84% | 14,617,600/30,550,828 | 2h11m | 4.607 | — | — | — | —
04:41:50 | 4.4.1 | 6/11 | 1450/5425 |  47.88% | 14,630,400/30,550,828 | 2h11m | 4.689 | — | — | — | —
04:41:56 | 4.4.1 | 6/11 | 1475/5425 |  47.93% | 14,643,200/30,550,828 | 2h11m | 4.578 | — | — | — | —
04:42:02 | 4.4.1 | 6/11 | 1500/5425 |  47.97% | 14,656,000/30,550,828 | 2h11m | 5.355 | — | — | — | —
04:42:08 | 4.4.1 | 6/11 | 1525/5425 |  48.01% | 14,668,800/30,550,828 | 2h11m | 4.650 | — | — | — | —
04:42:13 | 4.4.1 | 6/11 | 1550/5425 |  48.05% | 14,681,600/30,550,828 | 2h10m | 4.688 | — | — | — | —
04:42:19 | 4.4.1 | 6/11 | 1575/5425 |  48.09% | 14,694,400/30,550,828 | 2h10m | 4.852 | — | — | — | —
04:42:25 | 4.4.1 | 6/11 | 1600/5425 |  48.14% | 14,707,200/30,550,828 | 2h10m | 4.468 | — | — | — | —
04:42:31 | 4.4.1 | 6/11 | 1625/5425 |  48.18% | 14,720,000/30,550,828 | 2h10m | 4.545 | — | — | — | —
04:42:37 | 4.4.1 | 6/11 | 1650/5425 |  48.22% | 14,732,800/30,550,828 | 2h10m | 4.499 | — | — | — | —
04:42:43 | 4.4.1 | 6/11 | 1675/5425 |  48.26% | 14,745,600/30,550,828 | 2h10m | 4.931 | — | — | — | —
04:42:49 | 4.4.1 | 6/11 | 1700/5425 |  48.30% | 14,758,400/30,550,828 | 2h10m | 4.616 | — | — | — | —
04:42:54 | 4.4.1 | 6/11 | 1725/5425 |  48.35% | 14,771,200/30,550,828 | 2h10m | 4.413 | — | — | — | —
04:43:00 | 4.4.1 | 6/11 | 1750/5425 |  48.39% | 14,784,000/30,550,828 | 2h10m | 4.670 | — | — | — | —
04:43:06 | 4.4.1 | 6/11 | 1775/5425 |  48.43% | 14,796,800/30,550,828 | 2h09m | 4.510 | — | — | — | —
04:43:12 | 4.4.1 | 6/11 | 1800/5425 |  48.47% | 14,809,600/30,550,828 | 2h09m | 5.084 | — | — | — | —
04:43:18 | 4.4.1 | 6/11 | 1825/5425 |  48.51% | 14,822,400/30,550,828 | 2h09m | 4.518 | — | — | — | —
04:43:24 | 4.4.1 | 6/11 | 1850/5425 |  48.55% | 14,835,200/30,550,828 | 2h09m | 4.737 | — | — | — | —
04:43:30 | 4.4.1 | 6/11 | 1875/5425 |  48.60% | 14,848,000/30,550,828 | 2h09m | 4.880 | — | — | — | —
04:43:35 | 4.4.1 | 6/11 | 1900/5425 |  48.64% | 14,860,800/30,550,828 | 2h09m | 4.460 | — | — | — | —
04:43:41 | 4.4.1 | 6/11 | 1925/5425 |  48.68% | 14,873,600/30,550,828 | 2h09m | 4.891 | — | — | — | —
04:43:47 | 4.4.1 | 6/11 | 1950/5425 |  48.72% | 14,886,400/30,550,828 | 2h09m | 4.834 | — | — | — | —
04:43:53 | 4.4.1 | 6/11 | 1975/5425 |  48.76% | 14,899,200/30,550,828 | 2h09m | 4.586 | — | — | — | —
04:43:59 | 4.4.1 | 6/11 | 2000/5425 |  48.81% | 14,912,000/30,550,828 | 2h08m | 4.521 | — | — | — | —
04:44:05 | 4.4.1 | 6/11 | 2025/5425 |  48.85% | 14,924,800/30,550,828 | 2h08m | 4.874 | — | — | — | —
04:44:11 | 4.4.1 | 6/11 | 2050/5425 |  48.89% | 14,937,600/30,550,828 | 2h08m | 4.718 | — | — | — | —
04:44:17 | 4.4.1 | 6/11 | 2075/5425 |  48.93% | 14,950,400/30,550,828 | 2h08m | 4.650 | — | — | — | —
04:44:22 | 4.4.1 | 6/11 | 2100/5425 |  48.97% | 14,963,200/30,550,828 | 2h08m | 4.787 | — | — | — | —
04:44:28 | 4.4.1 | 6/11 | 2125/5425 |  49.02% | 14,976,000/30,550,828 | 2h08m | 4.786 | — | — | — | —
04:44:34 | 4.4.1 | 6/11 | 2150/5425 |  49.06% | 14,988,800/30,550,828 | 2h08m | 4.842 | — | — | — | —
04:44:40 | 4.4.1 | 6/11 | 2175/5425 |  49.10% | 15,001,600/30,550,828 | 2h08m | 4.856 | — | — | — | —
04:44:46 | 4.4.1 | 6/11 | 2200/5425 |  49.14% | 15,014,400/30,550,828 | 2h08m | 4.601 | — | — | — | —
04:44:52 | 4.4.1 | 6/11 | 2225/5425 |  49.18% | 15,027,200/30,550,828 | 2h07m | 4.909 | — | — | — | —
04:44:58 | 4.4.1 | 6/11 | 2250/5425 |  49.22% | 15,040,000/30,550,828 | 2h07m | 4.702 | — | — | — | —
04:45:03 | 4.4.1 | 6/11 | 2275/5425 |  49.27% | 15,052,800/30,550,828 | 2h07m | 4.615 | — | — | — | —
04:45:09 | 4.4.1 | 6/11 | 2300/5425 |  49.31% | 15,065,600/30,550,828 | 2h07m | 4.547 | — | — | — | —
04:45:15 | 4.4.1 | 6/11 | 2325/5425 |  49.35% | 15,078,400/30,550,828 | 2h07m | 4.717 | — | — | — | —
04:45:21 | 4.4.1 | 6/11 | 2350/5425 |  49.39% | 15,091,200/30,550,828 | 2h07m | 4.525 | — | — | — | —
04:45:27 | 4.4.1 | 6/11 | 2375/5425 |  49.43% | 15,104,000/30,550,828 | 2h07m | 4.518 | — | — | — | —
04:45:33 | 4.4.1 | 6/11 | 2400/5425 |  49.48% | 15,116,800/30,550,828 | 2h07m | 4.677 | — | — | — | —
04:45:38 | 4.4.1 | 6/11 | 2425/5425 |  49.52% | 15,129,600/30,550,828 | 2h06m | 4.541 | — | — | — | —
04:45:44 | 4.4.1 | 6/11 | 2450/5425 |  49.56% | 15,142,400/30,550,828 | 2h06m | 4.645 | — | — | — | —
04:45:50 | 4.4.1 | 6/11 | 2475/5425 |  49.60% | 15,155,200/30,550,828 | 2h06m | 4.705 | — | — | — | —
04:45:56 | 4.4.1 | 6/11 | 2500/5425 |  49.64% | 15,168,000/30,550,828 | 2h06m | 4.888 | — | — | — | —
04:46:02 | 4.4.1 | 6/11 | 2525/5425 |  49.69% | 15,180,800/30,550,828 | 2h06m | 4.780 | — | — | — | —
04:46:08 | 4.4.1 | 6/11 | 2550/5425 |  49.73% | 15,193,600/30,550,828 | 2h06m | 4.363 | — | — | — | —
04:46:14 | 4.4.1 | 6/11 | 2575/5425 |  49.77% | 15,206,400/30,550,828 | 2h06m | 4.560 | — | — | — | —
04:46:20 | 4.4.1 | 6/11 | 2600/5425 |  49.81% | 15,219,200/30,550,828 | 2h06m | 4.811 | — | — | — | —
04:46:25 | 4.4.1 | 6/11 | 2625/5425 |  49.85% | 15,232,000/30,550,828 | 2h06m | 4.682 | — | — | — | —
04:46:31 | 4.4.1 | 6/11 | 2650/5425 |  49.90% | 15,244,800/30,550,828 | 2h05m | 5.158 | — | — | — | —
04:46:37 | 4.4.1 | 6/11 | 2675/5425 |  49.94% | 15,257,600/30,550,828 | 2h05m | 4.694 | — | — | — | —
04:46:43 | 4.4.1 | 6/11 | 2700/5425 |  49.98% | 15,270,400/30,550,828 | 2h05m | 4.450 | — | — | — | —
04:46:49 | 4.4.1 | 6/11 | 2725/5425 |  50.02% | 15,283,200/30,550,828 | 2h05m | 4.502 | — | — | — | —
04:46:55 | 4.4.1 | 6/11 | 2750/5425 |  50.06% | 15,296,000/30,550,828 | 2h05m | 4.642 | — | — | — | —
04:47:01 | 4.4.1 | 6/11 | 2775/5425 |  50.10% | 15,308,800/30,550,828 | 2h05m | 4.244 | — | — | — | —
04:47:06 | 4.4.1 | 6/11 | 2800/5425 |  50.15% | 15,321,600/30,550,828 | 2h05m | 4.960 | — | — | — | —
04:47:12 | 4.4.1 | 6/11 | 2825/5425 |  50.19% | 15,334,400/30,550,828 | 2h05m | 5.121 | — | — | — | —
04:47:18 | 4.4.1 | 6/11 | 2850/5425 |  50.23% | 15,347,200/30,550,828 | 2h05m | 4.956 | — | — | — | —
04:47:24 | 4.4.1 | 6/11 | 2875/5425 |  50.27% | 15,360,000/30,550,828 | 2h04m | 4.866 | — | — | — | —
04:47:30 | 4.4.1 | 6/11 | 2900/5425 |  50.31% | 15,372,800/30,550,828 | 2h04m | 4.401 | — | — | — | —
04:47:36 | 4.4.1 | 6/11 | 2925/5425 |  50.36% | 15,385,600/30,550,828 | 2h04m | 4.633 | — | — | — | —
04:47:41 | 4.4.1 | 6/11 | 2950/5425 |  50.40% | 15,398,400/30,550,828 | 2h04m | 4.538 | — | — | — | —
04:47:47 | 4.4.1 | 6/11 | 2975/5425 |  50.44% | 15,411,200/30,550,828 | 2h04m | 4.691 | — | — | — | —
04:47:53 | 4.4.1 | 6/11 | 3000/5425 |  50.48% | 15,424,000/30,550,828 | 2h04m | 4.409 | — | — | — | —
04:47:59 | 4.4.1 | 6/11 | 3025/5425 |  50.52% | 15,436,800/30,550,828 | 2h04m | 4.736 | — | — | — | —
04:48:05 | 4.4.1 | 6/11 | 3050/5425 |  50.57% | 15,449,600/30,550,828 | 2h04m | 4.592 | — | — | — | —
04:48:11 | 4.4.1 | 6/11 | 3075/5425 |  50.61% | 15,462,400/30,550,828 | 2h04m | 4.610 | — | — | — | —
04:48:16 | 4.4.1 | 6/11 | 3100/5425 |  50.65% | 15,475,200/30,550,828 | 2h03m | 4.300 | — | — | — | —
04:48:22 | 4.4.1 | 6/11 | 3125/5425 |  50.69% | 15,488,000/30,550,828 | 2h03m | 4.696 | — | — | — | —
04:48:28 | 4.4.1 | 6/11 | 3150/5425 |  50.73% | 15,500,800/30,550,828 | 2h03m | 5.219 | — | — | — | —
04:48:34 | 4.4.1 | 6/11 | 3175/5425 |  50.78% | 15,513,600/30,550,828 | 2h03m | 4.368 | — | — | — | —
04:48:40 | 4.4.1 | 6/11 | 3200/5425 |  50.82% | 15,526,400/30,550,828 | 2h03m | 4.904 | — | — | — | —
04:48:46 | 4.4.1 | 6/11 | 3225/5425 |  50.86% | 15,539,200/30,550,828 | 2h03m | 4.402 | — | — | — | —
04:48:51 | 4.4.1 | 6/11 | 3250/5425 |  50.90% | 15,552,000/30,550,828 | 2h03m | 4.719 | — | — | — | —
04:48:57 | 4.4.1 | 6/11 | 3275/5425 |  50.94% | 15,564,800/30,550,828 | 2h03m | 4.121 | — | — | — | —
04:49:03 | 4.4.1 | 6/11 | 3300/5425 |  50.98% | 15,577,600/30,550,828 | 2h03m | 4.669 | — | — | — | —
04:49:09 | 4.4.1 | 6/11 | 3325/5425 |  51.03% | 15,590,400/30,550,828 | 2h02m | 4.743 | — | — | — | —
04:49:15 | 4.4.1 | 6/11 | 3350/5425 |  51.07% | 15,603,200/30,550,828 | 2h02m | 4.640 | — | — | — | —
04:49:21 | 4.4.1 | 6/11 | 3375/5425 |  51.11% | 15,616,000/30,550,828 | 2h02m | 4.538 | — | — | — | —
04:49:27 | 4.4.1 | 6/11 | 3400/5425 |  51.15% | 15,628,800/30,550,828 | 2h02m | 4.876 | — | — | — | —
04:49:32 | 4.4.1 | 6/11 | 3425/5425 |  51.19% | 15,641,600/30,550,828 | 2h02m | 4.742 | — | — | — | —
04:49:38 | 4.4.1 | 6/11 | 3450/5425 |  51.24% | 15,654,400/30,550,828 | 2h02m | 4.365 | — | — | — | —
04:49:44 | 4.4.1 | 6/11 | 3475/5425 |  51.28% | 15,667,200/30,550,828 | 2h02m | 4.463 | — | — | — | —
04:49:50 | 4.4.1 | 6/11 | 3500/5425 |  51.32% | 15,680,000/30,550,828 | 2h02m | 4.976 | — | — | — | —
04:49:56 | 4.4.1 | 6/11 | 3525/5425 |  51.36% | 15,692,800/30,550,828 | 2h02m | 4.869 | — | — | — | —
04:50:02 | 4.4.1 | 6/11 | 3550/5425 |  51.40% | 15,705,600/30,550,828 | 2h01m | 4.582 | — | — | — | —
04:50:08 | 4.4.1 | 6/11 | 3575/5425 |  51.45% | 15,718,400/30,550,828 | 2h01m | 4.534 | — | — | — | —
04:50:13 | 4.4.1 | 6/11 | 3600/5425 |  51.49% | 15,731,200/30,550,828 | 2h01m | 4.799 | — | — | — | —
04:50:19 | 4.4.1 | 6/11 | 3625/5425 |  51.53% | 15,744,000/30,550,828 | 2h01m | 4.937 | — | — | — | —
04:50:25 | 4.4.1 | 6/11 | 3650/5425 |  51.57% | 15,756,800/30,550,828 | 2h01m | 4.346 | — | — | — | —
04:50:31 | 4.4.1 | 6/11 | 3675/5425 |  51.61% | 15,769,600/30,550,828 | 2h01m | 4.857 | — | — | — | —
04:50:37 | 4.4.1 | 6/11 | 3700/5425 |  51.65% | 15,782,400/30,550,828 | 2h01m | 4.749 | — | — | — | —
04:50:43 | 4.4.1 | 6/11 | 3725/5425 |  51.70% | 15,795,200/30,550,828 | 2h01m | 4.942 | — | — | — | —
04:50:49 | 4.4.1 | 6/11 | 3750/5425 |  51.74% | 15,808,000/30,550,828 | 2h01m | 4.792 | — | — | — | —
04:50:55 | 4.4.1 | 6/11 | 3775/5425 |  51.78% | 15,820,800/30,550,828 | 2h00m | 4.577 | — | — | — | —
04:51:00 | 4.4.1 | 6/11 | 3800/5425 |  51.82% | 15,833,600/30,550,828 | 2h00m | 4.615 | — | — | — | —
04:51:06 | 4.4.1 | 6/11 | 3825/5425 |  51.86% | 15,846,400/30,550,828 | 2h00m | 4.896 | — | — | — | —
04:51:12 | 4.4.1 | 6/11 | 3850/5425 |  51.91% | 15,859,200/30,550,828 | 2h00m | 4.379 | — | — | — | —
04:51:18 | 4.4.1 | 6/11 | 3875/5425 |  51.95% | 15,872,000/30,550,828 | 2h00m | 4.325 | — | — | — | —
04:51:24 | 4.4.1 | 6/11 | 3900/5425 |  51.99% | 15,884,800/30,550,828 | 2h00m | 4.567 | — | — | — | —
04:51:29 | 4.4.1 | 6/11 | 3925/5425 |  52.03% | 15,897,600/30,550,828 | 2h00m | 4.566 | — | — | — | —
04:51:35 | 4.4.1 | 6/11 | 3950/5425 |  52.07% | 15,910,400/30,550,828 | 2h00m | 4.611 | — | — | — | —
04:51:41 | 4.4.1 | 6/11 | 3975/5425 |  52.12% | 15,923,200/30,550,828 | 2h00m | 4.672 | — | — | — | —
04:51:47 | 4.4.1 | 6/11 | 4000/5425 |  52.16% | 15,936,000/30,550,828 | 1h59m | 5.020 | — | — | — | —
04:51:53 | 4.4.1 | 6/11 | 4025/5425 |  52.20% | 15,948,800/30,550,828 | 1h59m | 4.862 | — | — | — | —
04:51:59 | 4.4.1 | 6/11 | 4050/5425 |  52.24% | 15,961,600/30,550,828 | 1h59m | 4.765 | — | — | — | —
04:52:04 | 4.4.1 | 6/11 | 4075/5425 |  52.28% | 15,974,400/30,550,828 | 1h59m | 4.973 | — | — | — | —
04:52:10 | 4.4.1 | 6/11 | 4100/5425 |  52.33% | 15,987,200/30,550,828 | 1h59m | 4.945 | — | — | — | —
04:52:16 | 4.4.1 | 6/11 | 4125/5425 |  52.37% | 16,000,000/30,550,828 | 1h59m | 4.421 | — | — | — | —
04:52:22 | 4.4.1 | 6/11 | 4150/5425 |  52.41% | 16,012,800/30,550,828 | 1h59m | 4.696 | — | — | — | —
04:52:28 | 4.4.1 | 6/11 | 4175/5425 |  52.45% | 16,025,600/30,550,828 | 1h59m | 5.135 | — | — | — | —
04:52:34 | 4.4.1 | 6/11 | 4200/5425 |  52.49% | 16,038,400/30,550,828 | 1h59m | 4.459 | — | — | — | —
04:52:40 | 4.4.1 | 6/11 | 4225/5425 |  52.53% | 16,051,200/30,550,828 | 1h58m | 4.701 | — | — | — | —
04:52:46 | 4.4.1 | 6/11 | 4250/5425 |  52.58% | 16,064,000/30,550,828 | 1h58m | 5.038 | — | — | — | —
04:52:51 | 4.4.1 | 6/11 | 4275/5425 |  52.62% | 16,076,800/30,550,828 | 1h58m | 4.354 | — | — | — | —
04:52:57 | 4.4.1 | 6/11 | 4300/5425 |  52.66% | 16,089,600/30,550,828 | 1h58m | 4.551 | — | — | — | —
04:53:03 | 4.4.1 | 6/11 | 4325/5425 |  52.70% | 16,102,400/30,550,828 | 1h58m | 4.369 | — | — | — | —
04:53:09 | 4.4.1 | 6/11 | 4350/5425 |  52.74% | 16,115,200/30,550,828 | 1h58m | 4.932 | — | — | — | —
04:53:15 | 4.4.1 | 6/11 | 4375/5425 |  52.79% | 16,128,000/30,550,828 | 1h58m | 4.554 | — | — | — | —
04:53:21 | 4.4.1 | 6/11 | 4400/5425 |  52.83% | 16,140,800/30,550,828 | 1h58m | 4.798 | — | — | — | —
04:53:26 | 4.4.1 | 6/11 | 4425/5425 |  52.87% | 16,153,600/30,550,828 | 1h57m | 4.865 | — | — | — | —
04:53:32 | 4.4.1 | 6/11 | 4450/5425 |  52.91% | 16,166,400/30,550,828 | 1h57m | 4.628 | — | — | — | —
04:53:38 | 4.4.1 | 6/11 | 4475/5425 |  52.95% | 16,179,200/30,550,828 | 1h57m | 4.639 | — | — | — | —
04:53:44 | 4.4.1 | 6/11 | 4500/5425 |  53.00% | 16,192,000/30,550,828 | 1h57m | 4.744 | — | — | — | —
04:53:50 | 4.4.1 | 6/11 | 4525/5425 |  53.04% | 16,204,800/30,550,828 | 1h57m | 5.013 | — | — | — | —
04:53:56 | 4.4.1 | 6/11 | 4550/5425 |  53.08% | 16,217,600/30,550,828 | 1h57m | 4.537 | — | — | — | —
04:54:02 | 4.4.1 | 6/11 | 4575/5425 |  53.12% | 16,230,400/30,550,828 | 1h57m | 4.877 | — | — | — | —
04:54:08 | 4.4.1 | 6/11 | 4600/5425 |  53.16% | 16,243,200/30,550,828 | 1h57m | 4.872 | — | — | — | —
04:54:14 | 4.4.1 | 6/11 | 4625/5425 |  53.20% | 16,256,000/30,550,828 | 1h57m | 4.829 | — | — | — | —
04:54:19 | 4.4.1 | 6/11 | 4650/5425 |  53.25% | 16,268,800/30,550,828 | 1h56m | 4.729 | — | — | — | —
04:54:25 | 4.4.1 | 6/11 | 4675/5425 |  53.29% | 16,281,600/30,550,828 | 1h56m | 4.788 | — | — | — | —
04:54:31 | 4.4.1 | 6/11 | 4700/5425 |  53.33% | 16,294,400/30,550,828 | 1h56m | 5.180 | — | — | — | —
04:54:37 | 4.4.1 | 6/11 | 4725/5425 |  53.37% | 16,307,200/30,550,828 | 1h56m | 4.944 | — | — | — | —
04:54:43 | 4.4.1 | 6/11 | 4750/5425 |  53.41% | 16,320,000/30,550,828 | 1h56m | 4.995 | — | — | — | —
04:54:49 | 4.4.1 | 6/11 | 4775/5425 |  53.46% | 16,332,800/30,550,828 | 1h56m | 4.371 | — | — | — | —
04:54:54 | 4.4.1 | 6/11 | 4800/5425 |  53.50% | 16,345,600/30,550,828 | 1h56m | 4.815 | — | — | — | —
04:55:00 | 4.4.1 | 6/11 | 4825/5425 |  53.54% | 16,358,400/30,550,828 | 1h56m | 4.693 | — | — | — | —
04:55:06 | 4.4.1 | 6/11 | 4850/5425 |  53.58% | 16,371,200/30,550,828 | 1h56m | 4.692 | — | — | — | —
04:55:12 | 4.4.1 | 6/11 | 4875/5425 |  53.62% | 16,384,000/30,550,828 | 1h55m | 4.905 | — | — | — | —
04:55:18 | 4.4.1 | 6/11 | 4900/5425 |  53.67% | 16,396,800/30,550,828 | 1h55m | 4.969 | — | — | — | —
04:55:24 | 4.4.1 | 6/11 | 4925/5425 |  53.71% | 16,409,600/30,550,828 | 1h55m | 4.629 | — | — | — | —
04:55:29 | 4.4.1 | 6/11 | 4950/5425 |  53.75% | 16,422,400/30,550,828 | 1h55m | 4.836 | — | — | — | —
04:55:35 | 4.4.1 | 6/11 | 4975/5425 |  53.79% | 16,435,200/30,550,828 | 1h55m | 4.716 | — | — | — | —
04:55:41 | 4.4.1 | 6/11 | 5000/5425 |  53.83% | 16,448,000/30,550,828 | 1h55m | 5.187 | — | — | — | —
04:55:47 | 4.4.1 | 6/11 | 5025/5425 |  53.88% | 16,460,800/30,550,828 | 1h55m | 4.984 | — | — | — | —
04:55:53 | 4.4.1 | 6/11 | 5050/5425 |  53.92% | 16,473,600/30,550,828 | 1h55m | 4.429 | — | — | — | —
04:55:59 | 4.4.1 | 6/11 | 5075/5425 |  53.96% | 16,486,400/30,550,828 | 1h55m | 4.991 | — | — | — | —
04:56:05 | 4.4.1 | 6/11 | 5100/5425 |  54.00% | 16,499,200/30,550,828 | 1h54m | 4.525 | — | — | — | —
04:56:11 | 4.4.1 | 6/11 | 5125/5425 |  54.04% | 16,512,000/30,550,828 | 1h54m | 4.841 | — | — | — | —
04:56:17 | 4.4.1 | 6/11 | 5150/5425 |  54.08% | 16,524,800/30,550,828 | 1h54m | 4.215 | — | — | — | —
04:56:22 | 4.4.1 | 6/11 | 5175/5425 |  54.13% | 16,537,600/30,550,828 | 1h54m | 4.712 | — | — | — | —
04:56:28 | 4.4.1 | 6/11 | 5200/5425 |  54.17% | 16,550,400/30,550,828 | 1h54m | 5.007 | — | — | — | —
04:56:34 | 4.4.1 | 6/11 | 5225/5425 |  54.21% | 16,563,200/30,550,828 | 1h54m | 4.779 | — | — | — | —
04:56:40 | 4.4.1 | 6/11 | 5250/5425 |  54.25% | 16,576,000/30,550,828 | 1h54m | 4.714 | — | — | — | —
04:56:46 | 4.4.1 | 6/11 | 5275/5425 |  54.29% | 16,588,800/30,550,828 | 1h54m | 4.524 | — | — | — | —
04:56:52 | 4.4.1 | 6/11 | 5300/5425 |  54.34% | 16,601,600/30,550,828 | 1h54m | 4.637 | — | — | — | —
04:56:58 | 4.4.1 | 6/11 | 5325/5425 |  54.38% | 16,614,400/30,550,828 | 1h54m | 4.818 | — | — | — | —
04:57:03 | 4.4.1 | 6/11 | 5350/5425 |  54.42% | 16,627,200/30,550,828 | 1h53m | 4.599 | — | — | — | —
04:57:09 | 4.4.1 | 6/11 | 5375/5425 |  54.46% | 16,640,000/30,550,828 | 1h53m | 4.847 | — | — | — | —
04:57:15 | 4.4.1 | 6/11 | 5400/5425 |  54.50% | 16,652,800/30,550,828 | 1h53m | 4.648 | — | — | — | —
04:57:21 | 4.4.1 | 6/11 | 5425/5425 |  54.55% | 16,665,600/30,550,828 | 1h53m | 4.962 | — | — | — | —
04:57:41 | validation | 6/11 | epoch-end |  54.55% | 16,664,088/30,550,828 | 1h53m | 4.715 |  56.18% |  45.28% |   8.66% | 1.491
04:57:42 | 4.4.1 | 7/11 | 1/5425 |  54.55% | 16,666,112/30,550,828 | 1h53m | 4.548 | — | — | — | —
04:57:47 | 4.4.1 | 7/11 | 25/5425 |  54.59% | 16,678,400/30,550,828 | 1h53m | 5.108 | — | — | — | —
04:57:53 | 4.4.1 | 7/11 | 50/5425 |  54.63% | 16,691,200/30,550,828 | 1h53m | 4.409 | — | — | — | —
04:57:59 | 4.4.1 | 7/11 | 75/5425 |  54.67% | 16,704,000/30,550,828 | 1h53m | 5.189 | — | — | — | —
04:58:04 | 4.4.1 | 7/11 | 100/5425 |  54.71% | 16,716,800/30,550,828 | 1h53m | 4.735 | — | — | — | —
04:58:10 | 4.4.1 | 7/11 | 125/5425 |  54.75% | 16,729,600/30,550,828 | 1h53m | 4.743 | — | — | — | —
04:58:16 | 4.4.1 | 7/11 | 150/5425 |  54.80% | 16,742,400/30,550,828 | 1h53m | 4.862 | — | — | — | —
04:58:22 | 4.4.1 | 7/11 | 175/5425 |  54.84% | 16,755,200/30,550,828 | 1h53m | 4.503 | — | — | — | —
04:58:28 | 4.4.1 | 7/11 | 200/5425 |  54.88% | 16,768,000/30,550,828 | 1h52m | 4.490 | — | — | — | —
04:58:34 | 4.4.1 | 7/11 | 225/5425 |  54.92% | 16,780,800/30,550,828 | 1h52m | 4.568 | — | — | — | —
04:58:39 | 4.4.1 | 7/11 | 250/5425 |  54.96% | 16,793,600/30,550,828 | 1h52m | 4.894 | — | — | — | —
04:58:45 | 4.4.1 | 7/11 | 275/5425 |  55.01% | 16,806,400/30,550,828 | 1h52m | 4.392 | — | — | — | —
04:58:51 | 4.4.1 | 7/11 | 300/5425 |  55.05% | 16,819,200/30,550,828 | 1h52m | 4.725 | — | — | — | —
04:58:57 | 4.4.1 | 7/11 | 325/5425 |  55.09% | 16,832,000/30,550,828 | 1h52m | 4.315 | — | — | — | —
04:59:03 | 4.4.1 | 7/11 | 350/5425 |  55.13% | 16,844,800/30,550,828 | 1h52m | 4.451 | — | — | — | —
04:59:09 | 4.4.1 | 7/11 | 375/5425 |  55.17% | 16,857,600/30,550,828 | 1h52m | 4.512 | — | — | — | —
04:59:15 | 4.4.1 | 7/11 | 400/5425 |  55.22% | 16,870,400/30,550,828 | 1h52m | 4.757 | — | — | — | —
04:59:21 | 4.4.1 | 7/11 | 425/5425 |  55.26% | 16,883,200/30,550,828 | 1h51m | 4.623 | — | — | — | —
04:59:26 | 4.4.1 | 7/11 | 450/5425 |  55.30% | 16,896,000/30,550,828 | 1h51m | 4.970 | — | — | — | —
04:59:32 | 4.4.1 | 7/11 | 475/5425 |  55.34% | 16,908,800/30,550,828 | 1h51m | 4.644 | — | — | — | —
04:59:38 | 4.4.1 | 7/11 | 500/5425 |  55.38% | 16,921,600/30,550,828 | 1h51m | 4.527 | — | — | — | —
04:59:44 | 4.4.1 | 7/11 | 525/5425 |  55.43% | 16,934,400/30,550,828 | 1h51m | 4.825 | — | — | — | —
04:59:50 | 4.4.1 | 7/11 | 550/5425 |  55.47% | 16,947,200/30,550,828 | 1h51m | 4.833 | — | — | — | —
04:59:56 | 4.4.1 | 7/11 | 575/5425 |  55.51% | 16,960,000/30,550,828 | 1h51m | 4.996 | — | — | — | —
05:00:02 | 4.4.1 | 7/11 | 600/5425 |  55.55% | 16,972,800/30,550,828 | 1h51m | 4.767 | — | — | — | —
05:00:07 | 4.4.1 | 7/11 | 625/5425 |  55.59% | 16,985,600/30,550,828 | 1h51m | 4.893 | — | — | — | —
05:00:13 | 4.4.1 | 7/11 | 650/5425 |  55.63% | 16,998,400/30,550,828 | 1h50m | 4.592 | — | — | — | —
05:00:19 | 4.4.1 | 7/11 | 675/5425 |  55.68% | 17,011,200/30,550,828 | 1h50m | 4.731 | — | — | — | —
05:00:25 | 4.4.1 | 7/11 | 700/5425 |  55.72% | 17,024,000/30,550,828 | 1h50m | 4.489 | — | — | — | —
05:00:31 | 4.4.1 | 7/11 | 725/5425 |  55.76% | 17,036,800/30,550,828 | 1h50m | 4.976 | — | — | — | —
05:00:37 | 4.4.1 | 7/11 | 750/5425 |  55.80% | 17,049,600/30,550,828 | 1h50m | 5.137 | — | — | — | —
05:00:43 | 4.4.1 | 7/11 | 775/5425 |  55.84% | 17,062,400/30,550,828 | 1h50m | 4.529 | — | — | — | —
05:00:49 | 4.4.1 | 7/11 | 800/5425 |  55.89% | 17,075,200/30,550,828 | 1h50m | 4.807 | — | — | — | —
05:00:55 | 4.4.1 | 7/11 | 825/5425 |  55.93% | 17,088,000/30,550,828 | 1h50m | 4.639 | — | — | — | —
05:01:00 | 4.4.1 | 7/11 | 850/5425 |  55.97% | 17,100,800/30,550,828 | 1h50m | 5.334 | — | — | — | —
05:01:06 | 4.4.1 | 7/11 | 875/5425 |  56.01% | 17,113,600/30,550,828 | 1h49m | 4.610 | — | — | — | —
05:01:12 | 4.4.1 | 7/11 | 900/5425 |  56.05% | 17,126,400/30,550,828 | 1h49m | 4.270 | — | — | — | —
05:01:18 | 4.4.1 | 7/11 | 925/5425 |  56.10% | 17,139,200/30,550,828 | 1h49m | 4.864 | — | — | — | —
05:01:24 | 4.4.1 | 7/11 | 950/5425 |  56.14% | 17,152,000/30,550,828 | 1h49m | 4.025 | — | — | — | —
05:01:30 | 4.4.1 | 7/11 | 975/5425 |  56.18% | 17,164,800/30,550,828 | 1h49m | 5.145 | — | — | — | —
05:01:35 | 4.4.1 | 7/11 | 1000/5425 |  56.22% | 17,177,600/30,550,828 | 1h49m | 4.291 | — | — | — | —
05:01:41 | 4.4.1 | 7/11 | 1025/5425 |  56.26% | 17,190,400/30,550,828 | 1h49m | 4.628 | — | — | — | —
05:01:47 | 4.4.1 | 7/11 | 1050/5425 |  56.30% | 17,203,200/30,550,828 | 1h49m | 5.145 | — | — | — | —
05:01:53 | 4.4.1 | 7/11 | 1075/5425 |  56.35% | 17,216,000/30,550,828 | 1h49m | 4.764 | — | — | — | —
05:01:59 | 4.4.1 | 7/11 | 1100/5425 |  56.39% | 17,228,800/30,550,828 | 1h48m | 4.910 | — | — | — | —
05:02:05 | 4.4.1 | 7/11 | 1125/5425 |  56.43% | 17,241,600/30,550,828 | 1h48m | 4.750 | — | — | — | —
05:02:10 | 4.4.1 | 7/11 | 1150/5425 |  56.47% | 17,254,400/30,550,828 | 1h48m | 4.654 | — | — | — | —
05:02:16 | 4.4.1 | 7/11 | 1175/5425 |  56.51% | 17,267,200/30,550,828 | 1h48m | 4.451 | — | — | — | —
05:02:22 | 4.4.1 | 7/11 | 1200/5425 |  56.56% | 17,280,000/30,550,828 | 1h48m | 4.966 | — | — | — | —
05:02:28 | 4.4.1 | 7/11 | 1225/5425 |  56.60% | 17,292,800/30,550,828 | 1h48m | 4.594 | — | — | — | —
05:02:34 | 4.4.1 | 7/11 | 1250/5425 |  56.64% | 17,305,600/30,550,828 | 1h48m | 4.407 | — | — | — | —
05:02:40 | 4.4.1 | 7/11 | 1275/5425 |  56.68% | 17,318,400/30,550,828 | 1h48m | 4.512 | — | — | — | —
05:02:46 | 4.4.1 | 7/11 | 1300/5425 |  56.72% | 17,331,200/30,550,828 | 1h48m | 5.044 | — | — | — | —
05:02:51 | 4.4.1 | 7/11 | 1325/5425 |  56.77% | 17,344,000/30,550,828 | 1h47m | 4.876 | — | — | — | —
05:02:57 | 4.4.1 | 7/11 | 1350/5425 |  56.81% | 17,356,800/30,550,828 | 1h47m | 4.778 | — | — | — | —
05:03:03 | 4.4.1 | 7/11 | 1375/5425 |  56.85% | 17,369,600/30,550,828 | 1h47m | 4.576 | — | — | — | —
05:03:09 | 4.4.1 | 7/11 | 1400/5425 |  56.89% | 17,382,400/30,550,828 | 1h47m | 4.481 | — | — | — | —
05:03:15 | 4.4.1 | 7/11 | 1425/5425 |  56.93% | 17,395,200/30,550,828 | 1h47m | 5.084 | — | — | — | —
05:03:21 | 4.4.1 | 7/11 | 1450/5425 |  56.98% | 17,408,000/30,550,828 | 1h47m | 4.717 | — | — | — | —
05:03:26 | 4.4.1 | 7/11 | 1475/5425 |  57.02% | 17,420,800/30,550,828 | 1h47m | 5.093 | — | — | — | —
05:03:32 | 4.4.1 | 7/11 | 1500/5425 |  57.06% | 17,433,600/30,550,828 | 1h47m | 4.528 | — | — | — | —
05:03:38 | 4.4.1 | 7/11 | 1525/5425 |  57.10% | 17,446,400/30,550,828 | 1h47m | 4.746 | — | — | — | —
05:03:44 | 4.4.1 | 7/11 | 1550/5425 |  57.14% | 17,459,200/30,550,828 | 1h46m | 4.319 | — | — | — | —
05:03:50 | 4.4.1 | 7/11 | 1575/5425 |  57.18% | 17,472,000/30,550,828 | 1h46m | 4.308 | — | — | — | —
05:03:56 | 4.4.1 | 7/11 | 1600/5425 |  57.23% | 17,484,800/30,550,828 | 1h46m | 4.526 | — | — | — | —
05:04:02 | 4.4.1 | 7/11 | 1625/5425 |  57.27% | 17,497,600/30,550,828 | 1h46m | 4.475 | — | — | — | —
05:04:08 | 4.4.1 | 7/11 | 1650/5425 |  57.31% | 17,510,400/30,550,828 | 1h46m | 5.121 | — | — | — | —
05:04:14 | 4.4.1 | 7/11 | 1675/5425 |  57.35% | 17,523,200/30,550,828 | 1h46m | 4.827 | — | — | — | —
05:04:19 | 4.4.1 | 7/11 | 1700/5425 |  57.39% | 17,536,000/30,550,828 | 1h46m | 4.184 | — | — | — | —
05:04:25 | 4.4.1 | 7/11 | 1725/5425 |  57.44% | 17,548,800/30,550,828 | 1h46m | 5.022 | — | — | — | —
05:04:31 | 4.4.1 | 7/11 | 1750/5425 |  57.48% | 17,561,600/30,550,828 | 1h46m | 4.545 | — | — | — | —
05:04:37 | 4.4.1 | 7/11 | 1775/5425 |  57.52% | 17,574,400/30,550,828 | 1h46m | 4.696 | — | — | — | —
05:04:43 | 4.4.1 | 7/11 | 1800/5425 |  57.56% | 17,587,200/30,550,828 | 1h45m | 4.751 | — | — | — | —
05:04:49 | 4.4.1 | 7/11 | 1825/5425 |  57.60% | 17,600,000/30,550,828 | 1h45m | 4.977 | — | — | — | —
05:04:54 | 4.4.1 | 7/11 | 1850/5425 |  57.65% | 17,612,800/30,550,828 | 1h45m | 4.797 | — | — | — | —
05:05:00 | 4.4.1 | 7/11 | 1875/5425 |  57.69% | 17,625,600/30,550,828 | 1h45m | 4.956 | — | — | — | —
05:05:06 | 4.4.1 | 7/11 | 1900/5425 |  57.73% | 17,638,400/30,550,828 | 1h45m | 4.835 | — | — | — | —
05:05:12 | 4.4.1 | 7/11 | 1925/5425 |  57.77% | 17,651,200/30,550,828 | 1h45m | 4.648 | — | — | — | —
05:05:18 | 4.4.1 | 7/11 | 1950/5425 |  57.81% | 17,664,000/30,550,828 | 1h45m | 4.471 | — | — | — | —
05:05:24 | 4.4.1 | 7/11 | 1975/5425 |  57.86% | 17,676,800/30,550,828 | 1h45m | 4.941 | — | — | — | —
05:05:29 | 4.4.1 | 7/11 | 2000/5425 |  57.90% | 17,689,600/30,550,828 | 1h45m | 4.988 | — | — | — | —
05:05:35 | 4.4.1 | 7/11 | 2025/5425 |  57.94% | 17,702,400/30,550,828 | 1h44m | 4.572 | — | — | — | —
05:05:41 | 4.4.1 | 7/11 | 2050/5425 |  57.98% | 17,715,200/30,550,828 | 1h44m | 5.003 | — | — | — | —
05:05:47 | 4.4.1 | 7/11 | 2075/5425 |  58.02% | 17,728,000/30,550,828 | 1h44m | 5.105 | — | — | — | —
05:05:53 | 4.4.1 | 7/11 | 2100/5425 |  58.06% | 17,740,800/30,550,828 | 1h44m | 5.102 | — | — | — | —
05:05:59 | 4.4.1 | 7/11 | 2125/5425 |  58.11% | 17,753,600/30,550,828 | 1h44m | 4.873 | — | — | — | —
05:06:05 | 4.4.1 | 7/11 | 2150/5425 |  58.15% | 17,766,400/30,550,828 | 1h44m | 4.664 | — | — | — | —
05:06:10 | 4.4.1 | 7/11 | 2175/5425 |  58.19% | 17,779,200/30,550,828 | 1h44m | 5.103 | — | — | — | —
05:06:16 | 4.4.1 | 7/11 | 2200/5425 |  58.23% | 17,792,000/30,550,828 | 1h44m | 5.101 | — | — | — | —
05:06:22 | 4.4.1 | 7/11 | 2225/5425 |  58.27% | 17,804,800/30,550,828 | 1h44m | 4.990 | — | — | — | —
05:06:28 | 4.4.1 | 7/11 | 2250/5425 |  58.32% | 17,817,600/30,550,828 | 1h43m | 4.756 | — | — | — | —
05:06:34 | 4.4.1 | 7/11 | 2275/5425 |  58.36% | 17,830,400/30,550,828 | 1h43m | 4.875 | — | — | — | —
05:06:40 | 4.4.1 | 7/11 | 2300/5425 |  58.40% | 17,843,200/30,550,828 | 1h43m | 5.006 | — | — | — | —
05:06:46 | 4.4.1 | 7/11 | 2325/5425 |  58.44% | 17,856,000/30,550,828 | 1h43m | 4.488 | — | — | — | —
05:06:52 | 4.4.1 | 7/11 | 2350/5425 |  58.48% | 17,868,800/30,550,828 | 1h43m | 4.543 | — | — | — | —
05:06:57 | 4.4.1 | 7/11 | 2375/5425 |  58.53% | 17,881,600/30,550,828 | 1h43m | 4.904 | — | — | — | —
05:07:03 | 4.4.1 | 7/11 | 2400/5425 |  58.57% | 17,894,400/30,550,828 | 1h43m | 5.018 | — | — | — | —
05:07:09 | 4.4.1 | 7/11 | 2425/5425 |  58.61% | 17,907,200/30,550,828 | 1h43m | 4.600 | — | — | — | —
05:07:15 | 4.4.1 | 7/11 | 2450/5425 |  58.65% | 17,920,000/30,550,828 | 1h43m | 4.958 | — | — | — | —
05:07:21 | 4.4.1 | 7/11 | 2475/5425 |  58.69% | 17,932,800/30,550,828 | 1h42m | 4.721 | — | — | — | —
05:07:27 | 4.4.1 | 7/11 | 2500/5425 |  58.73% | 17,945,600/30,550,828 | 1h42m | 4.944 | — | — | — | —
05:07:33 | 4.4.1 | 7/11 | 2525/5425 |  58.78% | 17,958,400/30,550,828 | 1h42m | 4.936 | — | — | — | —
05:07:39 | 4.4.1 | 7/11 | 2550/5425 |  58.82% | 17,971,200/30,550,828 | 1h42m | 4.782 | — | — | — | —
05:07:45 | 4.4.1 | 7/11 | 2575/5425 |  58.86% | 17,984,000/30,550,828 | 1h42m | 4.706 | — | — | — | —
05:07:50 | 4.4.1 | 7/11 | 2600/5425 |  58.90% | 17,996,800/30,550,828 | 1h42m | 4.459 | — | — | — | —
05:07:56 | 4.4.1 | 7/11 | 2625/5425 |  58.94% | 18,009,600/30,550,828 | 1h42m | 4.986 | — | — | — | —
05:08:02 | 4.4.1 | 7/11 | 2650/5425 |  58.99% | 18,022,400/30,550,828 | 1h42m | 4.949 | — | — | — | —
05:08:08 | 4.4.1 | 7/11 | 2675/5425 |  59.03% | 18,035,200/30,550,828 | 1h42m | 4.614 | — | — | — | —
05:08:14 | 4.4.1 | 7/11 | 2700/5425 |  59.07% | 18,048,000/30,550,828 | 1h41m | 4.800 | — | — | — | —
05:08:19 | 4.4.1 | 7/11 | 2725/5425 |  59.11% | 18,060,800/30,550,828 | 1h41m | 4.540 | — | — | — | —
05:08:25 | 4.4.1 | 7/11 | 2750/5425 |  59.15% | 18,073,600/30,550,828 | 1h41m | 4.658 | — | — | — | —
05:08:31 | 4.4.1 | 7/11 | 2775/5425 |  59.20% | 18,086,400/30,550,828 | 1h41m | 5.332 | — | — | — | —
05:08:37 | 4.4.1 | 7/11 | 2800/5425 |  59.24% | 18,099,200/30,550,828 | 1h41m | 4.273 | — | — | — | —
05:08:43 | 4.4.1 | 7/11 | 2825/5425 |  59.28% | 18,112,000/30,550,828 | 1h41m | 4.671 | — | — | — | —
05:08:49 | 4.4.1 | 7/11 | 2850/5425 |  59.32% | 18,124,800/30,550,828 | 1h41m | 4.244 | — | — | — | —
05:08:54 | 4.4.1 | 7/11 | 2875/5425 |  59.36% | 18,137,600/30,550,828 | 1h41m | 4.651 | — | — | — | —
05:09:00 | 4.4.1 | 7/11 | 2900/5425 |  59.41% | 18,150,400/30,550,828 | 1h41m | 4.786 | — | — | — | —
05:09:06 | 4.4.1 | 7/11 | 2925/5425 |  59.45% | 18,163,200/30,550,828 | 1h40m | 4.437 | — | — | — | —
05:09:12 | 4.4.1 | 7/11 | 2950/5425 |  59.49% | 18,176,000/30,550,828 | 1h40m | 4.707 | — | — | — | —
05:09:18 | 4.4.1 | 7/11 | 2975/5425 |  59.53% | 18,188,800/30,550,828 | 1h40m | 4.906 | — | — | — | —
05:09:23 | 4.4.1 | 7/11 | 3000/5425 |  59.57% | 18,201,600/30,550,828 | 1h40m | 4.515 | — | — | — | —
05:09:29 | 4.4.1 | 7/11 | 3025/5425 |  59.61% | 18,214,400/30,550,828 | 1h40m | 4.592 | — | — | — | —
05:09:35 | 4.4.1 | 7/11 | 3050/5425 |  59.66% | 18,227,200/30,550,828 | 1h40m | 4.757 | — | — | — | —
05:09:41 | 4.4.1 | 7/11 | 3075/5425 |  59.70% | 18,240,000/30,550,828 | 1h40m | 4.639 | — | — | — | —
05:09:47 | 4.4.1 | 7/11 | 3100/5425 |  59.74% | 18,252,800/30,550,828 | 1h40m | 4.903 | — | — | — | —
05:09:53 | 4.4.1 | 7/11 | 3125/5425 |  59.78% | 18,265,600/30,550,828 | 1h40m | 4.772 | — | — | — | —
05:09:58 | 4.4.1 | 7/11 | 3150/5425 |  59.82% | 18,278,400/30,550,828 | 1h39m | 4.778 | — | — | — | —
05:10:04 | 4.4.1 | 7/11 | 3175/5425 |  59.87% | 18,291,200/30,550,828 | 1h39m | 4.446 | — | — | — | —
05:10:10 | 4.4.1 | 7/11 | 3200/5425 |  59.91% | 18,304,000/30,550,828 | 1h39m | 4.809 | — | — | — | —
05:10:16 | 4.4.1 | 7/11 | 3225/5425 |  59.95% | 18,316,800/30,550,828 | 1h39m | 5.029 | — | — | — | —
05:10:22 | 4.4.1 | 7/11 | 3250/5425 |  59.99% | 18,329,600/30,550,828 | 1h39m | 4.931 | — | — | — | —
05:10:27 | 4.4.1 | 7/11 | 3275/5425 |  60.03% | 18,342,400/30,550,828 | 1h39m | 4.422 | — | — | — | —
05:10:33 | 4.4.1 | 7/11 | 3300/5425 |  60.08% | 18,355,200/30,550,828 | 1h39m | 4.339 | — | — | — | —
05:10:39 | 4.4.1 | 7/11 | 3325/5425 |  60.12% | 18,368,000/30,550,828 | 1h39m | 4.566 | — | — | — | —
05:10:45 | 4.4.1 | 7/11 | 3350/5425 |  60.16% | 18,380,800/30,550,828 | 1h39m | 5.065 | — | — | — | —
05:10:51 | 4.4.1 | 7/11 | 3375/5425 |  60.20% | 18,393,600/30,550,828 | 1h39m | 5.046 | — | — | — | —
05:10:57 | 4.4.1 | 7/11 | 3400/5425 |  60.24% | 18,406,400/30,550,828 | 1h38m | 4.694 | — | — | — | —
05:11:03 | 4.4.1 | 7/11 | 3425/5425 |  60.28% | 18,419,200/30,550,828 | 1h38m | 4.449 | — | — | — | —
05:11:08 | 4.4.1 | 7/11 | 3450/5425 |  60.33% | 18,432,000/30,550,828 | 1h38m | 4.726 | — | — | — | —
05:11:14 | 4.4.1 | 7/11 | 3475/5425 |  60.37% | 18,444,800/30,550,828 | 1h38m | 4.797 | — | — | — | —
05:11:20 | 4.4.1 | 7/11 | 3500/5425 |  60.41% | 18,457,600/30,550,828 | 1h38m | 4.615 | — | — | — | —
05:11:26 | 4.4.1 | 7/11 | 3525/5425 |  60.45% | 18,470,400/30,550,828 | 1h38m | 4.401 | — | — | — | —
05:11:32 | 4.4.1 | 7/11 | 3550/5425 |  60.49% | 18,483,200/30,550,828 | 1h38m | 4.549 | — | — | — | —
05:11:38 | 4.4.1 | 7/11 | 3575/5425 |  60.54% | 18,496,000/30,550,828 | 1h38m | 4.963 | — | — | — | —
05:11:44 | 4.4.1 | 7/11 | 3600/5425 |  60.58% | 18,508,800/30,550,828 | 1h38m | 5.035 | — | — | — | —
05:11:49 | 4.4.1 | 7/11 | 3625/5425 |  60.62% | 18,521,600/30,550,828 | 1h37m | 5.048 | — | — | — | —
05:11:55 | 4.4.1 | 7/11 | 3650/5425 |  60.66% | 18,534,400/30,550,828 | 1h37m | 4.506 | — | — | — | —
05:12:01 | 4.4.1 | 7/11 | 3675/5425 |  60.70% | 18,547,200/30,550,828 | 1h37m | 4.492 | — | — | — | —
05:12:07 | 4.4.1 | 7/11 | 3700/5425 |  60.75% | 18,560,000/30,550,828 | 1h37m | 4.793 | — | — | — | —
05:12:13 | 4.4.1 | 7/11 | 3725/5425 |  60.79% | 18,572,800/30,550,828 | 1h37m | 4.515 | — | — | — | —
05:12:19 | 4.4.1 | 7/11 | 3750/5425 |  60.83% | 18,585,600/30,550,828 | 1h37m | 4.541 | — | — | — | —
05:12:25 | 4.4.1 | 7/11 | 3775/5425 |  60.87% | 18,598,400/30,550,828 | 1h37m | 4.503 | — | — | — | —
05:12:30 | 4.4.1 | 7/11 | 3800/5425 |  60.91% | 18,611,200/30,550,828 | 1h37m | 4.451 | — | — | — | —
05:12:36 | 4.4.1 | 7/11 | 3825/5425 |  60.96% | 18,624,000/30,550,828 | 1h37m | 4.661 | — | — | — | —
05:12:42 | 4.4.1 | 7/11 | 3850/5425 |  61.00% | 18,636,800/30,550,828 | 1h36m | 4.627 | — | — | — | —
05:12:48 | 4.4.1 | 7/11 | 3875/5425 |  61.04% | 18,649,600/30,550,828 | 1h36m | 4.999 | — | — | — | —
05:12:54 | 4.4.1 | 7/11 | 3900/5425 |  61.08% | 18,662,400/30,550,828 | 1h36m | 4.737 | — | — | — | —
05:13:00 | 4.4.1 | 7/11 | 3925/5425 |  61.12% | 18,675,200/30,550,828 | 1h36m | 4.469 | — | — | — | —
05:13:06 | 4.4.1 | 7/11 | 3950/5425 |  61.16% | 18,688,000/30,550,828 | 1h36m | 4.720 | — | — | — | —
05:13:12 | 4.4.1 | 7/11 | 3975/5425 |  61.21% | 18,700,800/30,550,828 | 1h36m | 4.730 | — | — | — | —
05:13:17 | 4.4.1 | 7/11 | 4000/5425 |  61.25% | 18,713,600/30,550,828 | 1h36m | 4.331 | — | — | — | —
05:13:23 | 4.4.1 | 7/11 | 4025/5425 |  61.29% | 18,726,400/30,550,828 | 1h36m | 4.968 | — | — | — | —
05:13:29 | 4.4.1 | 7/11 | 4050/5425 |  61.33% | 18,739,200/30,550,828 | 1h36m | 4.676 | — | — | — | —
05:13:35 | 4.4.1 | 7/11 | 4075/5425 |  61.37% | 18,752,000/30,550,828 | 1h35m | 4.652 | — | — | — | —
05:13:41 | 4.4.1 | 7/11 | 4100/5425 |  61.42% | 18,764,800/30,550,828 | 1h35m | 4.652 | — | — | — | —
05:13:47 | 4.4.1 | 7/11 | 4125/5425 |  61.46% | 18,777,600/30,550,828 | 1h35m | 4.823 | — | — | — | —
05:13:52 | 4.4.1 | 7/11 | 4150/5425 |  61.50% | 18,790,400/30,550,828 | 1h35m | 4.638 | — | — | — | —
05:13:58 | 4.4.1 | 7/11 | 4175/5425 |  61.54% | 18,803,200/30,550,828 | 1h35m | 4.723 | — | — | — | —
05:14:04 | 4.4.1 | 7/11 | 4200/5425 |  61.58% | 18,816,000/30,550,828 | 1h35m | 5.005 | — | — | — | —
05:14:10 | 4.4.1 | 7/11 | 4225/5425 |  61.63% | 18,828,800/30,550,828 | 1h35m | 4.807 | — | — | — | —
05:14:16 | 4.4.1 | 7/11 | 4250/5425 |  61.67% | 18,841,600/30,550,828 | 1h35m | 4.682 | — | — | — | —
05:14:22 | 4.4.1 | 7/11 | 4275/5425 |  61.71% | 18,854,400/30,550,828 | 1h35m | 4.553 | — | — | — | —
05:14:28 | 4.4.1 | 7/11 | 4300/5425 |  61.75% | 18,867,200/30,550,828 | 1h35m | 4.548 | — | — | — | —
05:14:34 | 4.4.1 | 7/11 | 4325/5425 |  61.79% | 18,880,000/30,550,828 | 1h34m | 4.507 | — | — | — | —
05:14:39 | 4.4.1 | 7/11 | 4350/5425 |  61.83% | 18,892,800/30,550,828 | 1h34m | 4.671 | — | — | — | —
05:14:45 | 4.4.1 | 7/11 | 4375/5425 |  61.88% | 18,905,600/30,550,828 | 1h34m | 5.371 | — | — | — | —
05:14:51 | 4.4.1 | 7/11 | 4400/5425 |  61.92% | 18,918,400/30,550,828 | 1h34m | 4.347 | — | — | — | —
05:14:57 | 4.4.1 | 7/11 | 4425/5425 |  61.96% | 18,931,200/30,550,828 | 1h34m | 4.818 | — | — | — | —
05:15:03 | 4.4.1 | 7/11 | 4450/5425 |  62.00% | 18,944,000/30,550,828 | 1h34m | 4.746 | — | — | — | —
05:15:09 | 4.4.1 | 7/11 | 4475/5425 |  62.04% | 18,956,800/30,550,828 | 1h34m | 4.514 | — | — | — | —
05:15:15 | 4.4.1 | 7/11 | 4500/5425 |  62.09% | 18,969,600/30,550,828 | 1h34m | 4.130 | — | — | — | —
05:15:20 | 4.4.1 | 7/11 | 4525/5425 |  62.13% | 18,982,400/30,550,828 | 1h34m | 4.744 | — | — | — | —
05:15:26 | 4.4.1 | 7/11 | 4550/5425 |  62.17% | 18,995,200/30,550,828 | 1h33m | 4.668 | — | — | — | —
05:15:32 | 4.4.1 | 7/11 | 4575/5425 |  62.21% | 19,008,000/30,550,828 | 1h33m | 4.858 | — | — | — | —
05:15:38 | 4.4.1 | 7/11 | 4600/5425 |  62.25% | 19,020,800/30,550,828 | 1h33m | 4.604 | — | — | — | —
05:15:44 | 4.4.1 | 7/11 | 4625/5425 |  62.30% | 19,033,600/30,550,828 | 1h33m | 4.639 | — | — | — | —
05:15:50 | 4.4.1 | 7/11 | 4650/5425 |  62.34% | 19,046,400/30,550,828 | 1h33m | 4.602 | — | — | — | —
05:15:56 | 4.4.1 | 7/11 | 4675/5425 |  62.38% | 19,059,200/30,550,828 | 1h33m | 5.224 | — | — | — | —
05:16:01 | 4.4.1 | 7/11 | 4700/5425 |  62.42% | 19,072,000/30,550,828 | 1h33m | 4.715 | — | — | — | —
05:16:07 | 4.4.1 | 7/11 | 4725/5425 |  62.46% | 19,084,800/30,550,828 | 1h33m | 4.908 | — | — | — | —
05:16:13 | 4.4.1 | 7/11 | 4750/5425 |  62.51% | 19,097,600/30,550,828 | 1h33m | 4.723 | — | — | — | —
05:16:19 | 4.4.1 | 7/11 | 4775/5425 |  62.55% | 19,110,400/30,550,828 | 1h32m | 4.732 | — | — | — | —
05:16:25 | 4.4.1 | 7/11 | 4800/5425 |  62.59% | 19,123,200/30,550,828 | 1h32m | 4.769 | — | — | — | —
05:16:31 | 4.4.1 | 7/11 | 4825/5425 |  62.63% | 19,136,000/30,550,828 | 1h32m | 4.459 | — | — | — | —
05:16:36 | 4.4.1 | 7/11 | 4850/5425 |  62.67% | 19,148,800/30,550,828 | 1h32m | 4.814 | — | — | — | —
05:16:42 | 4.4.1 | 7/11 | 4875/5425 |  62.71% | 19,161,600/30,550,828 | 1h32m | 4.462 | — | — | — | —
05:16:48 | 4.4.1 | 7/11 | 4900/5425 |  62.76% | 19,174,400/30,550,828 | 1h32m | 4.663 | — | — | — | —
05:16:54 | 4.4.1 | 7/11 | 4925/5425 |  62.80% | 19,187,200/30,550,828 | 1h32m | 4.777 | — | — | — | —
05:17:00 | 4.4.1 | 7/11 | 4950/5425 |  62.84% | 19,200,000/30,550,828 | 1h32m | 4.745 | — | — | — | —
05:17:05 | 4.4.1 | 7/11 | 4975/5425 |  62.88% | 19,212,800/30,550,828 | 1h32m | 4.842 | — | — | — | —
05:17:11 | 4.4.1 | 7/11 | 5000/5425 |  62.92% | 19,225,600/30,550,828 | 1h31m | 4.569 | — | — | — | —
05:17:17 | 4.4.1 | 7/11 | 5025/5425 |  62.97% | 19,238,400/30,550,828 | 1h31m | 4.846 | — | — | — | —
05:17:23 | 4.4.1 | 7/11 | 5050/5425 |  63.01% | 19,251,200/30,550,828 | 1h31m | 4.540 | — | — | — | —
05:17:29 | 4.4.1 | 7/11 | 5075/5425 |  63.05% | 19,264,000/30,550,828 | 1h31m | 4.594 | — | — | — | —
05:17:35 | 4.4.1 | 7/11 | 5100/5425 |  63.09% | 19,276,800/30,550,828 | 1h31m | 4.306 | — | — | — | —
05:17:41 | 4.4.1 | 7/11 | 5125/5425 |  63.13% | 19,289,600/30,550,828 | 1h31m | 4.808 | — | — | — | —
05:17:46 | 4.4.1 | 7/11 | 5150/5425 |  63.18% | 19,302,400/30,550,828 | 1h31m | 4.246 | — | — | — | —
05:17:52 | 4.4.1 | 7/11 | 5175/5425 |  63.22% | 19,315,200/30,550,828 | 1h31m | 4.948 | — | — | — | —
05:17:58 | 4.4.1 | 7/11 | 5200/5425 |  63.26% | 19,328,000/30,550,828 | 1h31m | 4.566 | — | — | — | —
05:18:04 | 4.4.1 | 7/11 | 5225/5425 |  63.30% | 19,340,800/30,550,828 | 1h31m | 4.936 | — | — | — | —
05:18:10 | 4.4.1 | 7/11 | 5250/5425 |  63.34% | 19,353,600/30,550,828 | 1h30m | 4.549 | — | — | — | —
05:18:15 | 4.4.1 | 7/11 | 5275/5425 |  63.39% | 19,366,400/30,550,828 | 1h30m | 4.561 | — | — | — | —
05:18:21 | 4.4.1 | 7/11 | 5300/5425 |  63.43% | 19,379,200/30,550,828 | 1h30m | 4.778 | — | — | — | —
05:18:27 | 4.4.1 | 7/11 | 5325/5425 |  63.47% | 19,392,000/30,550,828 | 1h30m | 4.259 | — | — | — | —
05:18:33 | 4.4.1 | 7/11 | 5350/5425 |  63.51% | 19,404,800/30,550,828 | 1h30m | 4.569 | — | — | — | —
05:18:39 | 4.4.1 | 7/11 | 5375/5425 |  63.55% | 19,417,600/30,550,828 | 1h30m | 4.662 | — | — | — | —
05:18:45 | 4.4.1 | 7/11 | 5400/5425 |  63.59% | 19,430,400/30,550,828 | 1h30m | 4.699 | — | — | — | —
05:18:50 | 4.4.1 | 7/11 | 5425/5425 |  63.64% | 19,443,200/30,550,828 | 1h30m | 5.097 | — | — | — | —
05:19:11 | validation | 7/11 | epoch-end |  63.64% | 19,441,436/30,550,828 | 1h30m | 4.702 |  56.19% |  45.43% |   8.74% | 1.489
05:19:11 | 4.4.1 | 8/11 | 1/5425 |  63.64% | 19,443,712/30,550,828 | 1h30m | 4.568 | — | — | — | —
05:19:16 | 4.4.1 | 8/11 | 25/5425 |  63.68% | 19,456,000/30,550,828 | 1h30m | 4.676 | — | — | — | —
05:19:22 | 4.4.1 | 8/11 | 50/5425 |  63.72% | 19,468,800/30,550,828 | 1h30m | 4.832 | — | — | — | —
05:19:28 | 4.4.1 | 8/11 | 75/5425 |  63.76% | 19,481,600/30,550,828 | 1h30m | 5.117 | — | — | — | —
05:19:34 | 4.4.1 | 8/11 | 100/5425 |  63.80% | 19,494,400/30,550,828 | 1h29m | 4.891 | — | — | — | —
05:19:40 | 4.4.1 | 8/11 | 125/5425 |  63.85% | 19,507,200/30,550,828 | 1h29m | 4.921 | — | — | — | —
05:19:46 | 4.4.1 | 8/11 | 150/5425 |  63.89% | 19,520,000/30,550,828 | 1h29m | 4.765 | — | — | — | —
05:19:51 | 4.4.1 | 8/11 | 175/5425 |  63.93% | 19,532,800/30,550,828 | 1h29m | 4.486 | — | — | — | —
05:19:57 | 4.4.1 | 8/11 | 200/5425 |  63.97% | 19,545,600/30,550,828 | 1h29m | 4.937 | — | — | — | —
05:20:03 | 4.4.1 | 8/11 | 225/5425 |  64.01% | 19,558,400/30,550,828 | 1h29m | 4.934 | — | — | — | —
05:20:09 | 4.4.1 | 8/11 | 250/5425 |  64.06% | 19,571,200/30,550,828 | 1h29m | 4.447 | — | — | — | —
05:20:15 | 4.4.1 | 8/11 | 275/5425 |  64.10% | 19,584,000/30,550,828 | 1h29m | 4.859 | — | — | — | —
05:20:21 | 4.4.1 | 8/11 | 300/5425 |  64.14% | 19,596,800/30,550,828 | 1h29m | 4.831 | — | — | — | —
05:20:26 | 4.4.1 | 8/11 | 325/5425 |  64.18% | 19,609,600/30,550,828 | 1h28m | 4.475 | — | — | — | —
05:20:33 | 4.4.1 | 8/11 | 350/5425 |  64.22% | 19,622,400/30,550,828 | 1h28m | 4.755 | — | — | — | —
05:20:38 | 4.4.1 | 8/11 | 375/5425 |  64.26% | 19,635,200/30,550,828 | 1h28m | 4.796 | — | — | — | —
05:20:44 | 4.4.1 | 8/11 | 400/5425 |  64.31% | 19,648,000/30,550,828 | 1h28m | 4.544 | — | — | — | —
05:20:50 | 4.4.1 | 8/11 | 425/5425 |  64.35% | 19,660,800/30,550,828 | 1h28m | 5.012 | — | — | — | —
05:20:56 | 4.4.1 | 8/11 | 450/5425 |  64.39% | 19,673,600/30,550,828 | 1h28m | 4.534 | — | — | — | —
05:21:02 | 4.4.1 | 8/11 | 475/5425 |  64.43% | 19,686,400/30,550,828 | 1h28m | 4.886 | — | — | — | —
05:21:08 | 4.4.1 | 8/11 | 500/5425 |  64.47% | 19,699,200/30,550,828 | 1h28m | 5.060 | — | — | — | —
05:21:13 | 4.4.1 | 8/11 | 525/5425 |  64.52% | 19,712,000/30,550,828 | 1h28m | 4.935 | — | — | — | —
05:21:19 | 4.4.1 | 8/11 | 550/5425 |  64.56% | 19,724,800/30,550,828 | 1h27m | 4.524 | — | — | — | —
05:21:25 | 4.4.1 | 8/11 | 575/5425 |  64.60% | 19,737,600/30,550,828 | 1h27m | 4.587 | — | — | — | —
05:21:31 | 4.4.1 | 8/11 | 600/5425 |  64.64% | 19,750,400/30,550,828 | 1h27m | 4.748 | — | — | — | —
05:21:37 | 4.4.1 | 8/11 | 625/5425 |  64.68% | 19,763,200/30,550,828 | 1h27m | 4.613 | — | — | — | —
05:21:43 | 4.4.1 | 8/11 | 650/5425 |  64.73% | 19,776,000/30,550,828 | 1h27m | 4.562 | — | — | — | —
05:21:49 | 4.4.1 | 8/11 | 675/5425 |  64.77% | 19,788,800/30,550,828 | 1h27m | 4.341 | — | — | — | —
05:21:54 | 4.4.1 | 8/11 | 700/5425 |  64.81% | 19,801,600/30,550,828 | 1h27m | 5.134 | — | — | — | —
05:22:00 | 4.4.1 | 8/11 | 725/5425 |  64.85% | 19,814,400/30,550,828 | 1h27m | 4.714 | — | — | — | —
05:22:06 | 4.4.1 | 8/11 | 750/5425 |  64.89% | 19,827,200/30,550,828 | 1h27m | 4.426 | — | — | — | —
05:22:12 | 4.4.1 | 8/11 | 775/5425 |  64.94% | 19,840,000/30,550,828 | 1h27m | 4.354 | — | — | — | —
05:22:18 | 4.4.1 | 8/11 | 800/5425 |  64.98% | 19,852,800/30,550,828 | 1h26m | 4.637 | — | — | — | —
05:22:24 | 4.4.1 | 8/11 | 825/5425 |  65.02% | 19,865,600/30,550,828 | 1h26m | 4.669 | — | — | — | —
05:22:30 | 4.4.1 | 8/11 | 850/5425 |  65.06% | 19,878,400/30,550,828 | 1h26m | 4.359 | — | — | — | —
05:22:36 | 4.4.1 | 8/11 | 875/5425 |  65.10% | 19,891,200/30,550,828 | 1h26m | 4.656 | — | — | — | —
05:22:41 | 4.4.1 | 8/11 | 900/5425 |  65.14% | 19,904,000/30,550,828 | 1h26m | 4.626 | — | — | — | —
05:22:47 | 4.4.1 | 8/11 | 925/5425 |  65.19% | 19,916,800/30,550,828 | 1h26m | 4.705 | — | — | — | —
05:22:53 | 4.4.1 | 8/11 | 950/5425 |  65.23% | 19,929,600/30,550,828 | 1h26m | 4.867 | — | — | — | —
05:22:59 | 4.4.1 | 8/11 | 975/5425 |  65.27% | 19,942,400/30,550,828 | 1h26m | 5.046 | — | — | — | —
05:23:05 | 4.4.1 | 8/11 | 1000/5425 |  65.31% | 19,955,200/30,550,828 | 1h26m | 4.669 | — | — | — | —
05:23:11 | 4.4.1 | 8/11 | 1025/5425 |  65.35% | 19,968,000/30,550,828 | 1h25m | 4.659 | — | — | — | —
05:23:17 | 4.4.1 | 8/11 | 1050/5425 |  65.40% | 19,980,800/30,550,828 | 1h25m | 4.458 | — | — | — | —
05:23:22 | 4.4.1 | 8/11 | 1075/5425 |  65.44% | 19,993,600/30,550,828 | 1h25m | 4.427 | — | — | — | —
05:23:28 | 4.4.1 | 8/11 | 1100/5425 |  65.48% | 20,006,400/30,550,828 | 1h25m | 4.892 | — | — | — | —
05:23:34 | 4.4.1 | 8/11 | 1125/5425 |  65.52% | 20,019,200/30,550,828 | 1h25m | 4.435 | — | — | — | —
05:23:40 | 4.4.1 | 8/11 | 1150/5425 |  65.56% | 20,032,000/30,550,828 | 1h25m | 4.776 | — | — | — | —
05:23:46 | 4.4.1 | 8/11 | 1175/5425 |  65.61% | 20,044,800/30,550,828 | 1h25m | 5.049 | — | — | — | —
05:23:52 | 4.4.1 | 8/11 | 1200/5425 |  65.65% | 20,057,600/30,550,828 | 1h25m | 4.451 | — | — | — | —
05:23:58 | 4.4.1 | 8/11 | 1225/5425 |  65.69% | 20,070,400/30,550,828 | 1h25m | 4.835 | — | — | — | —
05:24:03 | 4.4.1 | 8/11 | 1250/5425 |  65.73% | 20,083,200/30,550,828 | 1h24m | 4.666 | — | — | — | —
05:24:09 | 4.4.1 | 8/11 | 1275/5425 |  65.77% | 20,096,000/30,550,828 | 1h24m | 4.737 | — | — | — | —
05:24:15 | 4.4.1 | 8/11 | 1300/5425 |  65.81% | 20,108,800/30,550,828 | 1h24m | 4.763 | — | — | — | —
05:24:21 | 4.4.1 | 8/11 | 1325/5425 |  65.86% | 20,121,600/30,550,828 | 1h24m | 4.644 | — | — | — | —
05:24:27 | 4.4.1 | 8/11 | 1350/5425 |  65.90% | 20,134,400/30,550,828 | 1h24m | 4.793 | — | — | — | —
05:24:32 | 4.4.1 | 8/11 | 1375/5425 |  65.94% | 20,147,200/30,550,828 | 1h24m | 4.668 | — | — | — | —
05:24:38 | 4.4.1 | 8/11 | 1400/5425 |  65.98% | 20,160,000/30,550,828 | 1h24m | 4.673 | — | — | — | —
05:24:44 | 4.4.1 | 8/11 | 1425/5425 |  66.02% | 20,172,800/30,550,828 | 1h24m | 4.683 | — | — | — | —
05:24:50 | 4.4.1 | 8/11 | 1450/5425 |  66.07% | 20,185,600/30,550,828 | 1h24m | 4.545 | — | — | — | —
05:24:56 | 4.4.1 | 8/11 | 1475/5425 |  66.11% | 20,198,400/30,550,828 | 1h24m | 4.353 | — | — | — | —
05:25:02 | 4.4.1 | 8/11 | 1500/5425 |  66.15% | 20,211,200/30,550,828 | 1h23m | 4.521 | — | — | — | —
05:25:07 | 4.4.1 | 8/11 | 1525/5425 |  66.19% | 20,224,000/30,550,828 | 1h23m | 5.013 | — | — | — | —
05:25:13 | 4.4.1 | 8/11 | 1550/5425 |  66.23% | 20,236,800/30,550,828 | 1h23m | 4.684 | — | — | — | —
05:25:19 | 4.4.1 | 8/11 | 1575/5425 |  66.28% | 20,249,600/30,550,828 | 1h23m | 4.986 | — | — | — | —
05:25:25 | 4.4.1 | 8/11 | 1600/5425 |  66.32% | 20,262,400/30,550,828 | 1h23m | 4.495 | — | — | — | —
05:25:31 | 4.4.1 | 8/11 | 1625/5425 |  66.36% | 20,275,200/30,550,828 | 1h23m | 4.838 | — | — | — | —
05:25:37 | 4.4.1 | 8/11 | 1650/5425 |  66.40% | 20,288,000/30,550,828 | 1h23m | 4.498 | — | — | — | —
05:25:43 | 4.4.1 | 8/11 | 1675/5425 |  66.44% | 20,300,800/30,550,828 | 1h23m | 4.894 | — | — | — | —
05:25:48 | 4.4.1 | 8/11 | 1700/5425 |  66.49% | 20,313,600/30,550,828 | 1h23m | 4.684 | — | — | — | —
05:25:54 | 4.4.1 | 8/11 | 1725/5425 |  66.53% | 20,326,400/30,550,828 | 1h22m | 4.658 | — | — | — | —
05:26:00 | 4.4.1 | 8/11 | 1750/5425 |  66.57% | 20,339,200/30,550,828 | 1h22m | 4.742 | — | — | — | —
05:26:06 | 4.4.1 | 8/11 | 1775/5425 |  66.61% | 20,352,000/30,550,828 | 1h22m | 4.736 | — | — | — | —
05:26:12 | 4.4.1 | 8/11 | 1800/5425 |  66.65% | 20,364,800/30,550,828 | 1h22m | 4.691 | — | — | — | —
05:26:18 | 4.4.1 | 8/11 | 1825/5425 |  66.69% | 20,377,600/30,550,828 | 1h22m | 4.803 | — | — | — | —
05:26:23 | 4.4.1 | 8/11 | 1850/5425 |  66.74% | 20,390,400/30,550,828 | 1h22m | 4.470 | — | — | — | —
05:26:29 | 4.4.1 | 8/11 | 1875/5425 |  66.78% | 20,403,200/30,550,828 | 1h22m | 4.473 | — | — | — | —
05:26:35 | 4.4.1 | 8/11 | 1900/5425 |  66.82% | 20,416,000/30,550,828 | 1h22m | 4.648 | — | — | — | —
05:26:41 | 4.4.1 | 8/11 | 1925/5425 |  66.86% | 20,428,800/30,550,828 | 1h22m | 4.781 | — | — | — | —
05:26:47 | 4.4.1 | 8/11 | 1950/5425 |  66.90% | 20,441,600/30,550,828 | 1h21m | 4.840 | — | — | — | —
05:26:52 | 4.4.1 | 8/11 | 1975/5425 |  66.95% | 20,454,400/30,550,828 | 1h21m | 4.834 | — | — | — | —
05:26:58 | 4.4.1 | 8/11 | 2000/5425 |  66.99% | 20,467,200/30,550,828 | 1h21m | 4.825 | — | — | — | —
05:27:04 | 4.4.1 | 8/11 | 2025/5425 |  67.03% | 20,480,000/30,550,828 | 1h21m | 4.556 | — | — | — | —
05:27:10 | 4.4.1 | 8/11 | 2050/5425 |  67.07% | 20,492,800/30,550,828 | 1h21m | 5.018 | — | — | — | —
05:27:16 | 4.4.1 | 8/11 | 2075/5425 |  67.11% | 20,505,600/30,550,828 | 1h21m | 4.488 | — | — | — | —
05:27:22 | 4.4.1 | 8/11 | 2100/5425 |  67.16% | 20,518,400/30,550,828 | 1h21m | 4.592 | — | — | — | —
05:27:28 | 4.4.1 | 8/11 | 2125/5425 |  67.20% | 20,531,200/30,550,828 | 1h21m | 4.819 | — | — | — | —
05:27:34 | 4.4.1 | 8/11 | 2150/5425 |  67.24% | 20,544,000/30,550,828 | 1h21m | 4.990 | — | — | — | —
05:27:39 | 4.4.1 | 8/11 | 2175/5425 |  67.28% | 20,556,800/30,550,828 | 1h21m | 4.467 | — | — | — | —
05:27:45 | 4.4.1 | 8/11 | 2200/5425 |  67.32% | 20,569,600/30,550,828 | 1h20m | 4.625 | — | — | — | —
05:27:51 | 4.4.1 | 8/11 | 2225/5425 |  67.36% | 20,582,400/30,550,828 | 1h20m | 4.896 | — | — | — | —
05:27:57 | 4.4.1 | 8/11 | 2250/5425 |  67.41% | 20,595,200/30,550,828 | 1h20m | 4.890 | — | — | — | —
05:28:03 | 4.4.1 | 8/11 | 2275/5425 |  67.45% | 20,608,000/30,550,828 | 1h20m | 4.493 | — | — | — | —
05:28:09 | 4.4.1 | 8/11 | 2300/5425 |  67.49% | 20,620,800/30,550,828 | 1h20m | 4.696 | — | — | — | —
05:28:15 | 4.4.1 | 8/11 | 2325/5425 |  67.53% | 20,633,600/30,550,828 | 1h20m | 4.723 | — | — | — | —
05:28:20 | 4.4.1 | 8/11 | 2350/5425 |  67.57% | 20,646,400/30,550,828 | 1h20m | 4.661 | — | — | — | —
05:28:26 | 4.4.1 | 8/11 | 2375/5425 |  67.62% | 20,659,200/30,550,828 | 1h20m | 4.407 | — | — | — | —
05:28:32 | 4.4.1 | 8/11 | 2400/5425 |  67.66% | 20,672,000/30,550,828 | 1h20m | 4.719 | — | — | — | —
05:28:38 | 4.4.1 | 8/11 | 2425/5425 |  67.70% | 20,684,800/30,550,828 | 1h19m | 4.602 | — | — | — | —
05:28:44 | 4.4.1 | 8/11 | 2450/5425 |  67.74% | 20,697,600/30,550,828 | 1h19m | 4.924 | — | — | — | —
05:28:50 | 4.4.1 | 8/11 | 2475/5425 |  67.78% | 20,710,400/30,550,828 | 1h19m | 4.659 | — | — | — | —
05:28:56 | 4.4.1 | 8/11 | 2500/5425 |  67.83% | 20,723,200/30,550,828 | 1h19m | 4.429 | — | — | — | —
05:29:02 | 4.4.1 | 8/11 | 2525/5425 |  67.87% | 20,736,000/30,550,828 | 1h19m | 4.572 | — | — | — | —
05:29:07 | 4.4.1 | 8/11 | 2550/5425 |  67.91% | 20,748,800/30,550,828 | 1h19m | 4.694 | — | — | — | —
05:29:13 | 4.4.1 | 8/11 | 2575/5425 |  67.95% | 20,761,600/30,550,828 | 1h19m | 5.145 | — | — | — | —
05:29:19 | 4.4.1 | 8/11 | 2600/5425 |  67.99% | 20,774,400/30,550,828 | 1h19m | 4.770 | — | — | — | —
05:29:25 | 4.4.1 | 8/11 | 2625/5425 |  68.04% | 20,787,200/30,550,828 | 1h19m | 4.666 | — | — | — | —
05:29:31 | 4.4.1 | 8/11 | 2650/5425 |  68.08% | 20,800,000/30,550,828 | 1h18m | 4.822 | — | — | — | —
05:29:37 | 4.4.1 | 8/11 | 2675/5425 |  68.12% | 20,812,800/30,550,828 | 1h18m | 4.571 | — | — | — | —
05:29:43 | 4.4.1 | 8/11 | 2700/5425 |  68.16% | 20,825,600/30,550,828 | 1h18m | 4.488 | — | — | — | —
05:29:48 | 4.4.1 | 8/11 | 2725/5425 |  68.20% | 20,838,400/30,550,828 | 1h18m | 4.232 | — | — | — | —
05:29:54 | 4.4.1 | 8/11 | 2750/5425 |  68.24% | 20,851,200/30,550,828 | 1h18m | 4.742 | — | — | — | —
05:30:00 | 4.4.1 | 8/11 | 2775/5425 |  68.29% | 20,864,000/30,550,828 | 1h18m | 4.583 | — | — | — | —
05:30:06 | 4.4.1 | 8/11 | 2800/5425 |  68.33% | 20,876,800/30,550,828 | 1h18m | 4.868 | — | — | — | —
05:30:12 | 4.4.1 | 8/11 | 2825/5425 |  68.37% | 20,889,600/30,550,828 | 1h18m | 5.165 | — | — | — | —
05:30:18 | 4.4.1 | 8/11 | 2850/5425 |  68.41% | 20,902,400/30,550,828 | 1h18m | 4.790 | — | — | — | —
05:30:24 | 4.4.1 | 8/11 | 2875/5425 |  68.45% | 20,915,200/30,550,828 | 1h18m | 4.505 | — | — | — | —
05:30:30 | 4.4.1 | 8/11 | 2900/5425 |  68.50% | 20,928,000/30,550,828 | 1h17m | 4.730 | — | — | — | —
05:30:36 | 4.4.1 | 8/11 | 2925/5425 |  68.54% | 20,940,800/30,550,828 | 1h17m | 4.797 | — | — | — | —
05:30:41 | 4.4.1 | 8/11 | 2950/5425 |  68.58% | 20,953,600/30,550,828 | 1h17m | 4.934 | — | — | — | —
05:30:47 | 4.4.1 | 8/11 | 2975/5425 |  68.62% | 20,966,400/30,550,828 | 1h17m | 4.302 | — | — | — | —
05:30:53 | 4.4.1 | 8/11 | 3000/5425 |  68.66% | 20,979,200/30,550,828 | 1h17m | 4.758 | — | — | — | —
05:30:59 | 4.4.1 | 8/11 | 3025/5425 |  68.71% | 20,992,000/30,550,828 | 1h17m | 4.436 | — | — | — | —
05:31:05 | 4.4.1 | 8/11 | 3050/5425 |  68.75% | 21,004,800/30,550,828 | 1h17m | 5.143 | — | — | — | —
05:31:11 | 4.4.1 | 8/11 | 3075/5425 |  68.79% | 21,017,600/30,550,828 | 1h17m | 4.325 | — | — | — | —
05:31:16 | 4.4.1 | 8/11 | 3100/5425 |  68.83% | 21,030,400/30,550,828 | 1h17m | 4.744 | — | — | — | —
05:31:22 | 4.4.1 | 8/11 | 3125/5425 |  68.87% | 21,043,200/30,550,828 | 1h16m | 4.695 | — | — | — | —
05:31:28 | 4.4.1 | 8/11 | 3150/5425 |  68.91% | 21,056,000/30,550,828 | 1h16m | 4.356 | — | — | — | —
05:31:34 | 4.4.1 | 8/11 | 3175/5425 |  68.96% | 21,068,800/30,550,828 | 1h16m | 4.730 | — | — | — | —
05:31:40 | 4.4.1 | 8/11 | 3200/5425 |  69.00% | 21,081,600/30,550,828 | 1h16m | 4.782 | — | — | — | —
05:31:46 | 4.4.1 | 8/11 | 3225/5425 |  69.04% | 21,094,400/30,550,828 | 1h16m | 4.832 | — | — | — | —
05:31:51 | 4.4.1 | 8/11 | 3250/5425 |  69.08% | 21,107,200/30,550,828 | 1h16m | 4.791 | — | — | — | —
05:31:57 | 4.4.1 | 8/11 | 3275/5425 |  69.12% | 21,120,000/30,550,828 | 1h16m | 4.466 | — | — | — | —
05:32:03 | 4.4.1 | 8/11 | 3300/5425 |  69.17% | 21,132,800/30,550,828 | 1h16m | 4.396 | — | — | — | —
05:32:09 | 4.4.1 | 8/11 | 3325/5425 |  69.21% | 21,145,600/30,550,828 | 1h16m | 4.433 | — | — | — | —
05:32:15 | 4.4.1 | 8/11 | 3350/5425 |  69.25% | 21,158,400/30,550,828 | 1h16m | 4.683 | — | — | — | —
05:32:21 | 4.4.1 | 8/11 | 3375/5425 |  69.29% | 21,171,200/30,550,828 | 1h15m | 4.687 | — | — | — | —
05:32:27 | 4.4.1 | 8/11 | 3400/5425 |  69.33% | 21,184,000/30,550,828 | 1h15m | 4.889 | — | — | — | —
05:32:33 | 4.4.1 | 8/11 | 3425/5425 |  69.38% | 21,196,800/30,550,828 | 1h15m | 4.399 | — | — | — | —
05:32:38 | 4.4.1 | 8/11 | 3450/5425 |  69.42% | 21,209,600/30,550,828 | 1h15m | 4.674 | — | — | — | —
05:32:44 | 4.4.1 | 8/11 | 3475/5425 |  69.46% | 21,222,400/30,550,828 | 1h15m | 4.391 | — | — | — | —
05:32:50 | 4.4.1 | 8/11 | 3500/5425 |  69.50% | 21,235,200/30,550,828 | 1h15m | 4.692 | — | — | — | —
05:32:56 | 4.4.1 | 8/11 | 3525/5425 |  69.54% | 21,248,000/30,550,828 | 1h15m | 3.985 | — | — | — | —
05:33:02 | 4.4.1 | 8/11 | 3550/5425 |  69.59% | 21,260,800/30,550,828 | 1h15m | 4.603 | — | — | — | —
05:33:08 | 4.4.1 | 8/11 | 3575/5425 |  69.63% | 21,273,600/30,550,828 | 1h15m | 4.466 | — | — | — | —
05:33:14 | 4.4.1 | 8/11 | 3600/5425 |  69.67% | 21,286,400/30,550,828 | 1h14m | 4.479 | — | — | — | —
05:33:19 | 4.4.1 | 8/11 | 3625/5425 |  69.71% | 21,299,200/30,550,828 | 1h14m | 4.633 | — | — | — | —
05:33:25 | 4.4.1 | 8/11 | 3650/5425 |  69.75% | 21,312,000/30,550,828 | 1h14m | 4.667 | — | — | — | —
05:33:31 | 4.4.1 | 8/11 | 3675/5425 |  69.79% | 21,324,800/30,550,828 | 1h14m | 4.731 | — | — | — | —
05:33:37 | 4.4.1 | 8/11 | 3700/5425 |  69.84% | 21,337,600/30,550,828 | 1h14m | 4.764 | — | — | — | —
05:33:43 | 4.4.1 | 8/11 | 3725/5425 |  69.88% | 21,350,400/30,550,828 | 1h14m | 4.409 | — | — | — | —
05:33:49 | 4.4.1 | 8/11 | 3750/5425 |  69.92% | 21,363,200/30,550,828 | 1h14m | 4.284 | — | — | — | —
05:33:55 | 4.4.1 | 8/11 | 3775/5425 |  69.96% | 21,376,000/30,550,828 | 1h14m | 4.178 | — | — | — | —
05:34:01 | 4.4.1 | 8/11 | 3800/5425 |  70.00% | 21,388,800/30,550,828 | 1h14m | 4.741 | — | — | — | —
05:34:06 | 4.4.1 | 8/11 | 3825/5425 |  70.05% | 21,401,600/30,550,828 | 1h13m | 4.924 | — | — | — | —
05:34:12 | 4.4.1 | 8/11 | 3850/5425 |  70.09% | 21,414,400/30,550,828 | 1h13m | 4.573 | — | — | — | —
05:34:18 | 4.4.1 | 8/11 | 3875/5425 |  70.13% | 21,427,200/30,550,828 | 1h13m | 4.613 | — | — | — | —
05:34:24 | 4.4.1 | 8/11 | 3900/5425 |  70.17% | 21,440,000/30,550,828 | 1h13m | 4.563 | — | — | — | —
05:34:30 | 4.4.1 | 8/11 | 3925/5425 |  70.21% | 21,452,800/30,550,828 | 1h13m | 4.690 | — | — | — | —
05:34:36 | 4.4.1 | 8/11 | 3950/5425 |  70.26% | 21,465,600/30,550,828 | 1h13m | 4.639 | — | — | — | —
05:34:42 | 4.4.1 | 8/11 | 3975/5425 |  70.30% | 21,478,400/30,550,828 | 1h13m | 4.515 | — | — | — | —
05:34:47 | 4.4.1 | 8/11 | 4000/5425 |  70.34% | 21,491,200/30,550,828 | 1h13m | 5.144 | — | — | — | —
05:34:53 | 4.4.1 | 8/11 | 4025/5425 |  70.38% | 21,504,000/30,550,828 | 1h13m | 4.810 | — | — | — | —
05:34:59 | 4.4.1 | 8/11 | 4050/5425 |  70.42% | 21,516,800/30,550,828 | 1h13m | 4.629 | — | — | — | —
05:35:05 | 4.4.1 | 8/11 | 4075/5425 |  70.47% | 21,529,600/30,550,828 | 1h12m | 4.874 | — | — | — | —
05:35:11 | 4.4.1 | 8/11 | 4100/5425 |  70.51% | 21,542,400/30,550,828 | 1h12m | 4.593 | — | — | — | —
05:35:17 | 4.4.1 | 8/11 | 4125/5425 |  70.55% | 21,555,200/30,550,828 | 1h12m | 4.762 | — | — | — | —
05:35:23 | 4.4.1 | 8/11 | 4150/5425 |  70.59% | 21,568,000/30,550,828 | 1h12m | 4.379 | — | — | — | —
05:35:29 | 4.4.1 | 8/11 | 4175/5425 |  70.63% | 21,580,800/30,550,828 | 1h12m | 4.502 | — | — | — | —
05:35:35 | 4.4.1 | 8/11 | 4200/5425 |  70.67% | 21,593,600/30,550,828 | 1h12m | 4.861 | — | — | — | —
05:35:40 | 4.4.1 | 8/11 | 4225/5425 |  70.72% | 21,606,400/30,550,828 | 1h12m | 4.841 | — | — | — | —
05:35:46 | 4.4.1 | 8/11 | 4250/5425 |  70.76% | 21,619,200/30,550,828 | 1h12m | 5.003 | — | — | — | —
05:35:52 | 4.4.1 | 8/11 | 4275/5425 |  70.80% | 21,632,000/30,550,828 | 1h12m | 4.689 | — | — | — | —
05:35:58 | 4.4.1 | 8/11 | 4300/5425 |  70.84% | 21,644,800/30,550,828 | 1h11m | 4.421 | — | — | — | —
05:36:04 | 4.4.1 | 8/11 | 4325/5425 |  70.88% | 21,657,600/30,550,828 | 1h11m | 4.775 | — | — | — | —
05:36:09 | 4.4.1 | 8/11 | 4350/5425 |  70.93% | 21,670,400/30,550,828 | 1h11m | 4.444 | — | — | — | —
05:36:15 | 4.4.1 | 8/11 | 4375/5425 |  70.97% | 21,683,200/30,550,828 | 1h11m | 4.617 | — | — | — | —
05:36:21 | 4.4.1 | 8/11 | 4400/5425 |  71.01% | 21,696,000/30,550,828 | 1h11m | 5.038 | — | — | — | —
05:36:27 | 4.4.1 | 8/11 | 4425/5425 |  71.05% | 21,708,800/30,550,828 | 1h11m | 4.874 | — | — | — | —
05:36:33 | 4.4.1 | 8/11 | 4450/5425 |  71.09% | 21,721,600/30,550,828 | 1h11m | 4.668 | — | — | — | —
05:36:39 | 4.4.1 | 8/11 | 4475/5425 |  71.14% | 21,734,400/30,550,828 | 1h11m | 4.776 | — | — | — | —
05:36:45 | 4.4.1 | 8/11 | 4500/5425 |  71.18% | 21,747,200/30,550,828 | 1h11m | 4.831 | — | — | — | —
05:36:50 | 4.4.1 | 8/11 | 4525/5425 |  71.22% | 21,760,000/30,550,828 | 1h11m | 4.788 | — | — | — | —
05:36:56 | 4.4.1 | 8/11 | 4550/5425 |  71.26% | 21,772,800/30,550,828 | 1h10m | 4.435 | — | — | — | —
05:37:02 | 4.4.1 | 8/11 | 4575/5425 |  71.30% | 21,785,600/30,550,828 | 1h10m | 4.403 | — | — | — | —
05:37:08 | 4.4.1 | 8/11 | 4600/5425 |  71.34% | 21,798,400/30,550,828 | 1h10m | 4.979 | — | — | — | —
05:37:14 | 4.4.1 | 8/11 | 4625/5425 |  71.39% | 21,811,200/30,550,828 | 1h10m | 4.454 | — | — | — | —
05:37:20 | 4.4.1 | 8/11 | 4650/5425 |  71.43% | 21,824,000/30,550,828 | 1h10m | 4.470 | — | — | — | —
05:37:26 | 4.4.1 | 8/11 | 4675/5425 |  71.47% | 21,836,800/30,550,828 | 1h10m | 4.677 | — | — | — | —
05:37:32 | 4.4.1 | 8/11 | 4700/5425 |  71.51% | 21,849,600/30,550,828 | 1h10m | 4.669 | — | — | — | —
05:37:37 | 4.4.1 | 8/11 | 4725/5425 |  71.55% | 21,862,400/30,550,828 | 1h10m | 4.366 | — | — | — | —
05:37:43 | 4.4.1 | 8/11 | 4750/5425 |  71.60% | 21,875,200/30,550,828 | 1h10m | 4.565 | — | — | — | —
05:37:49 | 4.4.1 | 8/11 | 4775/5425 |  71.64% | 21,888,000/30,550,828 | 1h09m | 4.816 | — | — | — | —
05:37:55 | 4.4.1 | 8/11 | 4800/5425 |  71.68% | 21,900,800/30,550,828 | 1h09m | 4.663 | — | — | — | —
05:38:01 | 4.4.1 | 8/11 | 4825/5425 |  71.72% | 21,913,600/30,550,828 | 1h09m | 4.724 | — | — | — | —
05:38:07 | 4.4.1 | 8/11 | 4850/5425 |  71.76% | 21,926,400/30,550,828 | 1h09m | 4.881 | — | — | — | —
05:38:13 | 4.4.1 | 8/11 | 4875/5425 |  71.81% | 21,939,200/30,550,828 | 1h09m | 4.573 | — | — | — | —
05:38:18 | 4.4.1 | 8/11 | 4900/5425 |  71.85% | 21,952,000/30,550,828 | 1h09m | 4.793 | — | — | — | —
05:38:24 | 4.4.1 | 8/11 | 4925/5425 |  71.89% | 21,964,800/30,550,828 | 1h09m | 4.485 | — | — | — | —
05:38:30 | 4.4.1 | 8/11 | 4950/5425 |  71.93% | 21,977,600/30,550,828 | 1h09m | 4.675 | — | — | — | —
05:38:36 | 4.4.1 | 8/11 | 4975/5425 |  71.97% | 21,990,400/30,550,828 | 1h09m | 4.892 | — | — | — | —
05:38:42 | 4.4.1 | 8/11 | 5000/5425 |  72.02% | 22,003,200/30,550,828 | 1h09m | 4.551 | — | — | — | —
05:38:48 | 4.4.1 | 8/11 | 5025/5425 |  72.06% | 22,016,000/30,550,828 | 1h08m | 4.821 | — | — | — | —
05:38:54 | 4.4.1 | 8/11 | 5050/5425 |  72.10% | 22,028,800/30,550,828 | 1h08m | 4.672 | — | — | — | —
05:38:59 | 4.4.1 | 8/11 | 5075/5425 |  72.14% | 22,041,600/30,550,828 | 1h08m | 5.147 | — | — | — | —
05:39:05 | 4.4.1 | 8/11 | 5100/5425 |  72.18% | 22,054,400/30,550,828 | 1h08m | 4.868 | — | — | — | —
05:39:11 | 4.4.1 | 8/11 | 5125/5425 |  72.22% | 22,067,200/30,550,828 | 1h08m | 4.450 | — | — | — | —
05:39:17 | 4.4.1 | 8/11 | 5150/5425 |  72.27% | 22,080,000/30,550,828 | 1h08m | 4.686 | — | — | — | —
05:39:23 | 4.4.1 | 8/11 | 5175/5425 |  72.31% | 22,092,800/30,550,828 | 1h08m | 4.676 | — | — | — | —
05:39:29 | 4.4.1 | 8/11 | 5200/5425 |  72.35% | 22,105,600/30,550,828 | 1h08m | 4.536 | — | — | — | —
05:39:34 | 4.4.1 | 8/11 | 5225/5425 |  72.39% | 22,118,400/30,550,828 | 1h08m | 4.847 | — | — | — | —
05:39:40 | 4.4.1 | 8/11 | 5250/5425 |  72.43% | 22,131,200/30,550,828 | 1h07m | 4.864 | — | — | — | —
05:39:46 | 4.4.1 | 8/11 | 5275/5425 |  72.48% | 22,144,000/30,550,828 | 1h07m | 4.632 | — | — | — | —
05:39:52 | 4.4.1 | 8/11 | 5300/5425 |  72.52% | 22,156,800/30,550,828 | 1h07m | 4.392 | — | — | — | —
05:39:58 | 4.4.1 | 8/11 | 5325/5425 |  72.56% | 22,169,600/30,550,828 | 1h07m | 5.060 | — | — | — | —
05:40:04 | 4.4.1 | 8/11 | 5350/5425 |  72.60% | 22,182,400/30,550,828 | 1h07m | 4.294 | — | — | — | —
05:40:09 | 4.4.1 | 8/11 | 5375/5425 |  72.64% | 22,195,200/30,550,828 | 1h07m | 4.747 | — | — | — | —
05:40:15 | 4.4.1 | 8/11 | 5400/5425 |  72.69% | 22,208,000/30,550,828 | 1h07m | 4.546 | — | — | — | —
05:40:21 | 4.4.1 | 8/11 | 5425/5425 |  72.73% | 22,220,800/30,550,828 | 1h07m | 4.658 | — | — | — | —
05:40:41 | validation | 8/11 | epoch-end |  72.73% | 22,218,784/30,550,828 | 1h07m | 4.691 |  56.32% |  45.41% |   8.88% | 1.490
05:40:41 | 4.4.1 | 9/11 | 1/5425 |  72.73% | 22,221,312/30,550,828 | 1h07m | 4.680 | — | — | — | —
05:40:47 | 4.4.1 | 9/11 | 25/5425 |  72.77% | 22,233,600/30,550,828 | 1h07m | 4.975 | — | — | — | —
05:40:53 | 4.4.1 | 9/11 | 50/5425 |  72.81% | 22,246,400/30,550,828 | 1h07m | 4.591 | — | — | — | —
05:40:59 | 4.4.1 | 9/11 | 75/5425 |  72.85% | 22,259,200/30,550,828 | 1h07m | 4.480 | — | — | — | —
05:41:05 | 4.4.1 | 9/11 | 100/5425 |  72.89% | 22,272,000/30,550,828 | 1h06m | 4.600 | — | — | — | —
05:41:11 | 4.4.1 | 9/11 | 125/5425 |  72.94% | 22,284,800/30,550,828 | 1h06m | 4.541 | — | — | — | —
05:41:16 | 4.4.1 | 9/11 | 150/5425 |  72.98% | 22,297,600/30,550,828 | 1h06m | 4.684 | — | — | — | —
05:41:22 | 4.4.1 | 9/11 | 175/5425 |  73.02% | 22,310,400/30,550,828 | 1h06m | 4.581 | — | — | — | —
05:41:28 | 4.4.1 | 9/11 | 200/5425 |  73.06% | 22,323,200/30,550,828 | 1h06m | 4.869 | — | — | — | —
05:41:34 | 4.4.1 | 9/11 | 225/5425 |  73.10% | 22,336,000/30,550,828 | 1h06m | 4.330 | — | — | — | —
05:41:40 | 4.4.1 | 9/11 | 250/5425 |  73.15% | 22,348,800/30,550,828 | 1h06m | 4.769 | — | — | — | —
05:41:46 | 4.4.1 | 9/11 | 275/5425 |  73.19% | 22,361,600/30,550,828 | 1h06m | 4.598 | — | — | — | —
05:41:51 | 4.4.1 | 9/11 | 300/5425 |  73.23% | 22,374,400/30,550,828 | 1h06m | 4.498 | — | — | — | —
05:41:57 | 4.4.1 | 9/11 | 325/5425 |  73.27% | 22,387,200/30,550,828 | 1h05m | 4.841 | — | — | — | —
05:42:03 | 4.4.1 | 9/11 | 350/5425 |  73.31% | 22,400,000/30,550,828 | 1h05m | 4.652 | — | — | — | —
05:42:09 | 4.4.1 | 9/11 | 375/5425 |  73.36% | 22,412,800/30,550,828 | 1h05m | 4.648 | — | — | — | —
05:42:15 | 4.4.1 | 9/11 | 400/5425 |  73.40% | 22,425,600/30,550,828 | 1h05m | 4.829 | — | — | — | —
05:42:21 | 4.4.1 | 9/11 | 425/5425 |  73.44% | 22,438,400/30,550,828 | 1h05m | 4.306 | — | — | — | —
05:42:27 | 4.4.1 | 9/11 | 450/5425 |  73.48% | 22,451,200/30,550,828 | 1h05m | 4.464 | — | — | — | —
05:42:33 | 4.4.1 | 9/11 | 475/5425 |  73.52% | 22,464,000/30,550,828 | 1h05m | 4.289 | — | — | — | —
05:42:38 | 4.4.1 | 9/11 | 500/5425 |  73.57% | 22,476,800/30,550,828 | 1h05m | 4.462 | — | — | — | —
05:42:44 | 4.4.1 | 9/11 | 525/5425 |  73.61% | 22,489,600/30,550,828 | 1h05m | 4.972 | — | — | — | —
05:42:50 | 4.4.1 | 9/11 | 550/5425 |  73.65% | 22,502,400/30,550,828 | 1h05m | 4.810 | — | — | — | —
05:42:56 | 4.4.1 | 9/11 | 575/5425 |  73.69% | 22,515,200/30,550,828 | 1h04m | 4.630 | — | — | — | —
05:43:02 | 4.4.1 | 9/11 | 600/5425 |  73.73% | 22,528,000/30,550,828 | 1h04m | 4.599 | — | — | — | —
05:43:07 | 4.4.1 | 9/11 | 625/5425 |  73.77% | 22,540,800/30,550,828 | 1h04m | 4.837 | — | — | — | —
05:43:13 | 4.4.1 | 9/11 | 650/5425 |  73.82% | 22,553,600/30,550,828 | 1h04m | 4.868 | — | — | — | —
05:43:19 | 4.4.1 | 9/11 | 675/5425 |  73.86% | 22,566,400/30,550,828 | 1h04m | 4.463 | — | — | — | —
05:43:25 | 4.4.1 | 9/11 | 700/5425 |  73.90% | 22,579,200/30,550,828 | 1h04m | 4.680 | — | — | — | —
05:43:31 | 4.4.1 | 9/11 | 725/5425 |  73.94% | 22,592,000/30,550,828 | 1h04m | 4.549 | — | — | — | —
05:43:37 | 4.4.1 | 9/11 | 750/5425 |  73.98% | 22,604,800/30,550,828 | 1h04m | 4.643 | — | — | — | —
05:43:43 | 4.4.1 | 9/11 | 775/5425 |  74.03% | 22,617,600/30,550,828 | 1h04m | 4.857 | — | — | — | —
05:43:49 | 4.4.1 | 9/11 | 800/5425 |  74.07% | 22,630,400/30,550,828 | 1h03m | 4.339 | — | — | — | —
05:43:54 | 4.4.1 | 9/11 | 825/5425 |  74.11% | 22,643,200/30,550,828 | 1h03m | 4.954 | — | — | — | —
05:44:00 | 4.4.1 | 9/11 | 850/5425 |  74.15% | 22,656,000/30,550,828 | 1h03m | 4.512 | — | — | — | —
05:44:06 | 4.4.1 | 9/11 | 875/5425 |  74.19% | 22,668,800/30,550,828 | 1h03m | 4.782 | — | — | — | —
05:44:12 | 4.4.1 | 9/11 | 900/5425 |  74.24% | 22,681,600/30,550,828 | 1h03m | 4.723 | — | — | — | —
05:44:18 | 4.4.1 | 9/11 | 925/5425 |  74.28% | 22,694,400/30,550,828 | 1h03m | 4.439 | — | — | — | —
05:44:24 | 4.4.1 | 9/11 | 950/5425 |  74.32% | 22,707,200/30,550,828 | 1h03m | 4.857 | — | — | — | —
05:44:29 | 4.4.1 | 9/11 | 975/5425 |  74.36% | 22,720,000/30,550,828 | 1h03m | 4.900 | — | — | — | —
05:44:35 | 4.4.1 | 9/11 | 1000/5425 |  74.40% | 22,732,800/30,550,828 | 1h03m | 4.585 | — | — | — | —
05:44:41 | 4.4.1 | 9/11 | 1025/5425 |  74.44% | 22,745,600/30,550,828 | 1h03m | 4.790 | — | — | — | —
05:44:47 | 4.4.1 | 9/11 | 1050/5425 |  74.49% | 22,758,400/30,550,828 | 1h02m | 4.356 | — | — | — | —
05:44:53 | 4.4.1 | 9/11 | 1075/5425 |  74.53% | 22,771,200/30,550,828 | 1h02m | 4.650 | — | — | — | —
05:44:59 | 4.4.1 | 9/11 | 1100/5425 |  74.57% | 22,784,000/30,550,828 | 1h02m | 4.616 | — | — | — | —
05:45:04 | 4.4.1 | 9/11 | 1125/5425 |  74.61% | 22,796,800/30,550,828 | 1h02m | 4.636 | — | — | — | —
05:45:10 | 4.4.1 | 9/11 | 1150/5425 |  74.65% | 22,809,600/30,550,828 | 1h02m | 4.538 | — | — | — | —
05:45:16 | 4.4.1 | 9/11 | 1175/5425 |  74.70% | 22,822,400/30,550,828 | 1h02m | 4.646 | — | — | — | —
05:45:22 | 4.4.1 | 9/11 | 1200/5425 |  74.74% | 22,835,200/30,550,828 | 1h02m | 4.281 | — | — | — | —
05:45:28 | 4.4.1 | 9/11 | 1225/5425 |  74.78% | 22,848,000/30,550,828 | 1h02m | 4.594 | — | — | — | —
05:45:34 | 4.4.1 | 9/11 | 1250/5425 |  74.82% | 22,860,800/30,550,828 | 1h02m | 4.635 | — | — | — | —
05:45:40 | 4.4.1 | 9/11 | 1275/5425 |  74.86% | 22,873,600/30,550,828 | 1h01m | 4.651 | — | — | — | —
05:45:46 | 4.4.1 | 9/11 | 1300/5425 |  74.91% | 22,886,400/30,550,828 | 1h01m | 4.567 | — | — | — | —
05:45:52 | 4.4.1 | 9/11 | 1325/5425 |  74.95% | 22,899,200/30,550,828 | 1h01m | 4.827 | — | — | — | —
05:45:57 | 4.4.1 | 9/11 | 1350/5425 |  74.99% | 22,912,000/30,550,828 | 1h01m | 5.104 | — | — | — | —
05:46:03 | 4.4.1 | 9/11 | 1375/5425 |  75.03% | 22,924,800/30,550,828 | 1h01m | 4.174 | — | — | — | —
05:46:09 | 4.4.1 | 9/11 | 1400/5425 |  75.07% | 22,937,600/30,550,828 | 1h01m | 4.794 | — | — | — | —
05:46:15 | 4.4.1 | 9/11 | 1425/5425 |  75.12% | 22,950,400/30,550,828 | 1h01m | 4.896 | — | — | — | —
05:46:21 | 4.4.1 | 9/11 | 1450/5425 |  75.16% | 22,963,200/30,550,828 | 1h01m | 4.638 | — | — | — | —
05:46:27 | 4.4.1 | 9/11 | 1475/5425 |  75.20% | 22,976,000/30,550,828 | 1h01m | 5.000 | — | — | — | —
05:46:33 | 4.4.1 | 9/11 | 1500/5425 |  75.24% | 22,988,800/30,550,828 | 1h01m | 4.774 | — | — | — | —
05:46:38 | 4.4.1 | 9/11 | 1525/5425 |  75.28% | 23,001,600/30,550,828 | 1h00m | 5.128 | — | — | — | —
05:46:44 | 4.4.1 | 9/11 | 1550/5425 |  75.32% | 23,014,400/30,550,828 | 1h00m | 4.787 | — | — | — | —
05:46:50 | 4.4.1 | 9/11 | 1575/5425 |  75.37% | 23,027,200/30,550,828 | 1h00m | 5.106 | — | — | — | —
05:46:56 | 4.4.1 | 9/11 | 1600/5425 |  75.41% | 23,040,000/30,550,828 | 1h00m | 5.316 | — | — | — | —
05:47:02 | 4.4.1 | 9/11 | 1625/5425 |  75.45% | 23,052,800/30,550,828 | 1h00m | 4.514 | — | — | — | —
05:47:08 | 4.4.1 | 9/11 | 1650/5425 |  75.49% | 23,065,600/30,550,828 | 1h00m | 4.814 | — | — | — | —
05:47:14 | 4.4.1 | 9/11 | 1675/5425 |  75.53% | 23,078,400/30,550,828 | 1h00m | 4.454 | — | — | — | —
05:47:20 | 4.4.1 | 9/11 | 1700/5425 |  75.58% | 23,091,200/30,550,828 | 1h00m | 4.319 | — | — | — | —
05:47:25 | 4.4.1 | 9/11 | 1725/5425 |  75.62% | 23,104,000/30,550,828 | 1h00m | 4.761 | — | — | — | —
05:47:31 | 4.4.1 | 9/11 | 1750/5425 |  75.66% | 23,116,800/30,550,828 | 59m58s | 4.948 | — | — | — | —
05:47:37 | 4.4.1 | 9/11 | 1775/5425 |  75.70% | 23,129,600/30,550,828 | 59m52s | 4.730 | — | — | — | —
05:47:43 | 4.4.1 | 9/11 | 1800/5425 |  75.74% | 23,142,400/30,550,828 | 59m46s | 5.014 | — | — | — | —
05:47:49 | 4.4.1 | 9/11 | 1825/5425 |  75.79% | 23,155,200/30,550,828 | 59m39s | 4.864 | — | — | — | —
05:47:55 | 4.4.1 | 9/11 | 1850/5425 |  75.83% | 23,168,000/30,550,828 | 59m33s | 4.731 | — | — | — | —
05:48:00 | 4.4.1 | 9/11 | 1875/5425 |  75.87% | 23,180,800/30,550,828 | 59m27s | 4.425 | — | — | — | —
05:48:06 | 4.4.1 | 9/11 | 1900/5425 |  75.91% | 23,193,600/30,550,828 | 59m20s | 4.765 | — | — | — | —
05:48:12 | 4.4.1 | 9/11 | 1925/5425 |  75.95% | 23,206,400/30,550,828 | 59m14s | 4.740 | — | — | — | —
05:48:18 | 4.4.1 | 9/11 | 1950/5425 |  75.99% | 23,219,200/30,550,828 | 59m08s | 4.468 | — | — | — | —
05:48:24 | 4.4.1 | 9/11 | 1975/5425 |  76.04% | 23,232,000/30,550,828 | 59m02s | 4.857 | — | — | — | —
05:48:30 | 4.4.1 | 9/11 | 2000/5425 |  76.08% | 23,244,800/30,550,828 | 58m55s | 4.466 | — | — | — | —
05:48:35 | 4.4.1 | 9/11 | 2025/5425 |  76.12% | 23,257,600/30,550,828 | 58m49s | 4.944 | — | — | — | —
05:48:41 | 4.4.1 | 9/11 | 2050/5425 |  76.16% | 23,270,400/30,550,828 | 58m43s | 5.147 | — | — | — | —
05:48:47 | 4.4.1 | 9/11 | 2075/5425 |  76.20% | 23,283,200/30,550,828 | 58m36s | 4.565 | — | — | — | —
05:48:53 | 4.4.1 | 9/11 | 2100/5425 |  76.25% | 23,296,000/30,550,828 | 58m30s | 4.852 | — | — | — | —
05:48:59 | 4.4.1 | 9/11 | 2125/5425 |  76.29% | 23,308,800/30,550,828 | 58m24s | 4.904 | — | — | — | —
05:49:05 | 4.4.1 | 9/11 | 2150/5425 |  76.33% | 23,321,600/30,550,828 | 58m18s | 4.433 | — | — | — | —
05:49:11 | 4.4.1 | 9/11 | 2175/5425 |  76.37% | 23,334,400/30,550,828 | 58m11s | 4.920 | — | — | — | —
05:49:17 | 4.4.1 | 9/11 | 2200/5425 |  76.41% | 23,347,200/30,550,828 | 58m05s | 4.353 | — | — | — | —
05:49:22 | 4.4.1 | 9/11 | 2225/5425 |  76.46% | 23,360,000/30,550,828 | 57m59s | 4.457 | — | — | — | —
05:49:28 | 4.4.1 | 9/11 | 2250/5425 |  76.50% | 23,372,800/30,550,828 | 57m52s | 4.915 | — | — | — | —
05:49:34 | 4.4.1 | 9/11 | 2275/5425 |  76.54% | 23,385,600/30,550,828 | 57m46s | 4.754 | — | — | — | —
05:49:40 | 4.4.1 | 9/11 | 2300/5425 |  76.58% | 23,398,400/30,550,828 | 57m40s | 4.761 | — | — | — | —
05:49:46 | 4.4.1 | 9/11 | 2325/5425 |  76.62% | 23,411,200/30,550,828 | 57m33s | 4.704 | — | — | — | —
05:49:52 | 4.4.1 | 9/11 | 2350/5425 |  76.67% | 23,424,000/30,550,828 | 57m27s | 4.792 | — | — | — | —
05:49:57 | 4.4.1 | 9/11 | 2375/5425 |  76.71% | 23,436,800/30,550,828 | 57m21s | 4.721 | — | — | — | —
05:50:03 | 4.4.1 | 9/11 | 2400/5425 |  76.75% | 23,449,600/30,550,828 | 57m15s | 4.462 | — | — | — | —
05:50:09 | 4.4.1 | 9/11 | 2425/5425 |  76.79% | 23,462,400/30,550,828 | 57m08s | 4.900 | — | — | — | —
05:50:15 | 4.4.1 | 9/11 | 2450/5425 |  76.83% | 23,475,200/30,550,828 | 57m02s | 4.654 | — | — | — | —
05:50:21 | 4.4.1 | 9/11 | 2475/5425 |  76.87% | 23,488,000/30,550,828 | 56m56s | 4.755 | — | — | — | —
05:50:27 | 4.4.1 | 9/11 | 2500/5425 |  76.92% | 23,500,800/30,550,828 | 56m49s | 4.600 | — | — | — | —
05:50:33 | 4.4.1 | 9/11 | 2525/5425 |  76.96% | 23,513,600/30,550,828 | 56m43s | 4.682 | — | — | — | —
05:50:39 | 4.4.1 | 9/11 | 2550/5425 |  77.00% | 23,526,400/30,550,828 | 56m37s | 4.703 | — | — | — | —
05:50:45 | 4.4.1 | 9/11 | 2575/5425 |  77.04% | 23,539,200/30,550,828 | 56m31s | 4.389 | — | — | — | —
05:50:50 | 4.4.1 | 9/11 | 2600/5425 |  77.08% | 23,552,000/30,550,828 | 56m24s | 4.525 | — | — | — | —
05:50:56 | 4.4.1 | 9/11 | 2625/5425 |  77.13% | 23,564,800/30,550,828 | 56m18s | 4.319 | — | — | — | —
05:51:02 | 4.4.1 | 9/11 | 2650/5425 |  77.17% | 23,577,600/30,550,828 | 56m12s | 4.445 | — | — | — | —
05:51:08 | 4.4.1 | 9/11 | 2675/5425 |  77.21% | 23,590,400/30,550,828 | 56m05s | 4.449 | — | — | — | —
05:51:14 | 4.4.1 | 9/11 | 2700/5425 |  77.25% | 23,603,200/30,550,828 | 55m59s | 4.812 | — | — | — | —
05:51:20 | 4.4.1 | 9/11 | 2725/5425 |  77.29% | 23,616,000/30,550,828 | 55m53s | 4.723 | — | — | — | —
05:51:26 | 4.4.1 | 9/11 | 2750/5425 |  77.34% | 23,628,800/30,550,828 | 55m47s | 4.478 | — | — | — | —
05:51:31 | 4.4.1 | 9/11 | 2775/5425 |  77.38% | 23,641,600/30,550,828 | 55m40s | 4.657 | — | — | — | —
05:51:37 | 4.4.1 | 9/11 | 2800/5425 |  77.42% | 23,654,400/30,550,828 | 55m34s | 4.727 | — | — | — | —
05:51:43 | 4.4.1 | 9/11 | 2825/5425 |  77.46% | 23,667,200/30,550,828 | 55m28s | 4.330 | — | — | — | —
05:51:49 | 4.4.1 | 9/11 | 2850/5425 |  77.50% | 23,680,000/30,550,828 | 55m21s | 4.406 | — | — | — | —
05:51:55 | 4.4.1 | 9/11 | 2875/5425 |  77.55% | 23,692,800/30,550,828 | 55m15s | 4.746 | — | — | — | —
05:52:01 | 4.4.1 | 9/11 | 2900/5425 |  77.59% | 23,705,600/30,550,828 | 55m09s | 5.139 | — | — | — | —
05:52:07 | 4.4.1 | 9/11 | 2925/5425 |  77.63% | 23,718,400/30,550,828 | 55m03s | 4.768 | — | — | — | —
05:52:12 | 4.4.1 | 9/11 | 2950/5425 |  77.67% | 23,731,200/30,550,828 | 54m56s | 4.704 | — | — | — | —
05:52:18 | 4.4.1 | 9/11 | 2975/5425 |  77.71% | 23,744,000/30,550,828 | 54m50s | 4.446 | — | — | — | —
05:52:24 | 4.4.1 | 9/11 | 3000/5425 |  77.75% | 23,756,800/30,550,828 | 54m44s | 4.715 | — | — | — | —
05:52:30 | 4.4.1 | 9/11 | 3025/5425 |  77.80% | 23,769,600/30,550,828 | 54m38s | 4.665 | — | — | — | —
05:52:36 | 4.4.1 | 9/11 | 3050/5425 |  77.84% | 23,782,400/30,550,828 | 54m31s | 4.431 | — | — | — | —
05:52:42 | 4.4.1 | 9/11 | 3075/5425 |  77.88% | 23,795,200/30,550,828 | 54m25s | 4.717 | — | — | — | —
05:52:47 | 4.4.1 | 9/11 | 3100/5425 |  77.92% | 23,808,000/30,550,828 | 54m19s | 4.433 | — | — | — | —
05:52:53 | 4.4.1 | 9/11 | 3125/5425 |  77.96% | 23,820,800/30,550,828 | 54m12s | 4.410 | — | — | — | —
05:52:59 | 4.4.1 | 9/11 | 3150/5425 |  78.01% | 23,833,600/30,550,828 | 54m06s | 4.780 | — | — | — | —
05:53:05 | 4.4.1 | 9/11 | 3175/5425 |  78.05% | 23,846,400/30,550,828 | 54m00s | 4.633 | — | — | — | —
05:53:11 | 4.4.1 | 9/11 | 3200/5425 |  78.09% | 23,859,200/30,550,828 | 53m54s | 4.688 | — | — | — | —
05:53:17 | 4.4.1 | 9/11 | 3225/5425 |  78.13% | 23,872,000/30,550,828 | 53m47s | 4.794 | — | — | — | —
05:53:22 | 4.4.1 | 9/11 | 3250/5425 |  78.17% | 23,884,800/30,550,828 | 53m41s | 4.431 | — | — | — | —
05:53:28 | 4.4.1 | 9/11 | 3275/5425 |  78.22% | 23,897,600/30,550,828 | 53m35s | 4.679 | — | — | — | —
05:53:34 | 4.4.1 | 9/11 | 3300/5425 |  78.26% | 23,910,400/30,550,828 | 53m28s | 4.572 | — | — | — | —
05:53:40 | 4.4.1 | 9/11 | 3325/5425 |  78.30% | 23,923,200/30,550,828 | 53m22s | 5.173 | — | — | — | —
05:53:46 | 4.4.1 | 9/11 | 3350/5425 |  78.34% | 23,936,000/30,550,828 | 53m16s | 4.882 | — | — | — | —
05:53:52 | 4.4.1 | 9/11 | 3375/5425 |  78.38% | 23,948,800/30,550,828 | 53m10s | 4.407 | — | — | — | —
05:53:58 | 4.4.1 | 9/11 | 3400/5425 |  78.42% | 23,961,600/30,550,828 | 53m03s | 4.992 | — | — | — | —
05:54:04 | 4.4.1 | 9/11 | 3425/5425 |  78.47% | 23,974,400/30,550,828 | 52m57s | 4.656 | — | — | — | —
05:54:09 | 4.4.1 | 9/11 | 3450/5425 |  78.51% | 23,987,200/30,550,828 | 52m51s | 4.270 | — | — | — | —
05:54:15 | 4.4.1 | 9/11 | 3475/5425 |  78.55% | 24,000,000/30,550,828 | 52m45s | 4.810 | — | — | — | —
05:54:21 | 4.4.1 | 9/11 | 3500/5425 |  78.59% | 24,012,800/30,550,828 | 52m38s | 4.632 | — | — | — | —
05:54:27 | 4.4.1 | 9/11 | 3525/5425 |  78.63% | 24,025,600/30,550,828 | 52m32s | 4.905 | — | — | — | —
05:54:33 | 4.4.1 | 9/11 | 3550/5425 |  78.68% | 24,038,400/30,550,828 | 52m26s | 4.646 | — | — | — | —
05:54:39 | 4.4.1 | 9/11 | 3575/5425 |  78.72% | 24,051,200/30,550,828 | 52m19s | 4.690 | — | — | — | —
05:54:45 | 4.4.1 | 9/11 | 3600/5425 |  78.76% | 24,064,000/30,550,828 | 52m13s | 4.484 | — | — | — | —
05:54:50 | 4.4.1 | 9/11 | 3625/5425 |  78.80% | 24,076,800/30,550,828 | 52m07s | 5.085 | — | — | — | —
05:54:56 | 4.4.1 | 9/11 | 3650/5425 |  78.84% | 24,089,600/30,550,828 | 52m01s | 4.873 | — | — | — | —
05:55:02 | 4.4.1 | 9/11 | 3675/5425 |  78.89% | 24,102,400/30,550,828 | 51m54s | 4.960 | — | — | — | —
05:55:08 | 4.4.1 | 9/11 | 3700/5425 |  78.93% | 24,115,200/30,550,828 | 51m48s | 4.784 | — | — | — | —
05:55:14 | 4.4.1 | 9/11 | 3725/5425 |  78.97% | 24,128,000/30,550,828 | 51m42s | 4.442 | — | — | — | —
05:55:20 | 4.4.1 | 9/11 | 3750/5425 |  79.01% | 24,140,800/30,550,828 | 51m36s | 4.516 | — | — | — | —
05:55:26 | 4.4.1 | 9/11 | 3775/5425 |  79.05% | 24,153,600/30,550,828 | 51m29s | 4.749 | — | — | — | —
05:55:32 | 4.4.1 | 9/11 | 3800/5425 |  79.10% | 24,166,400/30,550,828 | 51m23s | 4.748 | — | — | — | —
05:55:37 | 4.4.1 | 9/11 | 3825/5425 |  79.14% | 24,179,200/30,550,828 | 51m17s | 4.908 | — | — | — | —
05:55:43 | 4.4.1 | 9/11 | 3850/5425 |  79.18% | 24,192,000/30,550,828 | 51m11s | 4.812 | — | — | — | —
05:55:49 | 4.4.1 | 9/11 | 3875/5425 |  79.22% | 24,204,800/30,550,828 | 51m04s | 4.609 | — | — | — | —
05:55:55 | 4.4.1 | 9/11 | 3900/5425 |  79.26% | 24,217,600/30,550,828 | 50m58s | 4.771 | — | — | — | —
05:56:01 | 4.4.1 | 9/11 | 3925/5425 |  79.30% | 24,230,400/30,550,828 | 50m52s | 4.501 | — | — | — | —
05:56:07 | 4.4.1 | 9/11 | 3950/5425 |  79.35% | 24,243,200/30,550,828 | 50m46s | 5.125 | — | — | — | —
05:56:13 | 4.4.1 | 9/11 | 3975/5425 |  79.39% | 24,256,000/30,550,828 | 50m39s | 5.033 | — | — | — | —
05:56:18 | 4.4.1 | 9/11 | 4000/5425 |  79.43% | 24,268,800/30,550,828 | 50m33s | 4.542 | — | — | — | —
05:56:24 | 4.4.1 | 9/11 | 4025/5425 |  79.47% | 24,281,600/30,550,828 | 50m27s | 4.725 | — | — | — | —
05:56:30 | 4.4.1 | 9/11 | 4050/5425 |  79.51% | 24,294,400/30,550,828 | 50m20s | 4.544 | — | — | — | —
05:56:36 | 4.4.1 | 9/11 | 4075/5425 |  79.56% | 24,307,200/30,550,828 | 50m14s | 4.238 | — | — | — | —
05:56:42 | 4.4.1 | 9/11 | 4100/5425 |  79.60% | 24,320,000/30,550,828 | 50m08s | 4.500 | — | — | — | —
05:56:48 | 4.4.1 | 9/11 | 4125/5425 |  79.64% | 24,332,800/30,550,828 | 50m02s | 4.696 | — | — | — | —
05:56:54 | 4.4.1 | 9/11 | 4150/5425 |  79.68% | 24,345,600/30,550,828 | 49m56s | 4.746 | — | — | — | —
05:57:00 | 4.4.1 | 9/11 | 4175/5425 |  79.72% | 24,358,400/30,550,828 | 49m49s | 4.612 | — | — | — | —
05:57:05 | 4.4.1 | 9/11 | 4200/5425 |  79.77% | 24,371,200/30,550,828 | 49m43s | 4.673 | — | — | — | —
05:57:11 | 4.4.1 | 9/11 | 4225/5425 |  79.81% | 24,384,000/30,550,828 | 49m37s | 4.585 | — | — | — | —
05:57:17 | 4.4.1 | 9/11 | 4250/5425 |  79.85% | 24,396,800/30,550,828 | 49m30s | 4.430 | — | — | — | —
05:57:23 | 4.4.1 | 9/11 | 4275/5425 |  79.89% | 24,409,600/30,550,828 | 49m24s | 4.763 | — | — | — | —
05:57:29 | 4.4.1 | 9/11 | 4300/5425 |  79.93% | 24,422,400/30,550,828 | 49m18s | 4.758 | — | — | — | —
05:57:35 | 4.4.1 | 9/11 | 4325/5425 |  79.97% | 24,435,200/30,550,828 | 49m12s | 4.397 | — | — | — | —
05:57:41 | 4.4.1 | 9/11 | 4350/5425 |  80.02% | 24,448,000/30,550,828 | 49m05s | 4.669 | — | — | — | —
05:57:46 | 4.4.1 | 9/11 | 4375/5425 |  80.06% | 24,460,800/30,550,828 | 48m59s | 4.685 | — | — | — | —
05:57:52 | 4.4.1 | 9/11 | 4400/5425 |  80.10% | 24,473,600/30,550,828 | 48m53s | 4.584 | — | — | — | —
05:57:58 | 4.4.1 | 9/11 | 4425/5425 |  80.14% | 24,486,400/30,550,828 | 48m47s | 5.031 | — | — | — | —
05:58:04 | 4.4.1 | 9/11 | 4450/5425 |  80.18% | 24,499,200/30,550,828 | 48m40s | 4.494 | — | — | — | —
05:58:10 | 4.4.1 | 9/11 | 4475/5425 |  80.23% | 24,512,000/30,550,828 | 48m34s | 4.820 | — | — | — | —
05:58:16 | 4.4.1 | 9/11 | 4500/5425 |  80.27% | 24,524,800/30,550,828 | 48m28s | 4.361 | — | — | — | —
05:58:21 | 4.4.1 | 9/11 | 4525/5425 |  80.31% | 24,537,600/30,550,828 | 48m22s | 4.686 | — | — | — | —
05:58:27 | 4.4.1 | 9/11 | 4550/5425 |  80.35% | 24,550,400/30,550,828 | 48m15s | 4.412 | — | — | — | —
05:58:33 | 4.4.1 | 9/11 | 4575/5425 |  80.39% | 24,563,200/30,550,828 | 48m09s | 4.842 | — | — | — | —
05:58:39 | 4.4.1 | 9/11 | 4600/5425 |  80.44% | 24,576,000/30,550,828 | 48m03s | 4.525 | — | — | — | —
05:58:45 | 4.4.1 | 9/11 | 4625/5425 |  80.48% | 24,588,800/30,550,828 | 47m57s | 4.618 | — | — | — | —
05:58:51 | 4.4.1 | 9/11 | 4650/5425 |  80.52% | 24,601,600/30,550,828 | 47m50s | 4.363 | — | — | — | —
05:58:57 | 4.4.1 | 9/11 | 4675/5425 |  80.56% | 24,614,400/30,550,828 | 47m44s | 4.525 | — | — | — | —
05:59:02 | 4.4.1 | 9/11 | 4700/5425 |  80.60% | 24,627,200/30,550,828 | 47m38s | 4.564 | — | — | — | —
05:59:08 | 4.4.1 | 9/11 | 4725/5425 |  80.65% | 24,640,000/30,550,828 | 47m32s | 4.532 | — | — | — | —
05:59:14 | 4.4.1 | 9/11 | 4750/5425 |  80.69% | 24,652,800/30,550,828 | 47m25s | 4.695 | — | — | — | —
05:59:20 | 4.4.1 | 9/11 | 4775/5425 |  80.73% | 24,665,600/30,550,828 | 47m19s | 5.090 | — | — | — | —
05:59:26 | 4.4.1 | 9/11 | 4800/5425 |  80.77% | 24,678,400/30,550,828 | 47m13s | 4.645 | — | — | — | —
05:59:31 | 4.4.1 | 9/11 | 4825/5425 |  80.81% | 24,691,200/30,550,828 | 47m07s | 4.521 | — | — | — | —
05:59:37 | 4.4.1 | 9/11 | 4850/5425 |  80.85% | 24,704,000/30,550,828 | 47m00s | 4.633 | — | — | — | —
05:59:43 | 4.4.1 | 9/11 | 4875/5425 |  80.90% | 24,716,800/30,550,828 | 46m54s | 5.107 | — | — | — | —
05:59:49 | 4.4.1 | 9/11 | 4900/5425 |  80.94% | 24,729,600/30,550,828 | 46m48s | 4.511 | — | — | — | —
05:59:55 | 4.4.1 | 9/11 | 4925/5425 |  80.98% | 24,742,400/30,550,828 | 46m42s | 4.389 | — | — | — | —
06:00:01 | 4.4.1 | 9/11 | 4950/5425 |  81.02% | 24,755,200/30,550,828 | 46m35s | 4.116 | — | — | — | —
06:00:06 | 4.4.1 | 9/11 | 4975/5425 |  81.06% | 24,768,000/30,550,828 | 46m29s | 4.634 | — | — | — | —
06:00:13 | 4.4.1 | 9/11 | 5000/5425 |  81.11% | 24,780,800/30,550,828 | 46m23s | 4.353 | — | — | — | —
06:00:18 | 4.4.1 | 9/11 | 5025/5425 |  81.15% | 24,793,600/30,550,828 | 46m17s | 4.578 | — | — | — | —
06:00:24 | 4.4.1 | 9/11 | 5050/5425 |  81.19% | 24,806,400/30,550,828 | 46m10s | 4.213 | — | — | — | —
06:00:30 | 4.4.1 | 9/11 | 5075/5425 |  81.23% | 24,819,200/30,550,828 | 46m04s | 5.021 | — | — | — | —
06:00:36 | 4.4.1 | 9/11 | 5100/5425 |  81.27% | 24,832,000/30,550,828 | 45m58s | 4.583 | — | — | — | —
06:00:42 | 4.4.1 | 9/11 | 5125/5425 |  81.32% | 24,844,800/30,550,828 | 45m52s | 4.961 | — | — | — | —
06:00:48 | 4.4.1 | 9/11 | 5150/5425 |  81.36% | 24,857,600/30,550,828 | 45m45s | 5.041 | — | — | — | —
06:00:53 | 4.4.1 | 9/11 | 5175/5425 |  81.40% | 24,870,400/30,550,828 | 45m39s | 4.610 | — | — | — | —
06:00:59 | 4.4.1 | 9/11 | 5200/5425 |  81.44% | 24,883,200/30,550,828 | 45m33s | 4.709 | — | — | — | —
06:01:05 | 4.4.1 | 9/11 | 5225/5425 |  81.48% | 24,896,000/30,550,828 | 45m27s | 4.949 | — | — | — | —
06:01:11 | 4.4.1 | 9/11 | 5250/5425 |  81.52% | 24,908,800/30,550,828 | 45m20s | 4.733 | — | — | — | —
06:01:17 | 4.4.1 | 9/11 | 5275/5425 |  81.57% | 24,921,600/30,550,828 | 45m14s | 5.079 | — | — | — | —
06:01:23 | 4.4.1 | 9/11 | 5300/5425 |  81.61% | 24,934,400/30,550,828 | 45m08s | 4.735 | — | — | — | —
06:01:29 | 4.4.1 | 9/11 | 5325/5425 |  81.65% | 24,947,200/30,550,828 | 45m02s | 4.740 | — | — | — | —
06:01:34 | 4.4.1 | 9/11 | 5350/5425 |  81.69% | 24,960,000/30,550,828 | 44m55s | 4.916 | — | — | — | —
06:01:40 | 4.4.1 | 9/11 | 5375/5425 |  81.73% | 24,972,800/30,550,828 | 44m49s | 4.661 | — | — | — | —
06:01:46 | 4.4.1 | 9/11 | 5400/5425 |  81.78% | 24,985,600/30,550,828 | 44m43s | 4.733 | — | — | — | —
06:01:52 | 4.4.1 | 9/11 | 5425/5425 |  81.82% | 24,998,400/30,550,828 | 44m37s | 5.192 | — | — | — | —
06:02:12 | validation | 9/11 | epoch-end |  81.82% | 24,996,132/30,550,828 | 44m41s | 4.685 |  56.31% |  45.45% |   8.72% | 1.489
06:02:12 | 4.4.1 | 10/11 | 1/5425 |  81.82% | 24,998,912/30,550,828 | 44m41s | 4.760 | — | — | — | —
06:02:18 | 4.4.1 | 10/11 | 25/5425 |  81.86% | 25,011,200/30,550,828 | 44m35s | 4.854 | — | — | — | —
06:02:23 | 4.4.1 | 10/11 | 50/5425 |  81.90% | 25,024,000/30,550,828 | 44m29s | 4.747 | — | — | — | —
06:02:29 | 4.4.1 | 10/11 | 75/5425 |  81.94% | 25,036,800/30,550,828 | 44m22s | 4.461 | — | — | — | —
06:02:35 | 4.4.1 | 10/11 | 100/5425 |  81.99% | 25,049,600/30,550,828 | 44m16s | 4.731 | — | — | — | —
06:02:41 | 4.4.1 | 10/11 | 125/5425 |  82.03% | 25,062,400/30,550,828 | 44m10s | 4.867 | — | — | — | —
06:02:47 | 4.4.1 | 10/11 | 150/5425 |  82.07% | 25,075,200/30,550,828 | 44m04s | 4.762 | — | — | — | —
06:02:52 | 4.4.1 | 10/11 | 175/5425 |  82.11% | 25,088,000/30,550,828 | 43m57s | 4.780 | — | — | — | —
06:02:58 | 4.4.1 | 10/11 | 200/5425 |  82.15% | 25,100,800/30,550,828 | 43m51s | 4.629 | — | — | — | —
06:03:04 | 4.4.1 | 10/11 | 225/5425 |  82.20% | 25,113,600/30,550,828 | 43m45s | 4.967 | — | — | — | —
06:03:10 | 4.4.1 | 10/11 | 250/5425 |  82.24% | 25,126,400/30,550,828 | 43m39s | 4.525 | — | — | — | —
06:03:16 | 4.4.1 | 10/11 | 275/5425 |  82.28% | 25,139,200/30,550,828 | 43m32s | 4.557 | — | — | — | —
06:03:21 | 4.4.1 | 10/11 | 300/5425 |  82.32% | 25,152,000/30,550,828 | 43m26s | 4.583 | — | — | — | —
06:03:27 | 4.4.1 | 10/11 | 325/5425 |  82.36% | 25,164,800/30,550,828 | 43m20s | 4.380 | — | — | — | —
06:03:33 | 4.4.1 | 10/11 | 350/5425 |  82.40% | 25,177,600/30,550,828 | 43m14s | 4.703 | — | — | — | —
06:03:39 | 4.4.1 | 10/11 | 375/5425 |  82.45% | 25,190,400/30,550,828 | 43m07s | 4.590 | — | — | — | —
06:03:45 | 4.4.1 | 10/11 | 400/5425 |  82.49% | 25,203,200/30,550,828 | 43m01s | 4.459 | — | — | — | —
06:03:51 | 4.4.1 | 10/11 | 425/5425 |  82.53% | 25,216,000/30,550,828 | 42m55s | 4.819 | — | — | — | —
06:03:57 | 4.4.1 | 10/11 | 450/5425 |  82.57% | 25,228,800/30,550,828 | 42m49s | 4.675 | — | — | — | —
06:04:03 | 4.4.1 | 10/11 | 475/5425 |  82.61% | 25,241,600/30,550,828 | 42m42s | 4.302 | — | — | — | —
06:04:08 | 4.4.1 | 10/11 | 500/5425 |  82.66% | 25,254,400/30,550,828 | 42m36s | 4.937 | — | — | — | —
06:04:14 | 4.4.1 | 10/11 | 525/5425 |  82.70% | 25,267,200/30,550,828 | 42m30s | 4.618 | — | — | — | —
06:04:20 | 4.4.1 | 10/11 | 550/5425 |  82.74% | 25,280,000/30,550,828 | 42m24s | 4.719 | — | — | — | —
06:04:26 | 4.4.1 | 10/11 | 575/5425 |  82.78% | 25,292,800/30,550,828 | 42m17s | 4.828 | — | — | — | —
06:04:32 | 4.4.1 | 10/11 | 600/5425 |  82.82% | 25,305,600/30,550,828 | 42m11s | 4.490 | — | — | — | —
06:04:38 | 4.4.1 | 10/11 | 625/5425 |  82.87% | 25,318,400/30,550,828 | 42m05s | 4.664 | — | — | — | —
06:04:43 | 4.4.1 | 10/11 | 650/5425 |  82.91% | 25,331,200/30,550,828 | 41m59s | 4.760 | — | — | — | —
06:04:49 | 4.4.1 | 10/11 | 675/5425 |  82.95% | 25,344,000/30,550,828 | 41m52s | 4.318 | — | — | — | —
06:04:55 | 4.4.1 | 10/11 | 700/5425 |  82.99% | 25,356,800/30,550,828 | 41m46s | 4.651 | — | — | — | —
06:05:01 | 4.4.1 | 10/11 | 725/5425 |  83.03% | 25,369,600/30,550,828 | 41m40s | 4.435 | — | — | — | —
06:05:07 | 4.4.1 | 10/11 | 750/5425 |  83.07% | 25,382,400/30,550,828 | 41m34s | 4.332 | — | — | — | —
06:05:13 | 4.4.1 | 10/11 | 775/5425 |  83.12% | 25,395,200/30,550,828 | 41m27s | 4.709 | — | — | — | —
06:05:19 | 4.4.1 | 10/11 | 800/5425 |  83.16% | 25,408,000/30,550,828 | 41m21s | 5.177 | — | — | — | —
06:05:24 | 4.4.1 | 10/11 | 825/5425 |  83.20% | 25,420,800/30,550,828 | 41m15s | 4.723 | — | — | — | —
06:05:30 | 4.4.1 | 10/11 | 850/5425 |  83.24% | 25,433,600/30,550,828 | 41m09s | 4.720 | — | — | — | —
06:05:36 | 4.4.1 | 10/11 | 875/5425 |  83.28% | 25,446,400/30,550,828 | 41m02s | 5.184 | — | — | — | —
06:05:42 | 4.4.1 | 10/11 | 900/5425 |  83.33% | 25,459,200/30,550,828 | 40m56s | 4.839 | — | — | — | —
06:05:48 | 4.4.1 | 10/11 | 925/5425 |  83.37% | 25,472,000/30,550,828 | 40m50s | 4.764 | — | — | — | —
06:05:54 | 4.4.1 | 10/11 | 950/5425 |  83.41% | 25,484,800/30,550,828 | 40m44s | 5.017 | — | — | — | —
06:05:59 | 4.4.1 | 10/11 | 975/5425 |  83.45% | 25,497,600/30,550,828 | 40m37s | 4.810 | — | — | — | —
06:06:05 | 4.4.1 | 10/11 | 1000/5425 |  83.49% | 25,510,400/30,550,828 | 40m31s | 4.501 | — | — | — | —
06:06:11 | 4.4.1 | 10/11 | 1025/5425 |  83.54% | 25,523,200/30,550,828 | 40m25s | 4.979 | — | — | — | —
06:06:17 | 4.4.1 | 10/11 | 1050/5425 |  83.58% | 25,536,000/30,550,828 | 40m19s | 4.654 | — | — | — | —
06:06:23 | 4.4.1 | 10/11 | 1075/5425 |  83.62% | 25,548,800/30,550,828 | 40m13s | 4.292 | — | — | — | —
06:06:29 | 4.4.1 | 10/11 | 1100/5425 |  83.66% | 25,561,600/30,550,828 | 40m06s | 4.630 | — | — | — | —
06:06:34 | 4.4.1 | 10/11 | 1125/5425 |  83.70% | 25,574,400/30,550,828 | 40m00s | 4.560 | — | — | — | —
06:06:40 | 4.4.1 | 10/11 | 1150/5425 |  83.75% | 25,587,200/30,550,828 | 39m54s | 4.800 | — | — | — | —
06:06:46 | 4.4.1 | 10/11 | 1175/5425 |  83.79% | 25,600,000/30,550,828 | 39m48s | 4.322 | — | — | — | —
06:06:52 | 4.4.1 | 10/11 | 1200/5425 |  83.83% | 25,612,800/30,550,828 | 39m41s | 4.636 | — | — | — | —
06:06:58 | 4.4.1 | 10/11 | 1225/5425 |  83.87% | 25,625,600/30,550,828 | 39m35s | 4.569 | — | — | — | —
06:07:04 | 4.4.1 | 10/11 | 1250/5425 |  83.91% | 25,638,400/30,550,828 | 39m29s | 5.103 | — | — | — | —
06:07:10 | 4.4.1 | 10/11 | 1275/5425 |  83.95% | 25,651,200/30,550,828 | 39m23s | 4.833 | — | — | — | —
06:07:16 | 4.4.1 | 10/11 | 1300/5425 |  84.00% | 25,664,000/30,550,828 | 39m16s | 4.740 | — | — | — | —
06:07:21 | 4.4.1 | 10/11 | 1325/5425 |  84.04% | 25,676,800/30,550,828 | 39m10s | 4.191 | — | — | — | —
06:07:27 | 4.4.1 | 10/11 | 1350/5425 |  84.08% | 25,689,600/30,550,828 | 39m04s | 4.811 | — | — | — | —
06:07:33 | 4.4.1 | 10/11 | 1375/5425 |  84.12% | 25,702,400/30,550,828 | 38m58s | 4.365 | — | — | — | —
06:07:39 | 4.4.1 | 10/11 | 1400/5425 |  84.16% | 25,715,200/30,550,828 | 38m52s | 4.541 | — | — | — | —
06:07:45 | 4.4.1 | 10/11 | 1425/5425 |  84.21% | 25,728,000/30,550,828 | 38m45s | 4.708 | — | — | — | —
06:07:51 | 4.4.1 | 10/11 | 1450/5425 |  84.25% | 25,740,800/30,550,828 | 38m39s | 4.886 | — | — | — | —
06:07:57 | 4.4.1 | 10/11 | 1475/5425 |  84.29% | 25,753,600/30,550,828 | 38m33s | 4.568 | — | — | — | —
06:08:02 | 4.4.1 | 10/11 | 1500/5425 |  84.33% | 25,766,400/30,550,828 | 38m27s | 4.553 | — | — | — | —
06:08:08 | 4.4.1 | 10/11 | 1525/5425 |  84.37% | 25,779,200/30,550,828 | 38m20s | 4.787 | — | — | — | —
06:08:14 | 4.4.1 | 10/11 | 1550/5425 |  84.42% | 25,792,000/30,550,828 | 38m14s | 4.621 | — | — | — | —
06:08:20 | 4.4.1 | 10/11 | 1575/5425 |  84.46% | 25,804,800/30,550,828 | 38m08s | 4.855 | — | — | — | —
06:08:26 | 4.4.1 | 10/11 | 1600/5425 |  84.50% | 25,817,600/30,550,828 | 38m02s | 4.769 | — | — | — | —
06:08:32 | 4.4.1 | 10/11 | 1625/5425 |  84.54% | 25,830,400/30,550,828 | 37m56s | 4.457 | — | — | — | —
06:08:38 | 4.4.1 | 10/11 | 1650/5425 |  84.58% | 25,843,200/30,550,828 | 37m49s | 4.660 | — | — | — | —
06:08:44 | 4.4.1 | 10/11 | 1675/5425 |  84.63% | 25,856,000/30,550,828 | 37m43s | 4.647 | — | — | — | —
06:08:49 | 4.4.1 | 10/11 | 1700/5425 |  84.67% | 25,868,800/30,550,828 | 37m37s | 4.758 | — | — | — | —
06:08:55 | 4.4.1 | 10/11 | 1725/5425 |  84.71% | 25,881,600/30,550,828 | 37m31s | 4.306 | — | — | — | —
06:09:01 | 4.4.1 | 10/11 | 1750/5425 |  84.75% | 25,894,400/30,550,828 | 37m24s | 4.635 | — | — | — | —
06:09:07 | 4.4.1 | 10/11 | 1775/5425 |  84.79% | 25,907,200/30,550,828 | 37m18s | 4.441 | — | — | — | —
06:09:13 | 4.4.1 | 10/11 | 1800/5425 |  84.83% | 25,920,000/30,550,828 | 37m12s | 4.756 | — | — | — | —
06:09:19 | 4.4.1 | 10/11 | 1825/5425 |  84.88% | 25,932,800/30,550,828 | 37m06s | 4.808 | — | — | — | —
06:09:25 | 4.4.1 | 10/11 | 1850/5425 |  84.92% | 25,945,600/30,550,828 | 37m00s | 4.482 | — | — | — | —
06:09:30 | 4.4.1 | 10/11 | 1875/5425 |  84.96% | 25,958,400/30,550,828 | 36m53s | 4.703 | — | — | — | —
06:09:36 | 4.4.1 | 10/11 | 1900/5425 |  85.00% | 25,971,200/30,550,828 | 36m47s | 4.597 | — | — | — | —
06:09:42 | 4.4.1 | 10/11 | 1925/5425 |  85.04% | 25,984,000/30,550,828 | 36m41s | 5.245 | — | — | — | —
06:09:48 | 4.4.1 | 10/11 | 1950/5425 |  85.09% | 25,996,800/30,550,828 | 36m35s | 4.631 | — | — | — | —
06:09:54 | 4.4.1 | 10/11 | 1975/5425 |  85.13% | 26,009,600/30,550,828 | 36m28s | 4.711 | — | — | — | —
06:10:00 | 4.4.1 | 10/11 | 2000/5425 |  85.17% | 26,022,400/30,550,828 | 36m22s | 4.693 | — | — | — | —
06:10:06 | 4.4.1 | 10/11 | 2025/5425 |  85.21% | 26,035,200/30,550,828 | 36m16s | 4.563 | — | — | — | —
06:10:12 | 4.4.1 | 10/11 | 2050/5425 |  85.25% | 26,048,000/30,550,828 | 36m10s | 4.726 | — | — | — | —
06:10:17 | 4.4.1 | 10/11 | 2075/5425 |  85.30% | 26,060,800/30,550,828 | 36m04s | 4.724 | — | — | — | —
06:10:23 | 4.4.1 | 10/11 | 2100/5425 |  85.34% | 26,073,600/30,550,828 | 35m57s | 4.996 | — | — | — | —
06:10:29 | 4.4.1 | 10/11 | 2125/5425 |  85.38% | 26,086,400/30,550,828 | 35m51s | 4.470 | — | — | — | —
06:10:35 | 4.4.1 | 10/11 | 2150/5425 |  85.42% | 26,099,200/30,550,828 | 35m45s | 4.681 | — | — | — | —
06:10:41 | 4.4.1 | 10/11 | 2175/5425 |  85.46% | 26,112,000/30,550,828 | 35m39s | 4.705 | — | — | — | —
06:10:47 | 4.4.1 | 10/11 | 2200/5425 |  85.50% | 26,124,800/30,550,828 | 35m32s | 4.470 | — | — | — | —
06:10:52 | 4.4.1 | 10/11 | 2225/5425 |  85.55% | 26,137,600/30,550,828 | 35m26s | 4.953 | — | — | — | —
06:10:58 | 4.4.1 | 10/11 | 2250/5425 |  85.59% | 26,150,400/30,550,828 | 35m20s | 4.701 | — | — | — | —
06:11:04 | 4.4.1 | 10/11 | 2275/5425 |  85.63% | 26,163,200/30,550,828 | 35m14s | 4.857 | — | — | — | —
06:11:10 | 4.4.1 | 10/11 | 2300/5425 |  85.67% | 26,176,000/30,550,828 | 35m08s | 4.641 | — | — | — | —
06:11:16 | 4.4.1 | 10/11 | 2325/5425 |  85.71% | 26,188,800/30,550,828 | 35m01s | 5.062 | — | — | — | —
06:11:22 | 4.4.1 | 10/11 | 2350/5425 |  85.76% | 26,201,600/30,550,828 | 34m55s | 4.789 | — | — | — | —
06:11:28 | 4.4.1 | 10/11 | 2375/5425 |  85.80% | 26,214,400/30,550,828 | 34m49s | 4.361 | — | — | — | —
06:11:33 | 4.4.1 | 10/11 | 2400/5425 |  85.84% | 26,227,200/30,550,828 | 34m43s | 4.462 | — | — | — | —
06:11:39 | 4.4.1 | 10/11 | 2425/5425 |  85.88% | 26,240,000/30,550,828 | 34m37s | 4.957 | — | — | — | —
06:11:45 | 4.4.1 | 10/11 | 2450/5425 |  85.92% | 26,252,800/30,550,828 | 34m30s | 4.618 | — | — | — | —
06:11:51 | 4.4.1 | 10/11 | 2475/5425 |  85.97% | 26,265,600/30,550,828 | 34m24s | 4.705 | — | — | — | —
06:11:57 | 4.4.1 | 10/11 | 2500/5425 |  86.01% | 26,278,400/30,550,828 | 34m18s | 4.450 | — | — | — | —
06:12:03 | 4.4.1 | 10/11 | 2525/5425 |  86.05% | 26,291,200/30,550,828 | 34m12s | 4.618 | — | — | — | —
06:12:09 | 4.4.1 | 10/11 | 2550/5425 |  86.09% | 26,304,000/30,550,828 | 34m06s | 4.461 | — | — | — | —
06:12:15 | 4.4.1 | 10/11 | 2575/5425 |  86.13% | 26,316,800/30,550,828 | 33m59s | 5.242 | — | — | — | —
06:12:21 | 4.4.1 | 10/11 | 2600/5425 |  86.18% | 26,329,600/30,550,828 | 33m53s | 4.585 | — | — | — | —
06:12:26 | 4.4.1 | 10/11 | 2625/5425 |  86.22% | 26,342,400/30,550,828 | 33m47s | 4.886 | — | — | — | —
06:12:32 | 4.4.1 | 10/11 | 2650/5425 |  86.26% | 26,355,200/30,550,828 | 33m41s | 4.808 | — | — | — | —
06:12:38 | 4.4.1 | 10/11 | 2675/5425 |  86.30% | 26,368,000/30,550,828 | 33m34s | 4.644 | — | — | — | —
06:12:44 | 4.4.1 | 10/11 | 2700/5425 |  86.34% | 26,380,800/30,550,828 | 33m28s | 4.769 | — | — | — | —
06:12:50 | 4.4.1 | 10/11 | 2725/5425 |  86.38% | 26,393,600/30,550,828 | 33m22s | 4.883 | — | — | — | —
06:12:56 | 4.4.1 | 10/11 | 2750/5425 |  86.43% | 26,406,400/30,550,828 | 33m16s | 4.908 | — | — | — | —
06:13:01 | 4.4.1 | 10/11 | 2775/5425 |  86.47% | 26,419,200/30,550,828 | 33m10s | 4.633 | — | — | — | —
06:13:07 | 4.4.1 | 10/11 | 2800/5425 |  86.51% | 26,432,000/30,550,828 | 33m03s | 4.570 | — | — | — | —
06:13:13 | 4.4.1 | 10/11 | 2825/5425 |  86.55% | 26,444,800/30,550,828 | 32m57s | 4.585 | — | — | — | —
06:13:19 | 4.4.1 | 10/11 | 2850/5425 |  86.59% | 26,457,600/30,550,828 | 32m51s | 4.893 | — | — | — | —
06:13:25 | 4.4.1 | 10/11 | 2875/5425 |  86.64% | 26,470,400/30,550,828 | 32m45s | 4.839 | — | — | — | —
06:13:31 | 4.4.1 | 10/11 | 2900/5425 |  86.68% | 26,483,200/30,550,828 | 32m39s | 4.714 | — | — | — | —
06:13:37 | 4.4.1 | 10/11 | 2925/5425 |  86.72% | 26,496,000/30,550,828 | 32m32s | 4.505 | — | — | — | —
06:13:42 | 4.4.1 | 10/11 | 2950/5425 |  86.76% | 26,508,800/30,550,828 | 32m26s | 4.763 | — | — | — | —
06:13:48 | 4.4.1 | 10/11 | 2975/5425 |  86.80% | 26,521,600/30,550,828 | 32m20s | 4.651 | — | — | — | —
06:13:54 | 4.4.1 | 10/11 | 3000/5425 |  86.85% | 26,534,400/30,550,828 | 32m14s | 4.476 | — | — | — | —
06:14:00 | 4.4.1 | 10/11 | 3025/5425 |  86.89% | 26,547,200/30,550,828 | 32m07s | 4.561 | — | — | — | —
06:14:06 | 4.4.1 | 10/11 | 3050/5425 |  86.93% | 26,560,000/30,550,828 | 32m01s | 4.503 | — | — | — | —
06:14:11 | 4.4.1 | 10/11 | 3075/5425 |  86.97% | 26,572,800/30,550,828 | 31m55s | 4.925 | — | — | — | —
06:14:17 | 4.4.1 | 10/11 | 3100/5425 |  87.01% | 26,585,600/30,550,828 | 31m49s | 4.461 | — | — | — | —
06:14:23 | 4.4.1 | 10/11 | 3125/5425 |  87.05% | 26,598,400/30,550,828 | 31m43s | 4.686 | — | — | — | —
06:14:29 | 4.4.1 | 10/11 | 3150/5425 |  87.10% | 26,611,200/30,550,828 | 31m36s | 4.426 | — | — | — | —
06:14:35 | 4.4.1 | 10/11 | 3175/5425 |  87.14% | 26,624,000/30,550,828 | 31m30s | 4.564 | — | — | — | —
06:14:41 | 4.4.1 | 10/11 | 3200/5425 |  87.18% | 26,636,800/30,550,828 | 31m24s | 4.621 | — | — | — | —
06:14:46 | 4.4.1 | 10/11 | 3225/5425 |  87.22% | 26,649,600/30,550,828 | 31m18s | 4.792 | — | — | — | —
06:14:52 | 4.4.1 | 10/11 | 3250/5425 |  87.26% | 26,662,400/30,550,828 | 31m12s | 5.096 | — | — | — | —
06:14:58 | 4.4.1 | 10/11 | 3275/5425 |  87.31% | 26,675,200/30,550,828 | 31m05s | 4.835 | — | — | — | —
06:15:04 | 4.4.1 | 10/11 | 3300/5425 |  87.35% | 26,688,000/30,550,828 | 30m59s | 4.623 | — | — | — | —
06:15:10 | 4.4.1 | 10/11 | 3325/5425 |  87.39% | 26,700,800/30,550,828 | 30m53s | 4.733 | — | — | — | —
06:15:16 | 4.4.1 | 10/11 | 3350/5425 |  87.43% | 26,713,600/30,550,828 | 30m47s | 4.918 | — | — | — | —
06:15:22 | 4.4.1 | 10/11 | 3375/5425 |  87.47% | 26,726,400/30,550,828 | 30m41s | 4.525 | — | — | — | —
06:15:28 | 4.4.1 | 10/11 | 3400/5425 |  87.52% | 26,739,200/30,550,828 | 30m34s | 4.707 | — | — | — | —
06:15:34 | 4.4.1 | 10/11 | 3425/5425 |  87.56% | 26,752,000/30,550,828 | 30m28s | 4.842 | — | — | — | —
06:15:39 | 4.4.1 | 10/11 | 3450/5425 |  87.60% | 26,764,800/30,550,828 | 30m22s | 4.805 | — | — | — | —
06:15:45 | 4.4.1 | 10/11 | 3475/5425 |  87.64% | 26,777,600/30,550,828 | 30m16s | 5.117 | — | — | — | —
06:15:51 | 4.4.1 | 10/11 | 3500/5425 |  87.68% | 26,790,400/30,550,828 | 30m10s | 4.855 | — | — | — | —
06:15:57 | 4.4.1 | 10/11 | 3525/5425 |  87.73% | 26,803,200/30,550,828 | 30m03s | 4.639 | — | — | — | —
06:16:03 | 4.4.1 | 10/11 | 3550/5425 |  87.77% | 26,816,000/30,550,828 | 29m57s | 4.864 | — | — | — | —
06:16:09 | 4.4.1 | 10/11 | 3575/5425 |  87.81% | 26,828,800/30,550,828 | 29m51s | 4.955 | — | — | — | —
06:16:15 | 4.4.1 | 10/11 | 3600/5425 |  87.85% | 26,841,600/30,550,828 | 29m45s | 4.573 | — | — | — | —
06:16:20 | 4.4.1 | 10/11 | 3625/5425 |  87.89% | 26,854,400/30,550,828 | 29m39s | 4.683 | — | — | — | —
06:16:26 | 4.4.1 | 10/11 | 3650/5425 |  87.93% | 26,867,200/30,550,828 | 29m32s | 4.960 | — | — | — | —
06:16:32 | 4.4.1 | 10/11 | 3675/5425 |  87.98% | 26,880,000/30,550,828 | 29m26s | 4.721 | — | — | — | —
06:16:38 | 4.4.1 | 10/11 | 3700/5425 |  88.02% | 26,892,800/30,550,828 | 29m20s | 4.474 | — | — | — | —
06:16:44 | 4.4.1 | 10/11 | 3725/5425 |  88.06% | 26,905,600/30,550,828 | 29m14s | 4.638 | — | — | — | —
06:16:50 | 4.4.1 | 10/11 | 3750/5425 |  88.10% | 26,918,400/30,550,828 | 29m08s | 4.708 | — | — | — | —
06:16:56 | 4.4.1 | 10/11 | 3775/5425 |  88.14% | 26,931,200/30,550,828 | 29m02s | 4.557 | — | — | — | —
06:17:02 | 4.4.1 | 10/11 | 3800/5425 |  88.19% | 26,944,000/30,550,828 | 28m55s | 4.707 | — | — | — | —
06:17:08 | 4.4.1 | 10/11 | 3825/5425 |  88.23% | 26,956,800/30,550,828 | 28m49s | 4.520 | — | — | — | —
06:17:13 | 4.4.1 | 10/11 | 3850/5425 |  88.27% | 26,969,600/30,550,828 | 28m43s | 4.540 | — | — | — | —
06:17:19 | 4.4.1 | 10/11 | 3875/5425 |  88.31% | 26,982,400/30,550,828 | 28m37s | 4.723 | — | — | — | —
06:17:25 | 4.4.1 | 10/11 | 3900/5425 |  88.35% | 26,995,200/30,550,828 | 28m31s | 4.700 | — | — | — | —
06:17:31 | 4.4.1 | 10/11 | 3925/5425 |  88.40% | 27,008,000/30,550,828 | 28m24s | 4.914 | — | — | — | —
06:17:37 | 4.4.1 | 10/11 | 3950/5425 |  88.44% | 27,020,800/30,550,828 | 28m18s | 4.743 | — | — | — | —
06:17:43 | 4.4.1 | 10/11 | 3975/5425 |  88.48% | 27,033,600/30,550,828 | 28m12s | 4.427 | — | — | — | —
06:17:49 | 4.4.1 | 10/11 | 4000/5425 |  88.52% | 27,046,400/30,550,828 | 28m06s | 4.582 | — | — | — | —
06:17:54 | 4.4.1 | 10/11 | 4025/5425 |  88.56% | 27,059,200/30,550,828 | 28m00s | 4.615 | — | — | — | —
06:18:00 | 4.4.1 | 10/11 | 4050/5425 |  88.60% | 27,072,000/30,550,828 | 27m53s | 4.732 | — | — | — | —
06:18:06 | 4.4.1 | 10/11 | 4075/5425 |  88.65% | 27,084,800/30,550,828 | 27m47s | 5.084 | — | — | — | —
06:18:12 | 4.4.1 | 10/11 | 4100/5425 |  88.69% | 27,097,600/30,550,828 | 27m41s | 4.631 | — | — | — | —
06:18:18 | 4.4.1 | 10/11 | 4125/5425 |  88.73% | 27,110,400/30,550,828 | 27m35s | 5.042 | — | — | — | —
06:18:24 | 4.4.1 | 10/11 | 4150/5425 |  88.77% | 27,123,200/30,550,828 | 27m29s | 4.674 | — | — | — | —
06:18:30 | 4.4.1 | 10/11 | 4175/5425 |  88.81% | 27,136,000/30,550,828 | 27m22s | 4.816 | — | — | — | —
06:18:36 | 4.4.1 | 10/11 | 4200/5425 |  88.86% | 27,148,800/30,550,828 | 27m16s | 4.645 | — | — | — | —
06:18:42 | 4.4.1 | 10/11 | 4225/5425 |  88.90% | 27,161,600/30,550,828 | 27m10s | 4.481 | — | — | — | —
06:18:48 | 4.4.1 | 10/11 | 4250/5425 |  88.94% | 27,174,400/30,550,828 | 27m04s | 4.777 | — | — | — | —
06:18:53 | 4.4.1 | 10/11 | 4275/5425 |  88.98% | 27,187,200/30,550,828 | 26m58s | 4.826 | — | — | — | —
06:18:59 | 4.4.1 | 10/11 | 4300/5425 |  89.02% | 27,200,000/30,550,828 | 26m52s | 4.761 | — | — | — | —
06:19:05 | 4.4.1 | 10/11 | 4325/5425 |  89.07% | 27,212,800/30,550,828 | 26m45s | 4.695 | — | — | — | —
06:19:11 | 4.4.1 | 10/11 | 4350/5425 |  89.11% | 27,225,600/30,550,828 | 26m39s | 4.846 | — | — | — | —
06:19:17 | 4.4.1 | 10/11 | 4375/5425 |  89.15% | 27,238,400/30,550,828 | 26m33s | 4.796 | — | — | — | —
06:19:23 | 4.4.1 | 10/11 | 4400/5425 |  89.19% | 27,251,200/30,550,828 | 26m27s | 4.884 | — | — | — | —
06:19:29 | 4.4.1 | 10/11 | 4425/5425 |  89.23% | 27,264,000/30,550,828 | 26m21s | 4.625 | — | — | — | —
06:19:34 | 4.4.1 | 10/11 | 4450/5425 |  89.28% | 27,276,800/30,550,828 | 26m14s | 4.332 | — | — | — | —
06:19:40 | 4.4.1 | 10/11 | 4475/5425 |  89.32% | 27,289,600/30,550,828 | 26m08s | 4.666 | — | — | — | —
06:19:46 | 4.4.1 | 10/11 | 4500/5425 |  89.36% | 27,302,400/30,550,828 | 26m02s | 4.797 | — | — | — | —
06:19:52 | 4.4.1 | 10/11 | 4525/5425 |  89.40% | 27,315,200/30,550,828 | 25m56s | 4.954 | — | — | — | —
06:19:58 | 4.4.1 | 10/11 | 4550/5425 |  89.44% | 27,328,000/30,550,828 | 25m50s | 4.721 | — | — | — | —
06:20:04 | 4.4.1 | 10/11 | 4575/5425 |  89.48% | 27,340,800/30,550,828 | 25m43s | 4.581 | — | — | — | —
06:20:10 | 4.4.1 | 10/11 | 4600/5425 |  89.53% | 27,353,600/30,550,828 | 25m37s | 4.716 | — | — | — | —
06:20:15 | 4.4.1 | 10/11 | 4625/5425 |  89.57% | 27,366,400/30,550,828 | 25m31s | 4.502 | — | — | — | —
06:20:21 | 4.4.1 | 10/11 | 4650/5425 |  89.61% | 27,379,200/30,550,828 | 25m25s | 4.976 | — | — | — | —
06:20:27 | 4.4.1 | 10/11 | 4675/5425 |  89.65% | 27,392,000/30,550,828 | 25m19s | 5.117 | — | — | — | —
06:20:33 | 4.4.1 | 10/11 | 4700/5425 |  89.69% | 27,404,800/30,550,828 | 25m13s | 4.541 | — | — | — | —
06:20:39 | 4.4.1 | 10/11 | 4725/5425 |  89.74% | 27,417,600/30,550,828 | 25m06s | 4.956 | — | — | — | —
06:20:45 | 4.4.1 | 10/11 | 4750/5425 |  89.78% | 27,430,400/30,550,828 | 25m00s | 5.191 | — | — | — | —
06:20:51 | 4.4.1 | 10/11 | 4775/5425 |  89.82% | 27,443,200/30,550,828 | 24m54s | 4.852 | — | — | — | —
06:20:56 | 4.4.1 | 10/11 | 4800/5425 |  89.86% | 27,456,000/30,550,828 | 24m48s | 4.569 | — | — | — | —
06:21:02 | 4.4.1 | 10/11 | 4825/5425 |  89.90% | 27,468,800/30,550,828 | 24m42s | 4.888 | — | — | — | —
06:21:08 | 4.4.1 | 10/11 | 4850/5425 |  89.95% | 27,481,600/30,550,828 | 24m35s | 4.480 | — | — | — | —
06:21:14 | 4.4.1 | 10/11 | 4875/5425 |  89.99% | 27,494,400/30,550,828 | 24m29s | 4.532 | — | — | — | —
06:21:20 | 4.4.1 | 10/11 | 4900/5425 |  90.03% | 27,507,200/30,550,828 | 24m23s | 4.752 | — | — | — | —
06:21:26 | 4.4.1 | 10/11 | 4925/5425 |  90.07% | 27,520,000/30,550,828 | 24m17s | 4.517 | — | — | — | —
06:21:32 | 4.4.1 | 10/11 | 4950/5425 |  90.11% | 27,532,800/30,550,828 | 24m11s | 4.328 | — | — | — | —
06:21:37 | 4.4.1 | 10/11 | 4975/5425 |  90.16% | 27,545,600/30,550,828 | 24m05s | 4.536 | — | — | — | —
06:21:43 | 4.4.1 | 10/11 | 5000/5425 |  90.20% | 27,558,400/30,550,828 | 23m58s | 4.600 | — | — | — | —
06:21:49 | 4.4.1 | 10/11 | 5025/5425 |  90.24% | 27,571,200/30,550,828 | 23m52s | 4.756 | — | — | — | —
06:21:55 | 4.4.1 | 10/11 | 5050/5425 |  90.28% | 27,584,000/30,550,828 | 23m46s | 4.756 | — | — | — | —
06:22:01 | 4.4.1 | 10/11 | 5075/5425 |  90.32% | 27,596,800/30,550,828 | 23m40s | 4.678 | — | — | — | —
06:22:07 | 4.4.1 | 10/11 | 5100/5425 |  90.36% | 27,609,600/30,550,828 | 23m34s | 4.613 | — | — | — | —
06:22:13 | 4.4.1 | 10/11 | 5125/5425 |  90.41% | 27,622,400/30,550,828 | 23m27s | 4.691 | — | — | — | —
06:22:19 | 4.4.1 | 10/11 | 5150/5425 |  90.45% | 27,635,200/30,550,828 | 23m21s | 4.749 | — | — | — | —
06:22:25 | 4.4.1 | 10/11 | 5175/5425 |  90.49% | 27,648,000/30,550,828 | 23m15s | 4.480 | — | — | — | —
06:22:30 | 4.4.1 | 10/11 | 5200/5425 |  90.53% | 27,660,800/30,550,828 | 23m09s | 5.139 | — | — | — | —
06:22:36 | 4.4.1 | 10/11 | 5225/5425 |  90.57% | 27,673,600/30,550,828 | 23m03s | 4.986 | — | — | — | —
06:22:42 | 4.4.1 | 10/11 | 5250/5425 |  90.62% | 27,686,400/30,550,828 | 22m57s | 4.440 | — | — | — | —
06:22:48 | 4.4.1 | 10/11 | 5275/5425 |  90.66% | 27,699,200/30,550,828 | 22m50s | 4.380 | — | — | — | —
06:22:54 | 4.4.1 | 10/11 | 5300/5425 |  90.70% | 27,712,000/30,550,828 | 22m44s | 4.873 | — | — | — | —
06:23:00 | 4.4.1 | 10/11 | 5325/5425 |  90.74% | 27,724,800/30,550,828 | 22m38s | 4.995 | — | — | — | —
06:23:05 | 4.4.1 | 10/11 | 5350/5425 |  90.78% | 27,737,600/30,550,828 | 22m32s | 4.366 | — | — | — | —
06:23:11 | 4.4.1 | 10/11 | 5375/5425 |  90.83% | 27,750,400/30,550,828 | 22m26s | 4.597 | — | — | — | —
06:23:17 | 4.4.1 | 10/11 | 5400/5425 |  90.87% | 27,763,200/30,550,828 | 22m20s | 4.650 | — | — | — | —
06:23:23 | 4.4.1 | 10/11 | 5425/5425 |  90.91% | 27,776,000/30,550,828 | 22m13s | 6.389 | — | — | — | —
06:23:43 | validation | 10/11 | epoch-end |  90.91% | 27,773,480/30,550,828 | 22m15s | 4.678 |  56.42% |  45.64% |   8.85% | 1.488
06:23:43 | 4.4.1 | 11/11 | 1/5425 |  90.91% | 27,776,512/30,550,828 | 22m15s | 4.917 | — | — | — | —
06:23:49 | 4.4.1 | 11/11 | 25/5425 |  90.95% | 27,788,800/30,550,828 | 22m09s | 4.413 | — | — | — | —
06:23:55 | 4.4.1 | 11/11 | 50/5425 |  90.99% | 27,801,600/30,550,828 | 22m03s | 4.761 | — | — | — | —
06:24:01 | 4.4.1 | 11/11 | 75/5425 |  91.03% | 27,814,400/30,550,828 | 21m57s | 4.560 | — | — | — | —
06:24:06 | 4.4.1 | 11/11 | 100/5425 |  91.08% | 27,827,200/30,550,828 | 21m51s | 4.866 | — | — | — | —
06:24:12 | 4.4.1 | 11/11 | 125/5425 |  91.12% | 27,840,000/30,550,828 | 21m44s | 4.459 | — | — | — | —
06:24:18 | 4.4.1 | 11/11 | 150/5425 |  91.16% | 27,852,800/30,550,828 | 21m38s | 4.648 | — | — | — | —
06:24:24 | 4.4.1 | 11/11 | 175/5425 |  91.20% | 27,865,600/30,550,828 | 21m32s | 4.416 | — | — | — | —
06:24:30 | 4.4.1 | 11/11 | 200/5425 |  91.24% | 27,878,400/30,550,828 | 21m26s | 4.605 | — | — | — | —
06:24:35 | 4.4.1 | 11/11 | 225/5425 |  91.29% | 27,891,200/30,550,828 | 21m20s | 4.704 | — | — | — | —
06:24:41 | 4.4.1 | 11/11 | 250/5425 |  91.33% | 27,904,000/30,550,828 | 21m13s | 5.050 | — | — | — | —
06:24:47 | 4.4.1 | 11/11 | 275/5425 |  91.37% | 27,916,800/30,550,828 | 21m07s | 4.618 | — | — | — | —
06:24:53 | 4.4.1 | 11/11 | 300/5425 |  91.41% | 27,929,600/30,550,828 | 21m01s | 4.690 | — | — | — | —
06:24:59 | 4.4.1 | 11/11 | 325/5425 |  91.45% | 27,942,400/30,550,828 | 20m55s | 4.902 | — | — | — | —
06:25:05 | 4.4.1 | 11/11 | 350/5425 |  91.50% | 27,955,200/30,550,828 | 20m49s | 4.773 | — | — | — | —
06:25:11 | 4.4.1 | 11/11 | 375/5425 |  91.54% | 27,968,000/30,550,828 | 20m43s | 4.895 | — | — | — | —
06:25:17 | 4.4.1 | 11/11 | 400/5425 |  91.58% | 27,980,800/30,550,828 | 20m36s | 4.667 | — | — | — | —
06:25:22 | 4.4.1 | 11/11 | 425/5425 |  91.62% | 27,993,600/30,550,828 | 20m30s | 4.491 | — | — | — | —
06:25:28 | 4.4.1 | 11/11 | 450/5425 |  91.66% | 28,006,400/30,550,828 | 20m24s | 4.767 | — | — | — | —
06:25:34 | 4.4.1 | 11/11 | 475/5425 |  91.71% | 28,019,200/30,550,828 | 20m18s | 4.883 | — | — | — | —
06:25:40 | 4.4.1 | 11/11 | 500/5425 |  91.75% | 28,032,000/30,550,828 | 20m12s | 4.480 | — | — | — | —
06:25:46 | 4.4.1 | 11/11 | 525/5425 |  91.79% | 28,044,800/30,550,828 | 20m05s | 4.531 | — | — | — | —
06:25:52 | 4.4.1 | 11/11 | 550/5425 |  91.83% | 28,057,600/30,550,828 | 19m59s | 4.470 | — | — | — | —
06:25:57 | 4.4.1 | 11/11 | 575/5425 |  91.87% | 28,070,400/30,550,828 | 19m53s | 4.986 | — | — | — | —
06:26:03 | 4.4.1 | 11/11 | 600/5425 |  91.91% | 28,083,200/30,550,828 | 19m47s | 4.967 | — | — | — | —
06:26:09 | 4.4.1 | 11/11 | 625/5425 |  91.96% | 28,096,000/30,550,828 | 19m41s | 4.908 | — | — | — | —
06:26:15 | 4.4.1 | 11/11 | 650/5425 |  92.00% | 28,108,800/30,550,828 | 19m35s | 4.651 | — | — | — | —
06:26:21 | 4.4.1 | 11/11 | 675/5425 |  92.04% | 28,121,600/30,550,828 | 19m28s | 4.504 | — | — | — | —
06:26:27 | 4.4.1 | 11/11 | 700/5425 |  92.08% | 28,134,400/30,550,828 | 19m22s | 4.771 | — | — | — | —
06:26:33 | 4.4.1 | 11/11 | 725/5425 |  92.12% | 28,147,200/30,550,828 | 19m16s | 4.369 | — | — | — | —
06:26:39 | 4.4.1 | 11/11 | 750/5425 |  92.17% | 28,160,000/30,550,828 | 19m10s | 4.706 | — | — | — | —
06:26:44 | 4.4.1 | 11/11 | 775/5425 |  92.21% | 28,172,800/30,550,828 | 19m04s | 4.557 | — | — | — | —
06:26:50 | 4.4.1 | 11/11 | 800/5425 |  92.25% | 28,185,600/30,550,828 | 18m58s | 4.920 | — | — | — | —
06:26:56 | 4.4.1 | 11/11 | 825/5425 |  92.29% | 28,198,400/30,550,828 | 18m51s | 4.496 | — | — | — | —
06:27:02 | 4.4.1 | 11/11 | 850/5425 |  92.33% | 28,211,200/30,550,828 | 18m45s | 4.720 | — | — | — | —
06:27:08 | 4.4.1 | 11/11 | 875/5425 |  92.38% | 28,224,000/30,550,828 | 18m39s | 4.554 | — | — | — | —
06:27:14 | 4.4.1 | 11/11 | 900/5425 |  92.42% | 28,236,800/30,550,828 | 18m33s | 4.559 | — | — | — | —
06:27:20 | 4.4.1 | 11/11 | 925/5425 |  92.46% | 28,249,600/30,550,828 | 18m27s | 4.654 | — | — | — | —
06:27:25 | 4.4.1 | 11/11 | 950/5425 |  92.50% | 28,262,400/30,550,828 | 18m20s | 4.567 | — | — | — | —
06:27:31 | 4.4.1 | 11/11 | 975/5425 |  92.54% | 28,275,200/30,550,828 | 18m14s | 4.925 | — | — | — | —
06:27:37 | 4.4.1 | 11/11 | 1000/5425 |  92.58% | 28,288,000/30,550,828 | 18m08s | 4.578 | — | — | — | —
06:27:43 | 4.4.1 | 11/11 | 1025/5425 |  92.63% | 28,300,800/30,550,828 | 18m02s | 4.851 | — | — | — | —
06:27:49 | 4.4.1 | 11/11 | 1050/5425 |  92.67% | 28,313,600/30,550,828 | 17m56s | 4.506 | — | — | — | —
06:27:55 | 4.4.1 | 11/11 | 1075/5425 |  92.71% | 28,326,400/30,550,828 | 17m50s | 4.641 | — | — | — | —
06:28:00 | 4.4.1 | 11/11 | 1100/5425 |  92.75% | 28,339,200/30,550,828 | 17m43s | 5.010 | — | — | — | —
06:28:06 | 4.4.1 | 11/11 | 1125/5425 |  92.79% | 28,352,000/30,550,828 | 17m37s | 4.758 | — | — | — | —
06:28:12 | 4.4.1 | 11/11 | 1150/5425 |  92.84% | 28,364,800/30,550,828 | 17m31s | 4.522 | — | — | — | —
06:28:18 | 4.4.1 | 11/11 | 1175/5425 |  92.88% | 28,377,600/30,550,828 | 17m25s | 4.820 | — | — | — | —
06:28:24 | 4.4.1 | 11/11 | 1200/5425 |  92.92% | 28,390,400/30,550,828 | 17m19s | 4.657 | — | — | — | —
06:28:30 | 4.4.1 | 11/11 | 1225/5425 |  92.96% | 28,403,200/30,550,828 | 17m13s | 5.101 | — | — | — | —
06:28:36 | 4.4.1 | 11/11 | 1250/5425 |  93.00% | 28,416,000/30,550,828 | 17m06s | 4.285 | — | — | — | —
06:28:42 | 4.4.1 | 11/11 | 1275/5425 |  93.05% | 28,428,800/30,550,828 | 17m00s | 4.601 | — | — | — | —
06:28:47 | 4.4.1 | 11/11 | 1300/5425 |  93.09% | 28,441,600/30,550,828 | 16m54s | 4.554 | — | — | — | —
06:28:53 | 4.4.1 | 11/11 | 1325/5425 |  93.13% | 28,454,400/30,550,828 | 16m48s | 4.558 | — | — | — | —
06:28:59 | 4.4.1 | 11/11 | 1350/5425 |  93.17% | 28,467,200/30,550,828 | 16m42s | 4.415 | — | — | — | —
06:29:05 | 4.4.1 | 11/11 | 1375/5425 |  93.21% | 28,480,000/30,550,828 | 16m36s | 4.446 | — | — | — | —
06:29:11 | 4.4.1 | 11/11 | 1400/5425 |  93.26% | 28,492,800/30,550,828 | 16m29s | 4.597 | — | — | — | —
06:29:17 | 4.4.1 | 11/11 | 1425/5425 |  93.30% | 28,505,600/30,550,828 | 16m23s | 4.516 | — | — | — | —
06:29:23 | 4.4.1 | 11/11 | 1450/5425 |  93.34% | 28,518,400/30,550,828 | 16m17s | 4.475 | — | — | — | —
06:29:28 | 4.4.1 | 11/11 | 1475/5425 |  93.38% | 28,531,200/30,550,828 | 16m11s | 4.424 | — | — | — | —
06:29:34 | 4.4.1 | 11/11 | 1500/5425 |  93.42% | 28,544,000/30,550,828 | 16m05s | 4.940 | — | — | — | —
06:29:40 | 4.4.1 | 11/11 | 1525/5425 |  93.46% | 28,556,800/30,550,828 | 15m59s | 4.733 | — | — | — | —
06:29:46 | 4.4.1 | 11/11 | 1550/5425 |  93.51% | 28,569,600/30,550,828 | 15m52s | 4.583 | — | — | — | —
06:29:52 | 4.4.1 | 11/11 | 1575/5425 |  93.55% | 28,582,400/30,550,828 | 15m46s | 4.299 | — | — | — | —
06:29:58 | 4.4.1 | 11/11 | 1600/5425 |  93.59% | 28,595,200/30,550,828 | 15m40s | 4.677 | — | — | — | —
06:30:04 | 4.4.1 | 11/11 | 1625/5425 |  93.63% | 28,608,000/30,550,828 | 15m34s | 4.787 | — | — | — | —
06:30:09 | 4.4.1 | 11/11 | 1650/5425 |  93.67% | 28,620,800/30,550,828 | 15m28s | 4.751 | — | — | — | —
06:30:15 | 4.4.1 | 11/11 | 1675/5425 |  93.72% | 28,633,600/30,550,828 | 15m22s | 4.588 | — | — | — | —
06:30:21 | 4.4.1 | 11/11 | 1700/5425 |  93.76% | 28,646,400/30,550,828 | 15m15s | 4.443 | — | — | — | —
06:30:27 | 4.4.1 | 11/11 | 1725/5425 |  93.80% | 28,659,200/30,550,828 | 15m09s | 4.394 | — | — | — | —
06:30:33 | 4.4.1 | 11/11 | 1750/5425 |  93.84% | 28,672,000/30,550,828 | 15m03s | 4.561 | — | — | — | —
06:30:39 | 4.4.1 | 11/11 | 1775/5425 |  93.88% | 28,684,800/30,550,828 | 14m57s | 5.195 | — | — | — | —
06:30:44 | 4.4.1 | 11/11 | 1800/5425 |  93.93% | 28,697,600/30,550,828 | 14m51s | 4.637 | — | — | — | —
06:30:50 | 4.4.1 | 11/11 | 1825/5425 |  93.97% | 28,710,400/30,550,828 | 14m45s | 4.720 | — | — | — | —
06:30:56 | 4.4.1 | 11/11 | 1850/5425 |  94.01% | 28,723,200/30,550,828 | 14m38s | 4.768 | — | — | — | —
06:31:02 | 4.4.1 | 11/11 | 1875/5425 |  94.05% | 28,736,000/30,550,828 | 14m32s | 4.834 | — | — | — | —
06:31:08 | 4.4.1 | 11/11 | 1900/5425 |  94.09% | 28,748,800/30,550,828 | 14m26s | 4.652 | — | — | — | —
06:31:13 | 4.4.1 | 11/11 | 1925/5425 |  94.13% | 28,761,600/30,550,828 | 14m20s | 4.686 | — | — | — | —
06:31:19 | 4.4.1 | 11/11 | 1950/5425 |  94.18% | 28,774,400/30,550,828 | 14m14s | 5.165 | — | — | — | —
06:31:25 | 4.4.1 | 11/11 | 1975/5425 |  94.22% | 28,787,200/30,550,828 | 14m08s | 4.666 | — | — | — | —
06:31:31 | 4.4.1 | 11/11 | 2000/5425 |  94.26% | 28,800,000/30,550,828 | 14m01s | 4.349 | — | — | — | —
06:31:37 | 4.4.1 | 11/11 | 2025/5425 |  94.30% | 28,812,800/30,550,828 | 13m55s | 4.592 | — | — | — | —
06:31:43 | 4.4.1 | 11/11 | 2050/5425 |  94.34% | 28,825,600/30,550,828 | 13m49s | 4.808 | — | — | — | —
06:31:49 | 4.4.1 | 11/11 | 2075/5425 |  94.39% | 28,838,400/30,550,828 | 13m43s | 4.545 | — | — | — | —
06:31:55 | 4.4.1 | 11/11 | 2100/5425 |  94.43% | 28,851,200/30,550,828 | 13m37s | 4.798 | — | — | — | —
06:32:00 | 4.4.1 | 11/11 | 2125/5425 |  94.47% | 28,864,000/30,550,828 | 13m31s | 4.367 | — | — | — | —
06:32:06 | 4.4.1 | 11/11 | 2150/5425 |  94.51% | 28,876,800/30,550,828 | 13m24s | 4.998 | — | — | — | —
06:32:12 | 4.4.1 | 11/11 | 2175/5425 |  94.55% | 28,889,600/30,550,828 | 13m18s | 4.617 | — | — | — | —
06:32:18 | 4.4.1 | 11/11 | 2200/5425 |  94.60% | 28,902,400/30,550,828 | 13m12s | 5.011 | — | — | — | —
06:32:24 | 4.4.1 | 11/11 | 2225/5425 |  94.64% | 28,915,200/30,550,828 | 13m06s | 4.602 | — | — | — | —
06:32:29 | 4.4.1 | 11/11 | 2250/5425 |  94.68% | 28,928,000/30,550,828 | 13m00s | 4.311 | — | — | — | —
06:32:35 | 4.4.1 | 11/11 | 2275/5425 |  94.72% | 28,940,800/30,550,828 | 12m54s | 4.605 | — | — | — | —
06:32:41 | 4.4.1 | 11/11 | 2300/5425 |  94.76% | 28,953,600/30,550,828 | 12m47s | 4.670 | — | — | — | —
06:32:47 | 4.4.1 | 11/11 | 2325/5425 |  94.81% | 28,966,400/30,550,828 | 12m41s | 4.792 | — | — | — | —
06:32:53 | 4.4.1 | 11/11 | 2350/5425 |  94.85% | 28,979,200/30,550,828 | 12m35s | 4.602 | — | — | — | —
06:32:59 | 4.4.1 | 11/11 | 2375/5425 |  94.89% | 28,992,000/30,550,828 | 12m29s | 4.691 | — | — | — | —
06:33:04 | 4.4.1 | 11/11 | 2400/5425 |  94.93% | 29,004,800/30,550,828 | 12m23s | 4.473 | — | — | — | —
06:33:10 | 4.4.1 | 11/11 | 2425/5425 |  94.97% | 29,017,600/30,550,828 | 12m17s | 4.706 | — | — | — | —
06:33:16 | 4.4.1 | 11/11 | 2450/5425 |  95.01% | 29,030,400/30,550,828 | 12m10s | 4.403 | — | — | — | —
06:33:22 | 4.4.1 | 11/11 | 2475/5425 |  95.06% | 29,043,200/30,550,828 | 12m04s | 4.611 | — | — | — | —
06:33:28 | 4.4.1 | 11/11 | 2500/5425 |  95.10% | 29,056,000/30,550,828 | 11m58s | 4.807 | — | — | — | —
06:33:34 | 4.4.1 | 11/11 | 2525/5425 |  95.14% | 29,068,800/30,550,828 | 11m52s | 4.700 | — | — | — | —
06:33:39 | 4.4.1 | 11/11 | 2550/5425 |  95.18% | 29,081,600/30,550,828 | 11m46s | 4.925 | — | — | — | —
06:33:45 | 4.4.1 | 11/11 | 2575/5425 |  95.22% | 29,094,400/30,550,828 | 11m40s | 4.753 | — | — | — | —
06:33:51 | 4.4.1 | 11/11 | 2600/5425 |  95.27% | 29,107,200/30,550,828 | 11m34s | 4.550 | — | — | — | —
06:33:57 | 4.4.1 | 11/11 | 2625/5425 |  95.31% | 29,120,000/30,550,828 | 11m27s | 4.525 | — | — | — | —
06:34:03 | 4.4.1 | 11/11 | 2650/5425 |  95.35% | 29,132,800/30,550,828 | 11m21s | 4.770 | — | — | — | —
06:34:09 | 4.4.1 | 11/11 | 2675/5425 |  95.39% | 29,145,600/30,550,828 | 11m15s | 4.385 | — | — | — | —
06:34:14 | 4.4.1 | 11/11 | 2700/5425 |  95.43% | 29,158,400/30,550,828 | 11m09s | 4.709 | — | — | — | —
06:34:20 | 4.4.1 | 11/11 | 2725/5425 |  95.48% | 29,171,200/30,550,828 | 11m03s | 4.739 | — | — | — | —
06:34:26 | 4.4.1 | 11/11 | 2750/5425 |  95.52% | 29,184,000/30,550,828 | 10m57s | 4.964 | — | — | — | —
06:34:32 | 4.4.1 | 11/11 | 2775/5425 |  95.56% | 29,196,800/30,550,828 | 10m50s | 4.705 | — | — | — | —
06:34:38 | 4.4.1 | 11/11 | 2800/5425 |  95.60% | 29,209,600/30,550,828 | 10m44s | 4.815 | — | — | — | —
06:34:44 | 4.4.1 | 11/11 | 2825/5425 |  95.64% | 29,222,400/30,550,828 | 10m38s | 4.367 | — | — | — | —
06:34:49 | 4.4.1 | 11/11 | 2850/5425 |  95.68% | 29,235,200/30,550,828 | 10m32s | 4.814 | — | — | — | —
06:34:55 | 4.4.1 | 11/11 | 2875/5425 |  95.73% | 29,248,000/30,550,828 | 10m26s | 4.732 | — | — | — | —
06:35:01 | 4.4.1 | 11/11 | 2900/5425 |  95.77% | 29,260,800/30,550,828 | 10m20s | 4.411 | — | — | — | —
06:35:07 | 4.4.1 | 11/11 | 2925/5425 |  95.81% | 29,273,600/30,550,828 | 10m14s | 4.588 | — | — | — | —
06:35:13 | 4.4.1 | 11/11 | 2950/5425 |  95.85% | 29,286,400/30,550,828 | 10m07s | 4.410 | — | — | — | —
06:35:19 | 4.4.1 | 11/11 | 2975/5425 |  95.89% | 29,299,200/30,550,828 | 10m01s | 4.560 | — | — | — | —
06:35:25 | 4.4.1 | 11/11 | 3000/5425 |  95.94% | 29,312,000/30,550,828 | 09m55s | 5.310 | — | — | — | —
06:35:30 | 4.4.1 | 11/11 | 3025/5425 |  95.98% | 29,324,800/30,550,828 | 09m49s | 4.915 | — | — | — | —
06:35:36 | 4.4.1 | 11/11 | 3050/5425 |  96.02% | 29,337,600/30,550,828 | 09m43s | 4.993 | — | — | — | —
06:35:42 | 4.4.1 | 11/11 | 3075/5425 |  96.06% | 29,350,400/30,550,828 | 09m37s | 4.726 | — | — | — | —
06:35:48 | 4.4.1 | 11/11 | 3100/5425 |  96.10% | 29,363,200/30,550,828 | 09m30s | 4.543 | — | — | — | —
06:35:54 | 4.4.1 | 11/11 | 3125/5425 |  96.15% | 29,376,000/30,550,828 | 09m24s | 4.361 | — | — | — | —
06:36:00 | 4.4.1 | 11/11 | 3150/5425 |  96.19% | 29,388,800/30,550,828 | 09m18s | 4.610 | — | — | — | —
06:36:05 | 4.4.1 | 11/11 | 3175/5425 |  96.23% | 29,401,600/30,550,828 | 09m12s | 5.067 | — | — | — | —
06:36:11 | 4.4.1 | 11/11 | 3200/5425 |  96.27% | 29,414,400/30,550,828 | 09m06s | 4.457 | — | — | — | —
06:36:17 | 4.4.1 | 11/11 | 3225/5425 |  96.31% | 29,427,200/30,550,828 | 09m00s | 5.015 | — | — | — | —
06:36:23 | 4.4.1 | 11/11 | 3250/5425 |  96.36% | 29,440,000/30,550,828 | 08m54s | 4.650 | — | — | — | —
06:36:29 | 4.4.1 | 11/11 | 3275/5425 |  96.40% | 29,452,800/30,550,828 | 08m47s | 4.511 | — | — | — | —
06:36:35 | 4.4.1 | 11/11 | 3300/5425 |  96.44% | 29,465,600/30,550,828 | 08m41s | 4.997 | — | — | — | —
06:36:41 | 4.4.1 | 11/11 | 3325/5425 |  96.48% | 29,478,400/30,550,828 | 08m35s | 4.739 | — | — | — | —
06:36:46 | 4.4.1 | 11/11 | 3350/5425 |  96.52% | 29,491,200/30,550,828 | 08m29s | 4.721 | — | — | — | —
06:36:52 | 4.4.1 | 11/11 | 3375/5425 |  96.56% | 29,504,000/30,550,828 | 08m23s | 4.786 | — | — | — | —
06:36:58 | 4.4.1 | 11/11 | 3400/5425 |  96.61% | 29,516,800/30,550,828 | 08m17s | 4.489 | — | — | — | —
06:37:04 | 4.4.1 | 11/11 | 3425/5425 |  96.65% | 29,529,600/30,550,828 | 08m11s | 4.688 | — | — | — | —
06:37:10 | 4.4.1 | 11/11 | 3450/5425 |  96.69% | 29,542,400/30,550,828 | 08m04s | 4.895 | — | — | — | —
06:37:16 | 4.4.1 | 11/11 | 3475/5425 |  96.73% | 29,555,200/30,550,828 | 07m58s | 4.475 | — | — | — | —
06:37:21 | 4.4.1 | 11/11 | 3500/5425 |  96.77% | 29,568,000/30,550,828 | 07m52s | 4.663 | — | — | — | —
06:37:27 | 4.4.1 | 11/11 | 3525/5425 |  96.82% | 29,580,800/30,550,828 | 07m46s | 4.742 | — | — | — | —
06:37:33 | 4.4.1 | 11/11 | 3550/5425 |  96.86% | 29,593,600/30,550,828 | 07m40s | 4.590 | — | — | — | —
06:37:39 | 4.4.1 | 11/11 | 3575/5425 |  96.90% | 29,606,400/30,550,828 | 07m34s | 4.430 | — | — | — | —
06:37:45 | 4.4.1 | 11/11 | 3600/5425 |  96.94% | 29,619,200/30,550,828 | 07m27s | 4.956 | — | — | — | —
06:37:51 | 4.4.1 | 11/11 | 3625/5425 |  96.98% | 29,632,000/30,550,828 | 07m21s | 5.072 | — | — | — | —
06:37:57 | 4.4.1 | 11/11 | 3650/5425 |  97.03% | 29,644,800/30,550,828 | 07m15s | 4.447 | — | — | — | —
06:38:02 | 4.4.1 | 11/11 | 3675/5425 |  97.07% | 29,657,600/30,550,828 | 07m09s | 4.563 | — | — | — | —
06:38:08 | 4.4.1 | 11/11 | 3700/5425 |  97.11% | 29,670,400/30,550,828 | 07m03s | 4.577 | — | — | — | —
06:38:14 | 4.4.1 | 11/11 | 3725/5425 |  97.15% | 29,683,200/30,550,828 | 06m57s | 4.229 | — | — | — | —
06:38:20 | 4.4.1 | 11/11 | 3750/5425 |  97.19% | 29,696,000/30,550,828 | 06m51s | 4.515 | — | — | — | —
06:38:26 | 4.4.1 | 11/11 | 3775/5425 |  97.24% | 29,708,800/30,550,828 | 06m44s | 4.769 | — | — | — | —
06:38:32 | 4.4.1 | 11/11 | 3800/5425 |  97.28% | 29,721,600/30,550,828 | 06m38s | 4.749 | — | — | — | —
06:38:38 | 4.4.1 | 11/11 | 3825/5425 |  97.32% | 29,734,400/30,550,828 | 06m32s | 5.240 | — | — | — | —
06:38:43 | 4.4.1 | 11/11 | 3850/5425 |  97.36% | 29,747,200/30,550,828 | 06m26s | 4.488 | — | — | — | —
06:38:49 | 4.4.1 | 11/11 | 3875/5425 |  97.40% | 29,760,000/30,550,828 | 06m20s | 4.369 | — | — | — | —
06:38:55 | 4.4.1 | 11/11 | 3900/5425 |  97.44% | 29,772,800/30,550,828 | 06m14s | 4.785 | — | — | — | —
06:39:01 | 4.4.1 | 11/11 | 3925/5425 |  97.49% | 29,785,600/30,550,828 | 06m08s | 4.487 | — | — | — | —
06:39:07 | 4.4.1 | 11/11 | 3950/5425 |  97.53% | 29,798,400/30,550,828 | 06m01s | 4.533 | — | — | — | —
06:39:13 | 4.4.1 | 11/11 | 3975/5425 |  97.57% | 29,811,200/30,550,828 | 05m55s | 4.556 | — | — | — | —
06:39:18 | 4.4.1 | 11/11 | 4000/5425 |  97.61% | 29,824,000/30,550,828 | 05m49s | 4.408 | — | — | — | —
06:39:24 | 4.4.1 | 11/11 | 4025/5425 |  97.65% | 29,836,800/30,550,828 | 05m43s | 4.780 | — | — | — | —
06:39:30 | 4.4.1 | 11/11 | 4050/5425 |  97.70% | 29,849,600/30,550,828 | 05m37s | 4.523 | — | — | — | —
06:39:36 | 4.4.1 | 11/11 | 4075/5425 |  97.74% | 29,862,400/30,550,828 | 05m31s | 4.896 | — | — | — | —
06:39:42 | 4.4.1 | 11/11 | 4100/5425 |  97.78% | 29,875,200/30,550,828 | 05m25s | 4.514 | — | — | — | —
06:39:48 | 4.4.1 | 11/11 | 4125/5425 |  97.82% | 29,888,000/30,550,828 | 05m18s | 4.542 | — | — | — | —
06:39:54 | 4.4.1 | 11/11 | 4150/5425 |  97.86% | 29,900,800/30,550,828 | 05m12s | 4.948 | — | — | — | —
06:39:59 | 4.4.1 | 11/11 | 4175/5425 |  97.91% | 29,913,600/30,550,828 | 05m06s | 4.448 | — | — | — | —
06:40:05 | 4.4.1 | 11/11 | 4200/5425 |  97.95% | 29,926,400/30,550,828 | 05m00s | 4.678 | — | — | — | —
06:40:11 | 4.4.1 | 11/11 | 4225/5425 |  97.99% | 29,939,200/30,550,828 | 04m54s | 4.825 | — | — | — | —
06:40:17 | 4.4.1 | 11/11 | 4250/5425 |  98.03% | 29,952,000/30,550,828 | 04m48s | 4.653 | — | — | — | —
06:40:23 | 4.4.1 | 11/11 | 4275/5425 |  98.07% | 29,964,800/30,550,828 | 04m42s | 4.743 | — | — | — | —
06:40:29 | 4.4.1 | 11/11 | 4300/5425 |  98.11% | 29,977,600/30,550,828 | 04m35s | 4.533 | — | — | — | —
06:40:34 | 4.4.1 | 11/11 | 4325/5425 |  98.16% | 29,990,400/30,550,828 | 04m29s | 4.746 | — | — | — | —
06:40:40 | 4.4.1 | 11/11 | 4350/5425 |  98.20% | 30,003,200/30,550,828 | 04m23s | 4.683 | — | — | — | —
06:40:46 | 4.4.1 | 11/11 | 4375/5425 |  98.24% | 30,016,000/30,550,828 | 04m17s | 4.843 | — | — | — | —
06:40:52 | 4.4.1 | 11/11 | 4400/5425 |  98.28% | 30,028,800/30,550,828 | 04m11s | 4.685 | — | — | — | —
06:40:58 | 4.4.1 | 11/11 | 4425/5425 |  98.32% | 30,041,600/30,550,828 | 04m05s | 4.534 | — | — | — | —
06:41:04 | 4.4.1 | 11/11 | 4450/5425 |  98.37% | 30,054,400/30,550,828 | 03m59s | 4.396 | — | — | — | —
06:41:10 | 4.4.1 | 11/11 | 4475/5425 |  98.41% | 30,067,200/30,550,828 | 03m53s | 4.798 | — | — | — | —
06:41:15 | 4.4.1 | 11/11 | 4500/5425 |  98.45% | 30,080,000/30,550,828 | 03m46s | 4.886 | — | — | — | —
06:41:21 | 4.4.1 | 11/11 | 4525/5425 |  98.49% | 30,092,800/30,550,828 | 03m40s | 4.600 | — | — | — | —
06:41:27 | 4.4.1 | 11/11 | 4550/5425 |  98.53% | 30,105,600/30,550,828 | 03m34s | 4.874 | — | — | — | —
06:41:33 | 4.4.1 | 11/11 | 4575/5425 |  98.58% | 30,118,400/30,550,828 | 03m28s | 4.504 | — | — | — | —
06:41:39 | 4.4.1 | 11/11 | 4600/5425 |  98.62% | 30,131,200/30,550,828 | 03m22s | 4.706 | — | — | — | —
06:41:45 | 4.4.1 | 11/11 | 4625/5425 |  98.66% | 30,144,000/30,550,828 | 03m16s | 4.896 | — | — | — | —
06:41:51 | 4.4.1 | 11/11 | 4650/5425 |  98.70% | 30,156,800/30,550,828 | 03m10s | 4.783 | — | — | — | —
06:41:57 | 4.4.1 | 11/11 | 4675/5425 |  98.74% | 30,169,600/30,550,828 | 03m03s | 4.495 | — | — | — | —
06:42:02 | 4.4.1 | 11/11 | 4700/5425 |  98.79% | 30,182,400/30,550,828 | 02m57s | 4.780 | — | — | — | —
06:42:08 | 4.4.1 | 11/11 | 4725/5425 |  98.83% | 30,195,200/30,550,828 | 02m51s | 4.556 | — | — | — | —
06:42:14 | 4.4.1 | 11/11 | 4750/5425 |  98.87% | 30,208,000/30,550,828 | 02m45s | 4.678 | — | — | — | —
06:42:20 | 4.4.1 | 11/11 | 4775/5425 |  98.91% | 30,220,800/30,550,828 | 02m39s | 4.612 | — | — | — | —
06:42:26 | 4.4.1 | 11/11 | 4800/5425 |  98.95% | 30,233,600/30,550,828 | 02m33s | 4.650 | — | — | — | —
06:42:31 | 4.4.1 | 11/11 | 4825/5425 |  98.99% | 30,246,400/30,550,828 | 02m27s | 4.604 | — | — | — | —
06:42:37 | 4.4.1 | 11/11 | 4850/5425 |  99.04% | 30,259,200/30,550,828 | 02m21s | 4.873 | — | — | — | —
06:42:43 | 4.4.1 | 11/11 | 4875/5425 |  99.08% | 30,272,000/30,550,828 | 02m14s | 4.540 | — | — | — | —
06:42:49 | 4.4.1 | 11/11 | 4900/5425 |  99.12% | 30,284,800/30,550,828 | 02m08s | 4.587 | — | — | — | —
06:42:55 | 4.4.1 | 11/11 | 4925/5425 |  99.16% | 30,297,600/30,550,828 | 02m02s | 4.474 | — | — | — | —
06:43:01 | 4.4.1 | 11/11 | 4950/5425 |  99.20% | 30,310,400/30,550,828 | 01m56s | 4.972 | — | — | — | —
06:43:06 | 4.4.1 | 11/11 | 4975/5425 |  99.25% | 30,323,200/30,550,828 | 01m50s | 4.929 | — | — | — | —
06:43:12 | 4.4.1 | 11/11 | 5000/5425 |  99.29% | 30,336,000/30,550,828 | 01m44s | 4.688 | — | — | — | —
06:43:18 | 4.4.1 | 11/11 | 5025/5425 |  99.33% | 30,348,800/30,550,828 | 01m38s | 4.356 | — | — | — | —
06:43:24 | 4.4.1 | 11/11 | 5050/5425 |  99.37% | 30,361,600/30,550,828 | 01m31s | 4.362 | — | — | — | —
06:43:30 | 4.4.1 | 11/11 | 5075/5425 |  99.41% | 30,374,400/30,550,828 | 01m25s | 4.501 | — | — | — | —
06:43:36 | 4.4.1 | 11/11 | 5100/5425 |  99.46% | 30,387,200/30,550,828 | 01m19s | 4.566 | — | — | — | —
06:43:42 | 4.4.1 | 11/11 | 5125/5425 |  99.50% | 30,400,000/30,550,828 | 01m13s | 4.270 | — | — | — | —
06:43:48 | 4.4.1 | 11/11 | 5150/5425 |  99.54% | 30,412,800/30,550,828 | 01m07s | 4.793 | — | — | — | —
06:43:53 | 4.4.1 | 11/11 | 5175/5425 |  99.58% | 30,425,600/30,550,828 | 01m01s | 4.883 | — | — | — | —
06:43:59 | 4.4.1 | 11/11 | 5200/5425 |  99.62% | 30,438,400/30,550,828 | 00m55s | 5.176 | — | — | — | —
06:44:05 | 4.4.1 | 11/11 | 5225/5425 |  99.66% | 30,451,200/30,550,828 | 00m49s | 4.781 | — | — | — | —
06:44:11 | 4.4.1 | 11/11 | 5250/5425 |  99.71% | 30,464,000/30,550,828 | 00m42s | 4.913 | — | — | — | —
06:44:17 | 4.4.1 | 11/11 | 5275/5425 |  99.75% | 30,476,800/30,550,828 | 00m36s | 5.289 | — | — | — | —
06:44:23 | 4.4.1 | 11/11 | 5300/5425 |  99.79% | 30,489,600/30,550,828 | 00m30s | 4.973 | — | — | — | —
06:44:29 | 4.4.1 | 11/11 | 5325/5425 |  99.83% | 30,502,400/30,550,828 | 00m24s | 4.971 | — | — | — | —
06:44:34 | 4.4.1 | 11/11 | 5350/5425 |  99.87% | 30,515,200/30,550,828 | 00m18s | 5.035 | — | — | — | —
06:44:40 | 4.4.1 | 11/11 | 5375/5425 |  99.92% | 30,528,000/30,550,828 | 00m12s | 4.699 | — | — | — | —
06:44:46 | 4.4.1 | 11/11 | 5400/5425 |  99.96% | 30,540,800/30,550,828 | 00m06s | 4.436 | — | — | — | —
06:44:52 | 4.4.1 | 11/11 | 5425/5425 | 100.00% | 30,550,828/30,550,828 | done | 4.427 | — | — | — | —
06:45:12 | validation | 11/11 | epoch-end | 100.00% | 30,550,828/30,550,828 | done | 4.674 |  56.39% |  45.59% |   8.88% | 1.488
