Loading battles from data/raw ...
Cached 41140 battles -> data/winner_battles_cache.pkl
Mirroring enabled: 37,026 augmented training battles
Training policy-bc-v4.3 (threat_dim=14, card_conditioned_placement=True, reaction_weight=3.0, reaction_repeats=2, max_think_steps=8, eval_think_steps=8)
Samples train/val/test: 2236884/33332/33604 on cuda
progress phase=4.3 epoch=1/10 batch=1/4369 work=0.0% elapsed=1s ETA=39180s tile_loss=0.0000
progress phase=4.3 epoch=1/10 batch=25/4369 work=0.1% elapsed=7s ETA=11914s tile_loss=0.0000
progress phase=4.3 epoch=1/10 batch=50/4369 work=0.1% elapsed=13s ETA=11309s tile_loss=0.0000
progress phase=4.3 epoch=1/10 batch=75/4369 work=0.2% elapsed=19s ETA=11117s tile_loss=0.0000
progress phase=4.3 epoch=1/10 batch=100/4369 work=0.2% elapsed=25s ETA=11110s tile_loss=0.0000
progress phase=4.3 epoch=1/10 batch=125/4369 work=0.3% elapsed=32s ETA=11140s tile_loss=0.0000
progress phase=4.3 epoch=1/10 batch=150/4369 work=0.3% elapsed=38s ETA=11073s tile_loss=0.0000
progress phase=4.3 epoch=1/10 batch=175/4369 work=0.4% elapsed=44s ETA=11020s tile_loss=0.0000
progress phase=4.3 epoch=1/10 batch=200/4369 work=0.5% elapsed=51s ETA=11162s tile_loss=0.0000
progress phase=4.3 epoch=1/10 batch=225/4369 work=0.5% elapsed=58s ETA=11114s tile_loss=0.0000
progress phase=4.3 epoch=1/10 batch=250/4369 work=0.6% elapsed=64s ETA=11076s tile_loss=0.0000
progress phase=4.3 epoch=1/10 batch=275/4369 work=0.6% elapsed=70s ETA=11038s tile_loss=0.0000
progress phase=4.3 epoch=1/10 batch=300/4369 work=0.7% elapsed=76s ETA=11012s tile_loss=0.0000
progress phase=4.3 epoch=1/10 batch=325/4369 work=0.7% elapsed=83s ETA=11059s tile_loss=0.0000
progress phase=4.3 epoch=1/10 batch=350/4369 work=0.8% elapsed=89s ETA=11022s tile_loss=0.0000
progress phase=4.3 epoch=1/10 batch=375/4369 work=0.9% elapsed=95s ETA=10999s tile_loss=0.0000
progress phase=4.3 epoch=1/10 batch=400/4369 work=0.9% elapsed=101s ETA=10977s tile_loss=0.0000
progress phase=4.3 epoch=1/10 batch=425/4369 work=1.0% elapsed=108s ETA=10996s tile_loss=0.0000
progress phase=4.3 epoch=1/10 batch=450/4369 work=1.0% elapsed=114s ETA=10979s tile_loss=0.0000
progress phase=4.3 epoch=1/10 batch=475/4369 work=1.1% elapsed=120s ETA=10958s tile_loss=0.0000
progress phase=4.3 epoch=1/10 batch=500/4369 work=1.1% elapsed=127s ETA=10937s tile_loss=0.0000
progress phase=4.3 epoch=1/10 batch=525/4369 work=1.2% elapsed=133s ETA=10959s tile_loss=0.0000
progress phase=4.3 epoch=1/10 batch=550/4369 work=1.3% elapsed=140s ETA=10943s tile_loss=0.0000
progress phase=4.3 epoch=1/10 batch=575/4369 work=1.3% elapsed=146s ETA=10953s tile_loss=0.0000
progress phase=4.3 epoch=1/10 batch=600/4369 work=1.4% elapsed=152s ETA=10943s tile_loss=0.0000
progress phase=4.3 epoch=1/10 batch=625/4369 work=1.4% elapsed=159s ETA=10928s tile_loss=0.0000
progress phase=4.3 epoch=1/10 batch=650/4369 work=1.5% elapsed=165s ETA=10916s tile_loss=0.0000
progress phase=4.3 epoch=1/10 batch=675/4369 work=1.5% elapsed=171s ETA=10904s tile_loss=0.0000
progress phase=4.3 epoch=1/10 batch=700/4369 work=1.6% elapsed=178s ETA=10905s tile_loss=0.0000
progress phase=4.3 epoch=1/10 batch=725/4369 work=1.7% elapsed=184s ETA=10888s tile_loss=0.0000
progress phase=4.3 epoch=1/10 batch=750/4369 work=1.7% elapsed=190s ETA=10882s tile_loss=0.0000
progress phase=4.3 epoch=1/10 batch=775/4369 work=1.8% elapsed=196s ETA=10879s tile_loss=0.0000
progress phase=4.3 epoch=1/10 batch=800/4369 work=1.8% elapsed=203s ETA=10893s tile_loss=0.0000
progress phase=4.3 epoch=1/10 batch=825/4369 work=1.9% elapsed=209s ETA=10882s tile_loss=0.0000
progress phase=4.3 epoch=1/10 batch=850/4369 work=1.9% elapsed=216s ETA=10873s tile_loss=0.0000
progress phase=4.3 epoch=1/10 batch=875/4369 work=2.0% elapsed=222s ETA=10862s tile_loss=0.0000
progress phase=4.3 epoch=1/10 batch=900/4369 work=2.1% elapsed=229s ETA=10871s tile_loss=0.0000
progress phase=4.3 epoch=1/10 batch=925/4369 work=2.1% elapsed=235s ETA=10876s tile_loss=0.0000
progress phase=4.3 epoch=1/10 batch=950/4369 work=2.2% elapsed=241s ETA=10862s tile_loss=0.0000
progress phase=4.3 epoch=1/10 batch=975/4369 work=2.2% elapsed=248s ETA=10857s tile_loss=0.0000
progress phase=4.3 epoch=1/10 batch=1000/4369 work=2.3% elapsed=254s ETA=10862s tile_loss=0.0000
progress phase=4.3 epoch=1/10 batch=1025/4369 work=2.3% elapsed=261s ETA=10853s tile_loss=0.0000
progress phase=4.3 epoch=1/10 batch=1050/4369 work=2.4% elapsed=267s ETA=10844s tile_loss=0.0000
progress phase=4.3 epoch=1/10 batch=1075/4369 work=2.5% elapsed=273s ETA=10836s tile_loss=0.0000
progress phase=4.3 epoch=1/10 batch=1100/4369 work=2.5% elapsed=280s ETA=10839s tile_loss=0.0000
progress phase=4.3 epoch=1/10 batch=1125/4369 work=2.6% elapsed=286s ETA=10824s tile_loss=0.0000
progress phase=4.3 epoch=1/10 batch=1150/4369 work=2.6% elapsed=292s ETA=10810s tile_loss=0.0000
progress phase=4.3 epoch=1/10 batch=1175/4369 work=2.7% elapsed=299s ETA=10811s tile_loss=0.0000
progress phase=4.3 epoch=1/10 batch=1200/4369 work=2.7% elapsed=305s ETA=10814s tile_loss=0.0000
progress phase=4.3 epoch=1/10 batch=1225/4369 work=2.8% elapsed=312s ETA=10802s tile_loss=0.0000
progress phase=4.3 epoch=1/10 batch=1250/4369 work=2.9% elapsed=318s ETA=10790s tile_loss=0.0000
progress phase=4.3 epoch=1/10 batch=1275/4369 work=2.9% elapsed=324s ETA=10778s tile_loss=0.0000
progress phase=4.3 epoch=1/10 batch=1300/4369 work=3.0% elapsed=330s ETA=10766s tile_loss=0.0000
progress phase=4.3 epoch=1/10 batch=1325/4369 work=3.0% elapsed=336s ETA=10754s tile_loss=0.0000
progress phase=4.3 epoch=1/10 batch=1350/4369 work=3.1% elapsed=343s ETA=10745s tile_loss=0.0000
progress phase=4.3 epoch=1/10 batch=1375/4369 work=3.1% elapsed=350s ETA=10761s tile_loss=0.0000
progress phase=4.3 epoch=1/10 batch=1400/4369 work=3.2% elapsed=356s ETA=10749s tile_loss=0.0000
progress phase=4.3 epoch=1/10 batch=1425/4369 work=3.3% elapsed=362s ETA=10738s tile_loss=0.0000
progress phase=4.3 epoch=1/10 batch=1450/4369 work=3.3% elapsed=368s ETA=10726s tile_loss=0.0000
progress phase=4.3 epoch=1/10 batch=1475/4369 work=3.4% elapsed=374s ETA=10714s tile_loss=0.0000
progress phase=4.3 epoch=1/10 batch=1500/4369 work=3.4% elapsed=381s ETA=10704s tile_loss=0.0000
progress phase=4.3 epoch=1/10 batch=1525/4369 work=3.5% elapsed=387s ETA=10696s tile_loss=0.0000
progress phase=4.3 epoch=1/10 batch=1550/4369 work=3.5% elapsed=393s ETA=10695s tile_loss=0.0000
progress phase=4.3 epoch=1/10 batch=1575/4369 work=3.6% elapsed=400s ETA=10698s tile_loss=0.0000
progress phase=4.3 epoch=1/10 batch=1600/4369 work=3.7% elapsed=406s ETA=10688s tile_loss=0.0000
progress phase=4.3 epoch=1/10 batch=1625/4369 work=3.7% elapsed=412s ETA=10677s tile_loss=0.0000
progress phase=4.3 epoch=1/10 batch=1650/4369 work=3.8% elapsed=419s ETA=10677s tile_loss=0.0000
progress phase=4.3 epoch=1/10 batch=1675/4369 work=3.8% elapsed=425s ETA=10667s tile_loss=0.0000
progress phase=4.3 epoch=1/10 batch=1700/4369 work=3.9% elapsed=431s ETA=10657s tile_loss=0.0000
progress phase=4.3 epoch=1/10 batch=1725/4369 work=3.9% elapsed=438s ETA=10649s tile_loss=0.0000
progress phase=4.3 epoch=1/10 batch=1750/4369 work=4.0% elapsed=445s ETA=10658s tile_loss=0.0000
progress phase=4.3 epoch=1/10 batch=1775/4369 work=4.1% elapsed=451s ETA=10649s tile_loss=0.0000
progress phase=4.3 epoch=1/10 batch=1800/4369 work=4.1% elapsed=457s ETA=10640s tile_loss=0.0000
progress phase=4.3 epoch=1/10 batch=1825/4369 work=4.2% elapsed=463s ETA=10631s tile_loss=0.0000
progress phase=4.3 epoch=1/10 batch=1850/4369 work=4.2% elapsed=470s ETA=10622s tile_loss=0.0000
progress phase=4.3 epoch=1/10 batch=1875/4369 work=4.3% elapsed=476s ETA=10614s tile_loss=0.0000
progress phase=4.3 epoch=1/10 batch=1900/4369 work=4.3% elapsed=482s ETA=10608s tile_loss=0.0000
progress phase=4.3 epoch=1/10 batch=1925/4369 work=4.4% elapsed=489s ETA=10610s tile_loss=0.0000
progress phase=4.3 epoch=1/10 batch=1950/4369 work=4.5% elapsed=496s ETA=10610s tile_loss=0.0000
progress phase=4.3 epoch=1/10 batch=1975/4369 work=4.5% elapsed=502s ETA=10600s tile_loss=0.0000
progress phase=4.3 epoch=1/10 batch=2000/4369 work=4.6% elapsed=508s ETA=10590s tile_loss=0.0000
progress phase=4.3 epoch=1/10 batch=2025/4369 work=4.6% elapsed=514s ETA=10580s tile_loss=0.0000
progress phase=4.3 epoch=1/10 batch=2050/4369 work=4.7% elapsed=520s ETA=10571s tile_loss=0.0000
progress phase=4.3 epoch=1/10 batch=2075/4369 work=4.7% elapsed=527s ETA=10567s tile_loss=0.0000
progress phase=4.3 epoch=1/10 batch=2100/4369 work=4.8% elapsed=534s ETA=10577s tile_loss=0.0000
progress phase=4.3 epoch=1/10 batch=2125/4369 work=4.9% elapsed=540s ETA=10568s tile_loss=0.0000
progress phase=4.3 epoch=1/10 batch=2150/4369 work=4.9% elapsed=546s ETA=10558s tile_loss=0.0000
progress phase=4.3 epoch=1/10 batch=2175/4369 work=5.0% elapsed=553s ETA=10549s tile_loss=0.0000
progress phase=4.3 epoch=1/10 batch=2200/4369 work=5.0% elapsed=559s ETA=10540s tile_loss=0.0000
progress phase=4.3 epoch=1/10 batch=2225/4369 work=5.1% elapsed=565s ETA=10534s tile_loss=0.0000
progress phase=4.3 epoch=1/10 batch=2250/4369 work=5.1% elapsed=572s ETA=10530s tile_loss=0.0000
progress phase=4.3 epoch=1/10 batch=2275/4369 work=5.2% elapsed=579s ETA=10532s tile_loss=0.0000
progress phase=4.3 epoch=1/10 batch=2300/4369 work=5.3% elapsed=585s ETA=10522s tile_loss=0.0000
progress phase=4.3 epoch=1/10 batch=2325/4369 work=5.3% elapsed=591s ETA=10513s tile_loss=0.0000
progress phase=4.3 epoch=1/10 batch=2350/4369 work=5.4% elapsed=597s ETA=10504s tile_loss=0.0000
progress phase=4.3 epoch=1/10 batch=2375/4369 work=5.4% elapsed=604s ETA=10501s tile_loss=0.0000
progress phase=4.3 epoch=1/10 batch=2400/4369 work=5.5% elapsed=610s ETA=10495s tile_loss=0.0000
progress phase=4.3 epoch=1/10 batch=2425/4369 work=5.6% elapsed=617s ETA=10496s tile_loss=0.0000
progress phase=4.3 epoch=1/10 batch=2450/4369 work=5.6% elapsed=624s ETA=10503s tile_loss=0.0000
progress phase=4.3 epoch=1/10 batch=2475/4369 work=5.7% elapsed=630s ETA=10493s tile_loss=0.0000
progress phase=4.3 epoch=1/10 batch=2500/4369 work=5.7% elapsed=636s ETA=10484s tile_loss=0.0000
progress phase=4.3 epoch=1/10 batch=2525/4369 work=5.8% elapsed=642s ETA=10474s tile_loss=0.0000
progress phase=4.3 epoch=1/10 batch=2550/4369 work=5.8% elapsed=649s ETA=10465s tile_loss=0.0000
progress phase=4.3 epoch=1/10 batch=2575/4369 work=5.9% elapsed=655s ETA=10456s tile_loss=0.0000
progress phase=4.3 epoch=1/10 batch=2600/4369 work=6.0% elapsed=662s ETA=10456s tile_loss=0.0000
progress phase=4.3 epoch=1/10 batch=2625/4369 work=6.0% elapsed=669s ETA=10460s tile_loss=0.0000
progress phase=4.3 epoch=1/10 batch=2650/4369 work=6.1% elapsed=675s ETA=10454s tile_loss=0.0000
progress phase=4.3 epoch=1/10 batch=2675/4369 work=6.1% elapsed=681s ETA=10445s tile_loss=0.0000
progress phase=4.3 epoch=1/10 batch=2700/4369 work=6.2% elapsed=687s ETA=10436s tile_loss=0.0000
progress phase=4.3 epoch=1/10 batch=2725/4369 work=6.2% elapsed=694s ETA=10427s tile_loss=0.0000
progress phase=4.3 epoch=1/10 batch=2750/4369 work=6.3% elapsed=700s ETA=10418s tile_loss=0.0000
progress phase=4.3 epoch=1/10 batch=2775/4369 work=6.4% elapsed=706s ETA=10410s tile_loss=0.0000
progress phase=4.3 epoch=1/10 batch=2800/4369 work=6.4% elapsed=713s ETA=10409s tile_loss=0.0000
progress phase=4.3 epoch=1/10 batch=2825/4369 work=6.5% elapsed=719s ETA=10405s tile_loss=0.0000
progress phase=4.3 epoch=1/10 batch=2850/4369 work=6.5% elapsed=725s ETA=10396s tile_loss=0.0000
progress phase=4.3 epoch=1/10 batch=2875/4369 work=6.6% elapsed=732s ETA=10388s tile_loss=0.0000
progress phase=4.3 epoch=1/10 batch=2900/4369 work=6.6% elapsed=738s ETA=10378s tile_loss=0.0000
progress phase=4.3 epoch=1/10 batch=2925/4369 work=6.7% elapsed=744s ETA=10371s tile_loss=0.0000
progress phase=4.3 epoch=1/10 batch=2950/4369 work=6.8% elapsed=751s ETA=10368s tile_loss=0.0000
progress phase=4.3 epoch=1/10 batch=2975/4369 work=6.8% elapsed=758s ETA=10375s tile_loss=0.0000
progress phase=4.3 epoch=1/10 batch=3000/4369 work=6.9% elapsed=765s ETA=10377s tile_loss=0.0000
progress phase=4.3 epoch=1/10 batch=3025/4369 work=6.9% elapsed=771s ETA=10368s tile_loss=0.0000
progress phase=4.3 epoch=1/10 batch=3050/4369 work=7.0% elapsed=777s ETA=10359s tile_loss=0.0000
progress phase=4.3 epoch=1/10 batch=3075/4369 work=7.0% elapsed=784s ETA=10350s tile_loss=0.0000
progress phase=4.3 epoch=1/10 batch=3100/4369 work=7.1% elapsed=790s ETA=10347s tile_loss=0.0000
progress phase=4.3 epoch=1/10 batch=3125/4369 work=7.2% elapsed=797s ETA=10349s tile_loss=0.0000
progress phase=4.3 epoch=1/10 batch=3150/4369 work=7.2% elapsed=805s ETA=10357s tile_loss=0.0000
progress phase=4.3 epoch=1/10 batch=3175/4369 work=7.3% elapsed=811s ETA=10348s tile_loss=0.0000
progress phase=4.3 epoch=1/10 batch=3200/4369 work=7.3% elapsed=817s ETA=10339s tile_loss=0.0000
progress phase=4.3 epoch=1/10 batch=3225/4369 work=7.4% elapsed=823s ETA=10330s tile_loss=0.0000
progress phase=4.3 epoch=1/10 batch=3250/4369 work=7.4% elapsed=829s ETA=10321s tile_loss=0.0000
progress phase=4.3 epoch=1/10 batch=3275/4369 work=7.5% elapsed=836s ETA=10314s tile_loss=0.0000
progress phase=4.3 epoch=1/10 batch=3300/4369 work=7.6% elapsed=843s ETA=10315s tile_loss=0.0000
progress phase=4.3 epoch=1/10 batch=3325/4369 work=7.6% elapsed=849s ETA=10311s tile_loss=0.0000
progress phase=4.3 epoch=1/10 batch=3350/4369 work=7.7% elapsed=856s ETA=10303s tile_loss=0.0000
progress phase=4.3 epoch=1/10 batch=3375/4369 work=7.7% elapsed=862s ETA=10294s tile_loss=0.0000
progress phase=4.3 epoch=1/10 batch=3400/4369 work=7.8% elapsed=868s ETA=10290s tile_loss=0.0000
progress phase=4.3 epoch=1/10 batch=3425/4369 work=7.8% elapsed=875s ETA=10290s tile_loss=0.0000
progress phase=4.3 epoch=1/10 batch=3450/4369 work=7.9% elapsed=882s ETA=10285s tile_loss=0.0000
progress phase=4.3 epoch=1/10 batch=3475/4369 work=8.0% elapsed=888s ETA=10281s tile_loss=0.0000
progress phase=4.3 epoch=1/10 batch=3500/4369 work=8.0% elapsed=895s ETA=10273s tile_loss=0.0000
progress phase=4.3 epoch=1/10 batch=3525/4369 work=8.1% elapsed=901s ETA=10264s tile_loss=0.0000
progress phase=4.3 epoch=1/10 batch=3550/4369 work=8.1% elapsed=907s ETA=10261s tile_loss=0.0000
progress phase=4.3 epoch=1/10 batch=3575/4369 work=8.2% elapsed=914s ETA=10252s tile_loss=0.0000
progress phase=4.3 epoch=1/10 batch=3600/4369 work=8.2% elapsed=920s ETA=10245s tile_loss=0.0000
progress phase=4.3 epoch=1/10 batch=3625/4369 work=8.3% elapsed=927s ETA=10241s tile_loss=0.0000
progress phase=4.3 epoch=1/10 batch=3650/4369 work=8.4% elapsed=933s ETA=10232s tile_loss=0.0000
progress phase=4.3 epoch=1/10 batch=3675/4369 work=8.4% elapsed=939s ETA=10223s tile_loss=0.0000
progress phase=4.3 epoch=1/10 batch=3700/4369 work=8.5% elapsed=945s ETA=10214s tile_loss=0.0000
progress phase=4.3 epoch=1/10 batch=3725/4369 work=8.5% elapsed=952s ETA=10212s tile_loss=0.0000
progress phase=4.3 epoch=1/10 batch=3750/4369 work=8.6% elapsed=958s ETA=10207s tile_loss=0.0000
progress phase=4.3 epoch=1/10 batch=3775/4369 work=8.6% elapsed=965s ETA=10198s tile_loss=0.0000
progress phase=4.3 epoch=1/10 batch=3800/4369 work=8.7% elapsed=971s ETA=10190s tile_loss=0.0000
progress phase=4.3 epoch=1/10 batch=3825/4369 work=8.8% elapsed=978s ETA=10188s tile_loss=0.0000
progress phase=4.3 epoch=1/10 batch=3850/4369 work=8.8% elapsed=984s ETA=10186s tile_loss=0.0000
progress phase=4.3 epoch=1/10 batch=3875/4369 work=8.9% elapsed=991s ETA=10178s tile_loss=0.0000
progress phase=4.3 epoch=1/10 batch=3900/4369 work=8.9% elapsed=997s ETA=10170s tile_loss=0.0000
progress phase=4.3 epoch=1/10 batch=3925/4369 work=9.0% elapsed=1003s ETA=10161s tile_loss=0.0000
progress phase=4.3 epoch=1/10 batch=3950/4369 work=9.0% elapsed=1009s ETA=10154s tile_loss=0.0000
progress phase=4.3 epoch=1/10 batch=3975/4369 work=9.1% elapsed=1016s ETA=10155s tile_loss=0.0000
progress phase=4.3 epoch=1/10 batch=4000/4369 work=9.2% elapsed=1023s ETA=10147s tile_loss=0.0000
progress phase=4.3 epoch=1/10 batch=4025/4369 work=9.2% elapsed=1029s ETA=10140s tile_loss=0.0000
progress phase=4.3 epoch=1/10 batch=4050/4369 work=9.3% elapsed=1035s ETA=10131s tile_loss=0.0000
progress phase=4.3 epoch=1/10 batch=4075/4369 work=9.3% elapsed=1041s ETA=10123s tile_loss=0.0000
progress phase=4.3 epoch=1/10 batch=4100/4369 work=9.4% elapsed=1048s ETA=10115s tile_loss=0.0000
progress phase=4.3 epoch=1/10 batch=4125/4369 work=9.4% elapsed=1055s ETA=10115s tile_loss=0.0000
progress phase=4.3 epoch=1/10 batch=4150/4369 work=9.5% elapsed=1061s ETA=10107s tile_loss=0.0000
progress phase=4.3 epoch=1/10 batch=4175/4369 work=9.6% elapsed=1067s ETA=10099s tile_loss=0.0000
progress phase=4.3 epoch=1/10 batch=4200/4369 work=9.6% elapsed=1073s ETA=10090s tile_loss=0.0000
progress phase=4.3 epoch=1/10 batch=4225/4369 work=9.7% elapsed=1079s ETA=10082s tile_loss=0.0000
progress phase=4.3 epoch=1/10 batch=4250/4369 work=9.7% elapsed=1086s ETA=10074s tile_loss=0.0000
progress phase=4.3 epoch=1/10 batch=4275/4369 work=9.8% elapsed=1092s ETA=10067s tile_loss=0.0000
progress phase=4.3 epoch=1/10 batch=4300/4369 work=9.8% elapsed=1099s ETA=10066s tile_loss=0.0000
progress phase=4.3 epoch=1/10 batch=4325/4369 work=9.9% elapsed=1105s ETA=10058s tile_loss=0.0000
progress phase=4.3 epoch=1/10 batch=4350/4369 work=10.0% elapsed=1111s ETA=10049s tile_loss=0.0000
progress phase=4.3 epoch=1/10 batch=4369/4369 work=10.0% elapsed=1116s ETA=10044s tile_loss=0.0000
epoch 01  train_loss=3.5360  val_slot@1=0.513  val_zone=0.408  val_tile=0.033  val_loss=3.6320
progress phase=4.3 epoch=2/10 batch=1/4369 work=10.0% elapsed=1128s ETA=10148s tile_loss=0.0000
progress phase=4.3 epoch=2/10 batch=25/4369 work=10.1% elapsed=1134s ETA=10139s tile_loss=0.0000
progress phase=4.3 epoch=2/10 batch=50/4369 work=10.1% elapsed=1140s ETA=10130s tile_loss=0.0000
progress phase=4.3 epoch=2/10 batch=75/4369 work=10.2% elapsed=1146s ETA=10121s tile_loss=0.0000
progress phase=4.3 epoch=2/10 batch=100/4369 work=10.2% elapsed=1152s ETA=10113s tile_loss=0.0000
progress phase=4.3 epoch=2/10 batch=125/4369 work=10.3% elapsed=1159s ETA=10112s tile_loss=0.0000
progress phase=4.3 epoch=2/10 batch=150/4369 work=10.3% elapsed=1166s ETA=10105s tile_loss=0.0000
progress phase=4.3 epoch=2/10 batch=175/4369 work=10.4% elapsed=1172s ETA=10096s tile_loss=0.0000
progress phase=4.3 epoch=2/10 batch=200/4369 work=10.5% elapsed=1178s ETA=10088s tile_loss=0.0000
progress phase=4.3 epoch=2/10 batch=225/4369 work=10.5% elapsed=1184s ETA=10079s tile_loss=0.0000
progress phase=4.3 epoch=2/10 batch=250/4369 work=10.6% elapsed=1191s ETA=10072s tile_loss=0.0000
progress phase=4.3 epoch=2/10 batch=275/4369 work=10.6% elapsed=1198s ETA=10068s tile_loss=0.0000
progress phase=4.3 epoch=2/10 batch=300/4369 work=10.7% elapsed=1204s ETA=10060s tile_loss=0.0000
progress phase=4.3 epoch=2/10 batch=325/4369 work=10.7% elapsed=1210s ETA=10052s tile_loss=0.0000
progress phase=4.3 epoch=2/10 batch=350/4369 work=10.8% elapsed=1216s ETA=10045s tile_loss=0.0000
progress phase=4.3 epoch=2/10 batch=375/4369 work=10.9% elapsed=1223s ETA=10039s tile_loss=0.0000
progress phase=4.3 epoch=2/10 batch=400/4369 work=10.9% elapsed=1230s ETA=10035s tile_loss=0.0000
progress phase=4.3 epoch=2/10 batch=425/4369 work=11.0% elapsed=1236s ETA=10026s tile_loss=0.0000
progress phase=4.3 epoch=2/10 batch=450/4369 work=11.0% elapsed=1242s ETA=10018s tile_loss=0.0000
progress phase=4.3 epoch=2/10 batch=475/4369 work=11.1% elapsed=1248s ETA=10010s tile_loss=0.0000
progress phase=4.3 epoch=2/10 batch=500/4369 work=11.1% elapsed=1255s ETA=10005s tile_loss=0.0000
progress phase=4.3 epoch=2/10 batch=525/4369 work=11.2% elapsed=1261s ETA=9999s tile_loss=0.0000
progress phase=4.3 epoch=2/10 batch=550/4369 work=11.3% elapsed=1268s ETA=9992s tile_loss=0.0000
progress phase=4.3 epoch=2/10 batch=575/4369 work=11.3% elapsed=1274s ETA=9984s tile_loss=0.0000
progress phase=4.3 epoch=2/10 batch=600/4369 work=11.4% elapsed=1280s ETA=9976s tile_loss=0.0000
progress phase=4.3 epoch=2/10 batch=625/4369 work=11.4% elapsed=1287s ETA=9970s tile_loss=0.0000
progress phase=4.3 epoch=2/10 batch=650/4369 work=11.5% elapsed=1293s ETA=9966s tile_loss=0.0000
progress phase=4.3 epoch=2/10 batch=675/4369 work=11.5% elapsed=1300s ETA=9957s tile_loss=0.0000
progress phase=4.3 epoch=2/10 batch=700/4369 work=11.6% elapsed=1306s ETA=9949s tile_loss=0.0000
progress phase=4.3 epoch=2/10 batch=725/4369 work=11.7% elapsed=1312s ETA=9944s tile_loss=0.0000
progress phase=4.3 epoch=2/10 batch=750/4369 work=11.7% elapsed=1319s ETA=9935s tile_loss=0.0000
progress phase=4.3 epoch=2/10 batch=775/4369 work=11.8% elapsed=1325s ETA=9931s tile_loss=0.0000
progress phase=4.3 epoch=2/10 batch=800/4369 work=11.8% elapsed=1331s ETA=9922s tile_loss=0.0000
progress phase=4.3 epoch=2/10 batch=825/4369 work=11.9% elapsed=1338s ETA=9915s tile_loss=0.0000
progress phase=4.3 epoch=2/10 batch=850/4369 work=11.9% elapsed=1345s ETA=9913s tile_loss=0.0000
progress phase=4.3 epoch=2/10 batch=875/4369 work=12.0% elapsed=1351s ETA=9905s tile_loss=0.0000
progress phase=4.3 epoch=2/10 batch=900/4369 work=12.1% elapsed=1358s ETA=9901s tile_loss=0.0000
progress phase=4.3 epoch=2/10 batch=925/4369 work=12.1% elapsed=1364s ETA=9892s tile_loss=0.0000
progress phase=4.3 epoch=2/10 batch=950/4369 work=12.2% elapsed=1370s ETA=9884s tile_loss=0.0000
progress phase=4.3 epoch=2/10 batch=975/4369 work=12.2% elapsed=1376s ETA=9876s tile_loss=0.0000
progress phase=4.3 epoch=2/10 batch=1000/4369 work=12.3% elapsed=1383s ETA=9868s tile_loss=0.0000
progress phase=4.3 epoch=2/10 batch=1025/4369 work=12.3% elapsed=1389s ETA=9860s tile_loss=0.0000
progress phase=4.3 epoch=2/10 batch=1050/4369 work=12.4% elapsed=1395s ETA=9852s tile_loss=0.0000
progress phase=4.3 epoch=2/10 batch=1075/4369 work=12.5% elapsed=1401s ETA=9844s tile_loss=0.0000
progress phase=4.3 epoch=2/10 batch=1100/4369 work=12.5% elapsed=1407s ETA=9835s tile_loss=0.0000
progress phase=4.3 epoch=2/10 batch=1125/4369 work=12.6% elapsed=1413s ETA=9827s tile_loss=0.0000
progress phase=4.3 epoch=2/10 batch=1150/4369 work=12.6% elapsed=1420s ETA=9819s tile_loss=0.0000
progress phase=4.3 epoch=2/10 batch=1175/4369 work=12.7% elapsed=1426s ETA=9810s tile_loss=0.0000
progress phase=4.3 epoch=2/10 batch=1200/4369 work=12.7% elapsed=1432s ETA=9802s tile_loss=0.0000
progress phase=4.3 epoch=2/10 batch=1225/4369 work=12.8% elapsed=1438s ETA=9794s tile_loss=0.0000
progress phase=4.3 epoch=2/10 batch=1250/4369 work=12.9% elapsed=1444s ETA=9786s tile_loss=0.0000
progress phase=4.3 epoch=2/10 batch=1275/4369 work=12.9% elapsed=1451s ETA=9779s tile_loss=0.0000
progress phase=4.3 epoch=2/10 batch=1300/4369 work=13.0% elapsed=1457s ETA=9772s tile_loss=0.0000
progress phase=4.3 epoch=2/10 batch=1325/4369 work=13.0% elapsed=1463s ETA=9765s tile_loss=0.0000
progress phase=4.3 epoch=2/10 batch=1350/4369 work=13.1% elapsed=1470s ETA=9757s tile_loss=0.0000
progress phase=4.3 epoch=2/10 batch=1375/4369 work=13.1% elapsed=1476s ETA=9749s tile_loss=0.0000
progress phase=4.3 epoch=2/10 batch=1400/4369 work=13.2% elapsed=1482s ETA=9741s tile_loss=0.0000
progress phase=4.3 epoch=2/10 batch=1425/4369 work=13.3% elapsed=1489s ETA=9736s tile_loss=0.0000
progress phase=4.3 epoch=2/10 batch=1450/4369 work=13.3% elapsed=1495s ETA=9728s tile_loss=0.0000
progress phase=4.3 epoch=2/10 batch=1475/4369 work=13.4% elapsed=1501s ETA=9720s tile_loss=0.0000
progress phase=4.3 epoch=2/10 batch=1500/4369 work=13.4% elapsed=1507s ETA=9712s tile_loss=0.0000
progress phase=4.3 epoch=2/10 batch=1525/4369 work=13.5% elapsed=1513s ETA=9705s tile_loss=0.0000
progress phase=4.3 epoch=2/10 batch=1550/4369 work=13.5% elapsed=1520s ETA=9698s tile_loss=0.0000
progress phase=4.3 epoch=2/10 batch=1575/4369 work=13.6% elapsed=1527s ETA=9695s tile_loss=0.0000
progress phase=4.3 epoch=2/10 batch=1600/4369 work=13.7% elapsed=1533s ETA=9687s tile_loss=0.0000
progress phase=4.3 epoch=2/10 batch=1625/4369 work=13.7% elapsed=1539s ETA=9680s tile_loss=0.0000
progress phase=4.3 epoch=2/10 batch=1650/4369 work=13.8% elapsed=1545s ETA=9672s tile_loss=0.0000
progress phase=4.3 epoch=2/10 batch=1675/4369 work=13.8% elapsed=1552s ETA=9664s tile_loss=0.0000
progress phase=4.3 epoch=2/10 batch=1700/4369 work=13.9% elapsed=1558s ETA=9658s tile_loss=0.0000
progress phase=4.3 epoch=2/10 batch=1725/4369 work=13.9% elapsed=1565s ETA=9653s tile_loss=0.0000
progress phase=4.3 epoch=2/10 batch=1750/4369 work=14.0% elapsed=1571s ETA=9646s tile_loss=0.0000
progress phase=4.3 epoch=2/10 batch=1775/4369 work=14.1% elapsed=1577s ETA=9639s tile_loss=0.0000
progress phase=4.3 epoch=2/10 batch=1800/4369 work=14.1% elapsed=1583s ETA=9631s tile_loss=0.0000
progress phase=4.3 epoch=2/10 batch=1825/4369 work=14.2% elapsed=1590s ETA=9623s tile_loss=0.0000
progress phase=4.3 epoch=2/10 batch=1850/4369 work=14.2% elapsed=1596s ETA=9618s tile_loss=0.0000
progress phase=4.3 epoch=2/10 batch=1875/4369 work=14.3% elapsed=1603s ETA=9611s tile_loss=0.0000
progress phase=4.3 epoch=2/10 batch=1900/4369 work=14.3% elapsed=1609s ETA=9606s tile_loss=0.0000
progress phase=4.3 epoch=2/10 batch=1925/4369 work=14.4% elapsed=1615s ETA=9598s tile_loss=0.0000
progress phase=4.3 epoch=2/10 batch=1950/4369 work=14.5% elapsed=1622s ETA=9590s tile_loss=0.0000
progress phase=4.3 epoch=2/10 batch=1975/4369 work=14.5% elapsed=1628s ETA=9582s tile_loss=0.0000
progress phase=4.3 epoch=2/10 batch=2000/4369 work=14.6% elapsed=1634s ETA=9575s tile_loss=0.0000
progress phase=4.3 epoch=2/10 batch=2025/4369 work=14.6% elapsed=1640s ETA=9567s tile_loss=0.0000
progress phase=4.3 epoch=2/10 batch=2050/4369 work=14.7% elapsed=1647s ETA=9561s tile_loss=0.0000
progress phase=4.3 epoch=2/10 batch=2075/4369 work=14.7% elapsed=1653s ETA=9554s tile_loss=0.0000
progress phase=4.3 epoch=2/10 batch=2100/4369 work=14.8% elapsed=1659s ETA=9547s tile_loss=0.0000
progress phase=4.3 epoch=2/10 batch=2125/4369 work=14.9% elapsed=1666s ETA=9541s tile_loss=0.0000
progress phase=4.3 epoch=2/10 batch=2150/4369 work=14.9% elapsed=1672s ETA=9534s tile_loss=0.0000
progress phase=4.3 epoch=2/10 batch=2175/4369 work=15.0% elapsed=1678s ETA=9526s tile_loss=0.0000
progress phase=4.3 epoch=2/10 batch=2200/4369 work=15.0% elapsed=1684s ETA=9518s tile_loss=0.0000
progress phase=4.3 epoch=2/10 batch=2225/4369 work=15.1% elapsed=1691s ETA=9510s tile_loss=0.0000
progress phase=4.3 epoch=2/10 batch=2250/4369 work=15.1% elapsed=1697s ETA=9503s tile_loss=0.0000
progress phase=4.3 epoch=2/10 batch=2275/4369 work=15.2% elapsed=1703s ETA=9498s tile_loss=0.0000
progress phase=4.3 epoch=2/10 batch=2300/4369 work=15.3% elapsed=1710s ETA=9493s tile_loss=0.0000
progress phase=4.3 epoch=2/10 batch=2325/4369 work=15.3% elapsed=1716s ETA=9485s tile_loss=0.0000
progress phase=4.3 epoch=2/10 batch=2350/4369 work=15.4% elapsed=1722s ETA=9478s tile_loss=0.0000
progress phase=4.3 epoch=2/10 batch=2375/4369 work=15.4% elapsed=1729s ETA=9472s tile_loss=0.0000
progress phase=4.3 epoch=2/10 batch=2400/4369 work=15.5% elapsed=1735s ETA=9464s tile_loss=0.0000
progress phase=4.3 epoch=2/10 batch=2425/4369 work=15.6% elapsed=1741s ETA=9457s tile_loss=0.0000
progress phase=4.3 epoch=2/10 batch=2450/4369 work=15.6% elapsed=1748s ETA=9449s tile_loss=0.0000
progress phase=4.3 epoch=2/10 batch=2475/4369 work=15.7% elapsed=1754s ETA=9444s tile_loss=0.0000
progress phase=4.3 epoch=2/10 batch=2500/4369 work=15.7% elapsed=1760s ETA=9437s tile_loss=0.0000
progress phase=4.3 epoch=2/10 batch=2525/4369 work=15.8% elapsed=1767s ETA=9429s tile_loss=0.0000
progress phase=4.3 epoch=2/10 batch=2550/4369 work=15.8% elapsed=1773s ETA=9422s tile_loss=0.0000
progress phase=4.3 epoch=2/10 batch=2575/4369 work=15.9% elapsed=1779s ETA=9416s tile_loss=0.0000
progress phase=4.3 epoch=2/10 batch=2600/4369 work=16.0% elapsed=1786s ETA=9409s tile_loss=0.0000
progress phase=4.3 epoch=2/10 batch=2625/4369 work=16.0% elapsed=1792s ETA=9402s tile_loss=0.0000
progress phase=4.3 epoch=2/10 batch=2650/4369 work=16.1% elapsed=1798s ETA=9394s tile_loss=0.0000
progress phase=4.3 epoch=2/10 batch=2675/4369 work=16.1% elapsed=1804s ETA=9386s tile_loss=0.0000
progress phase=4.3 epoch=2/10 batch=2700/4369 work=16.2% elapsed=1811s ETA=9381s tile_loss=0.0000
progress phase=4.3 epoch=2/10 batch=2725/4369 work=16.2% elapsed=1817s ETA=9374s tile_loss=0.0000
progress phase=4.3 epoch=2/10 batch=2750/4369 work=16.3% elapsed=1823s ETA=9366s tile_loss=0.0000
progress phase=4.3 epoch=2/10 batch=2775/4369 work=16.4% elapsed=1830s ETA=9359s tile_loss=0.0000
progress phase=4.3 epoch=2/10 batch=2800/4369 work=16.4% elapsed=1836s ETA=9354s tile_loss=0.0000
progress phase=4.3 epoch=2/10 batch=2825/4369 work=16.5% elapsed=1842s ETA=9347s tile_loss=0.0000
progress phase=4.3 epoch=2/10 batch=2850/4369 work=16.5% elapsed=1849s ETA=9339s tile_loss=0.0000
progress phase=4.3 epoch=2/10 batch=2875/4369 work=16.6% elapsed=1855s ETA=9332s tile_loss=0.0000
progress phase=4.3 epoch=2/10 batch=2900/4369 work=16.6% elapsed=1861s ETA=9326s tile_loss=0.0000
progress phase=4.3 epoch=2/10 batch=2925/4369 work=16.7% elapsed=1868s ETA=9319s tile_loss=0.0000
progress phase=4.3 epoch=2/10 batch=2950/4369 work=16.8% elapsed=1874s ETA=9311s tile_loss=0.0000
progress phase=4.3 epoch=2/10 batch=2975/4369 work=16.8% elapsed=1880s ETA=9304s tile_loss=0.0000
progress phase=4.3 epoch=2/10 batch=3000/4369 work=16.9% elapsed=1886s ETA=9297s tile_loss=0.0000
progress phase=4.3 epoch=2/10 batch=3025/4369 work=16.9% elapsed=1893s ETA=9293s tile_loss=0.0000
progress phase=4.3 epoch=2/10 batch=3050/4369 work=17.0% elapsed=1900s ETA=9287s tile_loss=0.0000
progress phase=4.3 epoch=2/10 batch=3075/4369 work=17.0% elapsed=1906s ETA=9280s tile_loss=0.0000
progress phase=4.3 epoch=2/10 batch=3100/4369 work=17.1% elapsed=1913s ETA=9277s tile_loss=0.0000
progress phase=4.3 epoch=2/10 batch=3125/4369 work=17.2% elapsed=1919s ETA=9270s tile_loss=0.0000
progress phase=4.3 epoch=2/10 batch=3150/4369 work=17.2% elapsed=1925s ETA=9263s tile_loss=0.0000
progress phase=4.3 epoch=2/10 batch=3175/4369 work=17.3% elapsed=1932s ETA=9256s tile_loss=0.0000
progress phase=4.3 epoch=2/10 batch=3200/4369 work=17.3% elapsed=1938s ETA=9250s tile_loss=0.0000
progress phase=4.3 epoch=2/10 batch=3225/4369 work=17.4% elapsed=1945s ETA=9243s tile_loss=0.0000
progress phase=4.3 epoch=2/10 batch=3250/4369 work=17.4% elapsed=1951s ETA=9236s tile_loss=0.0000
progress phase=4.3 epoch=2/10 batch=3275/4369 work=17.5% elapsed=1957s ETA=9229s tile_loss=0.0000
progress phase=4.3 epoch=2/10 batch=3300/4369 work=17.6% elapsed=1964s ETA=9226s tile_loss=0.0000
progress phase=4.3 epoch=2/10 batch=3325/4369 work=17.6% elapsed=1970s ETA=9219s tile_loss=0.0000
progress phase=4.3 epoch=2/10 batch=3350/4369 work=17.7% elapsed=1977s ETA=9212s tile_loss=0.0000
progress phase=4.3 epoch=2/10 batch=3375/4369 work=17.7% elapsed=1983s ETA=9204s tile_loss=0.0000
progress phase=4.3 epoch=2/10 batch=3400/4369 work=17.8% elapsed=1989s ETA=9197s tile_loss=0.0000
progress phase=4.3 epoch=2/10 batch=3425/4369 work=17.8% elapsed=1995s ETA=9189s tile_loss=0.0000
progress phase=4.3 epoch=2/10 batch=3450/4369 work=17.9% elapsed=2001s ETA=9182s tile_loss=0.0000
progress phase=4.3 epoch=2/10 batch=3475/4369 work=18.0% elapsed=2008s ETA=9176s tile_loss=0.0000
progress phase=4.3 epoch=2/10 batch=3500/4369 work=18.0% elapsed=2015s ETA=9173s tile_loss=0.0000
progress phase=4.3 epoch=2/10 batch=3525/4369 work=18.1% elapsed=2021s ETA=9165s tile_loss=0.0000
progress phase=4.3 epoch=2/10 batch=3550/4369 work=18.1% elapsed=2027s ETA=9158s tile_loss=0.0000
progress phase=4.3 epoch=2/10 batch=3575/4369 work=18.2% elapsed=2034s ETA=9151s tile_loss=0.0000
progress phase=4.3 epoch=2/10 batch=3600/4369 work=18.2% elapsed=2040s ETA=9144s tile_loss=0.0000
progress phase=4.3 epoch=2/10 batch=3625/4369 work=18.3% elapsed=2046s ETA=9136s tile_loss=0.0000
progress phase=4.3 epoch=2/10 batch=3650/4369 work=18.4% elapsed=2052s ETA=9129s tile_loss=0.0000
progress phase=4.3 epoch=2/10 batch=3675/4369 work=18.4% elapsed=2059s ETA=9124s tile_loss=0.0000
progress phase=4.3 epoch=2/10 batch=3700/4369 work=18.5% elapsed=2066s ETA=9119s tile_loss=0.0000
progress phase=4.3 epoch=2/10 batch=3725/4369 work=18.5% elapsed=2072s ETA=9112s tile_loss=0.0000
progress phase=4.3 epoch=2/10 batch=3750/4369 work=18.6% elapsed=2078s ETA=9106s tile_loss=0.0000
progress phase=4.3 epoch=2/10 batch=3775/4369 work=18.6% elapsed=2085s ETA=9099s tile_loss=0.0000
progress phase=4.3 epoch=2/10 batch=3800/4369 work=18.7% elapsed=2091s ETA=9092s tile_loss=0.0000
progress phase=4.3 epoch=2/10 batch=3825/4369 work=18.8% elapsed=2097s ETA=9085s tile_loss=0.0000
progress phase=4.3 epoch=2/10 batch=3850/4369 work=18.8% elapsed=2104s ETA=9078s tile_loss=0.0000
progress phase=4.3 epoch=2/10 batch=3875/4369 work=18.9% elapsed=2110s ETA=9071s tile_loss=0.0000
progress phase=4.3 epoch=2/10 batch=3900/4369 work=18.9% elapsed=2117s ETA=9068s tile_loss=0.0000
progress phase=4.3 epoch=2/10 batch=3925/4369 work=19.0% elapsed=2123s ETA=9060s tile_loss=0.0000
progress phase=4.3 epoch=2/10 batch=3950/4369 work=19.0% elapsed=2129s ETA=9053s tile_loss=0.0000
progress phase=4.3 epoch=2/10 batch=3975/4369 work=19.1% elapsed=2135s ETA=9046s tile_loss=0.0000
progress phase=4.3 epoch=2/10 batch=4000/4369 work=19.2% elapsed=2142s ETA=9039s tile_loss=0.0000
progress phase=4.3 epoch=2/10 batch=4025/4369 work=19.2% elapsed=2148s ETA=9031s tile_loss=0.0000
progress phase=4.3 epoch=2/10 batch=4050/4369 work=19.3% elapsed=2154s ETA=9024s tile_loss=0.0000
progress phase=4.3 epoch=2/10 batch=4075/4369 work=19.3% elapsed=2160s ETA=9017s tile_loss=0.0000
progress phase=4.3 epoch=2/10 batch=4100/4369 work=19.4% elapsed=2167s ETA=9012s tile_loss=0.0000
progress phase=4.3 epoch=2/10 batch=4125/4369 work=19.4% elapsed=2174s ETA=9007s tile_loss=0.0000
progress phase=4.3 epoch=2/10 batch=4150/4369 work=19.5% elapsed=2180s ETA=8999s tile_loss=0.0000
progress phase=4.3 epoch=2/10 batch=4175/4369 work=19.6% elapsed=2186s ETA=8992s tile_loss=0.0000
progress phase=4.3 epoch=2/10 batch=4200/4369 work=19.6% elapsed=2193s ETA=8987s tile_loss=0.0000
progress phase=4.3 epoch=2/10 batch=4225/4369 work=19.7% elapsed=2199s ETA=8979s tile_loss=0.0000
progress phase=4.3 epoch=2/10 batch=4250/4369 work=19.7% elapsed=2205s ETA=8972s tile_loss=0.0000
progress phase=4.3 epoch=2/10 batch=4275/4369 work=19.8% elapsed=2211s ETA=8965s tile_loss=0.0000
progress phase=4.3 epoch=2/10 batch=4300/4369 work=19.8% elapsed=2218s ETA=8959s tile_loss=0.0000
progress phase=4.3 epoch=2/10 batch=4325/4369 work=19.9% elapsed=2224s ETA=8952s tile_loss=0.0000
progress phase=4.3 epoch=2/10 batch=4350/4369 work=20.0% elapsed=2230s ETA=8945s tile_loss=0.0000
progress phase=4.3 epoch=2/10 batch=4369/4369 work=20.0% elapsed=2235s ETA=8942s tile_loss=0.0000
epoch 02  train_loss=3.1600  val_slot@1=0.531  val_zone=0.425  val_tile=0.041  val_loss=3.5331
progress phase=4.3 epoch=3/10 batch=1/4369 work=20.0% elapsed=2246s ETA=8984s tile_loss=0.0000
progress phase=4.3 epoch=3/10 batch=25/4369 work=20.1% elapsed=2252s ETA=8977s tile_loss=0.0000
progress phase=4.3 epoch=3/10 batch=50/4369 work=20.1% elapsed=2259s ETA=8971s tile_loss=0.0000
progress phase=4.3 epoch=3/10 batch=75/4369 work=20.2% elapsed=2265s ETA=8965s tile_loss=0.0000
progress phase=4.3 epoch=3/10 batch=100/4369 work=20.2% elapsed=2272s ETA=8959s tile_loss=0.0000
progress phase=4.3 epoch=3/10 batch=125/4369 work=20.3% elapsed=2279s ETA=8954s tile_loss=0.0000
progress phase=4.3 epoch=3/10 batch=150/4369 work=20.3% elapsed=2285s ETA=8947s tile_loss=0.0000
progress phase=4.3 epoch=3/10 batch=175/4369 work=20.4% elapsed=2291s ETA=8939s tile_loss=0.0000
progress phase=4.3 epoch=3/10 batch=200/4369 work=20.5% elapsed=2297s ETA=8932s tile_loss=0.0000
progress phase=4.3 epoch=3/10 batch=225/4369 work=20.5% elapsed=2304s ETA=8925s tile_loss=0.0000
progress phase=4.3 epoch=3/10 batch=250/4369 work=20.6% elapsed=2310s ETA=8918s tile_loss=0.0000
progress phase=4.3 epoch=3/10 batch=275/4369 work=20.6% elapsed=2316s ETA=8912s tile_loss=0.0000
progress phase=4.3 epoch=3/10 batch=300/4369 work=20.7% elapsed=2323s ETA=8907s tile_loss=0.0000
progress phase=4.3 epoch=3/10 batch=325/4369 work=20.7% elapsed=2329s ETA=8900s tile_loss=0.0000
progress phase=4.3 epoch=3/10 batch=350/4369 work=20.8% elapsed=2336s ETA=8893s tile_loss=0.0000
progress phase=4.3 epoch=3/10 batch=375/4369 work=20.9% elapsed=2342s ETA=8885s tile_loss=0.0000
progress phase=4.3 epoch=3/10 batch=400/4369 work=20.9% elapsed=2348s ETA=8878s tile_loss=0.0000
progress phase=4.3 epoch=3/10 batch=425/4369 work=21.0% elapsed=2354s ETA=8871s tile_loss=0.0000
progress phase=4.3 epoch=3/10 batch=450/4369 work=21.0% elapsed=2361s ETA=8864s tile_loss=0.0000
progress phase=4.3 epoch=3/10 batch=475/4369 work=21.1% elapsed=2368s ETA=8860s tile_loss=0.0000
progress phase=4.3 epoch=3/10 batch=500/4369 work=21.1% elapsed=2374s ETA=8853s tile_loss=0.0000
progress phase=4.3 epoch=3/10 batch=525/4369 work=21.2% elapsed=2380s ETA=8845s tile_loss=0.0000
progress phase=4.3 epoch=3/10 batch=550/4369 work=21.3% elapsed=2386s ETA=8838s tile_loss=0.0000
progress phase=4.3 epoch=3/10 batch=575/4369 work=21.3% elapsed=2392s ETA=8831s tile_loss=0.0000
progress phase=4.3 epoch=3/10 batch=600/4369 work=21.4% elapsed=2398s ETA=8823s tile_loss=0.0000
progress phase=4.3 epoch=3/10 batch=625/4369 work=21.4% elapsed=2405s ETA=8816s tile_loss=0.0000
progress phase=4.3 epoch=3/10 batch=650/4369 work=21.5% elapsed=2411s ETA=8810s tile_loss=0.0000
progress phase=4.3 epoch=3/10 batch=675/4369 work=21.5% elapsed=2418s ETA=8804s tile_loss=0.0000
progress phase=4.3 epoch=3/10 batch=700/4369 work=21.6% elapsed=2424s ETA=8797s tile_loss=0.0000
progress phase=4.3 epoch=3/10 batch=725/4369 work=21.7% elapsed=2430s ETA=8790s tile_loss=0.0000
progress phase=4.3 epoch=3/10 batch=750/4369 work=21.7% elapsed=2436s ETA=8782s tile_loss=0.0000
progress phase=4.3 epoch=3/10 batch=775/4369 work=21.8% elapsed=2443s ETA=8777s tile_loss=0.0000
progress phase=4.3 epoch=3/10 batch=800/4369 work=21.8% elapsed=2449s ETA=8769s tile_loss=0.0000
progress phase=4.3 epoch=3/10 batch=825/4369 work=21.9% elapsed=2456s ETA=8763s tile_loss=0.0000
progress phase=4.3 epoch=3/10 batch=850/4369 work=21.9% elapsed=2463s ETA=8759s tile_loss=0.0000
progress phase=4.3 epoch=3/10 batch=875/4369 work=22.0% elapsed=2469s ETA=8751s tile_loss=0.0000
progress phase=4.3 epoch=3/10 batch=900/4369 work=22.1% elapsed=2475s ETA=8744s tile_loss=0.0000
progress phase=4.3 epoch=3/10 batch=925/4369 work=22.1% elapsed=2481s ETA=8737s tile_loss=0.0000
progress phase=4.3 epoch=3/10 batch=950/4369 work=22.2% elapsed=2487s ETA=8729s tile_loss=0.0000
progress phase=4.3 epoch=3/10 batch=975/4369 work=22.2% elapsed=2493s ETA=8722s tile_loss=0.0000
progress phase=4.3 epoch=3/10 batch=1000/4369 work=22.3% elapsed=2500s ETA=8716s tile_loss=0.0000
progress phase=4.3 epoch=3/10 batch=1025/4369 work=22.3% elapsed=2507s ETA=8711s tile_loss=0.0000
progress phase=4.3 epoch=3/10 batch=1050/4369 work=22.4% elapsed=2513s ETA=8704s tile_loss=0.0000
progress phase=4.3 epoch=3/10 batch=1075/4369 work=22.5% elapsed=2519s ETA=8697s tile_loss=0.0000
progress phase=4.3 epoch=3/10 batch=1100/4369 work=22.5% elapsed=2525s ETA=8690s tile_loss=0.0000
progress phase=4.3 epoch=3/10 batch=1125/4369 work=22.6% elapsed=2532s ETA=8683s tile_loss=0.0000
progress phase=4.3 epoch=3/10 batch=1150/4369 work=22.6% elapsed=2538s ETA=8676s tile_loss=0.0000
progress phase=4.3 epoch=3/10 batch=1175/4369 work=22.7% elapsed=2546s ETA=8674s tile_loss=0.0000
progress phase=4.3 epoch=3/10 batch=1200/4369 work=22.7% elapsed=2552s ETA=8666s tile_loss=0.0000
progress phase=4.3 epoch=3/10 batch=1225/4369 work=22.8% elapsed=2558s ETA=8659s tile_loss=0.0000
progress phase=4.3 epoch=3/10 batch=1250/4369 work=22.9% elapsed=2564s ETA=8652s tile_loss=0.0000
progress phase=4.3 epoch=3/10 batch=1275/4369 work=22.9% elapsed=2570s ETA=8644s tile_loss=0.0000
progress phase=4.3 epoch=3/10 batch=1300/4369 work=23.0% elapsed=2577s ETA=8638s tile_loss=0.0000
progress phase=4.3 epoch=3/10 batch=1325/4369 work=23.0% elapsed=2583s ETA=8633s tile_loss=0.0000
progress phase=4.3 epoch=3/10 batch=1350/4369 work=23.1% elapsed=2590s ETA=8626s tile_loss=0.0000
progress phase=4.3 epoch=3/10 batch=1375/4369 work=23.1% elapsed=2596s ETA=8619s tile_loss=0.0000
progress phase=4.3 epoch=3/10 batch=1400/4369 work=23.2% elapsed=2602s ETA=8612s tile_loss=0.0000
progress phase=4.3 epoch=3/10 batch=1425/4369 work=23.3% elapsed=2608s ETA=8605s tile_loss=0.0000
progress phase=4.3 epoch=3/10 batch=1450/4369 work=23.3% elapsed=2614s ETA=8597s tile_loss=0.0000
progress phase=4.3 epoch=3/10 batch=1475/4369 work=23.4% elapsed=2621s ETA=8591s tile_loss=0.0000
progress phase=4.3 epoch=3/10 batch=1500/4369 work=23.4% elapsed=2628s ETA=8587s tile_loss=0.0000
progress phase=4.3 epoch=3/10 batch=1525/4369 work=23.5% elapsed=2634s ETA=8580s tile_loss=0.0000
progress phase=4.3 epoch=3/10 batch=1550/4369 work=23.5% elapsed=2640s ETA=8573s tile_loss=0.0000
progress phase=4.3 epoch=3/10 batch=1575/4369 work=23.6% elapsed=2647s ETA=8566s tile_loss=0.0000
progress phase=4.3 epoch=3/10 batch=1600/4369 work=23.7% elapsed=2653s ETA=8559s tile_loss=0.0000
progress phase=4.3 epoch=3/10 batch=1625/4369 work=23.7% elapsed=2659s ETA=8552s tile_loss=0.0000
progress phase=4.3 epoch=3/10 batch=1650/4369 work=23.8% elapsed=2666s ETA=8546s tile_loss=0.0000
progress phase=4.3 epoch=3/10 batch=1675/4369 work=23.8% elapsed=2672s ETA=8540s tile_loss=0.0000
progress phase=4.3 epoch=3/10 batch=1700/4369 work=23.9% elapsed=2679s ETA=8533s tile_loss=0.0000
progress phase=4.3 epoch=3/10 batch=1725/4369 work=23.9% elapsed=2685s ETA=8526s tile_loss=0.0000
progress phase=4.3 epoch=3/10 batch=1750/4369 work=24.0% elapsed=2691s ETA=8520s tile_loss=0.0000
progress phase=4.3 epoch=3/10 batch=1775/4369 work=24.1% elapsed=2698s ETA=8514s tile_loss=0.0000
progress phase=4.3 epoch=3/10 batch=1800/4369 work=24.1% elapsed=2704s ETA=8507s tile_loss=0.0000
progress phase=4.3 epoch=3/10 batch=1825/4369 work=24.2% elapsed=2711s ETA=8501s tile_loss=0.0000
progress phase=4.3 epoch=3/10 batch=1850/4369 work=24.2% elapsed=2717s ETA=8494s tile_loss=0.0000
progress phase=4.3 epoch=3/10 batch=1875/4369 work=24.3% elapsed=2723s ETA=8487s tile_loss=0.0000
progress phase=4.3 epoch=3/10 batch=1900/4369 work=24.3% elapsed=2729s ETA=8480s tile_loss=0.0000
progress phase=4.3 epoch=3/10 batch=1925/4369 work=24.4% elapsed=2736s ETA=8474s tile_loss=0.0000
progress phase=4.3 epoch=3/10 batch=1950/4369 work=24.5% elapsed=2742s ETA=8467s tile_loss=0.0000
progress phase=4.3 epoch=3/10 batch=1975/4369 work=24.5% elapsed=2749s ETA=8461s tile_loss=0.0000
progress phase=4.3 epoch=3/10 batch=2000/4369 work=24.6% elapsed=2755s ETA=8454s tile_loss=0.0000
progress phase=4.3 epoch=3/10 batch=2025/4369 work=24.6% elapsed=2761s ETA=8447s tile_loss=0.0000
progress phase=4.3 epoch=3/10 batch=2050/4369 work=24.7% elapsed=2768s ETA=8441s tile_loss=0.0000
progress phase=4.3 epoch=3/10 batch=2075/4369 work=24.7% elapsed=2774s ETA=8434s tile_loss=0.0000
progress phase=4.3 epoch=3/10 batch=2100/4369 work=24.8% elapsed=2781s ETA=8429s tile_loss=0.0000
progress phase=4.3 epoch=3/10 batch=2125/4369 work=24.9% elapsed=2787s ETA=8422s tile_loss=0.0000
progress phase=4.3 epoch=3/10 batch=2150/4369 work=24.9% elapsed=2793s ETA=8415s tile_loss=0.0000
progress phase=4.3 epoch=3/10 batch=2175/4369 work=25.0% elapsed=2800s ETA=8408s tile_loss=0.0000
progress phase=4.3 epoch=3/10 batch=2200/4369 work=25.0% elapsed=2806s ETA=8402s tile_loss=0.0000
progress phase=4.3 epoch=3/10 batch=2225/4369 work=25.1% elapsed=2813s ETA=8397s tile_loss=0.0000
progress phase=4.3 epoch=3/10 batch=2250/4369 work=25.1% elapsed=2820s ETA=8391s tile_loss=0.0000
progress phase=4.3 epoch=3/10 batch=2275/4369 work=25.2% elapsed=2826s ETA=8385s tile_loss=0.0000
progress phase=4.3 epoch=3/10 batch=2300/4369 work=25.3% elapsed=2832s ETA=8377s tile_loss=0.0000
progress phase=4.3 epoch=3/10 batch=2325/4369 work=25.3% elapsed=2838s ETA=8370s tile_loss=0.0000
progress phase=4.3 epoch=3/10 batch=2350/4369 work=25.4% elapsed=2845s ETA=8364s tile_loss=0.0000
progress phase=4.3 epoch=3/10 batch=2375/4369 work=25.4% elapsed=2851s ETA=8359s tile_loss=0.0000
progress phase=4.3 epoch=3/10 batch=2400/4369 work=25.5% elapsed=2858s ETA=8352s tile_loss=0.0000
progress phase=4.3 epoch=3/10 batch=2425/4369 work=25.6% elapsed=2864s ETA=8344s tile_loss=0.0000
progress phase=4.3 epoch=3/10 batch=2450/4369 work=25.6% elapsed=2870s ETA=8337s tile_loss=0.0000
progress phase=4.3 epoch=3/10 batch=2475/4369 work=25.7% elapsed=2876s ETA=8330s tile_loss=0.0000
progress phase=4.3 epoch=3/10 batch=2500/4369 work=25.7% elapsed=2883s ETA=8324s tile_loss=0.0000
progress phase=4.3 epoch=3/10 batch=2525/4369 work=25.8% elapsed=2889s ETA=8319s tile_loss=0.0000
progress phase=4.3 epoch=3/10 batch=2550/4369 work=25.8% elapsed=2896s ETA=8312s tile_loss=0.0000
progress phase=4.3 epoch=3/10 batch=2575/4369 work=25.9% elapsed=2902s ETA=8305s tile_loss=0.0000
progress phase=4.3 epoch=3/10 batch=2600/4369 work=26.0% elapsed=2908s ETA=8298s tile_loss=0.0000
progress phase=4.3 epoch=3/10 batch=2625/4369 work=26.0% elapsed=2914s ETA=8291s tile_loss=0.0000
progress phase=4.3 epoch=3/10 batch=2650/4369 work=26.1% elapsed=2922s ETA=8288s tile_loss=0.0000
progress phase=4.3 epoch=3/10 batch=2675/4369 work=26.1% elapsed=2928s ETA=8281s tile_loss=0.0000
progress phase=4.3 epoch=3/10 batch=2700/4369 work=26.2% elapsed=2934s ETA=8274s tile_loss=0.0000
progress phase=4.3 epoch=3/10 batch=2725/4369 work=26.2% elapsed=2940s ETA=8267s tile_loss=0.0000
progress phase=4.3 epoch=3/10 batch=2750/4369 work=26.3% elapsed=2947s ETA=8260s tile_loss=0.0000
progress phase=4.3 epoch=3/10 batch=2775/4369 work=26.4% elapsed=2954s ETA=8255s tile_loss=0.0000
progress phase=4.3 epoch=3/10 batch=2800/4369 work=26.4% elapsed=2960s ETA=8248s tile_loss=0.0000
progress phase=4.3 epoch=3/10 batch=2825/4369 work=26.5% elapsed=2966s ETA=8241s tile_loss=0.0000
progress phase=4.3 epoch=3/10 batch=2850/4369 work=26.5% elapsed=2972s ETA=8234s tile_loss=0.0000
progress phase=4.3 epoch=3/10 batch=2875/4369 work=26.6% elapsed=2979s ETA=8228s tile_loss=0.0000
progress phase=4.3 epoch=3/10 batch=2900/4369 work=26.6% elapsed=2985s ETA=8221s tile_loss=0.0000
progress phase=4.3 epoch=3/10 batch=2925/4369 work=26.7% elapsed=2992s ETA=8216s tile_loss=0.0000
progress phase=4.3 epoch=3/10 batch=2950/4369 work=26.8% elapsed=2999s ETA=8210s tile_loss=0.0000
progress phase=4.3 epoch=3/10 batch=2975/4369 work=26.8% elapsed=3005s ETA=8203s tile_loss=0.0000
progress phase=4.3 epoch=3/10 batch=3000/4369 work=26.9% elapsed=3011s ETA=8196s tile_loss=0.0000
progress phase=4.3 epoch=3/10 batch=3025/4369 work=26.9% elapsed=3018s ETA=8191s tile_loss=0.0000
progress phase=4.3 epoch=3/10 batch=3050/4369 work=27.0% elapsed=3024s ETA=8185s tile_loss=0.0000
progress phase=4.3 epoch=3/10 batch=3075/4369 work=27.0% elapsed=3031s ETA=8178s tile_loss=0.0000
progress phase=4.3 epoch=3/10 batch=3100/4369 work=27.1% elapsed=3037s ETA=8171s tile_loss=0.0000
progress phase=4.3 epoch=3/10 batch=3125/4369 work=27.2% elapsed=3044s ETA=8167s tile_loss=0.0000
progress phase=4.3 epoch=3/10 batch=3150/4369 work=27.2% elapsed=3050s ETA=8160s tile_loss=0.0000
progress phase=4.3 epoch=3/10 batch=3175/4369 work=27.3% elapsed=3057s ETA=8153s tile_loss=0.0000
progress phase=4.3 epoch=3/10 batch=3200/4369 work=27.3% elapsed=3063s ETA=8146s tile_loss=0.0000
progress phase=4.3 epoch=3/10 batch=3225/4369 work=27.4% elapsed=3069s ETA=8139s tile_loss=0.0000
progress phase=4.3 epoch=3/10 batch=3250/4369 work=27.4% elapsed=3075s ETA=8133s tile_loss=0.0000
progress phase=4.3 epoch=3/10 batch=3275/4369 work=27.5% elapsed=3083s ETA=8129s tile_loss=0.0000
progress phase=4.3 epoch=3/10 batch=3300/4369 work=27.6% elapsed=3089s ETA=8122s tile_loss=0.0000
progress phase=4.3 epoch=3/10 batch=3325/4369 work=27.6% elapsed=3095s ETA=8115s tile_loss=0.0000
progress phase=4.3 epoch=3/10 batch=3350/4369 work=27.7% elapsed=3101s ETA=8108s tile_loss=0.0000
progress phase=4.3 epoch=3/10 batch=3375/4369 work=27.7% elapsed=3108s ETA=8101s tile_loss=0.0000
progress phase=4.3 epoch=3/10 batch=3400/4369 work=27.8% elapsed=3115s ETA=8097s tile_loss=0.0000
progress phase=4.3 epoch=3/10 batch=3425/4369 work=27.8% elapsed=3121s ETA=8090s tile_loss=0.0000
progress phase=4.3 epoch=3/10 batch=3450/4369 work=27.9% elapsed=3127s ETA=8084s tile_loss=0.0000
progress phase=4.3 epoch=3/10 batch=3475/4369 work=28.0% elapsed=3134s ETA=8077s tile_loss=0.0000
progress phase=4.3 epoch=3/10 batch=3500/4369 work=28.0% elapsed=3141s ETA=8072s tile_loss=0.0000
progress phase=4.3 epoch=3/10 batch=3525/4369 work=28.1% elapsed=3147s ETA=8066s tile_loss=0.0000
progress phase=4.3 epoch=3/10 batch=3550/4369 work=28.1% elapsed=3153s ETA=8058s tile_loss=0.0000
progress phase=4.3 epoch=3/10 batch=3575/4369 work=28.2% elapsed=3160s ETA=8051s tile_loss=0.0000
progress phase=4.3 epoch=3/10 batch=3600/4369 work=28.2% elapsed=3166s ETA=8046s tile_loss=0.0000
progress phase=4.3 epoch=3/10 batch=3625/4369 work=28.3% elapsed=3173s ETA=8040s tile_loss=0.0000
progress phase=4.3 epoch=3/10 batch=3650/4369 work=28.4% elapsed=3179s ETA=8033s tile_loss=0.0000
progress phase=4.3 epoch=3/10 batch=3675/4369 work=28.4% elapsed=3186s ETA=8027s tile_loss=0.0000
progress phase=4.3 epoch=3/10 batch=3700/4369 work=28.5% elapsed=3193s ETA=8022s tile_loss=0.0000
progress phase=4.3 epoch=3/10 batch=3725/4369 work=28.5% elapsed=3199s ETA=8015s tile_loss=0.0000
progress phase=4.3 epoch=3/10 batch=3750/4369 work=28.6% elapsed=3205s ETA=8009s tile_loss=0.0000
progress phase=4.3 epoch=3/10 batch=3775/4369 work=28.6% elapsed=3212s ETA=8002s tile_loss=0.0000
progress phase=4.3 epoch=3/10 batch=3800/4369 work=28.7% elapsed=3218s ETA=7996s tile_loss=0.0000
progress phase=4.3 epoch=3/10 batch=3825/4369 work=28.8% elapsed=3225s ETA=7991s tile_loss=0.0000
progress phase=4.3 epoch=3/10 batch=3850/4369 work=28.8% elapsed=3231s ETA=7984s tile_loss=0.0000
progress phase=4.3 epoch=3/10 batch=3875/4369 work=28.9% elapsed=3237s ETA=7977s tile_loss=0.0000
progress phase=4.3 epoch=3/10 batch=3900/4369 work=28.9% elapsed=3244s ETA=7970s tile_loss=0.0000
progress phase=4.3 epoch=3/10 batch=3925/4369 work=29.0% elapsed=3251s ETA=7965s tile_loss=0.0000
progress phase=4.3 epoch=3/10 batch=3950/4369 work=29.0% elapsed=3257s ETA=7958s tile_loss=0.0000
progress phase=4.3 epoch=3/10 batch=3975/4369 work=29.1% elapsed=3263s ETA=7951s tile_loss=0.0000
progress phase=4.3 epoch=3/10 batch=4000/4369 work=29.2% elapsed=3269s ETA=7944s tile_loss=0.0000
progress phase=4.3 epoch=3/10 batch=4025/4369 work=29.2% elapsed=3275s ETA=7937s tile_loss=0.0000
progress phase=4.3 epoch=3/10 batch=4050/4369 work=29.3% elapsed=3282s ETA=7930s tile_loss=0.0000
progress phase=4.3 epoch=3/10 batch=4075/4369 work=29.3% elapsed=3288s ETA=7923s tile_loss=0.0000
progress phase=4.3 epoch=3/10 batch=4100/4369 work=29.4% elapsed=3294s ETA=7916s tile_loss=0.0000
progress phase=4.3 epoch=3/10 batch=4125/4369 work=29.4% elapsed=3300s ETA=7909s tile_loss=0.0000
progress phase=4.3 epoch=3/10 batch=4150/4369 work=29.5% elapsed=3306s ETA=7902s tile_loss=0.0000
progress phase=4.3 epoch=3/10 batch=4175/4369 work=29.6% elapsed=3313s ETA=7895s tile_loss=0.0000
progress phase=4.3 epoch=3/10 batch=4200/4369 work=29.6% elapsed=3319s ETA=7888s tile_loss=0.0000
progress phase=4.3 epoch=3/10 batch=4225/4369 work=29.7% elapsed=3325s ETA=7882s tile_loss=0.0000
progress phase=4.3 epoch=3/10 batch=4250/4369 work=29.7% elapsed=3331s ETA=7875s tile_loss=0.0000
progress phase=4.3 epoch=3/10 batch=4275/4369 work=29.8% elapsed=3337s ETA=7868s tile_loss=0.0000
progress phase=4.3 epoch=3/10 batch=4300/4369 work=29.8% elapsed=3344s ETA=7861s tile_loss=0.0000
progress phase=4.3 epoch=3/10 batch=4325/4369 work=29.9% elapsed=3350s ETA=7854s tile_loss=0.0000
progress phase=4.3 epoch=3/10 batch=4350/4369 work=30.0% elapsed=3356s ETA=7847s tile_loss=0.0000
progress phase=4.3 epoch=3/10 batch=4369/4369 work=30.0% elapsed=3361s ETA=7843s tile_loss=0.0000
epoch 03  train_loss=3.0529  val_slot@1=0.543  val_zone=0.434  val_tile=0.046  val_loss=3.4596
progress phase=4.3 epoch=4/10 batch=1/4369 work=30.0% elapsed=3372s ETA=7868s tile_loss=0.0000
progress phase=4.3 epoch=4/10 batch=25/4369 work=30.1% elapsed=3378s ETA=7861s tile_loss=0.0000
progress phase=4.3 epoch=4/10 batch=50/4369 work=30.1% elapsed=3384s ETA=7854s tile_loss=0.0000
progress phase=4.3 epoch=4/10 batch=75/4369 work=30.2% elapsed=3391s ETA=7848s tile_loss=0.0000
progress phase=4.3 epoch=4/10 batch=100/4369 work=30.2% elapsed=3397s ETA=7841s tile_loss=0.0000
progress phase=4.3 epoch=4/10 batch=125/4369 work=30.3% elapsed=3403s ETA=7834s tile_loss=0.0000
progress phase=4.3 epoch=4/10 batch=150/4369 work=30.3% elapsed=3410s ETA=7827s tile_loss=0.0000
progress phase=4.3 epoch=4/10 batch=175/4369 work=30.4% elapsed=3416s ETA=7820s tile_loss=0.0000
progress phase=4.3 epoch=4/10 batch=200/4369 work=30.5% elapsed=3422s ETA=7813s tile_loss=0.0000
progress phase=4.3 epoch=4/10 batch=225/4369 work=30.5% elapsed=3429s ETA=7807s tile_loss=0.0000
progress phase=4.3 epoch=4/10 batch=250/4369 work=30.6% elapsed=3435s ETA=7800s tile_loss=0.0000
progress phase=4.3 epoch=4/10 batch=275/4369 work=30.6% elapsed=3441s ETA=7793s tile_loss=0.0000
progress phase=4.3 epoch=4/10 batch=300/4369 work=30.7% elapsed=3447s ETA=7786s tile_loss=0.0000
progress phase=4.3 epoch=4/10 batch=325/4369 work=30.7% elapsed=3453s ETA=7779s tile_loss=0.0000
progress phase=4.3 epoch=4/10 batch=350/4369 work=30.8% elapsed=3460s ETA=7773s tile_loss=0.0000
progress phase=4.3 epoch=4/10 batch=375/4369 work=30.9% elapsed=3466s ETA=7766s tile_loss=0.0000
progress phase=4.3 epoch=4/10 batch=400/4369 work=30.9% elapsed=3472s ETA=7759s tile_loss=0.0000
progress phase=4.3 epoch=4/10 batch=425/4369 work=31.0% elapsed=3479s ETA=7752s tile_loss=0.0000
progress phase=4.3 epoch=4/10 batch=450/4369 work=31.0% elapsed=3485s ETA=7746s tile_loss=0.0000
progress phase=4.3 epoch=4/10 batch=475/4369 work=31.1% elapsed=3491s ETA=7738s tile_loss=0.0000
progress phase=4.3 epoch=4/10 batch=500/4369 work=31.1% elapsed=3498s ETA=7733s tile_loss=0.0000
progress phase=4.3 epoch=4/10 batch=525/4369 work=31.2% elapsed=3504s ETA=7726s tile_loss=0.0000
progress phase=4.3 epoch=4/10 batch=550/4369 work=31.3% elapsed=3510s ETA=7719s tile_loss=0.0000
progress phase=4.3 epoch=4/10 batch=575/4369 work=31.3% elapsed=3517s ETA=7714s tile_loss=0.0000
progress phase=4.3 epoch=4/10 batch=600/4369 work=31.4% elapsed=3523s ETA=7707s tile_loss=0.0000
progress phase=4.3 epoch=4/10 batch=625/4369 work=31.4% elapsed=3529s ETA=7700s tile_loss=0.0000
progress phase=4.3 epoch=4/10 batch=650/4369 work=31.5% elapsed=3536s ETA=7693s tile_loss=0.0000
progress phase=4.3 epoch=4/10 batch=675/4369 work=31.5% elapsed=3542s ETA=7686s tile_loss=0.0000
progress phase=4.3 epoch=4/10 batch=700/4369 work=31.6% elapsed=3549s ETA=7680s tile_loss=0.0000
progress phase=4.3 epoch=4/10 batch=725/4369 work=31.7% elapsed=3555s ETA=7674s tile_loss=0.0000
progress phase=4.3 epoch=4/10 batch=750/4369 work=31.7% elapsed=3561s ETA=7667s tile_loss=0.0000
progress phase=4.3 epoch=4/10 batch=775/4369 work=31.8% elapsed=3568s ETA=7660s tile_loss=0.0000
progress phase=4.3 epoch=4/10 batch=800/4369 work=31.8% elapsed=3575s ETA=7655s tile_loss=0.0000
progress phase=4.3 epoch=4/10 batch=825/4369 work=31.9% elapsed=3581s ETA=7649s tile_loss=0.0000
progress phase=4.3 epoch=4/10 batch=850/4369 work=31.9% elapsed=3587s ETA=7642s tile_loss=0.0000
progress phase=4.3 epoch=4/10 batch=875/4369 work=32.0% elapsed=3593s ETA=7635s tile_loss=0.0000
progress phase=4.3 epoch=4/10 batch=900/4369 work=32.1% elapsed=3599s ETA=7628s tile_loss=0.0000
progress phase=4.3 epoch=4/10 batch=925/4369 work=32.1% elapsed=3606s ETA=7621s tile_loss=0.0000
progress phase=4.3 epoch=4/10 batch=950/4369 work=32.2% elapsed=3612s ETA=7614s tile_loss=0.0000
progress phase=4.3 epoch=4/10 batch=975/4369 work=32.2% elapsed=3619s ETA=7608s tile_loss=0.0000
progress phase=4.3 epoch=4/10 batch=1000/4369 work=32.3% elapsed=3625s ETA=7602s tile_loss=0.0000
progress phase=4.3 epoch=4/10 batch=1025/4369 work=32.3% elapsed=3631s ETA=7595s tile_loss=0.0000
progress phase=4.3 epoch=4/10 batch=1050/4369 work=32.4% elapsed=3638s ETA=7588s tile_loss=0.0000
progress phase=4.3 epoch=4/10 batch=1075/4369 work=32.5% elapsed=3644s ETA=7581s tile_loss=0.0000
progress phase=4.3 epoch=4/10 batch=1100/4369 work=32.5% elapsed=3650s ETA=7574s tile_loss=0.0000
progress phase=4.3 epoch=4/10 batch=1125/4369 work=32.6% elapsed=3656s ETA=7567s tile_loss=0.0000
progress phase=4.3 epoch=4/10 batch=1150/4369 work=32.6% elapsed=3662s ETA=7560s tile_loss=0.0000
progress phase=4.3 epoch=4/10 batch=1175/4369 work=32.7% elapsed=3669s ETA=7554s tile_loss=0.0000
progress phase=4.3 epoch=4/10 batch=1200/4369 work=32.7% elapsed=3676s ETA=7549s tile_loss=0.0000
progress phase=4.3 epoch=4/10 batch=1225/4369 work=32.8% elapsed=3682s ETA=7542s tile_loss=0.0000
progress phase=4.3 epoch=4/10 batch=1250/4369 work=32.9% elapsed=3688s ETA=7535s tile_loss=0.0000
progress phase=4.3 epoch=4/10 batch=1275/4369 work=32.9% elapsed=3694s ETA=7528s tile_loss=0.0000
progress phase=4.3 epoch=4/10 batch=1300/4369 work=33.0% elapsed=3701s ETA=7522s tile_loss=0.0000
progress phase=4.3 epoch=4/10 batch=1325/4369 work=33.0% elapsed=3707s ETA=7515s tile_loss=0.0000
progress phase=4.3 epoch=4/10 batch=1350/4369 work=33.1% elapsed=3713s ETA=7508s tile_loss=0.0000
progress phase=4.3 epoch=4/10 batch=1375/4369 work=33.1% elapsed=3720s ETA=7502s tile_loss=0.0000
progress phase=4.3 epoch=4/10 batch=1400/4369 work=33.2% elapsed=3727s ETA=7496s tile_loss=0.0000
progress phase=4.3 epoch=4/10 batch=1425/4369 work=33.3% elapsed=3733s ETA=7490s tile_loss=0.0000
progress phase=4.3 epoch=4/10 batch=1450/4369 work=33.3% elapsed=3739s ETA=7483s tile_loss=0.0000
progress phase=4.3 epoch=4/10 batch=1475/4369 work=33.4% elapsed=3746s ETA=7477s tile_loss=0.0000
progress phase=4.3 epoch=4/10 batch=1500/4369 work=33.4% elapsed=3752s ETA=7470s tile_loss=0.0000
progress phase=4.3 epoch=4/10 batch=1525/4369 work=33.5% elapsed=3758s ETA=7463s tile_loss=0.0000
progress phase=4.3 epoch=4/10 batch=1550/4369 work=33.5% elapsed=3764s ETA=7456s tile_loss=0.0000
progress phase=4.3 epoch=4/10 batch=1575/4369 work=33.6% elapsed=3771s ETA=7450s tile_loss=0.0000
progress phase=4.3 epoch=4/10 batch=1600/4369 work=33.7% elapsed=3777s ETA=7444s tile_loss=0.0000
progress phase=4.3 epoch=4/10 batch=1625/4369 work=33.7% elapsed=3784s ETA=7437s tile_loss=0.0000
progress phase=4.3 epoch=4/10 batch=1650/4369 work=33.8% elapsed=3790s ETA=7430s tile_loss=0.0000
progress phase=4.3 epoch=4/10 batch=1675/4369 work=33.8% elapsed=3796s ETA=7423s tile_loss=0.0000
progress phase=4.3 epoch=4/10 batch=1700/4369 work=33.9% elapsed=3802s ETA=7416s tile_loss=0.0000
progress phase=4.3 epoch=4/10 batch=1725/4369 work=33.9% elapsed=3808s ETA=7410s tile_loss=0.0000
progress phase=4.3 epoch=4/10 batch=1750/4369 work=34.0% elapsed=3815s ETA=7403s tile_loss=0.0000
progress phase=4.3 epoch=4/10 batch=1775/4369 work=34.1% elapsed=3821s ETA=7397s tile_loss=0.0000
progress phase=4.3 epoch=4/10 batch=1800/4369 work=34.1% elapsed=3828s ETA=7391s tile_loss=0.0000
progress phase=4.3 epoch=4/10 batch=1825/4369 work=34.2% elapsed=3834s ETA=7384s tile_loss=0.0000
progress phase=4.3 epoch=4/10 batch=1850/4369 work=34.2% elapsed=3840s ETA=7377s tile_loss=0.0000
progress phase=4.3 epoch=4/10 batch=1875/4369 work=34.3% elapsed=3846s ETA=7370s tile_loss=0.0000
progress phase=4.3 epoch=4/10 batch=1900/4369 work=34.3% elapsed=3853s ETA=7363s tile_loss=0.0000
progress phase=4.3 epoch=4/10 batch=1925/4369 work=34.4% elapsed=3859s ETA=7357s tile_loss=0.0000
progress phase=4.3 epoch=4/10 batch=1950/4369 work=34.5% elapsed=3865s ETA=7350s tile_loss=0.0000
progress phase=4.3 epoch=4/10 batch=1975/4369 work=34.5% elapsed=3872s ETA=7345s tile_loss=0.0000
progress phase=4.3 epoch=4/10 batch=2000/4369 work=34.6% elapsed=3878s ETA=7338s tile_loss=0.0000
progress phase=4.3 epoch=4/10 batch=2025/4369 work=34.6% elapsed=3885s ETA=7331s tile_loss=0.0000
progress phase=4.3 epoch=4/10 batch=2050/4369 work=34.7% elapsed=3891s ETA=7324s tile_loss=0.0000
progress phase=4.3 epoch=4/10 batch=2075/4369 work=34.7% elapsed=3897s ETA=7317s tile_loss=0.0000
progress phase=4.3 epoch=4/10 batch=2100/4369 work=34.8% elapsed=3903s ETA=7310s tile_loss=0.0000
progress phase=4.3 epoch=4/10 batch=2125/4369 work=34.9% elapsed=3909s ETA=7304s tile_loss=0.0000
progress phase=4.3 epoch=4/10 batch=2150/4369 work=34.9% elapsed=3916s ETA=7298s tile_loss=0.0000
progress phase=4.3 epoch=4/10 batch=2175/4369 work=35.0% elapsed=3923s ETA=7292s tile_loss=0.0000
progress phase=4.3 epoch=4/10 batch=2200/4369 work=35.0% elapsed=3929s ETA=7285s tile_loss=0.0000
progress phase=4.3 epoch=4/10 batch=2225/4369 work=35.1% elapsed=3935s ETA=7278s tile_loss=0.0000
progress phase=4.3 epoch=4/10 batch=2250/4369 work=35.1% elapsed=3941s ETA=7271s tile_loss=0.0000
progress phase=4.3 epoch=4/10 batch=2275/4369 work=35.2% elapsed=3948s ETA=7265s tile_loss=0.0000
progress phase=4.3 epoch=4/10 batch=2300/4369 work=35.3% elapsed=3954s ETA=7258s tile_loss=0.0000
progress phase=4.3 epoch=4/10 batch=2325/4369 work=35.3% elapsed=3960s ETA=7252s tile_loss=0.0000
progress phase=4.3 epoch=4/10 batch=2350/4369 work=35.4% elapsed=3966s ETA=7245s tile_loss=0.0000
progress phase=4.3 epoch=4/10 batch=2375/4369 work=35.4% elapsed=3973s ETA=7238s tile_loss=0.0000
progress phase=4.3 epoch=4/10 batch=2400/4369 work=35.5% elapsed=3979s ETA=7231s tile_loss=0.0000
progress phase=4.3 epoch=4/10 batch=2425/4369 work=35.6% elapsed=3985s ETA=7225s tile_loss=0.0000
progress phase=4.3 epoch=4/10 batch=2450/4369 work=35.6% elapsed=3991s ETA=7218s tile_loss=0.0000
progress phase=4.3 epoch=4/10 batch=2475/4369 work=35.7% elapsed=3998s ETA=7211s tile_loss=0.0000
progress phase=4.3 epoch=4/10 batch=2500/4369 work=35.7% elapsed=4004s ETA=7205s tile_loss=0.0000
progress phase=4.3 epoch=4/10 batch=2525/4369 work=35.8% elapsed=4010s ETA=7198s tile_loss=0.0000
progress phase=4.3 epoch=4/10 batch=2550/4369 work=35.8% elapsed=4017s ETA=7192s tile_loss=0.0000
progress phase=4.3 epoch=4/10 batch=2575/4369 work=35.9% elapsed=4023s ETA=7185s tile_loss=0.0000
progress phase=4.3 epoch=4/10 batch=2600/4369 work=36.0% elapsed=4029s ETA=7178s tile_loss=0.0000
progress phase=4.3 epoch=4/10 batch=2625/4369 work=36.0% elapsed=4035s ETA=7172s tile_loss=0.0000
progress phase=4.3 epoch=4/10 batch=2650/4369 work=36.1% elapsed=4042s ETA=7165s tile_loss=0.0000
progress phase=4.3 epoch=4/10 batch=2675/4369 work=36.1% elapsed=4048s ETA=7159s tile_loss=0.0000
progress phase=4.3 epoch=4/10 batch=2700/4369 work=36.2% elapsed=4055s ETA=7152s tile_loss=0.0000
progress phase=4.3 epoch=4/10 batch=2725/4369 work=36.2% elapsed=4061s ETA=7145s tile_loss=0.0000
progress phase=4.3 epoch=4/10 batch=2750/4369 work=36.3% elapsed=4068s ETA=7140s tile_loss=0.0000
progress phase=4.3 epoch=4/10 batch=2775/4369 work=36.4% elapsed=4074s ETA=7133s tile_loss=0.0000
progress phase=4.3 epoch=4/10 batch=2800/4369 work=36.4% elapsed=4080s ETA=7126s tile_loss=0.0000
progress phase=4.3 epoch=4/10 batch=2825/4369 work=36.5% elapsed=4086s ETA=7120s tile_loss=0.0000
progress phase=4.3 epoch=4/10 batch=2850/4369 work=36.5% elapsed=4093s ETA=7114s tile_loss=0.0000
progress phase=4.3 epoch=4/10 batch=2875/4369 work=36.6% elapsed=4100s ETA=7107s tile_loss=0.0000
progress phase=4.3 epoch=4/10 batch=2900/4369 work=36.6% elapsed=4106s ETA=7101s tile_loss=0.0000
progress phase=4.3 epoch=4/10 batch=2925/4369 work=36.7% elapsed=4112s ETA=7094s tile_loss=0.0000
progress phase=4.3 epoch=4/10 batch=2950/4369 work=36.8% elapsed=4119s ETA=7088s tile_loss=0.0000
progress phase=4.3 epoch=4/10 batch=2975/4369 work=36.8% elapsed=4126s ETA=7082s tile_loss=0.0000
progress phase=4.3 epoch=4/10 batch=3000/4369 work=36.9% elapsed=4132s ETA=7076s tile_loss=0.0000
progress phase=4.3 epoch=4/10 batch=3025/4369 work=36.9% elapsed=4138s ETA=7069s tile_loss=0.0000
progress phase=4.3 epoch=4/10 batch=3050/4369 work=37.0% elapsed=4145s ETA=7063s tile_loss=0.0000
progress phase=4.3 epoch=4/10 batch=3075/4369 work=37.0% elapsed=4151s ETA=7056s tile_loss=0.0000
progress phase=4.3 epoch=4/10 batch=3100/4369 work=37.1% elapsed=4157s ETA=7049s tile_loss=0.0000
progress phase=4.3 epoch=4/10 batch=3125/4369 work=37.2% elapsed=4164s ETA=7043s tile_loss=0.0000
progress phase=4.3 epoch=4/10 batch=3150/4369 work=37.2% elapsed=4170s ETA=7036s tile_loss=0.0000
progress phase=4.3 epoch=4/10 batch=3175/4369 work=37.3% elapsed=4176s ETA=7029s tile_loss=0.0000
progress phase=4.3 epoch=4/10 batch=3200/4369 work=37.3% elapsed=4182s ETA=7023s tile_loss=0.0000
progress phase=4.3 epoch=4/10 batch=3225/4369 work=37.4% elapsed=4189s ETA=7016s tile_loss=0.0000
progress phase=4.3 epoch=4/10 batch=3250/4369 work=37.4% elapsed=4195s ETA=7010s tile_loss=0.0000
progress phase=4.3 epoch=4/10 batch=3275/4369 work=37.5% elapsed=4201s ETA=7003s tile_loss=0.0000
progress phase=4.3 epoch=4/10 batch=3300/4369 work=37.6% elapsed=4208s ETA=6997s tile_loss=0.0000
progress phase=4.3 epoch=4/10 batch=3325/4369 work=37.6% elapsed=4214s ETA=6990s tile_loss=0.0000
progress phase=4.3 epoch=4/10 batch=3350/4369 work=37.7% elapsed=4220s ETA=6984s tile_loss=0.0000
progress phase=4.3 epoch=4/10 batch=3375/4369 work=37.7% elapsed=4227s ETA=6978s tile_loss=0.0000
progress phase=4.3 epoch=4/10 batch=3400/4369 work=37.8% elapsed=4233s ETA=6971s tile_loss=0.0000
progress phase=4.3 epoch=4/10 batch=3425/4369 work=37.8% elapsed=4239s ETA=6964s tile_loss=0.0000
progress phase=4.3 epoch=4/10 batch=3450/4369 work=37.9% elapsed=4246s ETA=6958s tile_loss=0.0000
progress phase=4.3 epoch=4/10 batch=3475/4369 work=38.0% elapsed=4252s ETA=6952s tile_loss=0.0000
progress phase=4.3 epoch=4/10 batch=3500/4369 work=38.0% elapsed=4259s ETA=6945s tile_loss=0.0000
progress phase=4.3 epoch=4/10 batch=3525/4369 work=38.1% elapsed=4265s ETA=6939s tile_loss=0.0000
progress phase=4.3 epoch=4/10 batch=3550/4369 work=38.1% elapsed=4271s ETA=6932s tile_loss=0.0000
progress phase=4.3 epoch=4/10 batch=3575/4369 work=38.2% elapsed=4277s ETA=6925s tile_loss=0.0000
progress phase=4.3 epoch=4/10 batch=3600/4369 work=38.2% elapsed=4284s ETA=6919s tile_loss=0.0000
progress phase=4.3 epoch=4/10 batch=3625/4369 work=38.3% elapsed=4291s ETA=6913s tile_loss=0.0000
progress phase=4.3 epoch=4/10 batch=3650/4369 work=38.4% elapsed=4297s ETA=6907s tile_loss=0.0000
progress phase=4.3 epoch=4/10 batch=3675/4369 work=38.4% elapsed=4304s ETA=6900s tile_loss=0.0000
progress phase=4.3 epoch=4/10 batch=3700/4369 work=38.5% elapsed=4310s ETA=6893s tile_loss=0.0000
progress phase=4.3 epoch=4/10 batch=3725/4369 work=38.5% elapsed=4316s ETA=6887s tile_loss=0.0000
progress phase=4.3 epoch=4/10 batch=3750/4369 work=38.6% elapsed=4322s ETA=6880s tile_loss=0.0000
progress phase=4.3 epoch=4/10 batch=3775/4369 work=38.6% elapsed=4328s ETA=6873s tile_loss=0.0000
progress phase=4.3 epoch=4/10 batch=3800/4369 work=38.7% elapsed=4336s ETA=6868s tile_loss=0.0000
progress phase=4.3 epoch=4/10 batch=3825/4369 work=38.8% elapsed=4342s ETA=6862s tile_loss=0.0000
progress phase=4.3 epoch=4/10 batch=3850/4369 work=38.8% elapsed=4348s ETA=6855s tile_loss=0.0000
progress phase=4.3 epoch=4/10 batch=3875/4369 work=38.9% elapsed=4354s ETA=6848s tile_loss=0.0000
progress phase=4.3 epoch=4/10 batch=3900/4369 work=38.9% elapsed=4361s ETA=6841s tile_loss=0.0000
progress phase=4.3 epoch=4/10 batch=3925/4369 work=39.0% elapsed=4367s ETA=6835s tile_loss=0.0000
progress phase=4.3 epoch=4/10 batch=3950/4369 work=39.0% elapsed=4373s ETA=6828s tile_loss=0.0000
progress phase=4.3 epoch=4/10 batch=3975/4369 work=39.1% elapsed=4380s ETA=6823s tile_loss=0.0000
progress phase=4.3 epoch=4/10 batch=4000/4369 work=39.2% elapsed=4386s ETA=6816s tile_loss=0.0000
progress phase=4.3 epoch=4/10 batch=4025/4369 work=39.2% elapsed=4392s ETA=6809s tile_loss=0.0000
progress phase=4.3 epoch=4/10 batch=4050/4369 work=39.3% elapsed=4399s ETA=6802s tile_loss=0.0000
progress phase=4.3 epoch=4/10 batch=4075/4369 work=39.3% elapsed=4405s ETA=6796s tile_loss=0.0000
progress phase=4.3 epoch=4/10 batch=4100/4369 work=39.4% elapsed=4411s ETA=6790s tile_loss=0.0000
progress phase=4.3 epoch=4/10 batch=4125/4369 work=39.4% elapsed=4418s ETA=6784s tile_loss=0.0000
progress phase=4.3 epoch=4/10 batch=4150/4369 work=39.5% elapsed=4425s ETA=6777s tile_loss=0.0000
progress phase=4.3 epoch=4/10 batch=4175/4369 work=39.6% elapsed=4431s ETA=6770s tile_loss=0.0000
progress phase=4.3 epoch=4/10 batch=4200/4369 work=39.6% elapsed=4437s ETA=6764s tile_loss=0.0000
progress phase=4.3 epoch=4/10 batch=4225/4369 work=39.7% elapsed=4443s ETA=6757s tile_loss=0.0000
progress phase=4.3 epoch=4/10 batch=4250/4369 work=39.7% elapsed=4449s ETA=6750s tile_loss=0.0000
progress phase=4.3 epoch=4/10 batch=4275/4369 work=39.8% elapsed=4456s ETA=6745s tile_loss=0.0000
progress phase=4.3 epoch=4/10 batch=4300/4369 work=39.8% elapsed=4463s ETA=6738s tile_loss=0.0000
progress phase=4.3 epoch=4/10 batch=4325/4369 work=39.9% elapsed=4469s ETA=6732s tile_loss=0.0000
progress phase=4.3 epoch=4/10 batch=4350/4369 work=40.0% elapsed=4475s ETA=6725s tile_loss=0.0000
progress phase=4.3 epoch=4/10 batch=4369/4369 work=40.0% elapsed=4480s ETA=6720s tile_loss=0.0000
epoch 04  train_loss=2.9844  val_slot@1=0.547  val_zone=0.437  val_tile=0.051  val_loss=3.4459
progress phase=4.3 epoch=5/10 batch=1/4369 work=40.0% elapsed=4492s ETA=6737s tile_loss=0.0000
progress phase=4.3 epoch=5/10 batch=25/4369 work=40.1% elapsed=4498s ETA=6731s tile_loss=0.0000
progress phase=4.3 epoch=5/10 batch=50/4369 work=40.1% elapsed=4504s ETA=6724s tile_loss=0.0000
progress phase=4.3 epoch=5/10 batch=75/4369 work=40.2% elapsed=4511s ETA=6718s tile_loss=0.0000
progress phase=4.3 epoch=5/10 batch=100/4369 work=40.2% elapsed=4517s ETA=6711s tile_loss=0.0000
progress phase=4.3 epoch=5/10 batch=125/4369 work=40.3% elapsed=4523s ETA=6705s tile_loss=0.0000
progress phase=4.3 epoch=5/10 batch=150/4369 work=40.3% elapsed=4530s ETA=6699s tile_loss=0.0000
progress phase=4.3 epoch=5/10 batch=175/4369 work=40.4% elapsed=4536s ETA=6692s tile_loss=0.0000
progress phase=4.3 epoch=5/10 batch=200/4369 work=40.5% elapsed=4542s ETA=6685s tile_loss=0.0000
progress phase=4.3 epoch=5/10 batch=225/4369 work=40.5% elapsed=4549s ETA=6678s tile_loss=0.0000
progress phase=4.3 epoch=5/10 batch=250/4369 work=40.6% elapsed=4555s ETA=6672s tile_loss=0.0000
progress phase=4.3 epoch=5/10 batch=275/4369 work=40.6% elapsed=4562s ETA=6666s tile_loss=0.0000
progress phase=4.3 epoch=5/10 batch=300/4369 work=40.7% elapsed=4568s ETA=6660s tile_loss=0.0000
progress phase=4.3 epoch=5/10 batch=325/4369 work=40.7% elapsed=4574s ETA=6653s tile_loss=0.0000
progress phase=4.3 epoch=5/10 batch=350/4369 work=40.8% elapsed=4581s ETA=6646s tile_loss=0.0000
progress phase=4.3 epoch=5/10 batch=375/4369 work=40.9% elapsed=4587s ETA=6640s tile_loss=0.0000
progress phase=4.3 epoch=5/10 batch=400/4369 work=40.9% elapsed=4594s ETA=6633s tile_loss=0.0000
progress phase=4.3 epoch=5/10 batch=425/4369 work=41.0% elapsed=4600s ETA=6627s tile_loss=0.0000
progress phase=4.3 epoch=5/10 batch=450/4369 work=41.0% elapsed=4607s ETA=6621s tile_loss=0.0000
progress phase=4.3 epoch=5/10 batch=475/4369 work=41.1% elapsed=4613s ETA=6614s tile_loss=0.0000
progress phase=4.3 epoch=5/10 batch=500/4369 work=41.1% elapsed=4619s ETA=6607s tile_loss=0.0000
progress phase=4.3 epoch=5/10 batch=525/4369 work=41.2% elapsed=4626s ETA=6601s tile_loss=0.0000
progress phase=4.3 epoch=5/10 batch=550/4369 work=41.3% elapsed=4632s ETA=6594s tile_loss=0.0000
progress phase=4.3 epoch=5/10 batch=575/4369 work=41.3% elapsed=4638s ETA=6588s tile_loss=0.0000
progress phase=4.3 epoch=5/10 batch=600/4369 work=41.4% elapsed=4645s ETA=6581s tile_loss=0.0000
progress phase=4.3 epoch=5/10 batch=625/4369 work=41.4% elapsed=4651s ETA=6576s tile_loss=0.0000
progress phase=4.3 epoch=5/10 batch=650/4369 work=41.5% elapsed=4658s ETA=6569s tile_loss=0.0000
progress phase=4.3 epoch=5/10 batch=675/4369 work=41.5% elapsed=4664s ETA=6563s tile_loss=0.0000
progress phase=4.3 epoch=5/10 batch=700/4369 work=41.6% elapsed=4671s ETA=6557s tile_loss=0.0000
progress phase=4.3 epoch=5/10 batch=725/4369 work=41.7% elapsed=4677s ETA=6550s tile_loss=0.0000
progress phase=4.3 epoch=5/10 batch=750/4369 work=41.7% elapsed=4683s ETA=6543s tile_loss=0.0000
progress phase=4.3 epoch=5/10 batch=775/4369 work=41.8% elapsed=4690s ETA=6537s tile_loss=0.0000
progress phase=4.3 epoch=5/10 batch=800/4369 work=41.8% elapsed=4697s ETA=6531s tile_loss=0.0000
progress phase=4.3 epoch=5/10 batch=825/4369 work=41.9% elapsed=4703s ETA=6525s tile_loss=0.0000
progress phase=4.3 epoch=5/10 batch=850/4369 work=41.9% elapsed=4710s ETA=6518s tile_loss=0.0000
progress phase=4.3 epoch=5/10 batch=875/4369 work=42.0% elapsed=4716s ETA=6512s tile_loss=0.0000
progress phase=4.3 epoch=5/10 batch=900/4369 work=42.1% elapsed=4722s ETA=6505s tile_loss=0.0000
progress phase=4.3 epoch=5/10 batch=925/4369 work=42.1% elapsed=4729s ETA=6499s tile_loss=0.0000
progress phase=4.3 epoch=5/10 batch=950/4369 work=42.2% elapsed=4735s ETA=6492s tile_loss=0.0000
progress phase=4.3 epoch=5/10 batch=975/4369 work=42.2% elapsed=4742s ETA=6486s tile_loss=0.0000
progress phase=4.3 epoch=5/10 batch=1000/4369 work=42.3% elapsed=4748s ETA=6479s tile_loss=0.0000
progress phase=4.3 epoch=5/10 batch=1025/4369 work=42.3% elapsed=4754s ETA=6472s tile_loss=0.0000
progress phase=4.3 epoch=5/10 batch=1050/4369 work=42.4% elapsed=4760s ETA=6466s tile_loss=0.0000
progress phase=4.3 epoch=5/10 batch=1075/4369 work=42.5% elapsed=4767s ETA=6460s tile_loss=0.0000
progress phase=4.3 epoch=5/10 batch=1100/4369 work=42.5% elapsed=4774s ETA=6454s tile_loss=0.0000
progress phase=4.3 epoch=5/10 batch=1125/4369 work=42.6% elapsed=4780s ETA=6447s tile_loss=0.0000
progress phase=4.3 epoch=5/10 batch=1150/4369 work=42.6% elapsed=4786s ETA=6440s tile_loss=0.0000
progress phase=4.3 epoch=5/10 batch=1175/4369 work=42.7% elapsed=4792s ETA=6434s tile_loss=0.0000
progress phase=4.3 epoch=5/10 batch=1200/4369 work=42.7% elapsed=4799s ETA=6427s tile_loss=0.0000
progress phase=4.3 epoch=5/10 batch=1225/4369 work=42.8% elapsed=4806s ETA=6422s tile_loss=0.0000
progress phase=4.3 epoch=5/10 batch=1250/4369 work=42.9% elapsed=4812s ETA=6415s tile_loss=0.0000
progress phase=4.3 epoch=5/10 batch=1275/4369 work=42.9% elapsed=4819s ETA=6409s tile_loss=0.0000
progress phase=4.3 epoch=5/10 batch=1300/4369 work=43.0% elapsed=4825s ETA=6403s tile_loss=0.0000
progress phase=4.3 epoch=5/10 batch=1325/4369 work=43.0% elapsed=4832s ETA=6396s tile_loss=0.0000
progress phase=4.3 epoch=5/10 batch=1350/4369 work=43.1% elapsed=4838s ETA=6390s tile_loss=0.0000
progress phase=4.3 epoch=5/10 batch=1375/4369 work=43.1% elapsed=4845s ETA=6384s tile_loss=0.0000
progress phase=4.3 epoch=5/10 batch=1400/4369 work=43.2% elapsed=4851s ETA=6377s tile_loss=0.0000
progress phase=4.3 epoch=5/10 batch=1425/4369 work=43.3% elapsed=4858s ETA=6371s tile_loss=0.0000
progress phase=4.3 epoch=5/10 batch=1450/4369 work=43.3% elapsed=4864s ETA=6364s tile_loss=0.0000
progress phase=4.3 epoch=5/10 batch=1475/4369 work=43.4% elapsed=4870s ETA=6358s tile_loss=0.0000
progress phase=4.3 epoch=5/10 batch=1500/4369 work=43.4% elapsed=4877s ETA=6351s tile_loss=0.0000
progress phase=4.3 epoch=5/10 batch=1525/4369 work=43.5% elapsed=4883s ETA=6345s tile_loss=0.0000
progress phase=4.3 epoch=5/10 batch=1550/4369 work=43.5% elapsed=4890s ETA=6339s tile_loss=0.0000
progress phase=4.3 epoch=5/10 batch=1575/4369 work=43.6% elapsed=4896s ETA=6332s tile_loss=0.0000
progress phase=4.3 epoch=5/10 batch=1600/4369 work=43.7% elapsed=4902s ETA=6325s tile_loss=0.0000
progress phase=4.3 epoch=5/10 batch=1625/4369 work=43.7% elapsed=4909s ETA=6319s tile_loss=0.0000
progress phase=4.3 epoch=5/10 batch=1650/4369 work=43.8% elapsed=4915s ETA=6312s tile_loss=0.0000
progress phase=4.3 epoch=5/10 batch=1675/4369 work=43.8% elapsed=4921s ETA=6306s tile_loss=0.0000
progress phase=4.3 epoch=5/10 batch=1700/4369 work=43.9% elapsed=4928s ETA=6299s tile_loss=0.0000
progress phase=4.3 epoch=5/10 batch=1725/4369 work=43.9% elapsed=4934s ETA=6293s tile_loss=0.0000
progress phase=4.3 epoch=5/10 batch=1750/4369 work=44.0% elapsed=4940s ETA=6286s tile_loss=0.0000
progress phase=4.3 epoch=5/10 batch=1775/4369 work=44.1% elapsed=4947s ETA=6280s tile_loss=0.0000
progress phase=4.3 epoch=5/10 batch=1800/4369 work=44.1% elapsed=4953s ETA=6274s tile_loss=0.0000
progress phase=4.3 epoch=5/10 batch=1825/4369 work=44.2% elapsed=4959s ETA=6267s tile_loss=0.0000
progress phase=4.3 epoch=5/10 batch=1850/4369 work=44.2% elapsed=4966s ETA=6260s tile_loss=0.0000
progress phase=4.3 epoch=5/10 batch=1875/4369 work=44.3% elapsed=4972s ETA=6254s tile_loss=0.0000
progress phase=4.3 epoch=5/10 batch=1900/4369 work=44.3% elapsed=4979s ETA=6248s tile_loss=0.0000
progress phase=4.3 epoch=5/10 batch=1925/4369 work=44.4% elapsed=4985s ETA=6241s tile_loss=0.0000
progress phase=4.3 epoch=5/10 batch=1950/4369 work=44.5% elapsed=4992s ETA=6235s tile_loss=0.0000
progress phase=4.3 epoch=5/10 batch=1975/4369 work=44.5% elapsed=4998s ETA=6229s tile_loss=0.0000
progress phase=4.3 epoch=5/10 batch=2000/4369 work=44.6% elapsed=5005s ETA=6223s tile_loss=0.0000
progress phase=4.3 epoch=5/10 batch=2025/4369 work=44.6% elapsed=5012s ETA=6216s tile_loss=0.0000
progress phase=4.3 epoch=5/10 batch=2050/4369 work=44.7% elapsed=5018s ETA=6210s tile_loss=0.0000
progress phase=4.3 epoch=5/10 batch=2075/4369 work=44.7% elapsed=5025s ETA=6204s tile_loss=0.0000
progress phase=4.3 epoch=5/10 batch=2100/4369 work=44.8% elapsed=5032s ETA=6198s tile_loss=0.0000
progress phase=4.3 epoch=5/10 batch=2125/4369 work=44.9% elapsed=5038s ETA=6192s tile_loss=0.0000
progress phase=4.3 epoch=5/10 batch=2150/4369 work=44.9% elapsed=5044s ETA=6185s tile_loss=0.0000
progress phase=4.3 epoch=5/10 batch=2175/4369 work=45.0% elapsed=5051s ETA=6179s tile_loss=0.0000
progress phase=4.3 epoch=5/10 batch=2200/4369 work=45.0% elapsed=5058s ETA=6173s tile_loss=0.0000
progress phase=4.3 epoch=5/10 batch=2225/4369 work=45.1% elapsed=5064s ETA=6166s tile_loss=0.0000
progress phase=4.3 epoch=5/10 batch=2250/4369 work=45.1% elapsed=5070s ETA=6159s tile_loss=0.0000
progress phase=4.3 epoch=5/10 batch=2275/4369 work=45.2% elapsed=5077s ETA=6153s tile_loss=0.0000
progress phase=4.3 epoch=5/10 batch=2300/4369 work=45.3% elapsed=5083s ETA=6147s tile_loss=0.0000
progress phase=4.3 epoch=5/10 batch=2325/4369 work=45.3% elapsed=5090s ETA=6141s tile_loss=0.0000
progress phase=4.3 epoch=5/10 batch=2350/4369 work=45.4% elapsed=5096s ETA=6134s tile_loss=0.0000
progress phase=4.3 epoch=5/10 batch=2375/4369 work=45.4% elapsed=5102s ETA=6128s tile_loss=0.0000
progress phase=4.3 epoch=5/10 batch=2400/4369 work=45.5% elapsed=5109s ETA=6121s tile_loss=0.0000
progress phase=4.3 epoch=5/10 batch=2425/4369 work=45.6% elapsed=5115s ETA=6114s tile_loss=0.0000
progress phase=4.3 epoch=5/10 batch=2450/4369 work=45.6% elapsed=5121s ETA=6107s tile_loss=0.0000
progress phase=4.3 epoch=5/10 batch=2475/4369 work=45.7% elapsed=5127s ETA=6101s tile_loss=0.0000
progress phase=4.3 epoch=5/10 batch=2500/4369 work=45.7% elapsed=5133s ETA=6094s tile_loss=0.0000
progress phase=4.3 epoch=5/10 batch=2525/4369 work=45.8% elapsed=5139s ETA=6087s tile_loss=0.0000
progress phase=4.3 epoch=5/10 batch=2550/4369 work=45.8% elapsed=5146s ETA=6080s tile_loss=0.0000
progress phase=4.3 epoch=5/10 batch=2575/4369 work=45.9% elapsed=5152s ETA=6074s tile_loss=0.0000
progress phase=4.3 epoch=5/10 batch=2600/4369 work=46.0% elapsed=5158s ETA=6067s tile_loss=0.0000
progress phase=4.3 epoch=5/10 batch=2625/4369 work=46.0% elapsed=5164s ETA=6060s tile_loss=0.0000
progress phase=4.3 epoch=5/10 batch=2650/4369 work=46.1% elapsed=5170s ETA=6054s tile_loss=0.0000
progress phase=4.3 epoch=5/10 batch=2675/4369 work=46.1% elapsed=5177s ETA=6047s tile_loss=0.0000
progress phase=4.3 epoch=5/10 batch=2700/4369 work=46.2% elapsed=5183s ETA=6040s tile_loss=0.0000
progress phase=4.3 epoch=5/10 batch=2725/4369 work=46.2% elapsed=5189s ETA=6033s tile_loss=0.0000
progress phase=4.3 epoch=5/10 batch=2750/4369 work=46.3% elapsed=5195s ETA=6027s tile_loss=0.0000
progress phase=4.3 epoch=5/10 batch=2775/4369 work=46.4% elapsed=5201s ETA=6020s tile_loss=0.0000
progress phase=4.3 epoch=5/10 batch=2800/4369 work=46.4% elapsed=5209s ETA=6016s tile_loss=0.0000
progress phase=4.3 epoch=5/10 batch=2825/4369 work=46.5% elapsed=5216s ETA=6009s tile_loss=0.0000
progress phase=4.3 epoch=5/10 batch=2850/4369 work=46.5% elapsed=5222s ETA=6002s tile_loss=0.0000
progress phase=4.3 epoch=5/10 batch=2875/4369 work=46.6% elapsed=5228s ETA=5996s tile_loss=0.0000
progress phase=4.3 epoch=5/10 batch=2900/4369 work=46.6% elapsed=5234s ETA=5989s tile_loss=0.0000
progress phase=4.3 epoch=5/10 batch=2925/4369 work=46.7% elapsed=5240s ETA=5982s tile_loss=0.0000
progress phase=4.3 epoch=5/10 batch=2950/4369 work=46.8% elapsed=5247s ETA=5976s tile_loss=0.0000
progress phase=4.3 epoch=5/10 batch=2975/4369 work=46.8% elapsed=5254s ETA=5970s tile_loss=0.0000
progress phase=4.3 epoch=5/10 batch=3000/4369 work=46.9% elapsed=5260s ETA=5963s tile_loss=0.0000
progress phase=4.3 epoch=5/10 batch=3025/4369 work=46.9% elapsed=5266s ETA=5957s tile_loss=0.0000
progress phase=4.3 epoch=5/10 batch=3050/4369 work=47.0% elapsed=5272s ETA=5950s tile_loss=0.0000
progress phase=4.3 epoch=5/10 batch=3075/4369 work=47.0% elapsed=5279s ETA=5943s tile_loss=0.0000
progress phase=4.3 epoch=5/10 batch=3100/4369 work=47.1% elapsed=5285s ETA=5937s tile_loss=0.0000
progress phase=4.3 epoch=5/10 batch=3125/4369 work=47.2% elapsed=5292s ETA=5931s tile_loss=0.0000
progress phase=4.3 epoch=5/10 batch=3150/4369 work=47.2% elapsed=5298s ETA=5924s tile_loss=0.0000
progress phase=4.3 epoch=5/10 batch=3175/4369 work=47.3% elapsed=5304s ETA=5917s tile_loss=0.0000
progress phase=4.3 epoch=5/10 batch=3200/4369 work=47.3% elapsed=5310s ETA=5911s tile_loss=0.0000
progress phase=4.3 epoch=5/10 batch=3225/4369 work=47.4% elapsed=5316s ETA=5904s tile_loss=0.0000
progress phase=4.3 epoch=5/10 batch=3250/4369 work=47.4% elapsed=5323s ETA=5898s tile_loss=0.0000
progress phase=4.3 epoch=5/10 batch=3275/4369 work=47.5% elapsed=5330s ETA=5892s tile_loss=0.0000
progress phase=4.3 epoch=5/10 batch=3300/4369 work=47.6% elapsed=5336s ETA=5885s tile_loss=0.0000
progress phase=4.3 epoch=5/10 batch=3325/4369 work=47.6% elapsed=5342s ETA=5879s tile_loss=0.0000
progress phase=4.3 epoch=5/10 batch=3350/4369 work=47.7% elapsed=5349s ETA=5872s tile_loss=0.0000
progress phase=4.3 epoch=5/10 batch=3375/4369 work=47.7% elapsed=5355s ETA=5865s tile_loss=0.0000
progress phase=4.3 epoch=5/10 batch=3400/4369 work=47.8% elapsed=5361s ETA=5859s tile_loss=0.0000
progress phase=4.3 epoch=5/10 batch=3425/4369 work=47.8% elapsed=5368s ETA=5852s tile_loss=0.0000
progress phase=4.3 epoch=5/10 batch=3450/4369 work=47.9% elapsed=5374s ETA=5847s tile_loss=0.0000
progress phase=4.3 epoch=5/10 batch=3475/4369 work=48.0% elapsed=5381s ETA=5840s tile_loss=0.0000
progress phase=4.3 epoch=5/10 batch=3500/4369 work=48.0% elapsed=5387s ETA=5833s tile_loss=0.0000
progress phase=4.3 epoch=5/10 batch=3525/4369 work=48.1% elapsed=5393s ETA=5827s tile_loss=0.0000
progress phase=4.3 epoch=5/10 batch=3550/4369 work=48.1% elapsed=5400s ETA=5820s tile_loss=0.0000
progress phase=4.3 epoch=5/10 batch=3575/4369 work=48.2% elapsed=5406s ETA=5814s tile_loss=0.0000
progress phase=4.3 epoch=5/10 batch=3600/4369 work=48.2% elapsed=5413s ETA=5808s tile_loss=0.0000
progress phase=4.3 epoch=5/10 batch=3625/4369 work=48.3% elapsed=5419s ETA=5801s tile_loss=0.0000
progress phase=4.3 epoch=5/10 batch=3650/4369 work=48.4% elapsed=5425s ETA=5795s tile_loss=0.0000
progress phase=4.3 epoch=5/10 batch=3675/4369 work=48.4% elapsed=5432s ETA=5788s tile_loss=0.0000
progress phase=4.3 epoch=5/10 batch=3700/4369 work=48.5% elapsed=5438s ETA=5781s tile_loss=0.0000
progress phase=4.3 epoch=5/10 batch=3725/4369 work=48.5% elapsed=5444s ETA=5775s tile_loss=0.0000
progress phase=4.3 epoch=5/10 batch=3750/4369 work=48.6% elapsed=5451s ETA=5769s tile_loss=0.0000
progress phase=4.3 epoch=5/10 batch=3775/4369 work=48.6% elapsed=5457s ETA=5763s tile_loss=0.0000
progress phase=4.3 epoch=5/10 batch=3800/4369 work=48.7% elapsed=5464s ETA=5756s tile_loss=0.0000
progress phase=4.3 epoch=5/10 batch=3825/4369 work=48.8% elapsed=5470s ETA=5749s tile_loss=0.0000
progress phase=4.3 epoch=5/10 batch=3850/4369 work=48.8% elapsed=5476s ETA=5743s tile_loss=0.0000
progress phase=4.3 epoch=5/10 batch=3875/4369 work=48.9% elapsed=5482s ETA=5736s tile_loss=0.0000
progress phase=4.3 epoch=5/10 batch=3900/4369 work=48.9% elapsed=5489s ETA=5730s tile_loss=0.0000
progress phase=4.3 epoch=5/10 batch=3925/4369 work=49.0% elapsed=5496s ETA=5724s tile_loss=0.0000
progress phase=4.3 epoch=5/10 batch=3950/4369 work=49.0% elapsed=5502s ETA=5717s tile_loss=0.0000
progress phase=4.3 epoch=5/10 batch=3975/4369 work=49.1% elapsed=5508s ETA=5710s tile_loss=0.0000
progress phase=4.3 epoch=5/10 batch=4000/4369 work=49.2% elapsed=5514s ETA=5704s tile_loss=0.0000
progress phase=4.3 epoch=5/10 batch=4025/4369 work=49.2% elapsed=5521s ETA=5697s tile_loss=0.0000
progress phase=4.3 epoch=5/10 batch=4050/4369 work=49.3% elapsed=5528s ETA=5691s tile_loss=0.0000
progress phase=4.3 epoch=5/10 batch=4075/4369 work=49.3% elapsed=5534s ETA=5685s tile_loss=0.0000
progress phase=4.3 epoch=5/10 batch=4100/4369 work=49.4% elapsed=5540s ETA=5678s tile_loss=0.0000
progress phase=4.3 epoch=5/10 batch=4125/4369 work=49.4% elapsed=5546s ETA=5671s tile_loss=0.0000
progress phase=4.3 epoch=5/10 batch=4150/4369 work=49.5% elapsed=5552s ETA=5665s tile_loss=0.0000
progress phase=4.3 epoch=5/10 batch=4175/4369 work=49.6% elapsed=5559s ETA=5659s tile_loss=0.0000
progress phase=4.3 epoch=5/10 batch=4200/4369 work=49.6% elapsed=5566s ETA=5653s tile_loss=0.0000
progress phase=4.3 epoch=5/10 batch=4225/4369 work=49.7% elapsed=5572s ETA=5646s tile_loss=0.0000
progress phase=4.3 epoch=5/10 batch=4250/4369 work=49.7% elapsed=5579s ETA=5640s tile_loss=0.0000
progress phase=4.3 epoch=5/10 batch=4275/4369 work=49.8% elapsed=5585s ETA=5633s tile_loss=0.0000
progress phase=4.3 epoch=5/10 batch=4300/4369 work=49.8% elapsed=5591s ETA=5627s tile_loss=0.0000
progress phase=4.3 epoch=5/10 batch=4325/4369 work=49.9% elapsed=5598s ETA=5620s tile_loss=0.0000
progress phase=4.3 epoch=5/10 batch=4350/4369 work=50.0% elapsed=5604s ETA=5614s tile_loss=0.0000
progress phase=4.3 epoch=5/10 batch=4369/4369 work=50.0% elapsed=5609s ETA=5609s tile_loss=0.0000
epoch 05  train_loss=2.9317  val_slot@1=0.551  val_zone=0.443  val_tile=0.058  val_loss=3.4299
progress phase=4.3 epoch=6/10 batch=1/4369 work=50.0% elapsed=5620s ETA=5619s tile_loss=0.0000
progress phase=4.3 epoch=6/10 batch=25/4369 work=50.1% elapsed=5626s ETA=5613s tile_loss=0.0000
progress phase=4.3 epoch=6/10 batch=50/4369 work=50.1% elapsed=5632s ETA=5607s tile_loss=0.0000
progress phase=4.3 epoch=6/10 batch=75/4369 work=50.2% elapsed=5639s ETA=5600s tile_loss=0.0000
progress phase=4.3 epoch=6/10 batch=100/4369 work=50.2% elapsed=5645s ETA=5594s tile_loss=0.0000
progress phase=4.3 epoch=6/10 batch=125/4369 work=50.3% elapsed=5651s ETA=5587s tile_loss=0.0000
progress phase=4.3 epoch=6/10 batch=150/4369 work=50.3% elapsed=5658s ETA=5581s tile_loss=0.0000
progress phase=4.3 epoch=6/10 batch=175/4369 work=50.4% elapsed=5664s ETA=5574s tile_loss=0.0000
progress phase=4.3 epoch=6/10 batch=200/4369 work=50.5% elapsed=5671s ETA=5568s tile_loss=0.0000
progress phase=4.3 epoch=6/10 batch=225/4369 work=50.5% elapsed=5677s ETA=5561s tile_loss=0.0000
progress phase=4.3 epoch=6/10 batch=250/4369 work=50.6% elapsed=5683s ETA=5555s tile_loss=0.0000
progress phase=4.3 epoch=6/10 batch=275/4369 work=50.6% elapsed=5689s ETA=5548s tile_loss=0.0000
progress phase=4.3 epoch=6/10 batch=300/4369 work=50.7% elapsed=5696s ETA=5541s tile_loss=0.0000
progress phase=4.3 epoch=6/10 batch=325/4369 work=50.7% elapsed=5703s ETA=5536s tile_loss=0.0000
progress phase=4.3 epoch=6/10 batch=350/4369 work=50.8% elapsed=5709s ETA=5529s tile_loss=0.0000
progress phase=4.3 epoch=6/10 batch=375/4369 work=50.9% elapsed=5716s ETA=5523s tile_loss=0.0000
progress phase=4.3 epoch=6/10 batch=400/4369 work=50.9% elapsed=5722s ETA=5516s tile_loss=0.0000
progress phase=4.3 epoch=6/10 batch=425/4369 work=51.0% elapsed=5728s ETA=5509s tile_loss=0.0000
progress phase=4.3 epoch=6/10 batch=450/4369 work=51.0% elapsed=5735s ETA=5503s tile_loss=0.0000
progress phase=4.3 epoch=6/10 batch=475/4369 work=51.1% elapsed=5742s ETA=5497s tile_loss=0.0000
progress phase=4.3 epoch=6/10 batch=500/4369 work=51.1% elapsed=5748s ETA=5491s tile_loss=0.0000
progress phase=4.3 epoch=6/10 batch=525/4369 work=51.2% elapsed=5754s ETA=5484s tile_loss=0.0000
progress phase=4.3 epoch=6/10 batch=550/4369 work=51.3% elapsed=5761s ETA=5478s tile_loss=0.0000
progress phase=4.3 epoch=6/10 batch=575/4369 work=51.3% elapsed=5767s ETA=5471s tile_loss=0.0000
progress phase=4.3 epoch=6/10 batch=600/4369 work=51.4% elapsed=5774s ETA=5465s tile_loss=0.0000
progress phase=4.3 epoch=6/10 batch=625/4369 work=51.4% elapsed=5780s ETA=5459s tile_loss=0.0000
progress phase=4.3 epoch=6/10 batch=650/4369 work=51.5% elapsed=5787s ETA=5452s tile_loss=0.0000
progress phase=4.3 epoch=6/10 batch=675/4369 work=51.5% elapsed=5793s ETA=5446s tile_loss=0.0000
progress phase=4.3 epoch=6/10 batch=700/4369 work=51.6% elapsed=5799s ETA=5439s tile_loss=0.0000
progress phase=4.3 epoch=6/10 batch=725/4369 work=51.7% elapsed=5805s ETA=5432s tile_loss=0.0000
progress phase=4.3 epoch=6/10 batch=750/4369 work=51.7% elapsed=5812s ETA=5427s tile_loss=0.0000
progress phase=4.3 epoch=6/10 batch=775/4369 work=51.8% elapsed=5819s ETA=5420s tile_loss=0.0000
progress phase=4.3 epoch=6/10 batch=800/4369 work=51.8% elapsed=5825s ETA=5413s tile_loss=0.0000
progress phase=4.3 epoch=6/10 batch=825/4369 work=51.9% elapsed=5831s ETA=5407s tile_loss=0.0000
progress phase=4.3 epoch=6/10 batch=850/4369 work=51.9% elapsed=5838s ETA=5401s tile_loss=0.0000
progress phase=4.3 epoch=6/10 batch=875/4369 work=52.0% elapsed=5844s ETA=5394s tile_loss=0.0000
progress phase=4.3 epoch=6/10 batch=900/4369 work=52.1% elapsed=5851s ETA=5388s tile_loss=0.0000
progress phase=4.3 epoch=6/10 batch=925/4369 work=52.1% elapsed=5857s ETA=5381s tile_loss=0.0000
progress phase=4.3 epoch=6/10 batch=950/4369 work=52.2% elapsed=5864s ETA=5375s tile_loss=0.0000
progress phase=4.3 epoch=6/10 batch=975/4369 work=52.2% elapsed=5870s ETA=5368s tile_loss=0.0000
progress phase=4.3 epoch=6/10 batch=1000/4369 work=52.3% elapsed=5876s ETA=5362s tile_loss=0.0000
progress phase=4.3 epoch=6/10 batch=1025/4369 work=52.3% elapsed=5883s ETA=5355s tile_loss=0.0000
progress phase=4.3 epoch=6/10 batch=1050/4369 work=52.4% elapsed=5889s ETA=5349s tile_loss=0.0000
progress phase=4.3 epoch=6/10 batch=1075/4369 work=52.5% elapsed=5895s ETA=5342s tile_loss=0.0000
progress phase=4.3 epoch=6/10 batch=1100/4369 work=52.5% elapsed=5902s ETA=5336s tile_loss=0.0000
progress phase=4.3 epoch=6/10 batch=1125/4369 work=52.6% elapsed=5908s ETA=5330s tile_loss=0.0000
progress phase=4.3 epoch=6/10 batch=1150/4369 work=52.6% elapsed=5915s ETA=5323s tile_loss=0.0000
progress phase=4.3 epoch=6/10 batch=1175/4369 work=52.7% elapsed=5921s ETA=5316s tile_loss=0.0000
progress phase=4.3 epoch=6/10 batch=1200/4369 work=52.7% elapsed=5928s ETA=5310s tile_loss=0.0000
progress phase=4.3 epoch=6/10 batch=1225/4369 work=52.8% elapsed=5934s ETA=5304s tile_loss=0.0000
progress phase=4.3 epoch=6/10 batch=1250/4369 work=52.9% elapsed=5940s ETA=5297s tile_loss=0.0000
progress phase=4.3 epoch=6/10 batch=1275/4369 work=52.9% elapsed=5947s ETA=5291s tile_loss=0.0000
progress phase=4.3 epoch=6/10 batch=1300/4369 work=53.0% elapsed=5953s ETA=5284s tile_loss=0.0000
progress phase=4.3 epoch=6/10 batch=1325/4369 work=53.0% elapsed=5959s ETA=5278s tile_loss=0.0000
progress phase=4.3 epoch=6/10 batch=1350/4369 work=53.1% elapsed=5965s ETA=5271s tile_loss=0.0000
progress phase=4.3 epoch=6/10 batch=1375/4369 work=53.1% elapsed=5972s ETA=5264s tile_loss=0.0000
progress phase=4.3 epoch=6/10 batch=1400/4369 work=53.2% elapsed=5978s ETA=5258s tile_loss=0.0000
progress phase=4.3 epoch=6/10 batch=1425/4369 work=53.3% elapsed=5984s ETA=5251s tile_loss=0.0000
progress phase=4.3 epoch=6/10 batch=1450/4369 work=53.3% elapsed=5990s ETA=5244s tile_loss=0.0000
progress phase=4.3 epoch=6/10 batch=1475/4369 work=53.4% elapsed=5996s ETA=5238s tile_loss=0.0000
progress phase=4.3 epoch=6/10 batch=1500/4369 work=53.4% elapsed=6003s ETA=5231s tile_loss=0.0000
progress phase=4.3 epoch=6/10 batch=1525/4369 work=53.5% elapsed=6009s ETA=5224s tile_loss=0.0000
progress phase=4.3 epoch=6/10 batch=1550/4369 work=53.5% elapsed=6015s ETA=5218s tile_loss=0.0000
progress phase=4.3 epoch=6/10 batch=1575/4369 work=53.6% elapsed=6021s ETA=5211s tile_loss=0.0000
progress phase=4.3 epoch=6/10 batch=1600/4369 work=53.7% elapsed=6027s ETA=5205s tile_loss=0.0000
progress phase=4.3 epoch=6/10 batch=1625/4369 work=53.7% elapsed=6033s ETA=5198s tile_loss=0.0000
progress phase=4.3 epoch=6/10 batch=1650/4369 work=53.8% elapsed=6040s ETA=5191s tile_loss=0.0000
progress phase=4.3 epoch=6/10 batch=1675/4369 work=53.8% elapsed=6046s ETA=5185s tile_loss=0.0000
progress phase=4.3 epoch=6/10 batch=1700/4369 work=53.9% elapsed=6052s ETA=5178s tile_loss=0.0000
progress phase=4.3 epoch=6/10 batch=1725/4369 work=53.9% elapsed=6059s ETA=5172s tile_loss=0.0000
progress phase=4.3 epoch=6/10 batch=1750/4369 work=54.0% elapsed=6065s ETA=5165s tile_loss=0.0000
progress phase=4.3 epoch=6/10 batch=1775/4369 work=54.1% elapsed=6071s ETA=5159s tile_loss=0.0000
progress phase=4.3 epoch=6/10 batch=1800/4369 work=54.1% elapsed=6077s ETA=5152s tile_loss=0.0000
progress phase=4.3 epoch=6/10 batch=1825/4369 work=54.2% elapsed=6084s ETA=5145s tile_loss=0.0000
progress phase=4.3 epoch=6/10 batch=1850/4369 work=54.2% elapsed=6090s ETA=5139s tile_loss=0.0000
progress phase=4.3 epoch=6/10 batch=1875/4369 work=54.3% elapsed=6096s ETA=5132s tile_loss=0.0000
progress phase=4.3 epoch=6/10 batch=1900/4369 work=54.3% elapsed=6102s ETA=5126s tile_loss=0.0000
progress phase=4.3 epoch=6/10 batch=1925/4369 work=54.4% elapsed=6108s ETA=5119s tile_loss=0.0000
progress phase=4.3 epoch=6/10 batch=1950/4369 work=54.5% elapsed=6115s ETA=5113s tile_loss=0.0000
progress phase=4.3 epoch=6/10 batch=1975/4369 work=54.5% elapsed=6121s ETA=5106s tile_loss=0.0000
progress phase=4.3 epoch=6/10 batch=2000/4369 work=54.6% elapsed=6128s ETA=5100s tile_loss=0.0000
progress phase=4.3 epoch=6/10 batch=2025/4369 work=54.6% elapsed=6134s ETA=5093s tile_loss=0.0000
progress phase=4.3 epoch=6/10 batch=2050/4369 work=54.7% elapsed=6140s ETA=5087s tile_loss=0.0000
progress phase=4.3 epoch=6/10 batch=2075/4369 work=54.7% elapsed=6146s ETA=5080s tile_loss=0.0000
progress phase=4.3 epoch=6/10 batch=2100/4369 work=54.8% elapsed=6153s ETA=5074s tile_loss=0.0000
progress phase=4.3 epoch=6/10 batch=2125/4369 work=54.9% elapsed=6159s ETA=5067s tile_loss=0.0000
progress phase=4.3 epoch=6/10 batch=2150/4369 work=54.9% elapsed=6166s ETA=5061s tile_loss=0.0000
progress phase=4.3 epoch=6/10 batch=2175/4369 work=55.0% elapsed=6172s ETA=5054s tile_loss=0.0000
progress phase=4.3 epoch=6/10 batch=2200/4369 work=55.0% elapsed=6179s ETA=5048s tile_loss=0.0000
progress phase=4.3 epoch=6/10 batch=2225/4369 work=55.1% elapsed=6185s ETA=5042s tile_loss=0.0000
progress phase=4.3 epoch=6/10 batch=2250/4369 work=55.1% elapsed=6191s ETA=5035s tile_loss=0.0000
progress phase=4.3 epoch=6/10 batch=2275/4369 work=55.2% elapsed=6197s ETA=5028s tile_loss=0.0000
progress phase=4.3 epoch=6/10 batch=2300/4369 work=55.3% elapsed=6204s ETA=5022s tile_loss=0.0000
progress phase=4.3 epoch=6/10 batch=2325/4369 work=55.3% elapsed=6210s ETA=5015s tile_loss=0.0000
progress phase=4.3 epoch=6/10 batch=2350/4369 work=55.4% elapsed=6216s ETA=5009s tile_loss=0.0000
progress phase=4.3 epoch=6/10 batch=2375/4369 work=55.4% elapsed=6222s ETA=5002s tile_loss=0.0000
progress phase=4.3 epoch=6/10 batch=2400/4369 work=55.5% elapsed=6229s ETA=4995s tile_loss=0.0000
progress phase=4.3 epoch=6/10 batch=2425/4369 work=55.6% elapsed=6235s ETA=4989s tile_loss=0.0000
progress phase=4.3 epoch=6/10 batch=2450/4369 work=55.6% elapsed=6241s ETA=4983s tile_loss=0.0000
progress phase=4.3 epoch=6/10 batch=2475/4369 work=55.7% elapsed=6248s ETA=4976s tile_loss=0.0000
progress phase=4.3 epoch=6/10 batch=2500/4369 work=55.7% elapsed=6254s ETA=4969s tile_loss=0.0000
progress phase=4.3 epoch=6/10 batch=2525/4369 work=55.8% elapsed=6260s ETA=4963s tile_loss=0.0000
progress phase=4.3 epoch=6/10 batch=2550/4369 work=55.8% elapsed=6266s ETA=4956s tile_loss=0.0000
progress phase=4.3 epoch=6/10 batch=2575/4369 work=55.9% elapsed=6273s ETA=4950s tile_loss=0.0000
progress phase=4.3 epoch=6/10 batch=2600/4369 work=56.0% elapsed=6279s ETA=4943s tile_loss=0.0000
progress phase=4.3 epoch=6/10 batch=2625/4369 work=56.0% elapsed=6285s ETA=4937s tile_loss=0.0000
progress phase=4.3 epoch=6/10 batch=2650/4369 work=56.1% elapsed=6292s ETA=4931s tile_loss=0.0000
progress phase=4.3 epoch=6/10 batch=2675/4369 work=56.1% elapsed=6298s ETA=4924s tile_loss=0.0000
progress phase=4.3 epoch=6/10 batch=2700/4369 work=56.2% elapsed=6304s ETA=4917s tile_loss=0.0000
progress phase=4.3 epoch=6/10 batch=2725/4369 work=56.2% elapsed=6311s ETA=4911s tile_loss=0.0000
progress phase=4.3 epoch=6/10 batch=2750/4369 work=56.3% elapsed=6317s ETA=4904s tile_loss=0.0000
progress phase=4.3 epoch=6/10 batch=2775/4369 work=56.4% elapsed=6324s ETA=4898s tile_loss=0.0000
progress phase=4.3 epoch=6/10 batch=2800/4369 work=56.4% elapsed=6330s ETA=4892s tile_loss=0.0000
progress phase=4.3 epoch=6/10 batch=2825/4369 work=56.5% elapsed=6337s ETA=4885s tile_loss=0.0000
progress phase=4.3 epoch=6/10 batch=2850/4369 work=56.5% elapsed=6343s ETA=4879s tile_loss=0.0000
progress phase=4.3 epoch=6/10 batch=2875/4369 work=56.6% elapsed=6349s ETA=4872s tile_loss=0.0000
progress phase=4.3 epoch=6/10 batch=2900/4369 work=56.6% elapsed=6355s ETA=4866s tile_loss=0.0000
progress phase=4.3 epoch=6/10 batch=2925/4369 work=56.7% elapsed=6362s ETA=4859s tile_loss=0.0000
progress phase=4.3 epoch=6/10 batch=2950/4369 work=56.8% elapsed=6368s ETA=4852s tile_loss=0.0000
progress phase=4.3 epoch=6/10 batch=2975/4369 work=56.8% elapsed=6374s ETA=4846s tile_loss=0.0000
progress phase=4.3 epoch=6/10 batch=3000/4369 work=56.9% elapsed=6380s ETA=4840s tile_loss=0.0000
progress phase=4.3 epoch=6/10 batch=3025/4369 work=56.9% elapsed=6387s ETA=4833s tile_loss=0.0000
progress phase=4.3 epoch=6/10 batch=3050/4369 work=57.0% elapsed=6393s ETA=4827s tile_loss=0.0000
progress phase=4.3 epoch=6/10 batch=3075/4369 work=57.0% elapsed=6399s ETA=4820s tile_loss=0.0000
progress phase=4.3 epoch=6/10 batch=3100/4369 work=57.1% elapsed=6406s ETA=4814s tile_loss=0.0000
progress phase=4.3 epoch=6/10 batch=3125/4369 work=57.2% elapsed=6412s ETA=4807s tile_loss=0.0000
progress phase=4.3 epoch=6/10 batch=3150/4369 work=57.2% elapsed=6418s ETA=4800s tile_loss=0.0000
progress phase=4.3 epoch=6/10 batch=3175/4369 work=57.3% elapsed=6424s ETA=4794s tile_loss=0.0000
progress phase=4.3 epoch=6/10 batch=3200/4369 work=57.3% elapsed=6431s ETA=4787s tile_loss=0.0000
progress phase=4.3 epoch=6/10 batch=3225/4369 work=57.4% elapsed=6437s ETA=4781s tile_loss=0.0000
progress phase=4.3 epoch=6/10 batch=3250/4369 work=57.4% elapsed=6444s ETA=4775s tile_loss=0.0000
progress phase=4.3 epoch=6/10 batch=3275/4369 work=57.5% elapsed=6450s ETA=4768s tile_loss=0.0000
progress phase=4.3 epoch=6/10 batch=3300/4369 work=57.6% elapsed=6456s ETA=4762s tile_loss=0.0000
progress phase=4.3 epoch=6/10 batch=3325/4369 work=57.6% elapsed=6463s ETA=4755s tile_loss=0.0000
progress phase=4.3 epoch=6/10 batch=3350/4369 work=57.7% elapsed=6469s ETA=4749s tile_loss=0.0000
progress phase=4.3 epoch=6/10 batch=3375/4369 work=57.7% elapsed=6475s ETA=4742s tile_loss=0.0000
progress phase=4.3 epoch=6/10 batch=3400/4369 work=57.8% elapsed=6481s ETA=4735s tile_loss=0.0000
progress phase=4.3 epoch=6/10 batch=3425/4369 work=57.8% elapsed=6488s ETA=4729s tile_loss=0.0000
progress phase=4.3 epoch=6/10 batch=3450/4369 work=57.9% elapsed=6495s ETA=4723s tile_loss=0.0000
progress phase=4.3 epoch=6/10 batch=3475/4369 work=58.0% elapsed=6501s ETA=4717s tile_loss=0.0000
progress phase=4.3 epoch=6/10 batch=3500/4369 work=58.0% elapsed=6507s ETA=4710s tile_loss=0.0000
progress phase=4.3 epoch=6/10 batch=3525/4369 work=58.1% elapsed=6513s ETA=4703s tile_loss=0.0000
progress phase=4.3 epoch=6/10 batch=3550/4369 work=58.1% elapsed=6520s ETA=4697s tile_loss=0.0000
progress phase=4.3 epoch=6/10 batch=3575/4369 work=58.2% elapsed=6526s ETA=4690s tile_loss=0.0000
progress phase=4.3 epoch=6/10 batch=3600/4369 work=58.2% elapsed=6532s ETA=4684s tile_loss=0.0000
progress phase=4.3 epoch=6/10 batch=3625/4369 work=58.3% elapsed=6539s ETA=4678s tile_loss=0.0000
progress phase=4.3 epoch=6/10 batch=3650/4369 work=58.4% elapsed=6546s ETA=4672s tile_loss=0.0000
progress phase=4.3 epoch=6/10 batch=3675/4369 work=58.4% elapsed=6553s ETA=4665s tile_loss=0.0000
progress phase=4.3 epoch=6/10 batch=3700/4369 work=58.5% elapsed=6559s ETA=4659s tile_loss=0.0000
progress phase=4.3 epoch=6/10 batch=3725/4369 work=58.5% elapsed=6565s ETA=4652s tile_loss=0.0000
progress phase=4.3 epoch=6/10 batch=3750/4369 work=58.6% elapsed=6571s ETA=4646s tile_loss=0.0000
progress phase=4.3 epoch=6/10 batch=3775/4369 work=58.6% elapsed=6577s ETA=4639s tile_loss=0.0000
progress phase=4.3 epoch=6/10 batch=3800/4369 work=58.7% elapsed=6583s ETA=4632s tile_loss=0.0000
progress phase=4.3 epoch=6/10 batch=3825/4369 work=58.8% elapsed=6590s ETA=4626s tile_loss=0.0000
progress phase=4.3 epoch=6/10 batch=3850/4369 work=58.8% elapsed=6597s ETA=4620s tile_loss=0.0000
progress phase=4.3 epoch=6/10 batch=3875/4369 work=58.9% elapsed=6604s ETA=4614s tile_loss=0.0000
progress phase=4.3 epoch=6/10 batch=3900/4369 work=58.9% elapsed=6610s ETA=4607s tile_loss=0.0000
progress phase=4.3 epoch=6/10 batch=3925/4369 work=59.0% elapsed=6616s ETA=4601s tile_loss=0.0000
progress phase=4.3 epoch=6/10 batch=3950/4369 work=59.0% elapsed=6622s ETA=4594s tile_loss=0.0000
progress phase=4.3 epoch=6/10 batch=3975/4369 work=59.1% elapsed=6628s ETA=4587s tile_loss=0.0000
progress phase=4.3 epoch=6/10 batch=4000/4369 work=59.2% elapsed=6634s ETA=4581s tile_loss=0.0000
progress phase=4.3 epoch=6/10 batch=4025/4369 work=59.2% elapsed=6641s ETA=4574s tile_loss=0.0000
progress phase=4.3 epoch=6/10 batch=4050/4369 work=59.3% elapsed=6647s ETA=4568s tile_loss=0.0000
progress phase=4.3 epoch=6/10 batch=4075/4369 work=59.3% elapsed=6654s ETA=4562s tile_loss=0.0000
progress phase=4.3 epoch=6/10 batch=4100/4369 work=59.4% elapsed=6660s ETA=4555s tile_loss=0.0000
progress phase=4.3 epoch=6/10 batch=4125/4369 work=59.4% elapsed=6667s ETA=4549s tile_loss=0.0000
progress phase=4.3 epoch=6/10 batch=4150/4369 work=59.5% elapsed=6673s ETA=4542s tile_loss=0.0000
progress phase=4.3 epoch=6/10 batch=4175/4369 work=59.6% elapsed=6679s ETA=4536s tile_loss=0.0000
progress phase=4.3 epoch=6/10 batch=4200/4369 work=59.6% elapsed=6686s ETA=4529s tile_loss=0.0000
progress phase=4.3 epoch=6/10 batch=4225/4369 work=59.7% elapsed=6692s ETA=4523s tile_loss=0.0000
progress phase=4.3 epoch=6/10 batch=4250/4369 work=59.7% elapsed=6699s ETA=4517s tile_loss=0.0000
progress phase=4.3 epoch=6/10 batch=4275/4369 work=59.8% elapsed=6705s ETA=4510s tile_loss=0.0000
progress phase=4.3 epoch=6/10 batch=4300/4369 work=59.8% elapsed=6711s ETA=4504s tile_loss=0.0000
progress phase=4.3 epoch=6/10 batch=4325/4369 work=59.9% elapsed=6718s ETA=4497s tile_loss=0.0000
progress phase=4.3 epoch=6/10 batch=4350/4369 work=60.0% elapsed=6724s ETA=4491s tile_loss=0.0000
progress phase=4.3 epoch=6/10 batch=4369/4369 work=60.0% elapsed=6729s ETA=4486s tile_loss=0.0000
epoch 06  train_loss=2.8905  val_slot@1=0.553  val_zone=0.444  val_tile=0.056  val_loss=3.3978
progress phase=4.3 epoch=7/10 batch=1/4369 work=60.0% elapsed=6740s ETA=4493s tile_loss=0.0000
progress phase=4.3 epoch=7/10 batch=25/4369 work=60.1% elapsed=6746s ETA=4487s tile_loss=0.0000
progress phase=4.3 epoch=7/10 batch=50/4369 work=60.1% elapsed=6752s ETA=4480s tile_loss=0.0000
progress phase=4.3 epoch=7/10 batch=75/4369 work=60.2% elapsed=6759s ETA=4474s tile_loss=0.0000
progress phase=4.3 epoch=7/10 batch=100/4369 work=60.2% elapsed=6765s ETA=4467s tile_loss=0.0000
progress phase=4.3 epoch=7/10 batch=125/4369 work=60.3% elapsed=6771s ETA=4461s tile_loss=0.0000
progress phase=4.3 epoch=7/10 batch=150/4369 work=60.3% elapsed=6778s ETA=4454s tile_loss=0.0000
progress phase=4.3 epoch=7/10 batch=175/4369 work=60.4% elapsed=6784s ETA=4448s tile_loss=0.0000
progress phase=4.3 epoch=7/10 batch=200/4369 work=60.5% elapsed=6790s ETA=4441s tile_loss=0.0000
progress phase=4.3 epoch=7/10 batch=225/4369 work=60.5% elapsed=6796s ETA=4435s tile_loss=0.0000
progress phase=4.3 epoch=7/10 batch=250/4369 work=60.6% elapsed=6803s ETA=4428s tile_loss=0.0000
progress phase=4.3 epoch=7/10 batch=275/4369 work=60.6% elapsed=6809s ETA=4422s tile_loss=0.0000
progress phase=4.3 epoch=7/10 batch=300/4369 work=60.7% elapsed=6815s ETA=4415s tile_loss=0.0000
progress phase=4.3 epoch=7/10 batch=325/4369 work=60.7% elapsed=6822s ETA=4409s tile_loss=0.0000
progress phase=4.3 epoch=7/10 batch=350/4369 work=60.8% elapsed=6829s ETA=4402s tile_loss=0.0000
progress phase=4.3 epoch=7/10 batch=375/4369 work=60.9% elapsed=6835s ETA=4396s tile_loss=0.0000
progress phase=4.3 epoch=7/10 batch=400/4369 work=60.9% elapsed=6841s ETA=4389s tile_loss=0.0000
progress phase=4.3 epoch=7/10 batch=425/4369 work=61.0% elapsed=6847s ETA=4383s tile_loss=0.0000
progress phase=4.3 epoch=7/10 batch=450/4369 work=61.0% elapsed=6854s ETA=4377s tile_loss=0.0000
progress phase=4.3 epoch=7/10 batch=475/4369 work=61.1% elapsed=6861s ETA=4370s tile_loss=0.0000
progress phase=4.3 epoch=7/10 batch=500/4369 work=61.1% elapsed=6867s ETA=4364s tile_loss=0.0000
progress phase=4.3 epoch=7/10 batch=525/4369 work=61.2% elapsed=6873s ETA=4357s tile_loss=0.0000
progress phase=4.3 epoch=7/10 batch=550/4369 work=61.3% elapsed=6879s ETA=4351s tile_loss=0.0000
progress phase=4.3 epoch=7/10 batch=575/4369 work=61.3% elapsed=6885s ETA=4344s tile_loss=0.0000
progress phase=4.3 epoch=7/10 batch=600/4369 work=61.4% elapsed=6892s ETA=4337s tile_loss=0.0000
progress phase=4.3 epoch=7/10 batch=625/4369 work=61.4% elapsed=6898s ETA=4331s tile_loss=0.0000
progress phase=4.3 epoch=7/10 batch=650/4369 work=61.5% elapsed=6904s ETA=4325s tile_loss=0.0000
progress phase=4.3 epoch=7/10 batch=675/4369 work=61.5% elapsed=6911s ETA=4318s tile_loss=0.0000
progress phase=4.3 epoch=7/10 batch=700/4369 work=61.6% elapsed=6917s ETA=4312s tile_loss=0.0000
progress phase=4.3 epoch=7/10 batch=725/4369 work=61.7% elapsed=6924s ETA=4305s tile_loss=0.0000
progress phase=4.3 epoch=7/10 batch=750/4369 work=61.7% elapsed=6930s ETA=4299s tile_loss=0.0000
progress phase=4.3 epoch=7/10 batch=775/4369 work=61.8% elapsed=6936s ETA=4292s tile_loss=0.0000
progress phase=4.3 epoch=7/10 batch=800/4369 work=61.8% elapsed=6942s ETA=4286s tile_loss=0.0000
progress phase=4.3 epoch=7/10 batch=825/4369 work=61.9% elapsed=6949s ETA=4279s tile_loss=0.0000
progress phase=4.3 epoch=7/10 batch=850/4369 work=61.9% elapsed=6955s ETA=4273s tile_loss=0.0000
progress phase=4.3 epoch=7/10 batch=875/4369 work=62.0% elapsed=6962s ETA=4266s tile_loss=0.0000
progress phase=4.3 epoch=7/10 batch=900/4369 work=62.1% elapsed=6968s ETA=4260s tile_loss=0.0000
progress phase=4.3 epoch=7/10 batch=925/4369 work=62.1% elapsed=6974s ETA=4253s tile_loss=0.0000
progress phase=4.3 epoch=7/10 batch=950/4369 work=62.2% elapsed=6980s ETA=4247s tile_loss=0.0000
progress phase=4.3 epoch=7/10 batch=975/4369 work=62.2% elapsed=6987s ETA=4240s tile_loss=0.0000
progress phase=4.3 epoch=7/10 batch=1000/4369 work=62.3% elapsed=6994s ETA=4234s tile_loss=0.0000
progress phase=4.3 epoch=7/10 batch=1025/4369 work=62.3% elapsed=7000s ETA=4228s tile_loss=0.0000
progress phase=4.3 epoch=7/10 batch=1050/4369 work=62.4% elapsed=7006s ETA=4221s tile_loss=0.0000
progress phase=4.3 epoch=7/10 batch=1075/4369 work=62.5% elapsed=7013s ETA=4215s tile_loss=0.0000
progress phase=4.3 epoch=7/10 batch=1100/4369 work=62.5% elapsed=7019s ETA=4208s tile_loss=0.0000
progress phase=4.3 epoch=7/10 batch=1125/4369 work=62.6% elapsed=7025s ETA=4202s tile_loss=0.0000
progress phase=4.3 epoch=7/10 batch=1150/4369 work=62.6% elapsed=7032s ETA=4195s tile_loss=0.0000
progress phase=4.3 epoch=7/10 batch=1175/4369 work=62.7% elapsed=7039s ETA=4189s tile_loss=0.0000
progress phase=4.3 epoch=7/10 batch=1200/4369 work=62.7% elapsed=7045s ETA=4183s tile_loss=0.0000
progress phase=4.3 epoch=7/10 batch=1225/4369 work=62.8% elapsed=7051s ETA=4176s tile_loss=0.0000
progress phase=4.3 epoch=7/10 batch=1250/4369 work=62.9% elapsed=7057s ETA=4170s tile_loss=0.0000
progress phase=4.3 epoch=7/10 batch=1275/4369 work=62.9% elapsed=7063s ETA=4163s tile_loss=0.0000
progress phase=4.3 epoch=7/10 batch=1300/4369 work=63.0% elapsed=7070s ETA=4157s tile_loss=0.0000
progress phase=4.3 epoch=7/10 batch=1325/4369 work=63.0% elapsed=7077s ETA=4150s tile_loss=0.0000
progress phase=4.3 epoch=7/10 batch=1350/4369 work=63.1% elapsed=7083s ETA=4144s tile_loss=0.0000
progress phase=4.3 epoch=7/10 batch=1375/4369 work=63.1% elapsed=7089s ETA=4137s tile_loss=0.0000
progress phase=4.3 epoch=7/10 batch=1400/4369 work=63.2% elapsed=7095s ETA=4131s tile_loss=0.0000
progress phase=4.3 epoch=7/10 batch=1425/4369 work=63.3% elapsed=7101s ETA=4124s tile_loss=0.0000
progress phase=4.3 epoch=7/10 batch=1450/4369 work=63.3% elapsed=7108s ETA=4118s tile_loss=0.0000
progress phase=4.3 epoch=7/10 batch=1475/4369 work=63.4% elapsed=7114s ETA=4111s tile_loss=0.0000
progress phase=4.3 epoch=7/10 batch=1500/4369 work=63.4% elapsed=7121s ETA=4105s tile_loss=0.0000
progress phase=4.3 epoch=7/10 batch=1525/4369 work=63.5% elapsed=7127s ETA=4099s tile_loss=0.0000
progress phase=4.3 epoch=7/10 batch=1550/4369 work=63.5% elapsed=7134s ETA=4092s tile_loss=0.0000
progress phase=4.3 epoch=7/10 batch=1575/4369 work=63.6% elapsed=7140s ETA=4085s tile_loss=0.0000
progress phase=4.3 epoch=7/10 batch=1600/4369 work=63.7% elapsed=7147s ETA=4079s tile_loss=0.0000
progress phase=4.3 epoch=7/10 batch=1625/4369 work=63.7% elapsed=7153s ETA=4073s tile_loss=0.0000
progress phase=4.3 epoch=7/10 batch=1650/4369 work=63.8% elapsed=7160s ETA=4066s tile_loss=0.0000
progress phase=4.3 epoch=7/10 batch=1675/4369 work=63.8% elapsed=7166s ETA=4060s tile_loss=0.0000
progress phase=4.3 epoch=7/10 batch=1700/4369 work=63.9% elapsed=7172s ETA=4053s tile_loss=0.0000
progress phase=4.3 epoch=7/10 batch=1725/4369 work=63.9% elapsed=7178s ETA=4047s tile_loss=0.0000
progress phase=4.3 epoch=7/10 batch=1750/4369 work=64.0% elapsed=7184s ETA=4040s tile_loss=0.0000
progress phase=4.3 epoch=7/10 batch=1775/4369 work=64.1% elapsed=7191s ETA=4034s tile_loss=0.0000
progress phase=4.3 epoch=7/10 batch=1800/4369 work=64.1% elapsed=7198s ETA=4028s tile_loss=0.0000
progress phase=4.3 epoch=7/10 batch=1825/4369 work=64.2% elapsed=7204s ETA=4021s tile_loss=0.0000
progress phase=4.3 epoch=7/10 batch=1850/4369 work=64.2% elapsed=7210s ETA=4015s tile_loss=0.0000
progress phase=4.3 epoch=7/10 batch=1875/4369 work=64.3% elapsed=7217s ETA=4008s tile_loss=0.0000
progress phase=4.3 epoch=7/10 batch=1900/4369 work=64.3% elapsed=7223s ETA=4002s tile_loss=0.0000
progress phase=4.3 epoch=7/10 batch=1925/4369 work=64.4% elapsed=7230s ETA=3996s tile_loss=0.0000
progress phase=4.3 epoch=7/10 batch=1950/4369 work=64.5% elapsed=7237s ETA=3989s tile_loss=0.0000
progress phase=4.3 epoch=7/10 batch=1975/4369 work=64.5% elapsed=7243s ETA=3983s tile_loss=0.0000
progress phase=4.3 epoch=7/10 batch=2000/4369 work=64.6% elapsed=7249s ETA=3976s tile_loss=0.0000
progress phase=4.3 epoch=7/10 batch=2025/4369 work=64.6% elapsed=7255s ETA=3970s tile_loss=0.0000
progress phase=4.3 epoch=7/10 batch=2050/4369 work=64.7% elapsed=7262s ETA=3963s tile_loss=0.0000
progress phase=4.3 epoch=7/10 batch=2075/4369 work=64.7% elapsed=7269s ETA=3957s tile_loss=0.0000
progress phase=4.3 epoch=7/10 batch=2100/4369 work=64.8% elapsed=7275s ETA=3951s tile_loss=0.0000
progress phase=4.3 epoch=7/10 batch=2125/4369 work=64.9% elapsed=7281s ETA=3944s tile_loss=0.0000
progress phase=4.3 epoch=7/10 batch=2150/4369 work=64.9% elapsed=7287s ETA=3938s tile_loss=0.0000
progress phase=4.3 epoch=7/10 batch=2175/4369 work=65.0% elapsed=7294s ETA=3931s tile_loss=0.0000
progress phase=4.3 epoch=7/10 batch=2200/4369 work=65.0% elapsed=7300s ETA=3925s tile_loss=0.0000
progress phase=4.3 epoch=7/10 batch=2225/4369 work=65.1% elapsed=7307s ETA=3918s tile_loss=0.0000
progress phase=4.3 epoch=7/10 batch=2250/4369 work=65.1% elapsed=7313s ETA=3912s tile_loss=0.0000
progress phase=4.3 epoch=7/10 batch=2275/4369 work=65.2% elapsed=7319s ETA=3905s tile_loss=0.0000
progress phase=4.3 epoch=7/10 batch=2300/4369 work=65.3% elapsed=7326s ETA=3899s tile_loss=0.0000
progress phase=4.3 epoch=7/10 batch=2325/4369 work=65.3% elapsed=7332s ETA=3892s tile_loss=0.0000
progress phase=4.3 epoch=7/10 batch=2350/4369 work=65.4% elapsed=7338s ETA=3886s tile_loss=0.0000
progress phase=4.3 epoch=7/10 batch=2375/4369 work=65.4% elapsed=7345s ETA=3880s tile_loss=0.0000
progress phase=4.3 epoch=7/10 batch=2400/4369 work=65.5% elapsed=7351s ETA=3873s tile_loss=0.0000
progress phase=4.3 epoch=7/10 batch=2425/4369 work=65.6% elapsed=7357s ETA=3867s tile_loss=0.0000
progress phase=4.3 epoch=7/10 batch=2450/4369 work=65.6% elapsed=7364s ETA=3860s tile_loss=0.0000
progress phase=4.3 epoch=7/10 batch=2475/4369 work=65.7% elapsed=7370s ETA=3854s tile_loss=0.0000
progress phase=4.3 epoch=7/10 batch=2500/4369 work=65.7% elapsed=7376s ETA=3847s tile_loss=0.0000
progress phase=4.3 epoch=7/10 batch=2525/4369 work=65.8% elapsed=7383s ETA=3841s tile_loss=0.0000
progress phase=4.3 epoch=7/10 batch=2550/4369 work=65.8% elapsed=7390s ETA=3835s tile_loss=0.0000
progress phase=4.3 epoch=7/10 batch=2575/4369 work=65.9% elapsed=7396s ETA=3828s tile_loss=0.0000
progress phase=4.3 epoch=7/10 batch=2600/4369 work=66.0% elapsed=7402s ETA=3821s tile_loss=0.0000
progress phase=4.3 epoch=7/10 batch=2625/4369 work=66.0% elapsed=7409s ETA=3816s tile_loss=0.0000
progress phase=4.3 epoch=7/10 batch=2650/4369 work=66.1% elapsed=7416s ETA=3809s tile_loss=0.0000
progress phase=4.3 epoch=7/10 batch=2675/4369 work=66.1% elapsed=7422s ETA=3803s tile_loss=0.0000
progress phase=4.3 epoch=7/10 batch=2700/4369 work=66.2% elapsed=7428s ETA=3796s tile_loss=0.0000
progress phase=4.3 epoch=7/10 batch=2725/4369 work=66.2% elapsed=7435s ETA=3790s tile_loss=0.0000
progress phase=4.3 epoch=7/10 batch=2750/4369 work=66.3% elapsed=7441s ETA=3783s tile_loss=0.0000
progress phase=4.3 epoch=7/10 batch=2775/4369 work=66.4% elapsed=7448s ETA=3777s tile_loss=0.0000
progress phase=4.3 epoch=7/10 batch=2800/4369 work=66.4% elapsed=7454s ETA=3771s tile_loss=0.0000
progress phase=4.3 epoch=7/10 batch=2825/4369 work=66.5% elapsed=7461s ETA=3764s tile_loss=0.0000
progress phase=4.3 epoch=7/10 batch=2850/4369 work=66.5% elapsed=7467s ETA=3757s tile_loss=0.0000
progress phase=4.3 epoch=7/10 batch=2875/4369 work=66.6% elapsed=7473s ETA=3751s tile_loss=0.0000
progress phase=4.3 epoch=7/10 batch=2900/4369 work=66.6% elapsed=7479s ETA=3745s tile_loss=0.0000
progress phase=4.3 epoch=7/10 batch=2925/4369 work=66.7% elapsed=7487s ETA=3739s tile_loss=0.0000
progress phase=4.3 epoch=7/10 batch=2950/4369 work=66.8% elapsed=7493s ETA=3732s tile_loss=0.0000
progress phase=4.3 epoch=7/10 batch=2975/4369 work=66.8% elapsed=7500s ETA=3726s tile_loss=0.0000
progress phase=4.3 epoch=7/10 batch=3000/4369 work=66.9% elapsed=7506s ETA=3719s tile_loss=0.0000
progress phase=4.3 epoch=7/10 batch=3025/4369 work=66.9% elapsed=7512s ETA=3713s tile_loss=0.0000
progress phase=4.3 epoch=7/10 batch=3050/4369 work=67.0% elapsed=7519s ETA=3706s tile_loss=0.0000
progress phase=4.3 epoch=7/10 batch=3075/4369 work=67.0% elapsed=7525s ETA=3700s tile_loss=0.0000
progress phase=4.3 epoch=7/10 batch=3100/4369 work=67.1% elapsed=7532s ETA=3694s tile_loss=0.0000
progress phase=4.3 epoch=7/10 batch=3125/4369 work=67.2% elapsed=7539s ETA=3688s tile_loss=0.0000
progress phase=4.3 epoch=7/10 batch=3150/4369 work=67.2% elapsed=7545s ETA=3681s tile_loss=0.0000
progress phase=4.3 epoch=7/10 batch=3175/4369 work=67.3% elapsed=7551s ETA=3675s tile_loss=0.0000
progress phase=4.3 epoch=7/10 batch=3200/4369 work=67.3% elapsed=7557s ETA=3668s tile_loss=0.0000
progress phase=4.3 epoch=7/10 batch=3225/4369 work=67.4% elapsed=7564s ETA=3661s tile_loss=0.0000
progress phase=4.3 epoch=7/10 batch=3250/4369 work=67.4% elapsed=7571s ETA=3655s tile_loss=0.0000
progress phase=4.3 epoch=7/10 batch=3275/4369 work=67.5% elapsed=7577s ETA=3649s tile_loss=0.0000
progress phase=4.3 epoch=7/10 batch=3300/4369 work=67.6% elapsed=7583s ETA=3642s tile_loss=0.0000
progress phase=4.3 epoch=7/10 batch=3325/4369 work=67.6% elapsed=7590s ETA=3636s tile_loss=0.0000
progress phase=4.3 epoch=7/10 batch=3350/4369 work=67.7% elapsed=7596s ETA=3629s tile_loss=0.0000
progress phase=4.3 epoch=7/10 batch=3375/4369 work=67.7% elapsed=7604s ETA=3624s tile_loss=0.0000
progress phase=4.3 epoch=7/10 batch=3400/4369 work=67.8% elapsed=7610s ETA=3617s tile_loss=0.0000
progress phase=4.3 epoch=7/10 batch=3425/4369 work=67.8% elapsed=7616s ETA=3611s tile_loss=0.0000
progress phase=4.3 epoch=7/10 batch=3450/4369 work=67.9% elapsed=7622s ETA=3604s tile_loss=0.0000
progress phase=4.3 epoch=7/10 batch=3475/4369 work=68.0% elapsed=7628s ETA=3597s tile_loss=0.0000
progress phase=4.3 epoch=7/10 batch=3500/4369 work=68.0% elapsed=7635s ETA=3591s tile_loss=0.0000
progress phase=4.3 epoch=7/10 batch=3525/4369 work=68.1% elapsed=7642s ETA=3585s tile_loss=0.0000
progress phase=4.3 epoch=7/10 batch=3550/4369 work=68.1% elapsed=7648s ETA=3578s tile_loss=0.0000
progress phase=4.3 epoch=7/10 batch=3575/4369 work=68.2% elapsed=7654s ETA=3572s tile_loss=0.0000
progress phase=4.3 epoch=7/10 batch=3600/4369 work=68.2% elapsed=7660s ETA=3565s tile_loss=0.0000
progress phase=4.3 epoch=7/10 batch=3625/4369 work=68.3% elapsed=7667s ETA=3559s tile_loss=0.0000
progress phase=4.3 epoch=7/10 batch=3650/4369 work=68.4% elapsed=7673s ETA=3552s tile_loss=0.0000
progress phase=4.3 epoch=7/10 batch=3675/4369 work=68.4% elapsed=7680s ETA=3546s tile_loss=0.0000
progress phase=4.3 epoch=7/10 batch=3700/4369 work=68.5% elapsed=7686s ETA=3540s tile_loss=0.0000
progress phase=4.3 epoch=7/10 batch=3725/4369 work=68.5% elapsed=7692s ETA=3533s tile_loss=0.0000
progress phase=4.3 epoch=7/10 batch=3750/4369 work=68.6% elapsed=7699s ETA=3527s tile_loss=0.0000
progress phase=4.3 epoch=7/10 batch=3775/4369 work=68.6% elapsed=7705s ETA=3520s tile_loss=0.0000
progress phase=4.3 epoch=7/10 batch=3800/4369 work=68.7% elapsed=7711s ETA=3514s tile_loss=0.0000
progress phase=4.3 epoch=7/10 batch=3825/4369 work=68.8% elapsed=7718s ETA=3507s tile_loss=0.0000
progress phase=4.3 epoch=7/10 batch=3850/4369 work=68.8% elapsed=7724s ETA=3501s tile_loss=0.0000
progress phase=4.3 epoch=7/10 batch=3875/4369 work=68.9% elapsed=7730s ETA=3494s tile_loss=0.0000
progress phase=4.3 epoch=7/10 batch=3900/4369 work=68.9% elapsed=7737s ETA=3488s tile_loss=0.0000
progress phase=4.3 epoch=7/10 batch=3925/4369 work=69.0% elapsed=7744s ETA=3482s tile_loss=0.0000
progress phase=4.3 epoch=7/10 batch=3950/4369 work=69.0% elapsed=7750s ETA=3475s tile_loss=0.0000
progress phase=4.3 epoch=7/10 batch=3975/4369 work=69.1% elapsed=7756s ETA=3469s tile_loss=0.0000
progress phase=4.3 epoch=7/10 batch=4000/4369 work=69.2% elapsed=7763s ETA=3462s tile_loss=0.0000
progress phase=4.3 epoch=7/10 batch=4025/4369 work=69.2% elapsed=7769s ETA=3456s tile_loss=0.0000
progress phase=4.3 epoch=7/10 batch=4050/4369 work=69.3% elapsed=7775s ETA=3449s tile_loss=0.0000
progress phase=4.3 epoch=7/10 batch=4075/4369 work=69.3% elapsed=7782s ETA=3443s tile_loss=0.0000
progress phase=4.3 epoch=7/10 batch=4100/4369 work=69.4% elapsed=7789s ETA=3437s tile_loss=0.0000
progress phase=4.3 epoch=7/10 batch=4125/4369 work=69.4% elapsed=7795s ETA=3430s tile_loss=0.0000
progress phase=4.3 epoch=7/10 batch=4150/4369 work=69.5% elapsed=7801s ETA=3424s tile_loss=0.0000
progress phase=4.3 epoch=7/10 batch=4175/4369 work=69.6% elapsed=7807s ETA=3417s tile_loss=0.0000
progress phase=4.3 epoch=7/10 batch=4200/4369 work=69.6% elapsed=7813s ETA=3411s tile_loss=0.0000
progress phase=4.3 epoch=7/10 batch=4225/4369 work=69.7% elapsed=7820s ETA=3404s tile_loss=0.0000
progress phase=4.3 epoch=7/10 batch=4250/4369 work=69.7% elapsed=7826s ETA=3398s tile_loss=0.0000
progress phase=4.3 epoch=7/10 batch=4275/4369 work=69.8% elapsed=7832s ETA=3391s tile_loss=0.0000
progress phase=4.3 epoch=7/10 batch=4300/4369 work=69.8% elapsed=7838s ETA=3385s tile_loss=0.0000
progress phase=4.3 epoch=7/10 batch=4325/4369 work=69.9% elapsed=7844s ETA=3378s tile_loss=0.0000
progress phase=4.3 epoch=7/10 batch=4350/4369 work=70.0% elapsed=7850s ETA=3371s tile_loss=0.0000
progress phase=4.3 epoch=7/10 batch=4369/4369 work=70.0% elapsed=7855s ETA=3366s tile_loss=0.0000
epoch 07  train_loss=2.8563  val_slot@1=0.554  val_zone=0.445  val_tile=0.058  val_loss=3.4002
progress phase=4.3 epoch=8/10 batch=1/4369 work=70.0% elapsed=7866s ETA=3371s tile_loss=0.0000
progress phase=4.3 epoch=8/10 batch=25/4369 work=70.1% elapsed=7872s ETA=3364s tile_loss=0.0000
progress phase=4.3 epoch=8/10 batch=50/4369 work=70.1% elapsed=7878s ETA=3358s tile_loss=0.0000
progress phase=4.3 epoch=8/10 batch=75/4369 work=70.2% elapsed=7884s ETA=3351s tile_loss=0.0000
progress phase=4.3 epoch=8/10 batch=100/4369 work=70.2% elapsed=7891s ETA=3345s tile_loss=0.0000
progress phase=4.3 epoch=8/10 batch=125/4369 work=70.3% elapsed=7897s ETA=3339s tile_loss=0.0000
progress phase=4.3 epoch=8/10 batch=150/4369 work=70.3% elapsed=7903s ETA=3332s tile_loss=0.0000
progress phase=4.3 epoch=8/10 batch=175/4369 work=70.4% elapsed=7909s ETA=3325s tile_loss=0.0000
progress phase=4.3 epoch=8/10 batch=200/4369 work=70.5% elapsed=7916s ETA=3319s tile_loss=0.0000
progress phase=4.3 epoch=8/10 batch=225/4369 work=70.5% elapsed=7922s ETA=3313s tile_loss=0.0000
progress phase=4.3 epoch=8/10 batch=250/4369 work=70.6% elapsed=7928s ETA=3306s tile_loss=0.0000
progress phase=4.3 epoch=8/10 batch=275/4369 work=70.6% elapsed=7935s ETA=3300s tile_loss=0.0000
progress phase=4.3 epoch=8/10 batch=300/4369 work=70.7% elapsed=7941s ETA=3293s tile_loss=0.0000
progress phase=4.3 epoch=8/10 batch=325/4369 work=70.7% elapsed=7947s ETA=3287s tile_loss=0.0000
progress phase=4.3 epoch=8/10 batch=350/4369 work=70.8% elapsed=7954s ETA=3280s tile_loss=0.0000
progress phase=4.3 epoch=8/10 batch=375/4369 work=70.9% elapsed=7960s ETA=3274s tile_loss=0.0000
progress phase=4.3 epoch=8/10 batch=400/4369 work=70.9% elapsed=7967s ETA=3267s tile_loss=0.0000
progress phase=4.3 epoch=8/10 batch=425/4369 work=71.0% elapsed=7973s ETA=3261s tile_loss=0.0000
progress phase=4.3 epoch=8/10 batch=450/4369 work=71.0% elapsed=7979s ETA=3254s tile_loss=0.0000
progress phase=4.3 epoch=8/10 batch=475/4369 work=71.1% elapsed=7985s ETA=3248s tile_loss=0.0000
progress phase=4.3 epoch=8/10 batch=500/4369 work=71.1% elapsed=7992s ETA=3241s tile_loss=0.0000
progress phase=4.3 epoch=8/10 batch=525/4369 work=71.2% elapsed=7998s ETA=3235s tile_loss=0.0000
progress phase=4.3 epoch=8/10 batch=550/4369 work=71.3% elapsed=8004s ETA=3228s tile_loss=0.0000
progress phase=4.3 epoch=8/10 batch=575/4369 work=71.3% elapsed=8010s ETA=3222s tile_loss=0.0000
progress phase=4.3 epoch=8/10 batch=600/4369 work=71.4% elapsed=8017s ETA=3215s tile_loss=0.0000
progress phase=4.3 epoch=8/10 batch=625/4369 work=71.4% elapsed=8023s ETA=3209s tile_loss=0.0000
progress phase=4.3 epoch=8/10 batch=650/4369 work=71.5% elapsed=8029s ETA=3202s tile_loss=0.0000
progress phase=4.3 epoch=8/10 batch=675/4369 work=71.5% elapsed=8036s ETA=3196s tile_loss=0.0000
progress phase=4.3 epoch=8/10 batch=700/4369 work=71.6% elapsed=8042s ETA=3189s tile_loss=0.0000
progress phase=4.3 epoch=8/10 batch=725/4369 work=71.7% elapsed=8048s ETA=3183s tile_loss=0.0000
progress phase=4.3 epoch=8/10 batch=750/4369 work=71.7% elapsed=8055s ETA=3177s tile_loss=0.0000
progress phase=4.3 epoch=8/10 batch=775/4369 work=71.8% elapsed=8061s ETA=3170s tile_loss=0.0000
progress phase=4.3 epoch=8/10 batch=800/4369 work=71.8% elapsed=8068s ETA=3164s tile_loss=0.0000
progress phase=4.3 epoch=8/10 batch=825/4369 work=71.9% elapsed=8074s ETA=3157s tile_loss=0.0000
progress phase=4.3 epoch=8/10 batch=850/4369 work=71.9% elapsed=8080s ETA=3151s tile_loss=0.0000
progress phase=4.3 epoch=8/10 batch=875/4369 work=72.0% elapsed=8086s ETA=3144s tile_loss=0.0000
progress phase=4.3 epoch=8/10 batch=900/4369 work=72.1% elapsed=8093s ETA=3138s tile_loss=0.0000
progress phase=4.3 epoch=8/10 batch=925/4369 work=72.1% elapsed=8099s ETA=3131s tile_loss=0.0000
progress phase=4.3 epoch=8/10 batch=950/4369 work=72.2% elapsed=8106s ETA=3125s tile_loss=0.0000
progress phase=4.3 epoch=8/10 batch=975/4369 work=72.2% elapsed=8112s ETA=3119s tile_loss=0.0000
progress phase=4.3 epoch=8/10 batch=1000/4369 work=72.3% elapsed=8118s ETA=3112s tile_loss=0.0000
progress phase=4.3 epoch=8/10 batch=1025/4369 work=72.3% elapsed=8124s ETA=3105s tile_loss=0.0000
progress phase=4.3 epoch=8/10 batch=1050/4369 work=72.4% elapsed=8130s ETA=3099s tile_loss=0.0000
progress phase=4.3 epoch=8/10 batch=1075/4369 work=72.5% elapsed=8137s ETA=3092s tile_loss=0.0000
progress phase=4.3 epoch=8/10 batch=1100/4369 work=72.5% elapsed=8144s ETA=3086s tile_loss=0.0000
progress phase=4.3 epoch=8/10 batch=1125/4369 work=72.6% elapsed=8150s ETA=3080s tile_loss=0.0000
progress phase=4.3 epoch=8/10 batch=1150/4369 work=72.6% elapsed=8157s ETA=3073s tile_loss=0.0000
progress phase=4.3 epoch=8/10 batch=1175/4369 work=72.7% elapsed=8163s ETA=3067s tile_loss=0.0000
progress phase=4.3 epoch=8/10 batch=1200/4369 work=72.7% elapsed=8169s ETA=3060s tile_loss=0.0000
progress phase=4.3 epoch=8/10 batch=1225/4369 work=72.8% elapsed=8175s ETA=3054s tile_loss=0.0000
progress phase=4.3 epoch=8/10 batch=1250/4369 work=72.9% elapsed=8182s ETA=3047s tile_loss=0.0000
progress phase=4.3 epoch=8/10 batch=1275/4369 work=72.9% elapsed=8188s ETA=3041s tile_loss=0.0000
progress phase=4.3 epoch=8/10 batch=1300/4369 work=73.0% elapsed=8195s ETA=3035s tile_loss=0.0000
progress phase=4.3 epoch=8/10 batch=1325/4369 work=73.0% elapsed=8201s ETA=3028s tile_loss=0.0000
progress phase=4.3 epoch=8/10 batch=1350/4369 work=73.1% elapsed=8207s ETA=3022s tile_loss=0.0000
progress phase=4.3 epoch=8/10 batch=1375/4369 work=73.1% elapsed=8214s ETA=3015s tile_loss=0.0000
progress phase=4.3 epoch=8/10 batch=1400/4369 work=73.2% elapsed=8220s ETA=3009s tile_loss=0.0000
progress phase=4.3 epoch=8/10 batch=1425/4369 work=73.3% elapsed=8226s ETA=3002s tile_loss=0.0000
progress phase=4.3 epoch=8/10 batch=1450/4369 work=73.3% elapsed=8232s ETA=2996s tile_loss=0.0000
progress phase=4.3 epoch=8/10 batch=1475/4369 work=73.4% elapsed=8239s ETA=2989s tile_loss=0.0000
progress phase=4.3 epoch=8/10 batch=1500/4369 work=73.4% elapsed=8245s ETA=2983s tile_loss=0.0000
progress phase=4.3 epoch=8/10 batch=1525/4369 work=73.5% elapsed=8252s ETA=2977s tile_loss=0.0000
progress phase=4.3 epoch=8/10 batch=1550/4369 work=73.5% elapsed=8258s ETA=2970s tile_loss=0.0000
progress phase=4.3 epoch=8/10 batch=1575/4369 work=73.6% elapsed=8264s ETA=2964s tile_loss=0.0000
progress phase=4.3 epoch=8/10 batch=1600/4369 work=73.7% elapsed=8270s ETA=2957s tile_loss=0.0000
progress phase=4.3 epoch=8/10 batch=1625/4369 work=73.7% elapsed=8277s ETA=2951s tile_loss=0.0000
progress phase=4.3 epoch=8/10 batch=1650/4369 work=73.8% elapsed=8283s ETA=2944s tile_loss=0.0000
progress phase=4.3 epoch=8/10 batch=1675/4369 work=73.8% elapsed=8289s ETA=2938s tile_loss=0.0000
progress phase=4.3 epoch=8/10 batch=1700/4369 work=73.9% elapsed=8296s ETA=2931s tile_loss=0.0000
progress phase=4.3 epoch=8/10 batch=1725/4369 work=73.9% elapsed=8302s ETA=2925s tile_loss=0.0000
progress phase=4.3 epoch=8/10 batch=1750/4369 work=74.0% elapsed=8308s ETA=2918s tile_loss=0.0000
progress phase=4.3 epoch=8/10 batch=1775/4369 work=74.1% elapsed=8315s ETA=2912s tile_loss=0.0000
progress phase=4.3 epoch=8/10 batch=1800/4369 work=74.1% elapsed=8321s ETA=2905s tile_loss=0.0000
progress phase=4.3 epoch=8/10 batch=1825/4369 work=74.2% elapsed=8327s ETA=2899s tile_loss=0.0000
progress phase=4.3 epoch=8/10 batch=1850/4369 work=74.2% elapsed=8334s ETA=2892s tile_loss=0.0000
progress phase=4.3 epoch=8/10 batch=1875/4369 work=74.3% elapsed=8340s ETA=2886s tile_loss=0.0000
progress phase=4.3 epoch=8/10 batch=1900/4369 work=74.3% elapsed=8346s ETA=2880s tile_loss=0.0000
progress phase=4.3 epoch=8/10 batch=1925/4369 work=74.4% elapsed=8353s ETA=2873s tile_loss=0.0000
progress phase=4.3 epoch=8/10 batch=1950/4369 work=74.5% elapsed=8359s ETA=2867s tile_loss=0.0000
progress phase=4.3 epoch=8/10 batch=1975/4369 work=74.5% elapsed=8365s ETA=2860s tile_loss=0.0000
progress phase=4.3 epoch=8/10 batch=2000/4369 work=74.6% elapsed=8372s ETA=2854s tile_loss=0.0000
progress phase=4.3 epoch=8/10 batch=2025/4369 work=74.6% elapsed=8378s ETA=2847s tile_loss=0.0000
progress phase=4.3 epoch=8/10 batch=2050/4369 work=74.7% elapsed=8384s ETA=2841s tile_loss=0.0000
progress phase=4.3 epoch=8/10 batch=2075/4369 work=74.7% elapsed=8391s ETA=2834s tile_loss=0.0000
progress phase=4.3 epoch=8/10 batch=2100/4369 work=74.8% elapsed=8397s ETA=2828s tile_loss=0.0000
progress phase=4.3 epoch=8/10 batch=2125/4369 work=74.9% elapsed=8404s ETA=2822s tile_loss=0.0000
progress phase=4.3 epoch=8/10 batch=2150/4369 work=74.9% elapsed=8410s ETA=2815s tile_loss=0.0000
progress phase=4.3 epoch=8/10 batch=2175/4369 work=75.0% elapsed=8416s ETA=2809s tile_loss=0.0000
progress phase=4.3 epoch=8/10 batch=2200/4369 work=75.0% elapsed=8422s ETA=2802s tile_loss=0.0000
progress phase=4.3 epoch=8/10 batch=2225/4369 work=75.1% elapsed=8428s ETA=2796s tile_loss=0.0000
progress phase=4.3 epoch=8/10 batch=2250/4369 work=75.1% elapsed=8435s ETA=2789s tile_loss=0.0000
progress phase=4.3 epoch=8/10 batch=2275/4369 work=75.2% elapsed=8442s ETA=2783s tile_loss=0.0000
progress phase=4.3 epoch=8/10 batch=2300/4369 work=75.3% elapsed=8448s ETA=2776s tile_loss=0.0000
progress phase=4.3 epoch=8/10 batch=2325/4369 work=75.3% elapsed=8454s ETA=2770s tile_loss=0.0000
progress phase=4.3 epoch=8/10 batch=2350/4369 work=75.4% elapsed=8460s ETA=2763s tile_loss=0.0000
progress phase=4.3 epoch=8/10 batch=2375/4369 work=75.4% elapsed=8466s ETA=2757s tile_loss=0.0000
progress phase=4.3 epoch=8/10 batch=2400/4369 work=75.5% elapsed=8473s ETA=2750s tile_loss=0.0000
progress phase=4.3 epoch=8/10 batch=2425/4369 work=75.6% elapsed=8479s ETA=2744s tile_loss=0.0000
progress phase=4.3 epoch=8/10 batch=2450/4369 work=75.6% elapsed=8486s ETA=2738s tile_loss=0.0000
progress phase=4.3 epoch=8/10 batch=2475/4369 work=75.7% elapsed=8492s ETA=2731s tile_loss=0.0000
progress phase=4.3 epoch=8/10 batch=2500/4369 work=75.7% elapsed=8498s ETA=2725s tile_loss=0.0000
progress phase=4.3 epoch=8/10 batch=2525/4369 work=75.8% elapsed=8505s ETA=2718s tile_loss=0.0000
progress phase=4.3 epoch=8/10 batch=2550/4369 work=75.8% elapsed=8511s ETA=2712s tile_loss=0.0000
progress phase=4.3 epoch=8/10 batch=2575/4369 work=75.9% elapsed=8517s ETA=2705s tile_loss=0.0000
progress phase=4.3 epoch=8/10 batch=2600/4369 work=76.0% elapsed=8524s ETA=2699s tile_loss=0.0000
progress phase=4.3 epoch=8/10 batch=2625/4369 work=76.0% elapsed=8530s ETA=2693s tile_loss=0.0000
progress phase=4.3 epoch=8/10 batch=2650/4369 work=76.1% elapsed=8537s ETA=2686s tile_loss=0.0000
progress phase=4.3 epoch=8/10 batch=2675/4369 work=76.1% elapsed=8543s ETA=2680s tile_loss=0.0000
progress phase=4.3 epoch=8/10 batch=2700/4369 work=76.2% elapsed=8550s ETA=2673s tile_loss=0.0000
progress phase=4.3 epoch=8/10 batch=2725/4369 work=76.2% elapsed=8556s ETA=2667s tile_loss=0.0000
progress phase=4.3 epoch=8/10 batch=2750/4369 work=76.3% elapsed=8562s ETA=2660s tile_loss=0.0000
progress phase=4.3 epoch=8/10 batch=2775/4369 work=76.4% elapsed=8568s ETA=2654s tile_loss=0.0000
progress phase=4.3 epoch=8/10 batch=2800/4369 work=76.4% elapsed=8575s ETA=2647s tile_loss=0.0000
progress phase=4.3 epoch=8/10 batch=2825/4369 work=76.5% elapsed=8581s ETA=2641s tile_loss=0.0000
progress phase=4.3 epoch=8/10 batch=2850/4369 work=76.5% elapsed=8587s ETA=2635s tile_loss=0.0000
progress phase=4.3 epoch=8/10 batch=2875/4369 work=76.6% elapsed=8594s ETA=2628s tile_loss=0.0000
progress phase=4.3 epoch=8/10 batch=2900/4369 work=76.6% elapsed=8600s ETA=2622s tile_loss=0.0000
progress phase=4.3 epoch=8/10 batch=2925/4369 work=76.7% elapsed=8606s ETA=2615s tile_loss=0.0000
progress phase=4.3 epoch=8/10 batch=2950/4369 work=76.8% elapsed=8613s ETA=2609s tile_loss=0.0000
progress phase=4.3 epoch=8/10 batch=2975/4369 work=76.8% elapsed=8619s ETA=2602s tile_loss=0.0000
progress phase=4.3 epoch=8/10 batch=3000/4369 work=76.9% elapsed=8626s ETA=2596s tile_loss=0.0000
progress phase=4.3 epoch=8/10 batch=3025/4369 work=76.9% elapsed=8632s ETA=2589s tile_loss=0.0000
progress phase=4.3 epoch=8/10 batch=3050/4369 work=77.0% elapsed=8638s ETA=2583s tile_loss=0.0000
progress phase=4.3 epoch=8/10 batch=3075/4369 work=77.0% elapsed=8644s ETA=2577s tile_loss=0.0000
progress phase=4.3 epoch=8/10 batch=3100/4369 work=77.1% elapsed=8651s ETA=2570s tile_loss=0.0000
progress phase=4.3 epoch=8/10 batch=3125/4369 work=77.2% elapsed=8657s ETA=2564s tile_loss=0.0000
progress phase=4.3 epoch=8/10 batch=3150/4369 work=77.2% elapsed=8664s ETA=2557s tile_loss=0.0000
progress phase=4.3 epoch=8/10 batch=3175/4369 work=77.3% elapsed=8670s ETA=2551s tile_loss=0.0000
progress phase=4.3 epoch=8/10 batch=3200/4369 work=77.3% elapsed=8676s ETA=2544s tile_loss=0.0000
progress phase=4.3 epoch=8/10 batch=3225/4369 work=77.4% elapsed=8682s ETA=2538s tile_loss=0.0000
progress phase=4.3 epoch=8/10 batch=3250/4369 work=77.4% elapsed=8689s ETA=2532s tile_loss=0.0000
progress phase=4.3 epoch=8/10 batch=3275/4369 work=77.5% elapsed=8696s ETA=2525s tile_loss=0.0000
progress phase=4.3 epoch=8/10 batch=3300/4369 work=77.6% elapsed=8702s ETA=2519s tile_loss=0.0000
progress phase=4.3 epoch=8/10 batch=3325/4369 work=77.6% elapsed=8708s ETA=2512s tile_loss=0.0000
progress phase=4.3 epoch=8/10 batch=3350/4369 work=77.7% elapsed=8715s ETA=2506s tile_loss=0.0000
progress phase=4.3 epoch=8/10 batch=3375/4369 work=77.7% elapsed=8721s ETA=2499s tile_loss=0.0000
progress phase=4.3 epoch=8/10 batch=3400/4369 work=77.8% elapsed=8728s ETA=2493s tile_loss=0.0000
progress phase=4.3 epoch=8/10 batch=3425/4369 work=77.8% elapsed=8734s ETA=2486s tile_loss=0.0000
progress phase=4.3 epoch=8/10 batch=3450/4369 work=77.9% elapsed=8740s ETA=2480s tile_loss=0.0000
progress phase=4.3 epoch=8/10 batch=3475/4369 work=78.0% elapsed=8746s ETA=2474s tile_loss=0.0000
progress phase=4.3 epoch=8/10 batch=3500/4369 work=78.0% elapsed=8752s ETA=2467s tile_loss=0.0000
progress phase=4.3 epoch=8/10 batch=3525/4369 work=78.1% elapsed=8759s ETA=2461s tile_loss=0.0000
progress phase=4.3 epoch=8/10 batch=3550/4369 work=78.1% elapsed=8766s ETA=2454s tile_loss=0.0000
progress phase=4.3 epoch=8/10 batch=3575/4369 work=78.2% elapsed=8772s ETA=2448s tile_loss=0.0000
progress phase=4.3 epoch=8/10 batch=3600/4369 work=78.2% elapsed=8778s ETA=2441s tile_loss=0.0000
progress phase=4.3 epoch=8/10 batch=3625/4369 work=78.3% elapsed=8784s ETA=2435s tile_loss=0.0000
progress phase=4.3 epoch=8/10 batch=3650/4369 work=78.4% elapsed=8791s ETA=2428s tile_loss=0.0000
progress phase=4.3 epoch=8/10 batch=3675/4369 work=78.4% elapsed=8797s ETA=2422s tile_loss=0.0000
progress phase=4.3 epoch=8/10 batch=3700/4369 work=78.5% elapsed=8804s ETA=2416s tile_loss=0.0000
progress phase=4.3 epoch=8/10 batch=3725/4369 work=78.5% elapsed=8810s ETA=2409s tile_loss=0.0000
progress phase=4.3 epoch=8/10 batch=3750/4369 work=78.6% elapsed=8816s ETA=2403s tile_loss=0.0000
progress phase=4.3 epoch=8/10 batch=3775/4369 work=78.6% elapsed=8823s ETA=2396s tile_loss=0.0000
progress phase=4.3 epoch=8/10 batch=3800/4369 work=78.7% elapsed=8829s ETA=2390s tile_loss=0.0000
progress phase=4.3 epoch=8/10 batch=3825/4369 work=78.8% elapsed=8835s ETA=2383s tile_loss=0.0000
progress phase=4.3 epoch=8/10 batch=3850/4369 work=78.8% elapsed=8842s ETA=2377s tile_loss=0.0000
progress phase=4.3 epoch=8/10 batch=3875/4369 work=78.9% elapsed=8848s ETA=2371s tile_loss=0.0000
progress phase=4.3 epoch=8/10 batch=3900/4369 work=78.9% elapsed=8854s ETA=2364s tile_loss=0.0000
progress phase=4.3 epoch=8/10 batch=3925/4369 work=79.0% elapsed=8861s ETA=2358s tile_loss=0.0000
progress phase=4.3 epoch=8/10 batch=3950/4369 work=79.0% elapsed=8867s ETA=2351s tile_loss=0.0000
progress phase=4.3 epoch=8/10 batch=3975/4369 work=79.1% elapsed=8873s ETA=2345s tile_loss=0.0000
progress phase=4.3 epoch=8/10 batch=4000/4369 work=79.2% elapsed=8880s ETA=2339s tile_loss=0.0000
progress phase=4.3 epoch=8/10 batch=4025/4369 work=79.2% elapsed=8887s ETA=2332s tile_loss=0.0000
progress phase=4.3 epoch=8/10 batch=4050/4369 work=79.3% elapsed=8893s ETA=2326s tile_loss=0.0000
progress phase=4.3 epoch=8/10 batch=4075/4369 work=79.3% elapsed=8899s ETA=2319s tile_loss=0.0000
progress phase=4.3 epoch=8/10 batch=4100/4369 work=79.4% elapsed=8905s ETA=2313s tile_loss=0.0000
progress phase=4.3 epoch=8/10 batch=4125/4369 work=79.4% elapsed=8911s ETA=2306s tile_loss=0.0000
progress phase=4.3 epoch=8/10 batch=4150/4369 work=79.5% elapsed=8919s ETA=2300s tile_loss=0.0000
progress phase=4.3 epoch=8/10 batch=4175/4369 work=79.6% elapsed=8925s ETA=2293s tile_loss=0.0000
progress phase=4.3 epoch=8/10 batch=4200/4369 work=79.6% elapsed=8931s ETA=2287s tile_loss=0.0000
progress phase=4.3 epoch=8/10 batch=4225/4369 work=79.7% elapsed=8937s ETA=2281s tile_loss=0.0000
progress phase=4.3 epoch=8/10 batch=4250/4369 work=79.7% elapsed=8943s ETA=2274s tile_loss=0.0000
progress phase=4.3 epoch=8/10 batch=4275/4369 work=79.8% elapsed=8950s ETA=2268s tile_loss=0.0000
progress phase=4.3 epoch=8/10 batch=4300/4369 work=79.8% elapsed=8957s ETA=2261s tile_loss=0.0000
progress phase=4.3 epoch=8/10 batch=4325/4369 work=79.9% elapsed=8963s ETA=2255s tile_loss=0.0000
progress phase=4.3 epoch=8/10 batch=4350/4369 work=80.0% elapsed=8969s ETA=2248s tile_loss=0.0000
progress phase=4.3 epoch=8/10 batch=4369/4369 work=80.0% elapsed=8974s ETA=2244s tile_loss=0.0000
epoch 08  train_loss=2.8307  val_slot@1=0.555  val_zone=0.448  val_tile=0.058  val_loss=3.3835
progress phase=4.3 epoch=9/10 batch=1/4369 work=80.0% elapsed=8985s ETA=2246s tile_loss=0.0000
progress phase=4.3 epoch=9/10 batch=25/4369 work=80.1% elapsed=8991s ETA=2240s tile_loss=0.0000
progress phase=4.3 epoch=9/10 batch=50/4369 work=80.1% elapsed=8998s ETA=2233s tile_loss=0.0000
progress phase=4.3 epoch=9/10 batch=75/4369 work=80.2% elapsed=9004s ETA=2227s tile_loss=0.0000
progress phase=4.3 epoch=9/10 batch=100/4369 work=80.2% elapsed=9010s ETA=2220s tile_loss=0.0000
progress phase=4.3 epoch=9/10 batch=125/4369 work=80.3% elapsed=9017s ETA=2214s tile_loss=0.0000
progress phase=4.3 epoch=9/10 batch=150/4369 work=80.3% elapsed=9023s ETA=2208s tile_loss=0.0000
progress phase=4.3 epoch=9/10 batch=175/4369 work=80.4% elapsed=9030s ETA=2201s tile_loss=0.0000
progress phase=4.3 epoch=9/10 batch=200/4369 work=80.5% elapsed=9036s ETA=2195s tile_loss=0.0000
progress phase=4.3 epoch=9/10 batch=225/4369 work=80.5% elapsed=9042s ETA=2188s tile_loss=0.0000
progress phase=4.3 epoch=9/10 batch=250/4369 work=80.6% elapsed=9049s ETA=2182s tile_loss=0.0000
progress phase=4.3 epoch=9/10 batch=275/4369 work=80.6% elapsed=9055s ETA=2175s tile_loss=0.0000
progress phase=4.3 epoch=9/10 batch=300/4369 work=80.7% elapsed=9062s ETA=2169s tile_loss=0.0000
progress phase=4.3 epoch=9/10 batch=325/4369 work=80.7% elapsed=9069s ETA=2163s tile_loss=0.0000
progress phase=4.3 epoch=9/10 batch=350/4369 work=80.8% elapsed=9075s ETA=2156s tile_loss=0.0000
progress phase=4.3 epoch=9/10 batch=375/4369 work=80.9% elapsed=9081s ETA=2150s tile_loss=0.0000
progress phase=4.3 epoch=9/10 batch=400/4369 work=80.9% elapsed=9087s ETA=2143s tile_loss=0.0000
progress phase=4.3 epoch=9/10 batch=425/4369 work=81.0% elapsed=9093s ETA=2137s tile_loss=0.0000
progress phase=4.3 epoch=9/10 batch=450/4369 work=81.0% elapsed=9100s ETA=2130s tile_loss=0.0000
progress phase=4.3 epoch=9/10 batch=475/4369 work=81.1% elapsed=9107s ETA=2124s tile_loss=0.0000
progress phase=4.3 epoch=9/10 batch=500/4369 work=81.1% elapsed=9113s ETA=2118s tile_loss=0.0000
progress phase=4.3 epoch=9/10 batch=525/4369 work=81.2% elapsed=9119s ETA=2111s tile_loss=0.0000
progress phase=4.3 epoch=9/10 batch=550/4369 work=81.3% elapsed=9125s ETA=2105s tile_loss=0.0000
progress phase=4.3 epoch=9/10 batch=575/4369 work=81.3% elapsed=9132s ETA=2098s tile_loss=0.0000
progress phase=4.3 epoch=9/10 batch=600/4369 work=81.4% elapsed=9139s ETA=2092s tile_loss=0.0000
progress phase=4.3 epoch=9/10 batch=625/4369 work=81.4% elapsed=9145s ETA=2085s tile_loss=0.0000
progress phase=4.3 epoch=9/10 batch=650/4369 work=81.5% elapsed=9151s ETA=2079s tile_loss=0.0000
progress phase=4.3 epoch=9/10 batch=675/4369 work=81.5% elapsed=9157s ETA=2072s tile_loss=0.0000
progress phase=4.3 epoch=9/10 batch=700/4369 work=81.6% elapsed=9164s ETA=2066s tile_loss=0.0000
progress phase=4.3 epoch=9/10 batch=725/4369 work=81.7% elapsed=9171s ETA=2060s tile_loss=0.0000
progress phase=4.3 epoch=9/10 batch=750/4369 work=81.7% elapsed=9177s ETA=2053s tile_loss=0.0000
progress phase=4.3 epoch=9/10 batch=775/4369 work=81.8% elapsed=9183s ETA=2047s tile_loss=0.0000
progress phase=4.3 epoch=9/10 batch=800/4369 work=81.8% elapsed=9190s ETA=2040s tile_loss=0.0000
progress phase=4.3 epoch=9/10 batch=825/4369 work=81.9% elapsed=9196s ETA=2034s tile_loss=0.0000
progress phase=4.3 epoch=9/10 batch=850/4369 work=81.9% elapsed=9203s ETA=2028s tile_loss=0.0000
progress phase=4.3 epoch=9/10 batch=875/4369 work=82.0% elapsed=9209s ETA=2021s tile_loss=0.0000
progress phase=4.3 epoch=9/10 batch=900/4369 work=82.1% elapsed=9216s ETA=2015s tile_loss=0.0000
progress phase=4.3 epoch=9/10 batch=925/4369 work=82.1% elapsed=9222s ETA=2008s tile_loss=0.0000
progress phase=4.3 epoch=9/10 batch=950/4369 work=82.2% elapsed=9228s ETA=2002s tile_loss=0.0000
progress phase=4.3 epoch=9/10 batch=975/4369 work=82.2% elapsed=9235s ETA=1995s tile_loss=0.0000
progress phase=4.3 epoch=9/10 batch=1000/4369 work=82.3% elapsed=9241s ETA=1989s tile_loss=0.0000
progress phase=4.3 epoch=9/10 batch=1025/4369 work=82.3% elapsed=9248s ETA=1983s tile_loss=0.0000
progress phase=4.3 epoch=9/10 batch=1050/4369 work=82.4% elapsed=9254s ETA=1976s tile_loss=0.0000
progress phase=4.3 epoch=9/10 batch=1075/4369 work=82.5% elapsed=9260s ETA=1970s tile_loss=0.0000
progress phase=4.3 epoch=9/10 batch=1100/4369 work=82.5% elapsed=9267s ETA=1963s tile_loss=0.0000
progress phase=4.3 epoch=9/10 batch=1125/4369 work=82.6% elapsed=9273s ETA=1957s tile_loss=0.0000
progress phase=4.3 epoch=9/10 batch=1150/4369 work=82.6% elapsed=9280s ETA=1950s tile_loss=0.0000
progress phase=4.3 epoch=9/10 batch=1175/4369 work=82.7% elapsed=9286s ETA=1944s tile_loss=0.0000
progress phase=4.3 epoch=9/10 batch=1200/4369 work=82.7% elapsed=9292s ETA=1937s tile_loss=0.0000
progress phase=4.3 epoch=9/10 batch=1225/4369 work=82.8% elapsed=9299s ETA=1931s tile_loss=0.0000
progress phase=4.3 epoch=9/10 batch=1250/4369 work=82.9% elapsed=9306s ETA=1925s tile_loss=0.0000
progress phase=4.3 epoch=9/10 batch=1275/4369 work=82.9% elapsed=9312s ETA=1918s tile_loss=0.0000
progress phase=4.3 epoch=9/10 batch=1300/4369 work=83.0% elapsed=9318s ETA=1912s tile_loss=0.0000
progress phase=4.3 epoch=9/10 batch=1325/4369 work=83.0% elapsed=9324s ETA=1905s tile_loss=0.0000
progress phase=4.3 epoch=9/10 batch=1350/4369 work=83.1% elapsed=9331s ETA=1899s tile_loss=0.0000
progress phase=4.3 epoch=9/10 batch=1375/4369 work=83.1% elapsed=9338s ETA=1893s tile_loss=0.0000
progress phase=4.3 epoch=9/10 batch=1400/4369 work=83.2% elapsed=9344s ETA=1886s tile_loss=0.0000
progress phase=4.3 epoch=9/10 batch=1425/4369 work=83.3% elapsed=9351s ETA=1880s tile_loss=0.0000
progress phase=4.3 epoch=9/10 batch=1450/4369 work=83.3% elapsed=9357s ETA=1873s tile_loss=0.0000
progress phase=4.3 epoch=9/10 batch=1475/4369 work=83.4% elapsed=9363s ETA=1867s tile_loss=0.0000
progress phase=4.3 epoch=9/10 batch=1500/4369 work=83.4% elapsed=9370s ETA=1861s tile_loss=0.0000
progress phase=4.3 epoch=9/10 batch=1525/4369 work=83.5% elapsed=9376s ETA=1854s tile_loss=0.0000
progress phase=4.3 epoch=9/10 batch=1550/4369 work=83.5% elapsed=9383s ETA=1848s tile_loss=0.0000
progress phase=4.3 epoch=9/10 batch=1575/4369 work=83.6% elapsed=9389s ETA=1841s tile_loss=0.0000
progress phase=4.3 epoch=9/10 batch=1600/4369 work=83.7% elapsed=9395s ETA=1835s tile_loss=0.0000
progress phase=4.3 epoch=9/10 batch=1625/4369 work=83.7% elapsed=9401s ETA=1828s tile_loss=0.0000
progress phase=4.3 epoch=9/10 batch=1650/4369 work=83.8% elapsed=9408s ETA=1822s tile_loss=0.0000
progress phase=4.3 epoch=9/10 batch=1675/4369 work=83.8% elapsed=9414s ETA=1815s tile_loss=0.0000
progress phase=4.3 epoch=9/10 batch=1700/4369 work=83.9% elapsed=9421s ETA=1809s tile_loss=0.0000
progress phase=4.3 epoch=9/10 batch=1725/4369 work=83.9% elapsed=9427s ETA=1803s tile_loss=0.0000
progress phase=4.3 epoch=9/10 batch=1750/4369 work=84.0% elapsed=9434s ETA=1796s tile_loss=0.0000
progress phase=4.3 epoch=9/10 batch=1775/4369 work=84.1% elapsed=9441s ETA=1790s tile_loss=0.0000
progress phase=4.3 epoch=9/10 batch=1800/4369 work=84.1% elapsed=9447s ETA=1783s tile_loss=0.0000
progress phase=4.3 epoch=9/10 batch=1825/4369 work=84.2% elapsed=9454s ETA=1777s tile_loss=0.0000
progress phase=4.3 epoch=9/10 batch=1850/4369 work=84.2% elapsed=9460s ETA=1771s tile_loss=0.0000
progress phase=4.3 epoch=9/10 batch=1875/4369 work=84.3% elapsed=9466s ETA=1764s tile_loss=0.0000
progress phase=4.3 epoch=9/10 batch=1900/4369 work=84.3% elapsed=9473s ETA=1758s tile_loss=0.0000
progress phase=4.3 epoch=9/10 batch=1925/4369 work=84.4% elapsed=9479s ETA=1751s tile_loss=0.0000
progress phase=4.3 epoch=9/10 batch=1950/4369 work=84.5% elapsed=9485s ETA=1745s tile_loss=0.0000
progress phase=4.3 epoch=9/10 batch=1975/4369 work=84.5% elapsed=9491s ETA=1738s tile_loss=0.0000
progress phase=4.3 epoch=9/10 batch=2000/4369 work=84.6% elapsed=9497s ETA=1732s tile_loss=0.0000
progress phase=4.3 epoch=9/10 batch=2025/4369 work=84.6% elapsed=9504s ETA=1725s tile_loss=0.0000
progress phase=4.3 epoch=9/10 batch=2050/4369 work=84.7% elapsed=9510s ETA=1719s tile_loss=0.0000
progress phase=4.3 epoch=9/10 batch=2075/4369 work=84.7% elapsed=9516s ETA=1712s tile_loss=0.0000
progress phase=4.3 epoch=9/10 batch=2100/4369 work=84.8% elapsed=9522s ETA=1706s tile_loss=0.0000
progress phase=4.3 epoch=9/10 batch=2125/4369 work=84.9% elapsed=9529s ETA=1699s tile_loss=0.0000
progress phase=4.3 epoch=9/10 batch=2150/4369 work=84.9% elapsed=9535s ETA=1693s tile_loss=0.0000
progress phase=4.3 epoch=9/10 batch=2175/4369 work=85.0% elapsed=9541s ETA=1687s tile_loss=0.0000
progress phase=4.3 epoch=9/10 batch=2200/4369 work=85.0% elapsed=9547s ETA=1680s tile_loss=0.0000
progress phase=4.3 epoch=9/10 batch=2225/4369 work=85.1% elapsed=9553s ETA=1674s tile_loss=0.0000
progress phase=4.3 epoch=9/10 batch=2250/4369 work=85.1% elapsed=9559s ETA=1667s tile_loss=0.0000
progress phase=4.3 epoch=9/10 batch=2275/4369 work=85.2% elapsed=9566s ETA=1661s tile_loss=0.0000
progress phase=4.3 epoch=9/10 batch=2300/4369 work=85.3% elapsed=9572s ETA=1654s tile_loss=0.0000
progress phase=4.3 epoch=9/10 batch=2325/4369 work=85.3% elapsed=9579s ETA=1648s tile_loss=0.0000
progress phase=4.3 epoch=9/10 batch=2350/4369 work=85.4% elapsed=9585s ETA=1641s tile_loss=0.0000
progress phase=4.3 epoch=9/10 batch=2375/4369 work=85.4% elapsed=9591s ETA=1635s tile_loss=0.0000
progress phase=4.3 epoch=9/10 batch=2400/4369 work=85.5% elapsed=9597s ETA=1629s tile_loss=0.0000
progress phase=4.3 epoch=9/10 batch=2425/4369 work=85.6% elapsed=9604s ETA=1622s tile_loss=0.0000
progress phase=4.3 epoch=9/10 batch=2450/4369 work=85.6% elapsed=9610s ETA=1616s tile_loss=0.0000
progress phase=4.3 epoch=9/10 batch=2475/4369 work=85.7% elapsed=9617s ETA=1609s tile_loss=0.0000
progress phase=4.3 epoch=9/10 batch=2500/4369 work=85.7% elapsed=9623s ETA=1603s tile_loss=0.0000
progress phase=4.3 epoch=9/10 batch=2525/4369 work=85.8% elapsed=9629s ETA=1596s tile_loss=0.0000
progress phase=4.3 epoch=9/10 batch=2550/4369 work=85.8% elapsed=9636s ETA=1590s tile_loss=0.0000
progress phase=4.3 epoch=9/10 batch=2575/4369 work=85.9% elapsed=9642s ETA=1583s tile_loss=0.0000
progress phase=4.3 epoch=9/10 batch=2600/4369 work=86.0% elapsed=9648s ETA=1577s tile_loss=0.0000
progress phase=4.3 epoch=9/10 batch=2625/4369 work=86.0% elapsed=9655s ETA=1571s tile_loss=0.0000
progress phase=4.3 epoch=9/10 batch=2650/4369 work=86.1% elapsed=9661s ETA=1564s tile_loss=0.0000
progress phase=4.3 epoch=9/10 batch=2675/4369 work=86.1% elapsed=9667s ETA=1558s tile_loss=0.0000
progress phase=4.3 epoch=9/10 batch=2700/4369 work=86.2% elapsed=9674s ETA=1551s tile_loss=0.0000
progress phase=4.3 epoch=9/10 batch=2725/4369 work=86.2% elapsed=9680s ETA=1545s tile_loss=0.0000
progress phase=4.3 epoch=9/10 batch=2750/4369 work=86.3% elapsed=9686s ETA=1538s tile_loss=0.0000
progress phase=4.3 epoch=9/10 batch=2775/4369 work=86.4% elapsed=9693s ETA=1532s tile_loss=0.0000
progress phase=4.3 epoch=9/10 batch=2800/4369 work=86.4% elapsed=9700s ETA=1526s tile_loss=0.0000
progress phase=4.3 epoch=9/10 batch=2825/4369 work=86.5% elapsed=9706s ETA=1519s tile_loss=0.0000
progress phase=4.3 epoch=9/10 batch=2850/4369 work=86.5% elapsed=9712s ETA=1513s tile_loss=0.0000
progress phase=4.3 epoch=9/10 batch=2875/4369 work=86.6% elapsed=9718s ETA=1506s tile_loss=0.0000
progress phase=4.3 epoch=9/10 batch=2900/4369 work=86.6% elapsed=9724s ETA=1500s tile_loss=0.0000
progress phase=4.3 epoch=9/10 batch=2925/4369 work=86.7% elapsed=9731s ETA=1493s tile_loss=0.0000
progress phase=4.3 epoch=9/10 batch=2950/4369 work=86.8% elapsed=9738s ETA=1487s tile_loss=0.0000
progress phase=4.3 epoch=9/10 batch=2975/4369 work=86.8% elapsed=9744s ETA=1481s tile_loss=0.0000
progress phase=4.3 epoch=9/10 batch=3000/4369 work=86.9% elapsed=9750s ETA=1474s tile_loss=0.0000
progress phase=4.3 epoch=9/10 batch=3025/4369 work=86.9% elapsed=9756s ETA=1468s tile_loss=0.0000
progress phase=4.3 epoch=9/10 batch=3050/4369 work=87.0% elapsed=9763s ETA=1461s tile_loss=0.0000
progress phase=4.3 epoch=9/10 batch=3075/4369 work=87.0% elapsed=9769s ETA=1455s tile_loss=0.0000
progress phase=4.3 epoch=9/10 batch=3100/4369 work=87.1% elapsed=9776s ETA=1448s tile_loss=0.0000
progress phase=4.3 epoch=9/10 batch=3125/4369 work=87.2% elapsed=9782s ETA=1442s tile_loss=0.0000
progress phase=4.3 epoch=9/10 batch=3150/4369 work=87.2% elapsed=9788s ETA=1436s tile_loss=0.0000
progress phase=4.3 epoch=9/10 batch=3175/4369 work=87.3% elapsed=9795s ETA=1429s tile_loss=0.0000
progress phase=4.3 epoch=9/10 batch=3200/4369 work=87.3% elapsed=9801s ETA=1423s tile_loss=0.0000
progress phase=4.3 epoch=9/10 batch=3225/4369 work=87.4% elapsed=9807s ETA=1416s tile_loss=0.0000
progress phase=4.3 epoch=9/10 batch=3250/4369 work=87.4% elapsed=9814s ETA=1410s tile_loss=0.0000
progress phase=4.3 epoch=9/10 batch=3275/4369 work=87.5% elapsed=9821s ETA=1403s tile_loss=0.0000
progress phase=4.3 epoch=9/10 batch=3300/4369 work=87.6% elapsed=9827s ETA=1397s tile_loss=0.0000
progress phase=4.3 epoch=9/10 batch=3325/4369 work=87.6% elapsed=9833s ETA=1391s tile_loss=0.0000
progress phase=4.3 epoch=9/10 batch=3350/4369 work=87.7% elapsed=9839s ETA=1384s tile_loss=0.0000
progress phase=4.3 epoch=9/10 batch=3375/4369 work=87.7% elapsed=9846s ETA=1378s tile_loss=0.0000
progress phase=4.3 epoch=9/10 batch=3400/4369 work=87.8% elapsed=9852s ETA=1371s tile_loss=0.0000
progress phase=4.3 epoch=9/10 batch=3425/4369 work=87.8% elapsed=9859s ETA=1365s tile_loss=0.0000
progress phase=4.3 epoch=9/10 batch=3450/4369 work=87.9% elapsed=9865s ETA=1358s tile_loss=0.0000
progress phase=4.3 epoch=9/10 batch=3475/4369 work=88.0% elapsed=9872s ETA=1352s tile_loss=0.0000
progress phase=4.3 epoch=9/10 batch=3500/4369 work=88.0% elapsed=9878s ETA=1346s tile_loss=0.0000
progress phase=4.3 epoch=9/10 batch=3525/4369 work=88.1% elapsed=9884s ETA=1339s tile_loss=0.0000
progress phase=4.3 epoch=9/10 batch=3550/4369 work=88.1% elapsed=9890s ETA=1333s tile_loss=0.0000
progress phase=4.3 epoch=9/10 batch=3575/4369 work=88.2% elapsed=9897s ETA=1326s tile_loss=0.0000
progress phase=4.3 epoch=9/10 batch=3600/4369 work=88.2% elapsed=9904s ETA=1320s tile_loss=0.0000
progress phase=4.3 epoch=9/10 batch=3625/4369 work=88.3% elapsed=9910s ETA=1313s tile_loss=0.0000
progress phase=4.3 epoch=9/10 batch=3650/4369 work=88.4% elapsed=9916s ETA=1307s tile_loss=0.0000
progress phase=4.3 epoch=9/10 batch=3675/4369 work=88.4% elapsed=9922s ETA=1301s tile_loss=0.0000
progress phase=4.3 epoch=9/10 batch=3700/4369 work=88.5% elapsed=9928s ETA=1294s tile_loss=0.0000
progress phase=4.3 epoch=9/10 batch=3725/4369 work=88.5% elapsed=9935s ETA=1288s tile_loss=0.0000
progress phase=4.3 epoch=9/10 batch=3750/4369 work=88.6% elapsed=9942s ETA=1281s tile_loss=0.0000
progress phase=4.3 epoch=9/10 batch=3775/4369 work=88.6% elapsed=9949s ETA=1275s tile_loss=0.0000
progress phase=4.3 epoch=9/10 batch=3800/4369 work=88.7% elapsed=9955s ETA=1269s tile_loss=0.0000
progress phase=4.3 epoch=9/10 batch=3825/4369 work=88.8% elapsed=9962s ETA=1262s tile_loss=0.0000
progress phase=4.3 epoch=9/10 batch=3850/4369 work=88.8% elapsed=9969s ETA=1256s tile_loss=0.0000
progress phase=4.3 epoch=9/10 batch=3875/4369 work=88.9% elapsed=9975s ETA=1249s tile_loss=0.0000
progress phase=4.3 epoch=9/10 batch=3900/4369 work=88.9% elapsed=9981s ETA=1243s tile_loss=0.0000
progress phase=4.3 epoch=9/10 batch=3925/4369 work=89.0% elapsed=9988s ETA=1236s tile_loss=0.0000
progress phase=4.3 epoch=9/10 batch=3950/4369 work=89.0% elapsed=9994s ETA=1230s tile_loss=0.0000
progress phase=4.3 epoch=9/10 batch=3975/4369 work=89.1% elapsed=10001s ETA=1224s tile_loss=0.0000
progress phase=4.3 epoch=9/10 batch=4000/4369 work=89.2% elapsed=10008s ETA=1217s tile_loss=0.0000
progress phase=4.3 epoch=9/10 batch=4025/4369 work=89.2% elapsed=10014s ETA=1211s tile_loss=0.0000
progress phase=4.3 epoch=9/10 batch=4050/4369 work=89.3% elapsed=10021s ETA=1204s tile_loss=0.0000
progress phase=4.3 epoch=9/10 batch=4075/4369 work=89.3% elapsed=10027s ETA=1198s tile_loss=0.0000
progress phase=4.3 epoch=9/10 batch=4100/4369 work=89.4% elapsed=10033s ETA=1192s tile_loss=0.0000
progress phase=4.3 epoch=9/10 batch=4125/4369 work=89.4% elapsed=10040s ETA=1185s tile_loss=0.0000
progress phase=4.3 epoch=9/10 batch=4150/4369 work=89.5% elapsed=10046s ETA=1179s tile_loss=0.0000
progress phase=4.3 epoch=9/10 batch=4175/4369 work=89.6% elapsed=10053s ETA=1172s tile_loss=0.0000
progress phase=4.3 epoch=9/10 batch=4200/4369 work=89.6% elapsed=10059s ETA=1166s tile_loss=0.0000
progress phase=4.3 epoch=9/10 batch=4225/4369 work=89.7% elapsed=10065s ETA=1159s tile_loss=0.0000
progress phase=4.3 epoch=9/10 batch=4250/4369 work=89.7% elapsed=10072s ETA=1153s tile_loss=0.0000
progress phase=4.3 epoch=9/10 batch=4275/4369 work=89.8% elapsed=10079s ETA=1147s tile_loss=0.0000
progress phase=4.3 epoch=9/10 batch=4300/4369 work=89.8% elapsed=10086s ETA=1140s tile_loss=0.0000
progress phase=4.3 epoch=9/10 batch=4325/4369 work=89.9% elapsed=10092s ETA=1134s tile_loss=0.0000
progress phase=4.3 epoch=9/10 batch=4350/4369 work=90.0% elapsed=10098s ETA=1127s tile_loss=0.0000
progress phase=4.3 epoch=9/10 batch=4369/4369 work=90.0% elapsed=10103s ETA=1123s tile_loss=0.0000
epoch 09  train_loss=2.8154  val_slot@1=0.559  val_zone=0.447  val_tile=0.058  val_loss=3.3841
progress phase=4.3 epoch=10/10 batch=1/4369 work=90.0% elapsed=10114s ETA=1123s tile_loss=0.0000
progress phase=4.3 epoch=10/10 batch=25/4369 work=90.1% elapsed=10120s ETA=1117s tile_loss=0.0000
progress phase=4.3 epoch=10/10 batch=50/4369 work=90.1% elapsed=10127s ETA=1111s tile_loss=0.0000
progress phase=4.3 epoch=10/10 batch=75/4369 work=90.2% elapsed=10133s ETA=1104s tile_loss=0.0000
progress phase=4.3 epoch=10/10 batch=100/4369 work=90.2% elapsed=10139s ETA=1098s tile_loss=0.0000
progress phase=4.3 epoch=10/10 batch=125/4369 work=90.3% elapsed=10146s ETA=1092s tile_loss=0.0000
progress phase=4.3 epoch=10/10 batch=150/4369 work=90.3% elapsed=10152s ETA=1085s tile_loss=0.0000
progress phase=4.3 epoch=10/10 batch=175/4369 work=90.4% elapsed=10159s ETA=1079s tile_loss=0.0000
progress phase=4.3 epoch=10/10 batch=200/4369 work=90.5% elapsed=10165s ETA=1072s tile_loss=0.0000
progress phase=4.3 epoch=10/10 batch=225/4369 work=90.5% elapsed=10172s ETA=1066s tile_loss=0.0000
progress phase=4.3 epoch=10/10 batch=250/4369 work=90.6% elapsed=10178s ETA=1059s tile_loss=0.0000
progress phase=4.3 epoch=10/10 batch=275/4369 work=90.6% elapsed=10184s ETA=1053s tile_loss=0.0000
progress phase=4.3 epoch=10/10 batch=300/4369 work=90.7% elapsed=10190s ETA=1047s tile_loss=0.0000
progress phase=4.3 epoch=10/10 batch=325/4369 work=90.7% elapsed=10197s ETA=1040s tile_loss=0.0000
progress phase=4.3 epoch=10/10 batch=350/4369 work=90.8% elapsed=10203s ETA=1034s tile_loss=0.0000
progress phase=4.3 epoch=10/10 batch=375/4369 work=90.9% elapsed=10210s ETA=1027s tile_loss=0.0000
progress phase=4.3 epoch=10/10 batch=400/4369 work=90.9% elapsed=10216s ETA=1021s tile_loss=0.0000
progress phase=4.3 epoch=10/10 batch=425/4369 work=91.0% elapsed=10222s ETA=1014s tile_loss=0.0000
progress phase=4.3 epoch=10/10 batch=450/4369 work=91.0% elapsed=10229s ETA=1008s tile_loss=0.0000
progress phase=4.3 epoch=10/10 batch=475/4369 work=91.1% elapsed=10235s ETA=1002s tile_loss=0.0000
progress phase=4.3 epoch=10/10 batch=500/4369 work=91.1% elapsed=10242s ETA=995s tile_loss=0.0000
progress phase=4.3 epoch=10/10 batch=525/4369 work=91.2% elapsed=10248s ETA=989s tile_loss=0.0000
progress phase=4.3 epoch=10/10 batch=550/4369 work=91.3% elapsed=10254s ETA=982s tile_loss=0.0000
progress phase=4.3 epoch=10/10 batch=575/4369 work=91.3% elapsed=10261s ETA=976s tile_loss=0.0000
progress phase=4.3 epoch=10/10 batch=600/4369 work=91.4% elapsed=10267s ETA=969s tile_loss=0.0000
progress phase=4.3 epoch=10/10 batch=625/4369 work=91.4% elapsed=10274s ETA=963s tile_loss=0.0000
progress phase=4.3 epoch=10/10 batch=650/4369 work=91.5% elapsed=10280s ETA=956s tile_loss=0.0000
progress phase=4.3 epoch=10/10 batch=675/4369 work=91.5% elapsed=10286s ETA=950s tile_loss=0.0000
progress phase=4.3 epoch=10/10 batch=700/4369 work=91.6% elapsed=10292s ETA=944s tile_loss=0.0000
progress phase=4.3 epoch=10/10 batch=725/4369 work=91.7% elapsed=10299s ETA=937s tile_loss=0.0000
progress phase=4.3 epoch=10/10 batch=750/4369 work=91.7% elapsed=10306s ETA=931s tile_loss=0.0000
progress phase=4.3 epoch=10/10 batch=775/4369 work=91.8% elapsed=10312s ETA=924s tile_loss=0.0000
progress phase=4.3 epoch=10/10 batch=800/4369 work=91.8% elapsed=10318s ETA=918s tile_loss=0.0000
progress phase=4.3 epoch=10/10 batch=825/4369 work=91.9% elapsed=10324s ETA=911s tile_loss=0.0000
progress phase=4.3 epoch=10/10 batch=850/4369 work=91.9% elapsed=10331s ETA=905s tile_loss=0.0000
progress phase=4.3 epoch=10/10 batch=875/4369 work=92.0% elapsed=10338s ETA=899s tile_loss=0.0000
progress phase=4.3 epoch=10/10 batch=900/4369 work=92.1% elapsed=10344s ETA=892s tile_loss=0.0000
progress phase=4.3 epoch=10/10 batch=925/4369 work=92.1% elapsed=10350s ETA=886s tile_loss=0.0000
progress phase=4.3 epoch=10/10 batch=950/4369 work=92.2% elapsed=10357s ETA=879s tile_loss=0.0000
progress phase=4.3 epoch=10/10 batch=975/4369 work=92.2% elapsed=10363s ETA=873s tile_loss=0.0000
progress phase=4.3 epoch=10/10 batch=1000/4369 work=92.3% elapsed=10370s ETA=866s tile_loss=0.0000
progress phase=4.3 epoch=10/10 batch=1025/4369 work=92.3% elapsed=10376s ETA=860s tile_loss=0.0000
progress phase=4.3 epoch=10/10 batch=1050/4369 work=92.4% elapsed=10382s ETA=854s tile_loss=0.0000
progress phase=4.3 epoch=10/10 batch=1075/4369 work=92.5% elapsed=10389s ETA=847s tile_loss=0.0000
progress phase=4.3 epoch=10/10 batch=1100/4369 work=92.5% elapsed=10396s ETA=841s tile_loss=0.0000
progress phase=4.3 epoch=10/10 batch=1125/4369 work=92.6% elapsed=10402s ETA=834s tile_loss=0.0000
progress phase=4.3 epoch=10/10 batch=1150/4369 work=92.6% elapsed=10408s ETA=828s tile_loss=0.0000
progress phase=4.3 epoch=10/10 batch=1175/4369 work=92.7% elapsed=10415s ETA=821s tile_loss=0.0000
progress phase=4.3 epoch=10/10 batch=1200/4369 work=92.7% elapsed=10421s ETA=815s tile_loss=0.0000
progress phase=4.3 epoch=10/10 batch=1225/4369 work=92.8% elapsed=10428s ETA=809s tile_loss=0.0000
progress phase=4.3 epoch=10/10 batch=1250/4369 work=92.9% elapsed=10434s ETA=802s tile_loss=0.0000
progress phase=4.3 epoch=10/10 batch=1275/4369 work=92.9% elapsed=10440s ETA=796s tile_loss=0.0000
progress phase=4.3 epoch=10/10 batch=1300/4369 work=93.0% elapsed=10447s ETA=789s tile_loss=0.0000
progress phase=4.3 epoch=10/10 batch=1325/4369 work=93.0% elapsed=10453s ETA=783s tile_loss=0.0000
progress phase=4.3 epoch=10/10 batch=1350/4369 work=93.1% elapsed=10460s ETA=776s tile_loss=0.0000
progress phase=4.3 epoch=10/10 batch=1375/4369 work=93.1% elapsed=10466s ETA=770s tile_loss=0.0000
progress phase=4.3 epoch=10/10 batch=1400/4369 work=93.2% elapsed=10472s ETA=764s tile_loss=0.0000
progress phase=4.3 epoch=10/10 batch=1425/4369 work=93.3% elapsed=10479s ETA=757s tile_loss=0.0000
progress phase=4.3 epoch=10/10 batch=1450/4369 work=93.3% elapsed=10485s ETA=751s tile_loss=0.0000
progress phase=4.3 epoch=10/10 batch=1475/4369 work=93.4% elapsed=10491s ETA=744s tile_loss=0.0000
progress phase=4.3 epoch=10/10 batch=1500/4369 work=93.4% elapsed=10497s ETA=738s tile_loss=0.0000
progress phase=4.3 epoch=10/10 batch=1525/4369 work=93.5% elapsed=10503s ETA=731s tile_loss=0.0000
progress phase=4.3 epoch=10/10 batch=1550/4369 work=93.5% elapsed=10509s ETA=725s tile_loss=0.0000
progress phase=4.3 epoch=10/10 batch=1575/4369 work=93.6% elapsed=10516s ETA=718s tile_loss=0.0000
progress phase=4.3 epoch=10/10 batch=1600/4369 work=93.7% elapsed=10522s ETA=712s tile_loss=0.0000
progress phase=4.3 epoch=10/10 batch=1625/4369 work=93.7% elapsed=10528s ETA=706s tile_loss=0.0000
progress phase=4.3 epoch=10/10 batch=1650/4369 work=93.8% elapsed=10534s ETA=699s tile_loss=0.0000
progress phase=4.3 epoch=10/10 batch=1675/4369 work=93.8% elapsed=10541s ETA=693s tile_loss=0.0000
progress phase=4.3 epoch=10/10 batch=1700/4369 work=93.9% elapsed=10547s ETA=686s tile_loss=0.0000
progress phase=4.3 epoch=10/10 batch=1725/4369 work=93.9% elapsed=10554s ETA=680s tile_loss=0.0000
progress phase=4.3 epoch=10/10 batch=1750/4369 work=94.0% elapsed=10560s ETA=673s tile_loss=0.0000
progress phase=4.3 epoch=10/10 batch=1775/4369 work=94.1% elapsed=10566s ETA=667s tile_loss=0.0000
progress phase=4.3 epoch=10/10 batch=1800/4369 work=94.1% elapsed=10572s ETA=660s tile_loss=0.0000
progress phase=4.3 epoch=10/10 batch=1825/4369 work=94.2% elapsed=10578s ETA=654s tile_loss=0.0000
progress phase=4.3 epoch=10/10 batch=1850/4369 work=94.2% elapsed=10585s ETA=648s tile_loss=0.0000
progress phase=4.3 epoch=10/10 batch=1875/4369 work=94.3% elapsed=10591s ETA=641s tile_loss=0.0000
progress phase=4.3 epoch=10/10 batch=1900/4369 work=94.3% elapsed=10598s ETA=635s tile_loss=0.0000
progress phase=4.3 epoch=10/10 batch=1925/4369 work=94.4% elapsed=10604s ETA=628s tile_loss=0.0000
progress phase=4.3 epoch=10/10 batch=1950/4369 work=94.5% elapsed=10611s ETA=622s tile_loss=0.0000
progress phase=4.3 epoch=10/10 batch=1975/4369 work=94.5% elapsed=10617s ETA=615s tile_loss=0.0000
progress phase=4.3 epoch=10/10 batch=2000/4369 work=94.6% elapsed=10623s ETA=609s tile_loss=0.0000
progress phase=4.3 epoch=10/10 batch=2025/4369 work=94.6% elapsed=10629s ETA=603s tile_loss=0.0000
progress phase=4.3 epoch=10/10 batch=2050/4369 work=94.7% elapsed=10636s ETA=596s tile_loss=0.0000
progress phase=4.3 epoch=10/10 batch=2075/4369 work=94.7% elapsed=10642s ETA=590s tile_loss=0.0000
progress phase=4.3 epoch=10/10 batch=2100/4369 work=94.8% elapsed=10648s ETA=583s tile_loss=0.0000
progress phase=4.3 epoch=10/10 batch=2125/4369 work=94.9% elapsed=10655s ETA=577s tile_loss=0.0000
progress phase=4.3 epoch=10/10 batch=2150/4369 work=94.9% elapsed=10661s ETA=570s tile_loss=0.0000
progress phase=4.3 epoch=10/10 batch=2175/4369 work=95.0% elapsed=10667s ETA=564s tile_loss=0.0000
progress phase=4.3 epoch=10/10 batch=2200/4369 work=95.0% elapsed=10673s ETA=558s tile_loss=0.0000
progress phase=4.3 epoch=10/10 batch=2225/4369 work=95.1% elapsed=10680s ETA=551s tile_loss=0.0000
progress phase=4.3 epoch=10/10 batch=2250/4369 work=95.1% elapsed=10687s ETA=545s tile_loss=0.0000
progress phase=4.3 epoch=10/10 batch=2275/4369 work=95.2% elapsed=10693s ETA=538s tile_loss=0.0000
progress phase=4.3 epoch=10/10 batch=2300/4369 work=95.3% elapsed=10699s ETA=532s tile_loss=0.0000
progress phase=4.3 epoch=10/10 batch=2325/4369 work=95.3% elapsed=10705s ETA=525s tile_loss=0.0000
progress phase=4.3 epoch=10/10 batch=2350/4369 work=95.4% elapsed=10711s ETA=519s tile_loss=0.0000
progress phase=4.3 epoch=10/10 batch=2375/4369 work=95.4% elapsed=10717s ETA=513s tile_loss=0.0000
progress phase=4.3 epoch=10/10 batch=2400/4369 work=95.5% elapsed=10725s ETA=506s tile_loss=0.0000
progress phase=4.3 epoch=10/10 batch=2425/4369 work=95.6% elapsed=10731s ETA=500s tile_loss=0.0000
progress phase=4.3 epoch=10/10 batch=2450/4369 work=95.6% elapsed=10737s ETA=493s tile_loss=0.0000
progress phase=4.3 epoch=10/10 batch=2475/4369 work=95.7% elapsed=10744s ETA=487s tile_loss=0.0000
progress phase=4.3 epoch=10/10 batch=2500/4369 work=95.7% elapsed=10750s ETA=480s tile_loss=0.0000
progress phase=4.3 epoch=10/10 batch=2525/4369 work=95.8% elapsed=10756s ETA=474s tile_loss=0.0000
progress phase=4.3 epoch=10/10 batch=2550/4369 work=95.8% elapsed=10763s ETA=468s tile_loss=0.0000
progress phase=4.3 epoch=10/10 batch=2575/4369 work=95.9% elapsed=10769s ETA=461s tile_loss=0.0000
progress phase=4.3 epoch=10/10 batch=2600/4369 work=96.0% elapsed=10776s ETA=455s tile_loss=0.0000
progress phase=4.3 epoch=10/10 batch=2625/4369 work=96.0% elapsed=10782s ETA=448s tile_loss=0.0000
progress phase=4.3 epoch=10/10 batch=2650/4369 work=96.1% elapsed=10788s ETA=442s tile_loss=0.0000
progress phase=4.3 epoch=10/10 batch=2675/4369 work=96.1% elapsed=10794s ETA=435s tile_loss=0.0000
progress phase=4.3 epoch=10/10 batch=2700/4369 work=96.2% elapsed=10801s ETA=429s tile_loss=0.0000
progress phase=4.3 epoch=10/10 batch=2725/4369 work=96.2% elapsed=10807s ETA=423s tile_loss=0.0000
progress phase=4.3 epoch=10/10 batch=2750/4369 work=96.3% elapsed=10813s ETA=416s tile_loss=0.0000
progress phase=4.3 epoch=10/10 batch=2775/4369 work=96.4% elapsed=10820s ETA=410s tile_loss=0.0000
progress phase=4.3 epoch=10/10 batch=2800/4369 work=96.4% elapsed=10826s ETA=403s tile_loss=0.0000
progress phase=4.3 epoch=10/10 batch=2825/4369 work=96.5% elapsed=10833s ETA=397s tile_loss=0.0000
progress phase=4.3 epoch=10/10 batch=2850/4369 work=96.5% elapsed=10839s ETA=390s tile_loss=0.0000
progress phase=4.3 epoch=10/10 batch=2875/4369 work=96.6% elapsed=10846s ETA=384s tile_loss=0.0000
progress phase=4.3 epoch=10/10 batch=2900/4369 work=96.6% elapsed=10852s ETA=378s tile_loss=0.0000
progress phase=4.3 epoch=10/10 batch=2925/4369 work=96.7% elapsed=10858s ETA=371s tile_loss=0.0000
progress phase=4.3 epoch=10/10 batch=2950/4369 work=96.8% elapsed=10865s ETA=365s tile_loss=0.0000
progress phase=4.3 epoch=10/10 batch=2975/4369 work=96.8% elapsed=10871s ETA=358s tile_loss=0.0000
progress phase=4.3 epoch=10/10 batch=3000/4369 work=96.9% elapsed=10878s ETA=352s tile_loss=0.0000
progress phase=4.3 epoch=10/10 batch=3025/4369 work=96.9% elapsed=10884s ETA=345s tile_loss=0.0000
progress phase=4.3 epoch=10/10 batch=3050/4369 work=97.0% elapsed=10890s ETA=339s tile_loss=0.0000
progress phase=4.3 epoch=10/10 batch=3075/4369 work=97.0% elapsed=10896s ETA=333s tile_loss=0.0000
progress phase=4.3 epoch=10/10 batch=3100/4369 work=97.1% elapsed=10903s ETA=326s tile_loss=0.0000
progress phase=4.3 epoch=10/10 batch=3125/4369 work=97.2% elapsed=10910s ETA=320s tile_loss=0.0000
progress phase=4.3 epoch=10/10 batch=3150/4369 work=97.2% elapsed=10916s ETA=313s tile_loss=0.0000
progress phase=4.3 epoch=10/10 batch=3175/4369 work=97.3% elapsed=10922s ETA=307s tile_loss=0.0000
progress phase=4.3 epoch=10/10 batch=3200/4369 work=97.3% elapsed=10928s ETA=300s tile_loss=0.0000
progress phase=4.3 epoch=10/10 batch=3225/4369 work=97.4% elapsed=10935s ETA=294s tile_loss=0.0000
progress phase=4.3 epoch=10/10 batch=3250/4369 work=97.4% elapsed=10941s ETA=288s tile_loss=0.0000
progress phase=4.3 epoch=10/10 batch=3275/4369 work=97.5% elapsed=10948s ETA=281s tile_loss=0.0000
progress phase=4.3 epoch=10/10 batch=3300/4369 work=97.6% elapsed=10954s ETA=275s tile_loss=0.0000
progress phase=4.3 epoch=10/10 batch=3325/4369 work=97.6% elapsed=10961s ETA=268s tile_loss=0.0000
progress phase=4.3 epoch=10/10 batch=3350/4369 work=97.7% elapsed=10967s ETA=262s tile_loss=0.0000
progress phase=4.3 epoch=10/10 batch=3375/4369 work=97.7% elapsed=10973s ETA=255s tile_loss=0.0000
progress phase=4.3 epoch=10/10 batch=3400/4369 work=97.8% elapsed=10979s ETA=249s tile_loss=0.0000
progress phase=4.3 epoch=10/10 batch=3425/4369 work=97.8% elapsed=10986s ETA=243s tile_loss=0.0000
progress phase=4.3 epoch=10/10 batch=3450/4369 work=97.9% elapsed=10993s ETA=236s tile_loss=0.0000
progress phase=4.3 epoch=10/10 batch=3475/4369 work=98.0% elapsed=10999s ETA=230s tile_loss=0.0000
progress phase=4.3 epoch=10/10 batch=3500/4369 work=98.0% elapsed=11005s ETA=223s tile_loss=0.0000
progress phase=4.3 epoch=10/10 batch=3525/4369 work=98.1% elapsed=11011s ETA=217s tile_loss=0.0000
progress phase=4.3 epoch=10/10 batch=3550/4369 work=98.1% elapsed=11018s ETA=210s tile_loss=0.0000
progress phase=4.3 epoch=10/10 batch=3575/4369 work=98.2% elapsed=11025s ETA=204s tile_loss=0.0000
progress phase=4.3 epoch=10/10 batch=3600/4369 work=98.2% elapsed=11031s ETA=198s tile_loss=0.0000
progress phase=4.3 epoch=10/10 batch=3625/4369 work=98.3% elapsed=11037s ETA=191s tile_loss=0.0000
progress phase=4.3 epoch=10/10 batch=3650/4369 work=98.4% elapsed=11043s ETA=185s tile_loss=0.0000
progress phase=4.3 epoch=10/10 batch=3675/4369 work=98.4% elapsed=11049s ETA=178s tile_loss=0.0000
progress phase=4.3 epoch=10/10 batch=3700/4369 work=98.5% elapsed=11056s ETA=172s tile_loss=0.0000
progress phase=4.3 epoch=10/10 batch=3725/4369 work=98.5% elapsed=11063s ETA=166s tile_loss=0.0000
progress phase=4.3 epoch=10/10 batch=3750/4369 work=98.6% elapsed=11069s ETA=159s tile_loss=0.0000
progress phase=4.3 epoch=10/10 batch=3775/4369 work=98.6% elapsed=11075s ETA=153s tile_loss=0.0000
progress phase=4.3 epoch=10/10 batch=3800/4369 work=98.7% elapsed=11081s ETA=146s tile_loss=0.0000
progress phase=4.3 epoch=10/10 batch=3825/4369 work=98.8% elapsed=11088s ETA=140s tile_loss=0.0000
progress phase=4.3 epoch=10/10 batch=3850/4369 work=98.8% elapsed=11095s ETA=133s tile_loss=0.0000
progress phase=4.3 epoch=10/10 batch=3875/4369 work=98.9% elapsed=11101s ETA=127s tile_loss=0.0000
progress phase=4.3 epoch=10/10 batch=3900/4369 work=98.9% elapsed=11108s ETA=121s tile_loss=0.0000
progress phase=4.3 epoch=10/10 batch=3925/4369 work=99.0% elapsed=11114s ETA=114s tile_loss=0.0000
progress phase=4.3 epoch=10/10 batch=3950/4369 work=99.0% elapsed=11121s ETA=108s tile_loss=0.0000
progress phase=4.3 epoch=10/10 batch=3975/4369 work=99.1% elapsed=11127s ETA=101s tile_loss=0.0000
progress phase=4.3 epoch=10/10 batch=4000/4369 work=99.2% elapsed=11134s ETA=95s tile_loss=0.0000
progress phase=4.3 epoch=10/10 batch=4025/4369 work=99.2% elapsed=11140s ETA=88s tile_loss=0.0000
progress phase=4.3 epoch=10/10 batch=4050/4369 work=99.3% elapsed=11147s ETA=82s tile_loss=0.0000
progress phase=4.3 epoch=10/10 batch=4075/4369 work=99.3% elapsed=11153s ETA=76s tile_loss=0.0000
progress phase=4.3 epoch=10/10 batch=4100/4369 work=99.4% elapsed=11159s ETA=69s tile_loss=0.0000
progress phase=4.3 epoch=10/10 batch=4125/4369 work=99.4% elapsed=11166s ETA=63s tile_loss=0.0000
progress phase=4.3 epoch=10/10 batch=4150/4369 work=99.5% elapsed=11172s ETA=56s tile_loss=0.0000
progress phase=4.3 epoch=10/10 batch=4175/4369 work=99.6% elapsed=11178s ETA=50s tile_loss=0.0000
progress phase=4.3 epoch=10/10 batch=4200/4369 work=99.6% elapsed=11185s ETA=43s tile_loss=0.0000
progress phase=4.3 epoch=10/10 batch=4225/4369 work=99.7% elapsed=11191s ETA=37s tile_loss=0.0000
progress phase=4.3 epoch=10/10 batch=4250/4369 work=99.7% elapsed=11199s ETA=31s tile_loss=0.0000
progress phase=4.3 epoch=10/10 batch=4275/4369 work=99.8% elapsed=11205s ETA=24s tile_loss=0.0000
progress phase=4.3 epoch=10/10 batch=4300/4369 work=99.8% elapsed=11211s ETA=18s tile_loss=0.0000
progress phase=4.3 epoch=10/10 batch=4325/4369 work=99.9% elapsed=11217s ETA=11s tile_loss=0.0000
progress phase=4.3 epoch=10/10 batch=4350/4369 work=100.0% elapsed=11223s ETA=5s tile_loss=0.0000
progress phase=4.3 epoch=10/10 batch=4369/4369 work=100.0% elapsed=11228s ETA=0s tile_loss=0.0000
epoch 10  train_loss=2.8053  val_slot@1=0.557  val_zone=0.448  val_tile=0.061  val_loss=3.3861
Rolling out policy continuations for realism scoring ...
{
  "test": {
    "loss": 3.3904050985972085,
    "slot_top1": 0.5557969289370313,
    "slot_top3": 0.9400071420069039,
    "type_acc": 0.9983632900845137,
    "zone_acc": 0.4491429591715272,
    "xy_mae": 5058.80471074872,
    "tile_acc": 0.06118319247708606,
    "tile_class_acc": null,
    "tile_top5_acc": null,
    "tile_nll": null,
    "timing_mae": 1.4920707678116585,
    "n": 33604,
    "model_x_std": 0.19001512229442596,
    "model_y_std": 0.17920388281345367
  },
  "baselines": {
    "frequency": {
      "name": "online_frequency",
      "slot_top1": 0.11971718717617613,
      "slot_top3": 0.39924593875045833,
      "n": 125454
    },
    "cycle": {
      "name": "approx_cycle",
      "slot_top1": 0.1985349211663239,
      "slot_top3": 0.6180512379039329,
      "n": 125454
    },
    "chance_slot_top1": 0.125
  },
  "rollouts": {
    "available": true,
    "n": 95,
    "mean_score_real": 0.9072440691729035,
    "mean_score_policy": 0.9289019393155987,
    "mean_score_easy": 0.00010967753623695977,
    "mean_score_medium": 6.331704796969322e-05,
    "policy_vs_easy_lift": 0.9287922617793618,
    "policy_vs_medium_lift": 0.928838622267629,
    "policy_gap_to_real": -0.021657870142695268
  },
  "live_play_readiness": {
    "ready_for_live_smoke_test": true,
    "checks": {
      "beats_baselines": true,
      "slot_floor": true,
      "zone_floor": true,
      "tile_or_zone": true,
      "rollout_beats_easy": true,
      "rollout_not_collapsed": true,
      "rollout_near_real": true
    },
    "rationale": "All offline gates passed; a short supervised live smoke test is justified."
  }
}
Wrote models/policy_bc_v4.3/report.json
{
  "model_name": "policy-bc-v4.3",
  "model_version": "4.3.0",
  "created_at": "2026-08-10T06:16:53Z",
  "seconds": 11681.7,
  "compute": {
    "device": "cuda",
    "framework": "pytorch",
    "parameters": 2472626,
    "d_model": 256,
    "num_layers": 3,
    "epochs_requested": 10,
    "epochs_ran": 10,
    "batch_size": 512,
    "gradient_accumulation_steps": 1,
    "learning_rate": 0.0002,
    "dropout": 0.2,
    "max_context": 64,
    "max_samples_per_battle": 40,
    "global_dim": 62,
    "threat_dim": 14,
    "card_conditioned_placement": true,
    "placement_mode": "xy",
    "reaction_weight": 3.0,
    "reaction_repeats": 2,
    "reaction_seconds": 5.0,
    "max_battles": null,
    "hide_opponent_deck": false,
    "hide_opponent_prob": 0.0,
    "loss_kwargs": {
      "zone_weight": 1.1,
      "xy_weight": 0.55,
      "slot_weight": 1.4
    },
    "warmstart": {},
    "training_log_path": "models/policy_bc_v4.3/training.log",
    "freeze_backbone": false,
    "training_stage": null,
    "arena_control": "aligned",
    "arena_memory_channels": 0,
    "arena_hidden_channels": 32,
    "arena_memory_version": "none",
    "arena_gate_bias": -2.2,
    "split_manifest": null,
    "manifest_hash": null,
    "progress_path": "models/policy_bc_v4.3/progress.jsonl",
    "log_path": null,
    "trainable_parameters": 2472626,
    "mirror_training": true,
    "max_think_steps": 8,
    "eval_think_steps": 8
  },
  "data": {
    "battles_total": 78166,
    "min_card_plays": 12,
    "train_samples": 2236884,
    "val_samples": 33332,
    "test_samples": 33604,
    "vocab_size": 126,
    "splits": [
      {
        "split": "train",
        "battles": 74052,
        "team_win_rate": 0.5032949819046075,
        "mean_events": 64.75425376762276
      },
      {
        "split": "val",
        "battles": 2057,
        "team_win_rate": 0.5051045211473019,
        "mean_events": 64.48371414681576
      },
      {
        "split": "test",
        "battles": 2057,
        "team_win_rate": 0.5133689839572193,
        "mean_events": 64.55420515313564
      }
    ]
  },
  "baselines": {
    "frequency": {
      "name": "online_frequency",
      "slot_top1": 0.11971718717617613,
      "slot_top3": 0.39924593875045833,
      "n": 125454
    },
    "cycle": {
      "name": "approx_cycle",
      "slot_top1": 0.1985349211663239,
      "slot_top3": 0.6180512379039329,
      "n": 125454
    },
    "chance_slot_top1": 0.125
  },
  "val": {
    "loss": 3.386086008765481,
    "slot_top1": 0.5571822872914917,
    "slot_top3": 0.9431477259090364,
    "type_acc": 0.9978699147965918,
    "zone_acc": 0.4482479299171967,
    "xy_mae": 5019.580299149466,
    "tile_acc": 0.060602424096963876,
    "tile_class_acc": null,
    "tile_top5_acc": null,
    "tile_nll": null,
    "timing_mae": 1.5019318537023707,
    "model_x_std": 0.1920597404241562,
    "model_y_std": 0.1810673326253891
  },
  "test": {
    "loss": 3.3904050985972085,
    "slot_top1": 0.5557969289370313,
    "slot_top3": 0.9400071420069039,
    "type_acc": 0.9983632900845137,
    "zone_acc": 0.4491429591715272,
    "xy_mae": 5058.80471074872,
    "tile_acc": 0.06118319247708606,
    "tile_class_acc": null,
    "tile_top5_acc": null,
    "tile_nll": null,
    "timing_mae": 1.4920707678116585,
    "n": 33604,
    "model_x_std": 0.19001512229442596,
    "model_y_std": 0.17920388281345367
  },
  "test_think_off": {
    "loss": 3.404917839801673,
    "slot_top1": 0.5510355910010714,
    "slot_top3": 0.9377455064873229,
    "type_acc": 0.9983632900845137,
    "zone_acc": 0.4470301154624449,
    "xy_mae": 5101.839907451494,
    "tile_acc": 0.05213665039876205,
    "tile_class_acc": null,
    "tile_top5_acc": null,
    "tile_nll": null,
    "timing_mae": 1.5313130003996456,
    "n": 33604,
    "model_x_std": 0.18198803067207336,
    "model_y_std": 0.1776568591594696
  },
  "rollouts": {
    "available": true,
    "n": 95,
    "mean_score_real": 0.9072440691729035,
    "mean_score_policy": 0.9289019393155987,
    "mean_score_easy": 0.00010967753623695977,
    "mean_score_medium": 6.331704796969322e-05,
    "policy_vs_easy_lift": 0.9287922617793618,
    "policy_vs_medium_lift": 0.928838622267629,
    "policy_gap_to_real": -0.021657870142695268
  },
  "rollout_hist": {
    "real": [
      0.1600913799525774,
      0.8711955805644453,
      0.984991461709527,
      0.7909531559619614,
      0.9072799485460623,
      0.985154039548274,
      0.9892558281455631,
      0.9736042826923887,
      0.9875239666971514,
      0.9071167034440767,
      0.9471429319040066,
      0.9411515455403308,
      0.9902186119047527,
      0.968778016944567,
      0.7883722182865049,
      0.9715873613438755,
      0.9931746114255556,
      0.8274809879175111,
      0.8543807070725106,
      0.9770797715646239,
      0.9558475726545946,
      0.9743592878788516,
      0.48889630964206787,
      0.9939133510728035,
      0.8632805598748007,
      0.9389390949332959,
      0.9599307941658262,
      0.7938694668440058,
      0.9418766608917029,
      0.944750715838363,
      0.9649299173460879,
      0.9317233132447889,
      0.9530700051691345,
      0.9321630616966254,
      0.9752918623457811,
      0.9609011023057177,
      0.9925906834349452,
      0.7707959692738852,
      0.9081268129183407,
      0.97669123840061,
      0.9615022469633754,
      0.9112170544913286,
      0.9681196611321021,
      0.8436644566370238,
      0.9876558495440972,
      0.9372393335232383,
      0.9809596503839153,
      0.9069320226991063,
      0.9595378386518619,
      0.9861342945135879,
      0.8724250352301697,
      0.9861282242512908,
      0.9712367352695966,
      0.9613294902429267,
      0.9527079657247696,
      0.9742595627193837,
      0.9559485505824379,
      0.6539856608590782,
      0.7699352078461255,
      0.9017134681196508,
      0.8839479893254747,
      0.9354323675117472,
      0.5956282521654763,
      0.9339450033761008,
      0.9256884688991746,
      0.9558528650932993,
      0.9818109200616917,
      0.494453602251494,
      0.9640314647234562,
      0.8240429997669443,
      0.7935780534233045,
      0.975780956532747,
      0.9644959707601221,
      0.9887271278306824,
      0.898347120564826,
      0.9285840233521394,
      0.896341874278864,
      0.9779204991785949,
      0.9208633019036155,
      0.9245644899529583,
      0.9486286146979358,
      0.9318235289054706,
      0.9763802528147061,
      0.9855593965276406,
      0.9301696949109904,
      0.9910031030049067,
      0.9392791735429531,
      0.9635900917547241,
      0.9869700602093229,
      0.9437044411149098,
      0.9964900513411995,
      0.5386326254798475,
      0.8994833637688123,
      0.9932563668496265,
      0.9180652550665322
    ],
    "policy": [
      0.9685781566944243,
      0.9862218804321444,
      0.9069075639354023,
      0.995381192690672,
      0.9756126966497173,
      0.9702680990513073,
      0.9086757450535147,
      0.9986030963710891,
      0.9706094004172102,
      0.8853216850421002,
      0.9983195462854003,
      0.884247484478672,
      0.986108851060707,
      0.9852949007143743,
      0.8034997621110548,
      0.9405483235547732,
      0.9975310299118908,
      0.9821832653219423,
      0.9915334986964504,
      0.9834622366939609,
      0.9851646389348732,
      0.9795909551464309,
      0.8970970537627022,
      0.9817978353720018,
      0.9647585877708855,
      0.97469469453691,
      0.8864893073578185,
      0.9957672144042998,
      0.9944049531106665,
      0.9711095227800067,
      0.9832207148642859,
      0.9948607226000648,
      0.9912911700634146,
      0.9933458314972766,
      0.9834984935588407,
      0.9616932276543072,
      0.9967151977255401,
      0.9836717738398199,
      0.9929151637862527,
      0.9965975354075516,
      0.8111003611480125,
      0.9637761134837036,
      0.9492168865494838,
      0.9393698470297616,
      0.9925910534999054,
      0.9448911581736102,
      0.9657372916598699,
      0.9780486253832884,
      0.9974101201076444,
      0.66515768351632,
      0.01039934742168916,
      0.9823624005388538,
      0.9938449083581394,
      0.9889238414071048,
      0.9769527097035369,
      0.9985998505123752,
      0.9982756934693554,
      0.40189463856420143,
      0.9950643679276807,
      0.9960591841410232,
      0.9721608743162392,
      0.9727939020083294,
      0.9918765171419381,
      0.9956753165445319,
      0.9911626522201945,
      0.9976917367618358,
      0.9855720721166508,
      0.997757639454231,
      0.9913475438504713,
      0.9956843479445378,
      0.9018538399859586,
      0.9591496777514318,
      0.09866902680132285,
      0.9957842949724102,
      0.8566183347802331,
      0.9509974661277445,
      0.9986264739431858,
      0.9981872896980302,
      0.9881601466610281,
      0.003475968221388291,
      0.9962057972186239,
      0.9544028377471354,
      0.9934754491336227,
      0.9270367374605188,
      0.9953585480699795,
      0.9893229835402328,
      0.9241154445634363,
      0.9773215815548144,
      0.9591338032030385,
      0.8498392616877706,
      0.9640428913375048,
      0.9583214657349877,
      0.9772938121457216,
      0.9925762852803768,
      0.9667231230661237
    ],
    "easy": [
      0.00014754964899365221,
      5.8223036978121724e-05,
      0.00015393885646043215,
      5.0334210808692445e-05,
      0.00010749680124024118,
      3.245240546304844e-05,
      8.158330007801987e-05,
      9.17556011271535e-05,
      4.249378446808704e-05,
      2.2283425057579463e-05,
      4.703068888171583e-05,
      7.339207197630673e-05,
      5.3736096696813244e-05,
      6.769276674250754e-05,
      7.404808214306918e-05,
      2.5337094688505576e-05,
      0.0006769433185045226,
      8.065804027660079e-05,
      8.351924707245928e-05,
      0.0001682579504449916,
      6.23326896699408e-05,
      2.168315414879647e-05,
      0.000146936720866513,
      5.7631078091656864e-05,
      2.8059747423103874e-05,
      0.000113043868277174,
      2.254924216787021e-05,
      6.168751094595394e-05,
      0.00011026618102906404,
      8.740010181178147e-05,
      7.697577936065887e-05,
      0.00017717613122332574,
      1.9299965422685008e-05,
      7.47210063618498e-05,
      4.260701410940361e-05,
      3.998611515534371e-05,
      0.00022694749620049545,
      2.873104233020384e-05,
      6.237634649442855e-05,
      1.5145580061844235e-05,
      0.0001083295410370439,
      6.727691837945996e-05,
      0.00010696646450584478,
      0.00013365288385821156,
      1.7679787486100883e-05,
      0.00010121091084488715,
      0.00016013011563137584,
      0.0001833897873454771,
      0.00011611213734126385,
      1.9587621987121493e-05,
      6.841680543983209e-05,
      0.0001008016751672409,
      2.6769128738610027e-05,
      0.00014379034604843687,
      2.317533592876334e-05,
      0.00016074024523215913,
      6.88432742515697e-05,
      0.00033484510301201814,
      5.712308551979129e-05,
      7.819239702027211e-05,
      9.755198810293369e-05,
      4.7684652964764025e-05,
      0.0002075858706669326,
      7.719887870046913e-05,
      0.00020110512759807382,
      8.876795247616711e-05,
      6.837176559446749e-05,
      2.394581890343165e-05,
      0.00010143056651186733,
      9.928075862886354e-05,
      0.00010407129685116298,
      4.917702574520568e-05,
      5.703638006808258e-05,
      5.1277681978599925e-05,
      4.637314379607692e-05,
      9.754109482310025e-05,
      0.0002138902887855847,
      5.561884812252117e-05,
      3.788777971046361e-05,
      6.60391156407717e-05,
      0.001589949802252526,
      3.9272460176617006e-05,
      4.07306640649745e-05,
      0.000123531749550874,
      4.4500131033873745e-05,
      8.455818356658081e-05,
      0.00016643805347171136,
      0.00033229159430308436,
      1.981459246408083e-05,
      6.949816502599442e-05,
      0.00022727169102283672,
      7.820520617792468e-05,
      7.631092381558991e-05,
      1.764868143590101e-05,
      2.619124444897455e-05
    ],
    "medium": [
      3.446991442429244e-05,
      9.29706003021353e-05,
      3.146161310680448e-05,
      3.079696046426447e-05,
      2.151971972975747e-05,
      3.07155419808536e-05,
      3.7411986319188044e-05,
      2.127709639540072e-05,
      1.6908476036308898e-05,
      6.441573956904389e-05,
      3.6642202090563657e-05,
      4.797526966409236e-05,
      3.865161222823734e-05,
      7.105267630718805e-05,
      1.420445857558163e-05,
      3.522280884926632e-05,
      2.5645894752474758e-05,
      6.019761505596901e-05,
      5.013810609037159e-05,
      0.0005523979788830647,
      3.5324654776342944e-05,
      5.933823536084262e-05,
      2.5149262408484078e-05,
      2.5309290730753312e-05,
      3.1036503421938656e-05,
      8.630097524137058e-05,
      7.618766193871531e-05,
      3.229222214291535e-05,
      5.045170003291712e-05,
      8.576852555564498e-05,
      3.036871863481133e-05,
      9.251744841700865e-05,
      7.739925721594969e-05,
      4.4472014144805326e-05,
      3.8981088242429e-05,
      3.496423179917419e-05,
      8.532753525747322e-05,
      8.692991783564318e-05,
      2.7498180212902096e-05,
      3.273557066143276e-05,
      2.6422698525295737e-05,
      7.429639432471697e-05,
      4.723021390468788e-05,
      0.00010926879014964547,
      2.2776214734833847e-05,
      1.432391866459141e-05,
      7.557554229573664e-05,
      6.811507965081008e-05,
      5.251228160917056e-05,
      0.00027619718721122054,
      5.213026451738543e-05,
      3.97219675313439e-05,
      3.416398947350418e-05,
      8.418180023343061e-05,
      0.00010124623900709913,
      5.0219823192524015e-05,
      8.233573006454283e-05,
      5.128818392429793e-05,
      9.2124599698197e-05,
      3.385309279922989e-05,
      9.829119353450222e-05,
      1.6702647752807268e-05,
      5.106195833043794e-05,
      6.90286743200247e-05,
      0.0001977024585270706,
      9.436750506533848e-05,
      7.308046522521901e-05,
      1.3769943030435706e-05,
      9.92374668260102e-05,
      2.0538790827280955e-05,
      1.1401112656121236e-05,
      2.373806015912093e-05,
      0.0002538720632736628,
      3.283654182905111e-05,
      3.584518403952579e-05,
      1.542008272712004e-05,
      0.0002443448150845246,
      1.599061280312567e-05,
      3.796267250856256e-05,
      1.9517999235198514e-05,
      8.277381320525634e-05,
      2.2907803981334652e-05,
      2.802240767052854e-05,
      4.076508204064083e-05,
      4.552684017172574e-05,
      2.1112461988482118e-05,
      0.00021994969207328227,
      3.9379813873017764e-05,
      4.603661765929167e-05,
      3.8244892850635916e-05,
      7.922700298342678e-05,
      2.1396968742290528e-05,
      2.2118144528984935e-05,
      7.70686018128826e-05,
      4.546588941525732e-05
    ]
  },
  "history": [
    {
      "epoch": 1,
      "train_loss": 3.535973975139451,
      "val_loss": 3.632027604363181,
      "val_slot_top1": 0.5134105364214568,
      "val_slot_top3": 0.9257770310812432,
      "val_type_acc": 0.9978699147965918,
      "val_zone_acc": 0.4084963398535941,
      "val_xy_mae": 5411.732518675747,
      "val_tile_acc": 0.0327913116524661,
      "val_tile_class_acc": null,
      "val_tile_top5_acc": null,
      "val_tile_nll": null,
      "val_timing_mae": 1.6260205523729983,
      "val_model_x_std": 0.1761263757944107,
      "val_model_y_std": 0.17404992878437042,
      "val_n": 33332,
      "lr": 0.00019510565162951537
    },
    {
      "epoch": 2,
      "train_loss": 3.159955951272009,
      "val_loss": 3.5331485379825938,
      "val_slot_top1": 0.5307812312492499,
      "val_slot_top3": 0.9338773550942038,
      "val_type_acc": 0.9978699147965918,
      "val_zone_acc": 0.42547701908076324,
      "val_xy_mae": 5327.330085390916,
      "val_tile_acc": 0.04113164526581063,
      "val_tile_class_acc": null,
      "val_tile_top5_acc": null,
      "val_tile_nll": null,
      "val_timing_mae": 1.55580955797436,
      "val_model_x_std": 0.19330687820911407,
      "val_model_y_std": 0.19582757353782654,
      "val_n": 33332,
      "lr": 0.00018090169943749473
    },
    {
      "epoch": 3,
      "train_loss": 3.0529215400239154,
      "val_loss": 3.4595927397410073,
      "val_slot_top1": 0.5425417016680667,
      "val_slot_top3": 0.9371174846993879,
      "val_type_acc": 0.9978699147965918,
      "val_zone_acc": 0.4340873634945398,
      "val_xy_mae": 5188.204710375915,
      "val_tile_acc": 0.046441857674306974,
      "val_tile_class_acc": null,
      "val_tile_top5_acc": null,
      "val_tile_nll": null,
      "val_timing_mae": 1.5378629553293703,
      "val_model_x_std": 0.18394383788108826,
      "val_model_y_std": 0.17991358041763306,
      "val_n": 33332,
      "lr": 0.00015877852522924732
    },
    {
      "epoch": 4,
      "train_loss": 2.9843560507161637,
      "val_loss": 3.4459003246191777,
      "val_slot_top1": 0.546861874474979,
      "val_slot_top3": 0.9397275891035641,
      "val_type_acc": 0.9978699147965918,
      "val_zone_acc": 0.43732749309972396,
      "val_xy_mae": 5135.748516815673,
      "val_tile_acc": 0.05064202568102724,
      "val_tile_class_acc": null,
      "val_tile_top5_acc": null,
      "val_tile_nll": null,
      "val_timing_mae": 1.5350615143074962,
      "val_model_x_std": 0.19546635448932648,
      "val_model_y_std": 0.18186335265636444,
      "val_n": 33332,
      "lr": 0.00013090169943749474
    },
    {
      "epoch": 5,
      "train_loss": 2.931668100217355,
      "val_loss": 3.429947686917854,
      "val_slot_top1": 0.5506720268810752,
      "val_slot_top3": 0.9390375615024601,
      "val_type_acc": 0.9978699147965918,
      "val_zone_acc": 0.44299771990879633,
      "val_xy_mae": 5082.64676399556,
      "val_tile_acc": 0.05787231489259571,
      "val_tile_class_acc": null,
      "val_tile_top5_acc": null,
      "val_tile_nll": null,
      "val_timing_mae": 1.521784717519072,
      "val_model_x_std": 0.1974324733018875,
      "val_model_y_std": 0.18250539898872375,
      "val_n": 33332,
      "lr": 9.999999999999999e-05
    },
    {
      "epoch": 6,
      "train_loss": 2.8904587391940426,
      "val_loss": 3.397849606745171,
      "val_slot_top1": 0.5527721108844353,
      "val_slot_top3": 0.9423376935077403,
      "val_type_acc": 0.9978699147965918,
      "val_zone_acc": 0.4440477619104764,
      "val_xy_mae": 5060.3477401596065,
      "val_tile_acc": 0.05550222008880355,
      "val_tile_class_acc": null,
      "val_tile_top5_acc": null,
      "val_tile_nll": null,
      "val_timing_mae": 1.5027727854719657,
      "val_model_x_std": 0.18809489905834198,
      "val_model_y_std": 0.17426513135433197,
      "val_n": 33332,
      "lr": 6.909830056250526e-05
    },
    {
      "epoch": 7,
      "train_loss": 2.8563056163477882,
      "val_loss": 3.4002322030789927,
      "val_slot_top1": 0.5542421696867875,
      "val_slot_top3": 0.9422176887075483,
      "val_type_acc": 0.9978699147965918,
      "val_zone_acc": 0.4447677907116285,
      "val_xy_mae": 5054.478716023641,
      "val_tile_acc": 0.05835233409336373,
      "val_tile_class_acc": null,
      "val_tile_top5_acc": null,
      "val_tile_nll": null,
      "val_timing_mae": 1.5111330566351315,
      "val_model_x_std": 0.19352927803993225,
      "val_model_y_std": 0.18236714601516724,
      "val_n": 33332,
      "lr": 4.122147477075269e-05
    },
    {
      "epoch": 8,
      "train_loss": 2.8307336790115833,
      "val_loss": 3.383521379846515,
      "val_slot_top1": 0.5552022080883235,
      "val_slot_top3": 0.9427277091083643,
      "val_type_acc": 0.9978699147965918,
      "val_zone_acc": 0.44767790711628463,
      "val_xy_mae": 5033.597993294732,
      "val_tile_acc": 0.05817232689307572,
      "val_tile_class_acc": null,
      "val_tile_top5_acc": null,
      "val_tile_nll": null,
      "val_timing_mae": 1.5006194396793207,
      "val_model_x_std": 0.1906096190214157,
      "val_model_y_std": 0.17815762758255005,
      "val_n": 33332,
      "lr": 1.9098300562505263e-05
    },
    {
      "epoch": 9,
      "train_loss": 2.8154075661958506,
      "val_loss": 3.384112000465393,
      "val_slot_top1": 0.5586823472938918,
      "val_slot_top3": 0.9435677427097083,
      "val_type_acc": 0.9978699147965918,
      "val_zone_acc": 0.44710788431537263,
      "val_xy_mae": 5026.221096656366,
      "val_tile_acc": 0.05832233289331573,
      "val_tile_class_acc": null,
      "val_tile_top5_acc": null,
      "val_tile_nll": null,
      "val_timing_mae": 1.5028639060601487,
      "val_model_x_std": 0.19089758396148682,
      "val_model_y_std": 0.18054074048995972,
      "val_n": 33332,
      "lr": 4.894348370484646e-06
    },
    {
      "epoch": 10,
      "train_loss": 2.805326418353862,
      "val_loss": 3.386086008765481,
      "val_slot_top1": 0.5571822872914917,
      "val_slot_top3": 0.9431477259090364,
      "val_type_acc": 0.9978699147965918,
      "val_zone_acc": 0.4482479299171967,
      "val_xy_mae": 5019.580299149466,
      "val_tile_acc": 0.060602424096963876,
      "val_tile_class_acc": null,
      "val_tile_top5_acc": null,
      "val_tile_nll": null,
      "val_timing_mae": 1.5019318537023707,
      "val_model_x_std": 0.1920597404241562,
      "val_model_y_std": 0.1810673326253891,
      "val_n": 33332,
      "lr": 0.0
    }
  ],
  "checkpoint": "models/policy_bc_v4.3/best_model.pt",
  "lessons": [
    "v4.3 keeps the v4.2 recipe (90/5/5 + mirror + 40 windows), scales the trunk, and adds a toggled latent think loop so inference can spend more compute.",
    "Train samples K~Uniform(0..max_think_steps); inference think_steps=0 is the fast off path and higher K scales shared-weight refine steps.",
    "v4 keeps v3 threat conditioning + reaction upweight; adds jointly trained card-conditioned zone/XY heads.",
    "Offline probe: oracle card conditioning lifted zone to ~52%; e2e on frozen argmax did not — so v4 trains placement with the trunk (70% teacher / 30% soft slot mix).",
    "Hand-audit showed exact cycle reconstruction does not move slot accuracy — heuristic hand masks stay.",
    "Rollout autopsy blamed XY for most collapses; judge v4 on zone/XY MAE and collapse rate, not the auto live-play flag.",
    "Action-clock initiative (+6pp) is for rollout harness next — not baked into this checkpoint."
  ],
  "live_play_readiness": {
    "ready_for_live_smoke_test": true,
    "checks": {
      "beats_baselines": true,
      "slot_floor": true,
      "zone_floor": true,
      "tile_or_zone": true,
      "rollout_beats_easy": true,
      "rollout_not_collapsed": true,
      "rollout_near_real": true
    },
    "rationale": "All offline gates passed; a short supervised live smoke test is justified."
  }
}
