Loading battles from data/raw ...
Cached 46835 battles -> data/winner_battles_cache.pkl
Mirroring enabled: 42,151 augmented training battles
Training policy-bc-v4.4 (threat_dim=14, card_conditioned_placement=True, placement_mode=heatmap, reaction_weight=3.0, reaction_repeats=2, max_think_steps=3, eval_think_steps=3)
Samples train/val/test: 2542380/38178/38243 on cuda
progress phase=4.4 epoch=1/10 batch=1/4966 work=0.0% elapsed=1s ETA=60513s tile_loss=6.3657
progress phase=4.4 epoch=1/10 batch=25/4966 work=0.1% elapsed=6s ETA=12485s tile_loss=6.2313
progress phase=4.4 epoch=1/10 batch=50/4966 work=0.1% elapsed=12s ETA=11443s tile_loss=5.7011
progress phase=4.4 epoch=1/10 batch=75/4966 work=0.2% elapsed=17s ETA=11109s tile_loss=5.4782
progress phase=4.4 epoch=1/10 batch=100/4966 work=0.2% elapsed=22s ETA=10949s tile_loss=5.3122
progress phase=4.4 epoch=1/10 batch=125/4966 work=0.3% elapsed=28s ETA=10926s tile_loss=5.1906
progress phase=4.4 epoch=1/10 batch=150/4966 work=0.3% elapsed=33s ETA=10945s tile_loss=5.1380
progress phase=4.4 epoch=1/10 batch=175/4966 work=0.4% elapsed=39s ETA=11053s tile_loss=5.1912
progress phase=4.4 epoch=1/10 batch=200/4966 work=0.4% elapsed=45s ETA=11049s tile_loss=5.0789
progress phase=4.4 epoch=1/10 batch=225/4966 work=0.5% elapsed=51s ETA=11188s tile_loss=5.0106
progress phase=4.4 epoch=1/10 batch=250/4966 work=0.5% elapsed=56s ETA=11144s tile_loss=4.9157
progress phase=4.4 epoch=1/10 batch=275/4966 work=0.6% elapsed=62s ETA=11162s tile_loss=4.8982
progress phase=4.4 epoch=1/10 batch=300/4966 work=0.6% elapsed=67s ETA=11098s tile_loss=4.8764
progress phase=4.4 epoch=1/10 batch=325/4966 work=0.7% elapsed=73s ETA=11014s tile_loss=4.9680
progress phase=4.4 epoch=1/10 batch=350/4966 work=0.7% elapsed=78s ETA=10944s tile_loss=4.9292
progress phase=4.4 epoch=1/10 batch=375/4966 work=0.8% elapsed=83s ETA=10887s tile_loss=4.7852
progress phase=4.4 epoch=1/10 batch=400/4966 work=0.8% elapsed=88s ETA=10844s tile_loss=4.6902
progress phase=4.4 epoch=1/10 batch=425/4966 work=0.9% elapsed=94s ETA=10844s tile_loss=4.6495
progress phase=4.4 epoch=1/10 batch=450/4966 work=0.9% elapsed=99s ETA=10870s tile_loss=4.7638
progress phase=4.4 epoch=1/10 batch=475/4966 work=1.0% elapsed=106s ETA=10948s tile_loss=4.6693
progress phase=4.4 epoch=1/10 batch=500/4966 work=1.0% elapsed=111s ETA=10912s tile_loss=4.7480
progress phase=4.4 epoch=1/10 batch=525/4966 work=1.1% elapsed=116s ETA=10868s tile_loss=4.6679
progress phase=4.4 epoch=1/10 batch=550/4966 work=1.1% elapsed=121s ETA=10835s tile_loss=4.6293
progress phase=4.4 epoch=1/10 batch=575/4966 work=1.2% elapsed=127s ETA=10803s tile_loss=4.6662
progress phase=4.4 epoch=1/10 batch=600/4966 work=1.2% elapsed=132s ETA=10804s tile_loss=4.6055
progress phase=4.4 epoch=1/10 batch=625/4966 work=1.3% elapsed=138s ETA=10805s tile_loss=4.5795
progress phase=4.4 epoch=1/10 batch=650/4966 work=1.3% elapsed=143s ETA=10814s tile_loss=4.6780
progress phase=4.4 epoch=1/10 batch=675/4966 work=1.4% elapsed=149s ETA=10818s tile_loss=4.5701
progress phase=4.4 epoch=1/10 batch=700/4966 work=1.4% elapsed=154s ETA=10786s tile_loss=4.6418
progress phase=4.4 epoch=1/10 batch=725/4966 work=1.5% elapsed=159s ETA=10757s tile_loss=4.4120
progress phase=4.4 epoch=1/10 batch=750/4966 work=1.5% elapsed=165s ETA=10753s tile_loss=4.4863
progress phase=4.4 epoch=1/10 batch=775/4966 work=1.6% elapsed=171s ETA=10762s tile_loss=4.5050
progress phase=4.4 epoch=1/10 batch=800/4966 work=1.6% elapsed=177s ETA=10796s tile_loss=4.5787
progress phase=4.4 epoch=1/10 batch=825/4966 work=1.7% elapsed=183s ETA=10806s tile_loss=4.5557
progress phase=4.4 epoch=1/10 batch=850/4966 work=1.7% elapsed=188s ETA=10787s tile_loss=4.4124
progress phase=4.4 epoch=1/10 batch=875/4966 work=1.8% elapsed=193s ETA=10768s tile_loss=4.4607
progress phase=4.4 epoch=1/10 batch=900/4966 work=1.8% elapsed=198s ETA=10745s tile_loss=4.4483
progress phase=4.4 epoch=1/10 batch=925/4966 work=1.9% elapsed=204s ETA=10724s tile_loss=4.3948
progress phase=4.4 epoch=1/10 batch=950/4966 work=1.9% elapsed=209s ETA=10719s tile_loss=4.4362
progress phase=4.4 epoch=1/10 batch=975/4966 work=2.0% elapsed=215s ETA=10722s tile_loss=4.3705
progress phase=4.4 epoch=1/10 batch=1000/4966 work=2.0% elapsed=220s ETA=10722s tile_loss=4.4266
progress phase=4.4 epoch=1/10 batch=1025/4966 work=2.1% elapsed=227s ETA=10779s tile_loss=4.3474
progress phase=4.4 epoch=1/10 batch=1050/4966 work=2.1% elapsed=233s ETA=10767s tile_loss=4.3336
progress phase=4.4 epoch=1/10 batch=1075/4966 work=2.2% elapsed=238s ETA=10747s tile_loss=4.4085
progress phase=4.4 epoch=1/10 batch=1100/4966 work=2.2% elapsed=243s ETA=10735s tile_loss=4.3272
progress phase=4.4 epoch=1/10 batch=1125/4966 work=2.3% elapsed=249s ETA=10738s tile_loss=4.3440
progress phase=4.4 epoch=1/10 batch=1150/4966 work=2.3% elapsed=254s ETA=10722s tile_loss=4.2410
progress phase=4.4 epoch=1/10 batch=1175/4966 work=2.4% elapsed=260s ETA=10718s tile_loss=4.2867
progress phase=4.4 epoch=1/10 batch=1200/4966 work=2.4% elapsed=265s ETA=10709s tile_loss=4.3384
progress phase=4.4 epoch=1/10 batch=1225/4966 work=2.5% elapsed=270s ETA=10693s tile_loss=4.2711
progress phase=4.4 epoch=1/10 batch=1250/4966 work=2.5% elapsed=276s ETA=10673s tile_loss=4.3742
progress phase=4.4 epoch=1/10 batch=1275/4966 work=2.6% elapsed=281s ETA=10657s tile_loss=4.3651
progress phase=4.4 epoch=1/10 batch=1300/4966 work=2.6% elapsed=287s ETA=10664s tile_loss=4.2755
progress phase=4.4 epoch=1/10 batch=1325/4966 work=2.7% elapsed=292s ETA=10650s tile_loss=4.2289
progress phase=4.4 epoch=1/10 batch=1350/4966 work=2.7% elapsed=301s ETA=10755s tile_loss=4.2343
progress phase=4.4 epoch=1/10 batch=1375/4966 work=2.8% elapsed=306s ETA=10750s tile_loss=4.1321
progress phase=4.4 epoch=1/10 batch=1400/4966 work=2.8% elapsed=311s ETA=10736s tile_loss=4.1784
progress phase=4.4 epoch=1/10 batch=1425/4966 work=2.9% elapsed=317s ETA=10722s tile_loss=4.1456
progress phase=4.4 epoch=1/10 batch=1450/4966 work=2.9% elapsed=323s ETA=10723s tile_loss=4.0889
progress phase=4.4 epoch=1/10 batch=1475/4966 work=3.0% elapsed=328s ETA=10717s tile_loss=4.2778
progress phase=4.4 epoch=1/10 batch=1500/4966 work=3.0% elapsed=334s ETA=10708s tile_loss=4.1445
progress phase=4.4 epoch=1/10 batch=1525/4966 work=3.1% elapsed=339s ETA=10704s tile_loss=4.2309
progress phase=4.4 epoch=1/10 batch=1550/4966 work=3.1% elapsed=344s ETA=10687s tile_loss=4.1604
progress phase=4.4 epoch=1/10 batch=1575/4966 work=3.2% elapsed=349s ETA=10670s tile_loss=4.0903
progress phase=4.4 epoch=1/10 batch=1600/4966 work=3.2% elapsed=355s ETA=10655s tile_loss=4.0948
progress phase=4.4 epoch=1/10 batch=1625/4966 work=3.3% elapsed=360s ETA=10638s tile_loss=4.1091
progress phase=4.4 epoch=1/10 batch=1650/4966 work=3.3% elapsed=366s ETA=10635s tile_loss=4.1617
progress phase=4.4 epoch=1/10 batch=1675/4966 work=3.4% elapsed=371s ETA=10633s tile_loss=4.0478
progress phase=4.4 epoch=1/10 batch=1700/4966 work=3.4% elapsed=377s ETA=10626s tile_loss=4.1323
progress phase=4.4 epoch=1/10 batch=1725/4966 work=3.5% elapsed=382s ETA=10623s tile_loss=4.0345
progress phase=4.4 epoch=1/10 batch=1750/4966 work=3.5% elapsed=387s ETA=10608s tile_loss=4.1096
progress phase=4.4 epoch=1/10 batch=1775/4966 work=3.6% elapsed=393s ETA=10594s tile_loss=4.1797
progress phase=4.4 epoch=1/10 batch=1800/4966 work=3.6% elapsed=398s ETA=10589s tile_loss=4.0058
progress phase=4.4 epoch=1/10 batch=1825/4966 work=3.7% elapsed=404s ETA=10588s tile_loss=4.2099
progress phase=4.4 epoch=1/10 batch=1850/4966 work=3.7% elapsed=411s ETA=10609s tile_loss=3.9180
progress phase=4.4 epoch=1/10 batch=1875/4966 work=3.8% elapsed=416s ETA=10605s tile_loss=4.0277
progress phase=4.4 epoch=1/10 batch=1900/4966 work=3.8% elapsed=421s ETA=10592s tile_loss=4.1187
progress phase=4.4 epoch=1/10 batch=1925/4966 work=3.9% elapsed=427s ETA=10577s tile_loss=4.0593
progress phase=4.4 epoch=1/10 batch=1950/4966 work=3.9% elapsed=432s ETA=10561s tile_loss=3.9959
progress phase=4.4 epoch=1/10 batch=1975/4966 work=4.0% elapsed=437s ETA=10547s tile_loss=4.0771
progress phase=4.4 epoch=1/10 batch=2000/4966 work=4.0% elapsed=442s ETA=10536s tile_loss=4.0965
progress phase=4.4 epoch=1/10 batch=2025/4966 work=4.1% elapsed=448s ETA=10531s tile_loss=3.9883
progress phase=4.4 epoch=1/10 batch=2050/4966 work=4.1% elapsed=453s ETA=10530s tile_loss=4.0021
progress phase=4.4 epoch=1/10 batch=2075/4966 work=4.2% elapsed=459s ETA=10517s tile_loss=3.9991
progress phase=4.4 epoch=1/10 batch=2100/4966 work=4.2% elapsed=464s ETA=10503s tile_loss=3.8539
progress phase=4.4 epoch=1/10 batch=2125/4966 work=4.3% elapsed=469s ETA=10491s tile_loss=4.0519
progress phase=4.4 epoch=1/10 batch=2150/4966 work=4.3% elapsed=474s ETA=10485s tile_loss=3.9851
progress phase=4.4 epoch=1/10 batch=2175/4966 work=4.4% elapsed=480s ETA=10477s tile_loss=3.8324
progress phase=4.4 epoch=1/10 batch=2200/4966 work=4.4% elapsed=485s ETA=10467s tile_loss=3.9508
progress phase=4.4 epoch=1/10 batch=2225/4966 work=4.5% elapsed=491s ETA=10464s tile_loss=4.0516
progress phase=4.4 epoch=1/10 batch=2250/4966 work=4.5% elapsed=496s ETA=10454s tile_loss=4.0247
progress phase=4.4 epoch=1/10 batch=2275/4966 work=4.6% elapsed=501s ETA=10443s tile_loss=3.9747
progress phase=4.4 epoch=1/10 batch=2300/4966 work=4.6% elapsed=507s ETA=10437s tile_loss=4.0526
progress phase=4.4 epoch=1/10 batch=2325/4966 work=4.7% elapsed=513s ETA=10434s tile_loss=3.9560
progress phase=4.4 epoch=1/10 batch=2350/4966 work=4.7% elapsed=518s ETA=10429s tile_loss=4.1114
progress phase=4.4 epoch=1/10 batch=2375/4966 work=4.8% elapsed=524s ETA=10428s tile_loss=4.0216
progress phase=4.4 epoch=1/10 batch=2400/4966 work=4.8% elapsed=529s ETA=10419s tile_loss=3.8736
progress phase=4.4 epoch=1/10 batch=2425/4966 work=4.9% elapsed=534s ETA=10408s tile_loss=4.0523
progress phase=4.4 epoch=1/10 batch=2450/4966 work=4.9% elapsed=540s ETA=10398s tile_loss=4.0339
progress phase=4.4 epoch=1/10 batch=2475/4966 work=5.0% elapsed=545s ETA=10391s tile_loss=3.9231
progress phase=4.4 epoch=1/10 batch=2500/4966 work=5.0% elapsed=551s ETA=10393s tile_loss=3.8830
progress phase=4.4 epoch=1/10 batch=2525/4966 work=5.1% elapsed=557s ETA=10396s tile_loss=3.9997
progress phase=4.4 epoch=1/10 batch=2550/4966 work=5.1% elapsed=562s ETA=10389s tile_loss=3.8502
progress phase=4.4 epoch=1/10 batch=2575/4966 work=5.2% elapsed=568s ETA=10393s tile_loss=3.7786
progress phase=4.4 epoch=1/10 batch=2600/4966 work=5.2% elapsed=574s ETA=10384s tile_loss=3.9109
progress phase=4.4 epoch=1/10 batch=2625/4966 work=5.3% elapsed=579s ETA=10376s tile_loss=3.9160
progress phase=4.4 epoch=1/10 batch=2650/4966 work=5.3% elapsed=584s ETA=10366s tile_loss=3.9132
progress phase=4.4 epoch=1/10 batch=2675/4966 work=5.4% elapsed=591s ETA=10374s tile_loss=3.9749
progress phase=4.4 epoch=1/10 batch=2700/4966 work=5.4% elapsed=597s ETA=10387s tile_loss=3.7660
progress phase=4.4 epoch=1/10 batch=2725/4966 work=5.5% elapsed=603s ETA=10390s tile_loss=3.8623
progress phase=4.4 epoch=1/10 batch=2750/4966 work=5.5% elapsed=609s ETA=10381s tile_loss=3.9081
progress phase=4.4 epoch=1/10 batch=2775/4966 work=5.6% elapsed=614s ETA=10370s tile_loss=3.9646
progress phase=4.4 epoch=1/10 batch=2800/4966 work=5.6% elapsed=619s ETA=10359s tile_loss=3.8137
progress phase=4.4 epoch=1/10 batch=2825/4966 work=5.7% elapsed=624s ETA=10349s tile_loss=3.8815
progress phase=4.4 epoch=1/10 batch=2850/4966 work=5.7% elapsed=630s ETA=10346s tile_loss=3.9232
progress phase=4.4 epoch=1/10 batch=2875/4966 work=5.8% elapsed=636s ETA=10342s tile_loss=3.8215
progress phase=4.4 epoch=1/10 batch=2900/4966 work=5.8% elapsed=641s ETA=10344s tile_loss=3.8265
progress phase=4.4 epoch=1/10 batch=2925/4966 work=5.9% elapsed=647s ETA=10335s tile_loss=3.8185
progress phase=4.4 epoch=1/10 batch=2950/4966 work=5.9% elapsed=652s ETA=10325s tile_loss=3.8528
progress phase=4.4 epoch=1/10 batch=2975/4966 work=6.0% elapsed=658s ETA=10318s tile_loss=3.9006
progress phase=4.4 epoch=1/10 batch=3000/4966 work=6.0% elapsed=663s ETA=10311s tile_loss=3.8669
progress phase=4.4 epoch=1/10 batch=3025/4966 work=6.1% elapsed=669s ETA=10309s tile_loss=4.0278
progress phase=4.4 epoch=1/10 batch=3050/4966 work=6.1% elapsed=674s ETA=10303s tile_loss=3.8546
progress phase=4.4 epoch=1/10 batch=3075/4966 work=6.2% elapsed=679s ETA=10292s tile_loss=3.9197
progress phase=4.4 epoch=1/10 batch=3100/4966 work=6.2% elapsed=685s ETA=10286s tile_loss=3.8451
progress phase=4.4 epoch=1/10 batch=3125/4966 work=6.3% elapsed=691s ETA=10287s tile_loss=3.8119
progress phase=4.4 epoch=1/10 batch=3150/4966 work=6.3% elapsed=696s ETA=10281s tile_loss=3.7962
progress phase=4.4 epoch=1/10 batch=3175/4966 work=6.4% elapsed=702s ETA=10276s tile_loss=3.8968
progress phase=4.4 epoch=1/10 batch=3200/4966 work=6.4% elapsed=707s ETA=10270s tile_loss=3.7847
progress phase=4.4 epoch=1/10 batch=3225/4966 work=6.5% elapsed=713s ETA=10261s tile_loss=3.8021
progress phase=4.4 epoch=1/10 batch=3250/4966 work=6.5% elapsed=718s ETA=10260s tile_loss=3.6917
progress phase=4.4 epoch=1/10 batch=3275/4966 work=6.6% elapsed=724s ETA=10251s tile_loss=3.8360
progress phase=4.4 epoch=1/10 batch=3300/4966 work=6.6% elapsed=729s ETA=10244s tile_loss=3.9490
progress phase=4.4 epoch=1/10 batch=3325/4966 work=6.7% elapsed=735s ETA=10240s tile_loss=3.8438
progress phase=4.4 epoch=1/10 batch=3350/4966 work=6.7% elapsed=740s ETA=10234s tile_loss=3.7682
progress phase=4.4 epoch=1/10 batch=3375/4966 work=6.8% elapsed=747s ETA=10240s tile_loss=3.8821
progress phase=4.4 epoch=1/10 batch=3400/4966 work=6.8% elapsed=752s ETA=10233s tile_loss=3.9025
progress phase=4.4 epoch=1/10 batch=3425/4966 work=6.9% elapsed=757s ETA=10224s tile_loss=3.7939
progress phase=4.4 epoch=1/10 batch=3450/4966 work=6.9% elapsed=763s ETA=10217s tile_loss=3.8112
progress phase=4.4 epoch=1/10 batch=3475/4966 work=7.0% elapsed=768s ETA=10210s tile_loss=3.8918
progress phase=4.4 epoch=1/10 batch=3500/4966 work=7.0% elapsed=774s ETA=10211s tile_loss=3.9097
progress phase=4.4 epoch=1/10 batch=3525/4966 work=7.1% elapsed=781s ETA=10223s tile_loss=3.9226
progress phase=4.4 epoch=1/10 batch=3550/4966 work=7.1% elapsed=787s ETA=10227s tile_loss=3.8686
progress phase=4.4 epoch=1/10 batch=3575/4966 work=7.2% elapsed=793s ETA=10222s tile_loss=3.7946
progress phase=4.4 epoch=1/10 batch=3600/4966 work=7.2% elapsed=798s ETA=10212s tile_loss=3.8556
progress phase=4.4 epoch=1/10 batch=3625/4966 work=7.3% elapsed=804s ETA=10206s tile_loss=3.8076
progress phase=4.4 epoch=1/10 batch=3650/4966 work=7.3% elapsed=809s ETA=10199s tile_loss=3.8646
progress phase=4.4 epoch=1/10 batch=3675/4966 work=7.4% elapsed=814s ETA=10188s tile_loss=3.8716
progress phase=4.4 epoch=1/10 batch=3700/4966 work=7.5% elapsed=820s ETA=10180s tile_loss=3.8118
progress phase=4.4 epoch=1/10 batch=3725/4966 work=7.5% elapsed=825s ETA=10172s tile_loss=3.8743
progress phase=4.4 epoch=1/10 batch=3750/4966 work=7.6% elapsed=830s ETA=10164s tile_loss=3.7954
progress phase=4.4 epoch=1/10 batch=3775/4966 work=7.6% elapsed=836s ETA=10159s tile_loss=3.7751
progress phase=4.4 epoch=1/10 batch=3800/4966 work=7.7% elapsed=841s ETA=10149s tile_loss=3.6881
progress phase=4.4 epoch=1/10 batch=3825/4966 work=7.7% elapsed=846s ETA=10143s tile_loss=3.8445
progress phase=4.4 epoch=1/10 batch=3850/4966 work=7.8% elapsed=853s ETA=10147s tile_loss=3.7535
progress phase=4.4 epoch=1/10 batch=3875/4966 work=7.8% elapsed=859s ETA=10148s tile_loss=3.9006
progress phase=4.4 epoch=1/10 batch=3900/4966 work=7.9% elapsed=865s ETA=10146s tile_loss=3.7517
progress phase=4.4 epoch=1/10 batch=3925/4966 work=7.9% elapsed=870s ETA=10139s tile_loss=3.6788
progress phase=4.4 epoch=1/10 batch=3950/4966 work=8.0% elapsed=875s ETA=10131s tile_loss=3.9232
progress phase=4.4 epoch=1/10 batch=3975/4966 work=8.0% elapsed=931s ETA=10702s tile_loss=3.8872
progress phase=4.4 epoch=1/10 batch=4000/4966 work=8.1% elapsed=937s ETA=10691s tile_loss=3.8050
progress phase=4.4 epoch=1/10 batch=4025/4966 work=8.1% elapsed=942s ETA=10679s tile_loss=3.7551
progress phase=4.4 epoch=1/10 batch=4050/4966 work=8.2% elapsed=947s ETA=10667s tile_loss=3.8340
progress phase=4.4 epoch=1/10 batch=4075/4966 work=8.2% elapsed=954s ETA=10673s tile_loss=3.8692
progress phase=4.4 epoch=1/10 batch=4100/4966 work=8.3% elapsed=967s ETA=10744s tile_loss=3.6298
progress phase=4.4 epoch=1/10 batch=4125/4966 work=8.3% elapsed=979s ETA=10806s tile_loss=3.7263
progress phase=4.4 epoch=1/10 batch=4150/4966 work=8.4% elapsed=987s ETA=10827s tile_loss=3.7265
progress phase=4.4 epoch=1/10 batch=4175/4966 work=8.4% elapsed=996s ETA=10856s tile_loss=3.7875
progress phase=4.4 epoch=1/10 batch=4200/4966 work=8.5% elapsed=1003s ETA=10857s tile_loss=3.7928
progress phase=4.4 epoch=1/10 batch=4225/4966 work=8.5% elapsed=1010s ETA=10858s tile_loss=3.7848
progress phase=4.4 epoch=1/10 batch=4250/4966 work=8.6% elapsed=1016s ETA=10856s tile_loss=3.8379
progress phase=4.4 epoch=1/10 batch=4275/4966 work=8.6% elapsed=1022s ETA=10849s tile_loss=3.7864
progress phase=4.4 epoch=1/10 batch=4300/4966 work=8.7% elapsed=1030s ETA=10861s tile_loss=3.8658
progress phase=4.4 epoch=1/10 batch=4325/4966 work=8.7% elapsed=1040s ETA=10903s tile_loss=3.7973
progress phase=4.4 epoch=1/10 batch=4350/4966 work=8.8% elapsed=1045s ETA=10889s tile_loss=3.7685
progress phase=4.4 epoch=1/10 batch=4375/4966 work=8.8% elapsed=1051s ETA=10876s tile_loss=3.7013
progress phase=4.4 epoch=1/10 batch=4400/4966 work=8.9% elapsed=1056s ETA=10864s tile_loss=3.7930
progress phase=4.4 epoch=1/10 batch=4425/4966 work=8.9% elapsed=1063s ETA=10872s tile_loss=3.8394
progress phase=4.4 epoch=1/10 batch=4450/4966 work=9.0% elapsed=1069s ETA=10862s tile_loss=3.8517
progress phase=4.4 epoch=1/10 batch=4475/4966 work=9.0% elapsed=1075s ETA=10849s tile_loss=3.7909
progress phase=4.4 epoch=1/10 batch=4500/4966 work=9.1% elapsed=1080s ETA=10836s tile_loss=3.7069
progress phase=4.4 epoch=1/10 batch=4525/4966 work=9.1% elapsed=1085s ETA=10825s tile_loss=3.8414
progress phase=4.4 epoch=1/10 batch=4550/4966 work=9.2% elapsed=1091s ETA=10817s tile_loss=3.8327
progress phase=4.4 epoch=1/10 batch=4575/4966 work=9.2% elapsed=1097s ETA=10807s tile_loss=3.6991
progress phase=4.4 epoch=1/10 batch=4600/4966 work=9.3% elapsed=1102s ETA=10795s tile_loss=3.7750
progress phase=4.4 epoch=1/10 batch=4625/4966 work=9.3% elapsed=1112s ETA=10826s tile_loss=3.9141
progress phase=4.4 epoch=1/10 batch=4650/4966 work=9.4% elapsed=1123s ETA=10866s tile_loss=3.9474
progress phase=4.4 epoch=1/10 batch=4675/4966 work=9.4% elapsed=1131s ETA=10882s tile_loss=3.6872
progress phase=4.4 epoch=1/10 batch=4700/4966 work=9.5% elapsed=1138s ETA=10884s tile_loss=3.7328
progress phase=4.4 epoch=1/10 batch=4725/4966 work=9.5% elapsed=1144s ETA=10883s tile_loss=3.7236
progress phase=4.4 epoch=1/10 batch=4750/4966 work=9.6% elapsed=1151s ETA=10885s tile_loss=3.6568
progress phase=4.4 epoch=1/10 batch=4775/4966 work=9.6% elapsed=1158s ETA=10882s tile_loss=3.6685
progress phase=4.4 epoch=1/10 batch=4800/4966 work=9.7% elapsed=1164s ETA=10876s tile_loss=3.6541
progress phase=4.4 epoch=1/10 batch=4825/4966 work=9.7% elapsed=1170s ETA=10869s tile_loss=3.6767
progress phase=4.4 epoch=1/10 batch=4850/4966 work=9.8% elapsed=1175s ETA=10860s tile_loss=3.6575
progress phase=4.4 epoch=1/10 batch=4875/4966 work=9.8% elapsed=1181s ETA=10851s tile_loss=3.6753
progress phase=4.4 epoch=1/10 batch=4900/4966 work=9.9% elapsed=1187s ETA=10840s tile_loss=3.7308
progress phase=4.4 epoch=1/10 batch=4925/4966 work=9.9% elapsed=1192s ETA=10832s tile_loss=3.7498
progress phase=4.4 epoch=1/10 batch=4950/4966 work=10.0% elapsed=1198s ETA=10822s tile_loss=3.7541
progress phase=4.4 epoch=1/10 batch=4966/4966 work=10.0% elapsed=1202s ETA=10815s tile_loss=3.7427
epoch 01  train_loss=5.8333  val_slot@1=0.501  val_zone=0.395  val_tile=0.035  val_tile_cls=0.125  val_tile@5=0.331  val_loss=6.0197
progress phase=4.4 epoch=2/10 batch=1/4966 work=10.0% elapsed=1214s ETA=10923s tile_loss=3.6594
progress phase=4.4 epoch=2/10 batch=25/4966 work=10.1% elapsed=1219s ETA=10912s tile_loss=3.7258
progress phase=4.4 epoch=2/10 batch=50/4966 work=10.1% elapsed=1225s ETA=10901s tile_loss=3.6650
progress phase=4.4 epoch=2/10 batch=75/4966 work=10.2% elapsed=1230s ETA=10890s tile_loss=3.7546
progress phase=4.4 epoch=2/10 batch=100/4966 work=10.2% elapsed=1237s ETA=10891s tile_loss=3.6444
progress phase=4.4 epoch=2/10 batch=125/4966 work=10.3% elapsed=1243s ETA=10881s tile_loss=3.7470
progress phase=4.4 epoch=2/10 batch=150/4966 work=10.3% elapsed=1249s ETA=10874s tile_loss=3.6252
progress phase=4.4 epoch=2/10 batch=175/4966 work=10.4% elapsed=1254s ETA=10863s tile_loss=3.7841
progress phase=4.4 epoch=2/10 batch=200/4966 work=10.4% elapsed=1260s ETA=10851s tile_loss=3.8247
progress phase=4.4 epoch=2/10 batch=225/4966 work=10.5% elapsed=1265s ETA=10840s tile_loss=3.6347
progress phase=4.4 epoch=2/10 batch=250/4966 work=10.5% elapsed=1271s ETA=10829s tile_loss=3.6988
progress phase=4.4 epoch=2/10 batch=275/4966 work=10.6% elapsed=1277s ETA=10820s tile_loss=3.5480
progress phase=4.4 epoch=2/10 batch=300/4966 work=10.6% elapsed=1282s ETA=10811s tile_loss=3.5761
progress phase=4.4 epoch=2/10 batch=325/4966 work=10.7% elapsed=1288s ETA=10803s tile_loss=3.6216
progress phase=4.4 epoch=2/10 batch=350/4966 work=10.7% elapsed=1294s ETA=10793s tile_loss=3.6711
progress phase=4.4 epoch=2/10 batch=375/4966 work=10.8% elapsed=1299s ETA=10782s tile_loss=3.7554
progress phase=4.4 epoch=2/10 batch=400/4966 work=10.8% elapsed=1305s ETA=10771s tile_loss=3.7403
progress phase=4.4 epoch=2/10 batch=425/4966 work=10.9% elapsed=1310s ETA=10760s tile_loss=3.7909
progress phase=4.4 epoch=2/10 batch=450/4966 work=10.9% elapsed=1316s ETA=10751s tile_loss=3.8585
progress phase=4.4 epoch=2/10 batch=475/4966 work=11.0% elapsed=1322s ETA=10742s tile_loss=3.6834
progress phase=4.4 epoch=2/10 batch=500/4966 work=11.0% elapsed=1328s ETA=10734s tile_loss=3.6801
progress phase=4.4 epoch=2/10 batch=525/4966 work=11.1% elapsed=1334s ETA=10727s tile_loss=3.6245
progress phase=4.4 epoch=2/10 batch=550/4966 work=11.1% elapsed=1339s ETA=10715s tile_loss=3.7835
progress phase=4.4 epoch=2/10 batch=575/4966 work=11.2% elapsed=1344s ETA=10703s tile_loss=3.8280
progress phase=4.4 epoch=2/10 batch=600/4966 work=11.2% elapsed=1350s ETA=10691s tile_loss=3.8309
progress phase=4.4 epoch=2/10 batch=625/4966 work=11.3% elapsed=1355s ETA=10681s tile_loss=3.7953
progress phase=4.4 epoch=2/10 batch=650/4966 work=11.3% elapsed=1361s ETA=10677s tile_loss=3.6380
progress phase=4.4 epoch=2/10 batch=675/4966 work=11.4% elapsed=1367s ETA=10666s tile_loss=3.6582
progress phase=4.4 epoch=2/10 batch=700/4966 work=11.4% elapsed=1373s ETA=10659s tile_loss=3.7256
progress phase=4.4 epoch=2/10 batch=725/4966 work=11.5% elapsed=1378s ETA=10648s tile_loss=3.6918
progress phase=4.4 epoch=2/10 batch=750/4966 work=11.5% elapsed=1384s ETA=10637s tile_loss=3.6365
progress phase=4.4 epoch=2/10 batch=775/4966 work=11.6% elapsed=1389s ETA=10626s tile_loss=3.7294
progress phase=4.4 epoch=2/10 batch=800/4966 work=11.6% elapsed=1395s ETA=10617s tile_loss=3.7721
progress phase=4.4 epoch=2/10 batch=825/4966 work=11.7% elapsed=1401s ETA=10609s tile_loss=3.7213
progress phase=4.4 epoch=2/10 batch=850/4966 work=11.7% elapsed=1406s ETA=10600s tile_loss=3.7373
progress phase=4.4 epoch=2/10 batch=875/4966 work=11.8% elapsed=1412s ETA=10592s tile_loss=3.6288
progress phase=4.4 epoch=2/10 batch=900/4966 work=11.8% elapsed=1417s ETA=10582s tile_loss=3.5793
progress phase=4.4 epoch=2/10 batch=925/4966 work=11.9% elapsed=1423s ETA=10575s tile_loss=3.6659
progress phase=4.4 epoch=2/10 batch=950/4966 work=11.9% elapsed=1429s ETA=10564s tile_loss=3.8296
progress phase=4.4 epoch=2/10 batch=975/4966 work=12.0% elapsed=1435s ETA=10559s tile_loss=3.7653
progress phase=4.4 epoch=2/10 batch=1000/4966 work=12.0% elapsed=1440s ETA=10550s tile_loss=3.6050
progress phase=4.4 epoch=2/10 batch=1025/4966 work=12.1% elapsed=1446s ETA=10540s tile_loss=3.6874
progress phase=4.4 epoch=2/10 batch=1050/4966 work=12.1% elapsed=1452s ETA=10531s tile_loss=3.6955
progress phase=4.4 epoch=2/10 batch=1075/4966 work=12.2% elapsed=1457s ETA=10520s tile_loss=3.7074
progress phase=4.4 epoch=2/10 batch=1100/4966 work=12.2% elapsed=1462s ETA=10510s tile_loss=3.7276
progress phase=4.4 epoch=2/10 batch=1125/4966 work=12.3% elapsed=1468s ETA=10500s tile_loss=3.7867
progress phase=4.4 epoch=2/10 batch=1150/4966 work=12.3% elapsed=1474s ETA=10494s tile_loss=3.6105
progress phase=4.4 epoch=2/10 batch=1175/4966 work=12.4% elapsed=1480s ETA=10487s tile_loss=3.6663
progress phase=4.4 epoch=2/10 batch=1200/4966 work=12.4% elapsed=1485s ETA=10478s tile_loss=3.6244
progress phase=4.4 epoch=2/10 batch=1225/4966 work=12.5% elapsed=1491s ETA=10468s tile_loss=3.7101
progress phase=4.4 epoch=2/10 batch=1250/4966 work=12.5% elapsed=1496s ETA=10458s tile_loss=3.7150
progress phase=4.4 epoch=2/10 batch=1275/4966 work=12.6% elapsed=1502s ETA=10448s tile_loss=3.7770
progress phase=4.4 epoch=2/10 batch=1300/4966 work=12.6% elapsed=1507s ETA=10437s tile_loss=3.6790
progress phase=4.4 epoch=2/10 batch=1325/4966 work=12.7% elapsed=1513s ETA=10428s tile_loss=3.7478
progress phase=4.4 epoch=2/10 batch=1350/4966 work=12.7% elapsed=1519s ETA=10421s tile_loss=3.6041
progress phase=4.4 epoch=2/10 batch=1375/4966 work=12.8% elapsed=1524s ETA=10412s tile_loss=3.7600
progress phase=4.4 epoch=2/10 batch=1400/4966 work=12.8% elapsed=1529s ETA=10401s tile_loss=3.7101
progress phase=4.4 epoch=2/10 batch=1425/4966 work=12.9% elapsed=1535s ETA=10391s tile_loss=3.7352
progress phase=4.4 epoch=2/10 batch=1450/4966 work=12.9% elapsed=1540s ETA=10380s tile_loss=3.6991
progress phase=4.4 epoch=2/10 batch=1475/4966 work=13.0% elapsed=1546s ETA=10371s tile_loss=3.6683
progress phase=4.4 epoch=2/10 batch=1500/4966 work=13.0% elapsed=1552s ETA=10365s tile_loss=3.7003
progress phase=4.4 epoch=2/10 batch=1525/4966 work=13.1% elapsed=1558s ETA=10360s tile_loss=3.6079
progress phase=4.4 epoch=2/10 batch=1550/4966 work=13.1% elapsed=1563s ETA=10351s tile_loss=3.6737
progress phase=4.4 epoch=2/10 batch=1575/4966 work=13.2% elapsed=1569s ETA=10342s tile_loss=3.7710
progress phase=4.4 epoch=2/10 batch=1600/4966 work=13.2% elapsed=1574s ETA=10333s tile_loss=3.7743
progress phase=4.4 epoch=2/10 batch=1625/4966 work=13.3% elapsed=1580s ETA=10326s tile_loss=3.6578
progress phase=4.4 epoch=2/10 batch=1650/4966 work=13.3% elapsed=1586s ETA=10319s tile_loss=3.5787
progress phase=4.4 epoch=2/10 batch=1675/4966 work=13.4% elapsed=1592s ETA=10312s tile_loss=3.7558
progress phase=4.4 epoch=2/10 batch=1700/4966 work=13.4% elapsed=1598s ETA=10304s tile_loss=3.7472
progress phase=4.4 epoch=2/10 batch=1725/4966 work=13.5% elapsed=1603s ETA=10294s tile_loss=3.5757
progress phase=4.4 epoch=2/10 batch=1750/4966 work=13.5% elapsed=1609s ETA=10287s tile_loss=3.7688
progress phase=4.4 epoch=2/10 batch=1775/4966 work=13.6% elapsed=1614s ETA=10279s tile_loss=3.6679
progress phase=4.4 epoch=2/10 batch=1800/4966 work=13.6% elapsed=1620s ETA=10271s tile_loss=3.6380
progress phase=4.4 epoch=2/10 batch=1825/4966 work=13.7% elapsed=1626s ETA=10264s tile_loss=3.6957
progress phase=4.4 epoch=2/10 batch=1850/4966 work=13.7% elapsed=1631s ETA=10255s tile_loss=3.7337
progress phase=4.4 epoch=2/10 batch=1875/4966 work=13.8% elapsed=1637s ETA=10245s tile_loss=3.6495
progress phase=4.4 epoch=2/10 batch=1900/4966 work=13.8% elapsed=1642s ETA=10236s tile_loss=3.7598
progress phase=4.4 epoch=2/10 batch=1925/4966 work=13.9% elapsed=1648s ETA=10226s tile_loss=3.5754
progress phase=4.4 epoch=2/10 batch=1950/4966 work=13.9% elapsed=1653s ETA=10217s tile_loss=3.6758
progress phase=4.4 epoch=2/10 batch=1975/4966 work=14.0% elapsed=1659s ETA=10209s tile_loss=3.5452
progress phase=4.4 epoch=2/10 batch=2000/4966 work=14.0% elapsed=1664s ETA=10201s tile_loss=3.6392
progress phase=4.4 epoch=2/10 batch=2025/4966 work=14.1% elapsed=1670s ETA=10193s tile_loss=3.5957
progress phase=4.4 epoch=2/10 batch=2050/4966 work=14.1% elapsed=1675s ETA=10183s tile_loss=3.7136
progress phase=4.4 epoch=2/10 batch=2075/4966 work=14.2% elapsed=1681s ETA=10175s tile_loss=3.6385
progress phase=4.4 epoch=2/10 batch=2100/4966 work=14.2% elapsed=1687s ETA=10168s tile_loss=3.6984
progress phase=4.4 epoch=2/10 batch=2125/4966 work=14.3% elapsed=1692s ETA=10158s tile_loss=3.7258
progress phase=4.4 epoch=2/10 batch=2150/4966 work=14.3% elapsed=1698s ETA=10150s tile_loss=3.7707
progress phase=4.4 epoch=2/10 batch=2175/4966 work=14.4% elapsed=1703s ETA=10141s tile_loss=3.5921
progress phase=4.4 epoch=2/10 batch=2200/4966 work=14.4% elapsed=1709s ETA=10136s tile_loss=3.6381
progress phase=4.4 epoch=2/10 batch=2225/4966 work=14.5% elapsed=1715s ETA=10127s tile_loss=3.5632
progress phase=4.4 epoch=2/10 batch=2250/4966 work=14.5% elapsed=1720s ETA=10117s tile_loss=3.5172
progress phase=4.4 epoch=2/10 batch=2275/4966 work=14.6% elapsed=1725s ETA=10108s tile_loss=3.7154
progress phase=4.4 epoch=2/10 batch=2300/4966 work=14.6% elapsed=1731s ETA=10099s tile_loss=3.6316
progress phase=4.4 epoch=2/10 batch=2325/4966 work=14.7% elapsed=1737s ETA=10092s tile_loss=3.6608
progress phase=4.4 epoch=2/10 batch=2350/4966 work=14.7% elapsed=1742s ETA=10085s tile_loss=3.7206
progress phase=4.4 epoch=2/10 batch=2375/4966 work=14.8% elapsed=1748s ETA=10076s tile_loss=3.6035
progress phase=4.4 epoch=2/10 batch=2400/4966 work=14.8% elapsed=1753s ETA=10066s tile_loss=3.6539
progress phase=4.4 epoch=2/10 batch=2425/4966 work=14.9% elapsed=1758s ETA=10056s tile_loss=3.7159
progress phase=4.4 epoch=2/10 batch=2450/4966 work=14.9% elapsed=1764s ETA=10047s tile_loss=3.7154
progress phase=4.4 epoch=2/10 batch=2475/4966 work=15.0% elapsed=1770s ETA=10041s tile_loss=3.5945
progress phase=4.4 epoch=2/10 batch=2500/4966 work=15.0% elapsed=1775s ETA=10034s tile_loss=3.6135
progress phase=4.4 epoch=2/10 batch=2525/4966 work=15.1% elapsed=1781s ETA=10025s tile_loss=3.6524
progress phase=4.4 epoch=2/10 batch=2550/4966 work=15.1% elapsed=1787s ETA=10018s tile_loss=3.5346
progress phase=4.4 epoch=2/10 batch=2575/4966 work=15.2% elapsed=1792s ETA=10009s tile_loss=3.5712
progress phase=4.4 epoch=2/10 batch=2600/4966 work=15.2% elapsed=1798s ETA=10002s tile_loss=3.5885
progress phase=4.4 epoch=2/10 batch=2625/4966 work=15.3% elapsed=1803s ETA=9994s tile_loss=3.7454
progress phase=4.4 epoch=2/10 batch=2650/4966 work=15.3% elapsed=1809s ETA=9986s tile_loss=3.5568
progress phase=4.4 epoch=2/10 batch=2675/4966 work=15.4% elapsed=1814s ETA=9976s tile_loss=3.5112
progress phase=4.4 epoch=2/10 batch=2700/4966 work=15.4% elapsed=1820s ETA=9967s tile_loss=3.6111
progress phase=4.4 epoch=2/10 batch=2725/4966 work=15.5% elapsed=1825s ETA=9959s tile_loss=3.7661
progress phase=4.4 epoch=2/10 batch=2750/4966 work=15.5% elapsed=1831s ETA=9952s tile_loss=3.5017
progress phase=4.4 epoch=2/10 batch=2775/4966 work=15.6% elapsed=1837s ETA=9945s tile_loss=3.6500
progress phase=4.4 epoch=2/10 batch=2800/4966 work=15.6% elapsed=1842s ETA=9936s tile_loss=3.5323
progress phase=4.4 epoch=2/10 batch=2825/4966 work=15.7% elapsed=1847s ETA=9927s tile_loss=3.6899
progress phase=4.4 epoch=2/10 batch=2850/4966 work=15.7% elapsed=1853s ETA=9918s tile_loss=3.5983
progress phase=4.4 epoch=2/10 batch=2875/4966 work=15.8% elapsed=1858s ETA=9909s tile_loss=3.5730
progress phase=4.4 epoch=2/10 batch=2900/4966 work=15.8% elapsed=1863s ETA=9900s tile_loss=3.5275
progress phase=4.4 epoch=2/10 batch=2925/4966 work=15.9% elapsed=1869s ETA=9891s tile_loss=3.6698
progress phase=4.4 epoch=2/10 batch=2950/4966 work=15.9% elapsed=1874s ETA=9883s tile_loss=3.6221
progress phase=4.4 epoch=2/10 batch=2975/4966 work=16.0% elapsed=1880s ETA=9875s tile_loss=3.5724
progress phase=4.4 epoch=2/10 batch=3000/4966 work=16.0% elapsed=1885s ETA=9866s tile_loss=3.5668
progress phase=4.4 epoch=2/10 batch=3025/4966 work=16.1% elapsed=1890s ETA=9857s tile_loss=3.6572
progress phase=4.4 epoch=2/10 batch=3050/4966 work=16.1% elapsed=1896s ETA=9848s tile_loss=3.6082
progress phase=4.4 epoch=2/10 batch=3075/4966 work=16.2% elapsed=1901s ETA=9839s tile_loss=3.7711
progress phase=4.4 epoch=2/10 batch=3100/4966 work=16.2% elapsed=1906s ETA=9830s tile_loss=3.6440
progress phase=4.4 epoch=2/10 batch=3125/4966 work=16.3% elapsed=1912s ETA=9821s tile_loss=3.5960
progress phase=4.4 epoch=2/10 batch=3150/4966 work=16.3% elapsed=1917s ETA=9813s tile_loss=3.6585
progress phase=4.4 epoch=2/10 batch=3175/4966 work=16.4% elapsed=1922s ETA=9804s tile_loss=3.4910
progress phase=4.4 epoch=2/10 batch=3200/4966 work=16.4% elapsed=1928s ETA=9795s tile_loss=3.5637
progress phase=4.4 epoch=2/10 batch=3225/4966 work=16.5% elapsed=1933s ETA=9787s tile_loss=3.6784
progress phase=4.4 epoch=2/10 batch=3250/4966 work=16.5% elapsed=1939s ETA=9779s tile_loss=3.6923
progress phase=4.4 epoch=2/10 batch=3275/4966 work=16.6% elapsed=1944s ETA=9773s tile_loss=3.6104
progress phase=4.4 epoch=2/10 batch=3300/4966 work=16.6% elapsed=1950s ETA=9764s tile_loss=3.6474
progress phase=4.4 epoch=2/10 batch=3325/4966 work=16.7% elapsed=1955s ETA=9755s tile_loss=3.5326
progress phase=4.4 epoch=2/10 batch=3350/4966 work=16.7% elapsed=1960s ETA=9747s tile_loss=3.6799
progress phase=4.4 epoch=2/10 batch=3375/4966 work=16.8% elapsed=1966s ETA=9741s tile_loss=3.7341
progress phase=4.4 epoch=2/10 batch=3400/4966 work=16.8% elapsed=1972s ETA=9733s tile_loss=3.5821
progress phase=4.4 epoch=2/10 batch=3425/4966 work=16.9% elapsed=1977s ETA=9725s tile_loss=3.6356
progress phase=4.4 epoch=2/10 batch=3450/4966 work=16.9% elapsed=1983s ETA=9716s tile_loss=3.7597
progress phase=4.4 epoch=2/10 batch=3475/4966 work=17.0% elapsed=1988s ETA=9707s tile_loss=3.6637
progress phase=4.4 epoch=2/10 batch=3500/4966 work=17.0% elapsed=1993s ETA=9698s tile_loss=3.6592
progress phase=4.4 epoch=2/10 batch=3525/4966 work=17.1% elapsed=1998s ETA=9689s tile_loss=3.6258
progress phase=4.4 epoch=2/10 batch=3550/4966 work=17.1% elapsed=2004s ETA=9680s tile_loss=3.6120
progress phase=4.4 epoch=2/10 batch=3575/4966 work=17.2% elapsed=2009s ETA=9673s tile_loss=3.6318
progress phase=4.4 epoch=2/10 batch=3600/4966 work=17.2% elapsed=2015s ETA=9665s tile_loss=3.6556
progress phase=4.4 epoch=2/10 batch=3625/4966 work=17.3% elapsed=2020s ETA=9657s tile_loss=3.6211
progress phase=4.4 epoch=2/10 batch=3650/4966 work=17.3% elapsed=2025s ETA=9648s tile_loss=3.4808
progress phase=4.4 epoch=2/10 batch=3675/4966 work=17.4% elapsed=2031s ETA=9639s tile_loss=3.5456
progress phase=4.4 epoch=2/10 batch=3700/4966 work=17.5% elapsed=2036s ETA=9630s tile_loss=3.5798
progress phase=4.4 epoch=2/10 batch=3725/4966 work=17.5% elapsed=2041s ETA=9622s tile_loss=3.6648
progress phase=4.4 epoch=2/10 batch=3750/4966 work=17.6% elapsed=2047s ETA=9616s tile_loss=3.6974
progress phase=4.4 epoch=2/10 batch=3775/4966 work=17.6% elapsed=2052s ETA=9607s tile_loss=3.7330
progress phase=4.4 epoch=2/10 batch=3800/4966 work=17.7% elapsed=2058s ETA=9599s tile_loss=3.5462
progress phase=4.4 epoch=2/10 batch=3825/4966 work=17.7% elapsed=2063s ETA=9590s tile_loss=3.5757
progress phase=4.4 epoch=2/10 batch=3850/4966 work=17.8% elapsed=2068s ETA=9582s tile_loss=3.5377
progress phase=4.4 epoch=2/10 batch=3875/4966 work=17.8% elapsed=2074s ETA=9574s tile_loss=3.5644
progress phase=4.4 epoch=2/10 batch=3900/4966 work=17.9% elapsed=2079s ETA=9566s tile_loss=3.6205
progress phase=4.4 epoch=2/10 batch=3925/4966 work=17.9% elapsed=2085s ETA=9558s tile_loss=3.6380
progress phase=4.4 epoch=2/10 batch=3950/4966 work=18.0% elapsed=2090s ETA=9550s tile_loss=3.5662
progress phase=4.4 epoch=2/10 batch=3975/4966 work=18.0% elapsed=2095s ETA=9542s tile_loss=3.5953
progress phase=4.4 epoch=2/10 batch=4000/4966 work=18.1% elapsed=2101s ETA=9534s tile_loss=3.6386
progress phase=4.4 epoch=2/10 batch=4025/4966 work=18.1% elapsed=2106s ETA=9525s tile_loss=3.7572
progress phase=4.4 epoch=2/10 batch=4050/4966 work=18.2% elapsed=2111s ETA=9517s tile_loss=3.5357
progress phase=4.4 epoch=2/10 batch=4075/4966 work=18.2% elapsed=2117s ETA=9509s tile_loss=3.6164
progress phase=4.4 epoch=2/10 batch=4100/4966 work=18.3% elapsed=2122s ETA=9502s tile_loss=3.6826
progress phase=4.4 epoch=2/10 batch=4125/4966 work=18.3% elapsed=2127s ETA=9494s tile_loss=3.5457
progress phase=4.4 epoch=2/10 batch=4150/4966 work=18.4% elapsed=2133s ETA=9486s tile_loss=3.6404
progress phase=4.4 epoch=2/10 batch=4175/4966 work=18.4% elapsed=2138s ETA=9477s tile_loss=3.7307
progress phase=4.4 epoch=2/10 batch=4200/4966 work=18.5% elapsed=2144s ETA=9473s tile_loss=3.7703
progress phase=4.4 epoch=2/10 batch=4225/4966 work=18.5% elapsed=2150s ETA=9465s tile_loss=3.5584
progress phase=4.4 epoch=2/10 batch=4250/4966 work=18.6% elapsed=2155s ETA=9456s tile_loss=3.5834
progress phase=4.4 epoch=2/10 batch=4275/4966 work=18.6% elapsed=2160s ETA=9448s tile_loss=3.5376
progress phase=4.4 epoch=2/10 batch=4300/4966 work=18.7% elapsed=2165s ETA=9440s tile_loss=3.7106
progress phase=4.4 epoch=2/10 batch=4325/4966 work=18.7% elapsed=2171s ETA=9431s tile_loss=3.6915
progress phase=4.4 epoch=2/10 batch=4350/4966 work=18.8% elapsed=2176s ETA=9423s tile_loss=3.5734
progress phase=4.4 epoch=2/10 batch=4375/4966 work=18.8% elapsed=2181s ETA=9416s tile_loss=3.6409
progress phase=4.4 epoch=2/10 batch=4400/4966 work=18.9% elapsed=2187s ETA=9408s tile_loss=3.6375
progress phase=4.4 epoch=2/10 batch=4425/4966 work=18.9% elapsed=2192s ETA=9400s tile_loss=3.7035
progress phase=4.4 epoch=2/10 batch=4450/4966 work=19.0% elapsed=2197s ETA=9392s tile_loss=3.6181
progress phase=4.4 epoch=2/10 batch=4475/4966 work=19.0% elapsed=2203s ETA=9385s tile_loss=3.5938
progress phase=4.4 epoch=2/10 batch=4500/4966 work=19.1% elapsed=2208s ETA=9377s tile_loss=3.5611
progress phase=4.4 epoch=2/10 batch=4525/4966 work=19.1% elapsed=2214s ETA=9369s tile_loss=3.4434
progress phase=4.4 epoch=2/10 batch=4550/4966 work=19.2% elapsed=2219s ETA=9361s tile_loss=3.5112
progress phase=4.4 epoch=2/10 batch=4575/4966 work=19.2% elapsed=2224s ETA=9353s tile_loss=3.5237
progress phase=4.4 epoch=2/10 batch=4600/4966 work=19.3% elapsed=2230s ETA=9346s tile_loss=3.6478
progress phase=4.4 epoch=2/10 batch=4625/4966 work=19.3% elapsed=2235s ETA=9338s tile_loss=3.6529
progress phase=4.4 epoch=2/10 batch=4650/4966 work=19.4% elapsed=2241s ETA=9331s tile_loss=3.5097
progress phase=4.4 epoch=2/10 batch=4675/4966 work=19.4% elapsed=2246s ETA=9322s tile_loss=3.4495
progress phase=4.4 epoch=2/10 batch=4700/4966 work=19.5% elapsed=2251s ETA=9315s tile_loss=3.6345
progress phase=4.4 epoch=2/10 batch=4725/4966 work=19.5% elapsed=2257s ETA=9307s tile_loss=3.5732
progress phase=4.4 epoch=2/10 batch=4750/4966 work=19.6% elapsed=2262s ETA=9299s tile_loss=3.6116
progress phase=4.4 epoch=2/10 batch=4775/4966 work=19.6% elapsed=2267s ETA=9291s tile_loss=3.6208
progress phase=4.4 epoch=2/10 batch=4800/4966 work=19.7% elapsed=2272s ETA=9283s tile_loss=3.6869
progress phase=4.4 epoch=2/10 batch=4825/4966 work=19.7% elapsed=2278s ETA=9275s tile_loss=3.6257
progress phase=4.4 epoch=2/10 batch=4850/4966 work=19.8% elapsed=2283s ETA=9267s tile_loss=3.4851
progress phase=4.4 epoch=2/10 batch=4875/4966 work=19.8% elapsed=2289s ETA=9262s tile_loss=3.6318
progress phase=4.4 epoch=2/10 batch=4900/4966 work=19.9% elapsed=2294s ETA=9254s tile_loss=3.5605
progress phase=4.4 epoch=2/10 batch=4925/4966 work=19.9% elapsed=2300s ETA=9246s tile_loss=3.5538
progress phase=4.4 epoch=2/10 batch=4950/4966 work=20.0% elapsed=2305s ETA=9238s tile_loss=3.6426
progress phase=4.4 epoch=2/10 batch=4966/4966 work=20.0% elapsed=2308s ETA=9234s tile_loss=3.7006
epoch 02  train_loss=5.2131  val_slot@1=0.525  val_zone=0.425  val_tile=0.047  val_tile_cls=0.138  val_tile@5=0.357  val_loss=5.8545
progress phase=4.4 epoch=3/10 batch=1/4966 work=20.0% elapsed=2321s ETA=9283s tile_loss=3.5961
progress phase=4.4 epoch=3/10 batch=25/4966 work=20.1% elapsed=2326s ETA=9275s tile_loss=3.7436
progress phase=4.4 epoch=3/10 batch=50/4966 work=20.1% elapsed=2331s ETA=9267s tile_loss=3.6002
progress phase=4.4 epoch=3/10 batch=75/4966 work=20.2% elapsed=2337s ETA=9259s tile_loss=3.5829
progress phase=4.4 epoch=3/10 batch=100/4966 work=20.2% elapsed=2342s ETA=9253s tile_loss=3.5447
progress phase=4.4 epoch=3/10 batch=125/4966 work=20.3% elapsed=2348s ETA=9247s tile_loss=3.5842
progress phase=4.4 epoch=3/10 batch=150/4966 work=20.3% elapsed=2354s ETA=9241s tile_loss=3.4215
progress phase=4.4 epoch=3/10 batch=175/4966 work=20.4% elapsed=2360s ETA=9235s tile_loss=3.5671
progress phase=4.4 epoch=3/10 batch=200/4966 work=20.4% elapsed=2365s ETA=9228s tile_loss=3.6605
progress phase=4.4 epoch=3/10 batch=225/4966 work=20.5% elapsed=2371s ETA=9220s tile_loss=3.5370
progress phase=4.4 epoch=3/10 batch=250/4966 work=20.5% elapsed=2376s ETA=9213s tile_loss=3.4358
progress phase=4.4 epoch=3/10 batch=275/4966 work=20.6% elapsed=2382s ETA=9205s tile_loss=3.4281
progress phase=4.4 epoch=3/10 batch=300/4966 work=20.6% elapsed=2387s ETA=9197s tile_loss=3.6928
progress phase=4.4 epoch=3/10 batch=325/4966 work=20.7% elapsed=2392s ETA=9189s tile_loss=3.5079
progress phase=4.4 epoch=3/10 batch=350/4966 work=20.7% elapsed=2397s ETA=9182s tile_loss=3.5265
progress phase=4.4 epoch=3/10 batch=375/4966 work=20.8% elapsed=2403s ETA=9175s tile_loss=3.6676
progress phase=4.4 epoch=3/10 batch=400/4966 work=20.8% elapsed=2409s ETA=9168s tile_loss=3.6470
progress phase=4.4 epoch=3/10 batch=425/4966 work=20.9% elapsed=2415s ETA=9163s tile_loss=3.6209
progress phase=4.4 epoch=3/10 batch=450/4966 work=20.9% elapsed=2420s ETA=9155s tile_loss=3.4941
progress phase=4.4 epoch=3/10 batch=475/4966 work=21.0% elapsed=2425s ETA=9148s tile_loss=3.6128
progress phase=4.4 epoch=3/10 batch=500/4966 work=21.0% elapsed=2431s ETA=9141s tile_loss=3.6329
progress phase=4.4 epoch=3/10 batch=525/4966 work=21.1% elapsed=2436s ETA=9133s tile_loss=3.5374
progress phase=4.4 epoch=3/10 batch=550/4966 work=21.1% elapsed=2442s ETA=9126s tile_loss=3.6682
progress phase=4.4 epoch=3/10 batch=575/4966 work=21.2% elapsed=2447s ETA=9120s tile_loss=3.5709
progress phase=4.4 epoch=3/10 batch=600/4966 work=21.2% elapsed=2453s ETA=9113s tile_loss=3.6628
progress phase=4.4 epoch=3/10 batch=625/4966 work=21.3% elapsed=2458s ETA=9105s tile_loss=3.4927
progress phase=4.4 epoch=3/10 batch=650/4966 work=21.3% elapsed=2464s ETA=9098s tile_loss=3.5909
progress phase=4.4 epoch=3/10 batch=675/4966 work=21.4% elapsed=2469s ETA=9090s tile_loss=3.5453
progress phase=4.4 epoch=3/10 batch=700/4966 work=21.4% elapsed=2474s ETA=9083s tile_loss=3.6686
progress phase=4.4 epoch=3/10 batch=725/4966 work=21.5% elapsed=2480s ETA=9077s tile_loss=3.5566
progress phase=4.4 epoch=3/10 batch=750/4966 work=21.5% elapsed=2486s ETA=9071s tile_loss=3.5765
progress phase=4.4 epoch=3/10 batch=775/4966 work=21.6% elapsed=2493s ETA=9068s tile_loss=3.4746
progress phase=4.4 epoch=3/10 batch=800/4966 work=21.6% elapsed=2498s ETA=9063s tile_loss=3.4968
progress phase=4.4 epoch=3/10 batch=825/4966 work=21.7% elapsed=2504s ETA=9055s tile_loss=3.6089
progress phase=4.4 epoch=3/10 batch=850/4966 work=21.7% elapsed=2509s ETA=9048s tile_loss=3.5134
progress phase=4.4 epoch=3/10 batch=875/4966 work=21.8% elapsed=2515s ETA=9042s tile_loss=3.6323
progress phase=4.4 epoch=3/10 batch=900/4966 work=21.8% elapsed=2520s ETA=9034s tile_loss=3.7606
progress phase=4.4 epoch=3/10 batch=925/4966 work=21.9% elapsed=2526s ETA=9026s tile_loss=3.5738
progress phase=4.4 epoch=3/10 batch=950/4966 work=21.9% elapsed=2531s ETA=9020s tile_loss=3.5289
progress phase=4.4 epoch=3/10 batch=975/4966 work=22.0% elapsed=2537s ETA=9013s tile_loss=3.5757
progress phase=4.4 epoch=3/10 batch=1000/4966 work=22.0% elapsed=2542s ETA=9005s tile_loss=3.5363
progress phase=4.4 epoch=3/10 batch=1025/4966 work=22.1% elapsed=2547s ETA=8997s tile_loss=3.5205
progress phase=4.4 epoch=3/10 batch=1050/4966 work=22.1% elapsed=2552s ETA=8989s tile_loss=3.4907
progress phase=4.4 epoch=3/10 batch=1075/4966 work=22.2% elapsed=2558s ETA=8982s tile_loss=3.5713
progress phase=4.4 epoch=3/10 batch=1100/4966 work=22.2% elapsed=2564s ETA=8976s tile_loss=3.5023
progress phase=4.4 epoch=3/10 batch=1125/4966 work=22.3% elapsed=2569s ETA=8968s tile_loss=3.4417
progress phase=4.4 epoch=3/10 batch=1150/4966 work=22.3% elapsed=2574s ETA=8961s tile_loss=3.6297
progress phase=4.4 epoch=3/10 batch=1175/4966 work=22.4% elapsed=2580s ETA=8955s tile_loss=3.6563
progress phase=4.4 epoch=3/10 batch=1200/4966 work=22.4% elapsed=2585s ETA=8947s tile_loss=3.6129
progress phase=4.4 epoch=3/10 batch=1225/4966 work=22.5% elapsed=2590s ETA=8940s tile_loss=3.4308
progress phase=4.4 epoch=3/10 batch=1250/4966 work=22.5% elapsed=2596s ETA=8932s tile_loss=3.6112
progress phase=4.4 epoch=3/10 batch=1275/4966 work=22.6% elapsed=2601s ETA=8926s tile_loss=3.6600
progress phase=4.4 epoch=3/10 batch=1300/4966 work=22.6% elapsed=2607s ETA=8919s tile_loss=3.5697
progress phase=4.4 epoch=3/10 batch=1325/4966 work=22.7% elapsed=2612s ETA=8911s tile_loss=3.6203
progress phase=4.4 epoch=3/10 batch=1350/4966 work=22.7% elapsed=2617s ETA=8903s tile_loss=3.5432
progress phase=4.4 epoch=3/10 batch=1375/4966 work=22.8% elapsed=2623s ETA=8895s tile_loss=3.5919
progress phase=4.4 epoch=3/10 batch=1400/4966 work=22.8% elapsed=2628s ETA=8888s tile_loss=3.6579
progress phase=4.4 epoch=3/10 batch=1425/4966 work=22.9% elapsed=2634s ETA=8882s tile_loss=3.5974
progress phase=4.4 epoch=3/10 batch=1450/4966 work=22.9% elapsed=2639s ETA=8876s tile_loss=3.4293
progress phase=4.4 epoch=3/10 batch=1475/4966 work=23.0% elapsed=2645s ETA=8870s tile_loss=3.5440
progress phase=4.4 epoch=3/10 batch=1500/4966 work=23.0% elapsed=2650s ETA=8862s tile_loss=3.5883
progress phase=4.4 epoch=3/10 batch=1525/4966 work=23.1% elapsed=2656s ETA=8855s tile_loss=3.5264
progress phase=4.4 epoch=3/10 batch=1550/4966 work=23.1% elapsed=2661s ETA=8848s tile_loss=3.5950
progress phase=4.4 epoch=3/10 batch=1575/4966 work=23.2% elapsed=2666s ETA=8841s tile_loss=3.5182
progress phase=4.4 epoch=3/10 batch=1600/4966 work=23.2% elapsed=2672s ETA=8833s tile_loss=3.6173
progress phase=4.4 epoch=3/10 batch=1625/4966 work=23.3% elapsed=2677s ETA=8827s tile_loss=3.4869
progress phase=4.4 epoch=3/10 batch=1650/4966 work=23.3% elapsed=2683s ETA=8820s tile_loss=3.3953
progress phase=4.4 epoch=3/10 batch=1675/4966 work=23.4% elapsed=2688s ETA=8814s tile_loss=3.5687
progress phase=4.4 epoch=3/10 batch=1700/4966 work=23.4% elapsed=2694s ETA=8807s tile_loss=3.4587
progress phase=4.4 epoch=3/10 batch=1725/4966 work=23.5% elapsed=2699s ETA=8800s tile_loss=3.5916
progress phase=4.4 epoch=3/10 batch=1750/4966 work=23.5% elapsed=2704s ETA=8792s tile_loss=3.5048
progress phase=4.4 epoch=3/10 batch=1775/4966 work=23.6% elapsed=2710s ETA=8785s tile_loss=3.5985
progress phase=4.4 epoch=3/10 batch=1800/4966 work=23.6% elapsed=2715s ETA=8777s tile_loss=3.5849
progress phase=4.4 epoch=3/10 batch=1825/4966 work=23.7% elapsed=2720s ETA=8770s tile_loss=3.5722
progress phase=4.4 epoch=3/10 batch=1850/4966 work=23.7% elapsed=2726s ETA=8764s tile_loss=3.5658
progress phase=4.4 epoch=3/10 batch=1875/4966 work=23.8% elapsed=2732s ETA=8757s tile_loss=3.6879
progress phase=4.4 epoch=3/10 batch=1900/4966 work=23.8% elapsed=2737s ETA=8751s tile_loss=3.5479
progress phase=4.4 epoch=3/10 batch=1925/4966 work=23.9% elapsed=2742s ETA=8743s tile_loss=3.4478
progress phase=4.4 epoch=3/10 batch=1950/4966 work=23.9% elapsed=2748s ETA=8736s tile_loss=3.6145
progress phase=4.4 epoch=3/10 batch=1975/4966 work=24.0% elapsed=2753s ETA=8729s tile_loss=3.5715
progress phase=4.4 epoch=3/10 batch=2000/4966 work=24.0% elapsed=2758s ETA=8722s tile_loss=3.5621
progress phase=4.4 epoch=3/10 batch=2025/4966 work=24.1% elapsed=2764s ETA=8714s tile_loss=3.4559
progress phase=4.4 epoch=3/10 batch=2050/4966 work=24.1% elapsed=2770s ETA=8709s tile_loss=3.5381
progress phase=4.4 epoch=3/10 batch=2075/4966 work=24.2% elapsed=2776s ETA=8704s tile_loss=3.5401
progress phase=4.4 epoch=3/10 batch=2100/4966 work=24.2% elapsed=2781s ETA=8698s tile_loss=3.5658
progress phase=4.4 epoch=3/10 batch=2125/4966 work=24.3% elapsed=2787s ETA=8691s tile_loss=3.3799
progress phase=4.4 epoch=3/10 batch=2150/4966 work=24.3% elapsed=2792s ETA=8684s tile_loss=3.5898
progress phase=4.4 epoch=3/10 batch=2175/4966 work=24.4% elapsed=2797s ETA=8677s tile_loss=3.6643
progress phase=4.4 epoch=3/10 batch=2200/4966 work=24.4% elapsed=2803s ETA=8670s tile_loss=3.5312
progress phase=4.4 epoch=3/10 batch=2225/4966 work=24.5% elapsed=2809s ETA=8664s tile_loss=3.4911
progress phase=4.4 epoch=3/10 batch=2250/4966 work=24.5% elapsed=2814s ETA=8658s tile_loss=3.5653
progress phase=4.4 epoch=3/10 batch=2275/4966 work=24.6% elapsed=2820s ETA=8652s tile_loss=3.5392
progress phase=4.4 epoch=3/10 batch=2300/4966 work=24.6% elapsed=2826s ETA=8647s tile_loss=3.4607
progress phase=4.4 epoch=3/10 batch=2325/4966 work=24.7% elapsed=2831s ETA=8640s tile_loss=3.5809
progress phase=4.4 epoch=3/10 batch=2350/4966 work=24.7% elapsed=2837s ETA=8632s tile_loss=3.6196
progress phase=4.4 epoch=3/10 batch=2375/4966 work=24.8% elapsed=2842s ETA=8625s tile_loss=3.5680
progress phase=4.4 epoch=3/10 batch=2400/4966 work=24.8% elapsed=2847s ETA=8618s tile_loss=3.5375
progress phase=4.4 epoch=3/10 batch=2425/4966 work=24.9% elapsed=2852s ETA=8611s tile_loss=3.5493
progress phase=4.4 epoch=3/10 batch=2450/4966 work=24.9% elapsed=2858s ETA=8605s tile_loss=3.5489
progress phase=4.4 epoch=3/10 batch=2475/4966 work=25.0% elapsed=2864s ETA=8599s tile_loss=3.6762
progress phase=4.4 epoch=3/10 batch=2500/4966 work=25.0% elapsed=2870s ETA=8593s tile_loss=3.4406
progress phase=4.4 epoch=3/10 batch=2525/4966 work=25.1% elapsed=2875s ETA=8587s tile_loss=3.6288
progress phase=4.4 epoch=3/10 batch=2550/4966 work=25.1% elapsed=2881s ETA=8580s tile_loss=3.6437
progress phase=4.4 epoch=3/10 batch=2575/4966 work=25.2% elapsed=2886s ETA=8573s tile_loss=3.3939
progress phase=4.4 epoch=3/10 batch=2600/4966 work=25.2% elapsed=2892s ETA=8567s tile_loss=3.5291
progress phase=4.4 epoch=3/10 batch=2625/4966 work=25.3% elapsed=2897s ETA=8560s tile_loss=3.5065
progress phase=4.4 epoch=3/10 batch=2650/4966 work=25.3% elapsed=2903s ETA=8554s tile_loss=3.6321
progress phase=4.4 epoch=3/10 batch=2675/4966 work=25.4% elapsed=2908s ETA=8547s tile_loss=3.6034
progress phase=4.4 epoch=3/10 batch=2700/4966 work=25.4% elapsed=2914s ETA=8541s tile_loss=3.3939
progress phase=4.4 epoch=3/10 batch=2725/4966 work=25.5% elapsed=2919s ETA=8535s tile_loss=3.6261
progress phase=4.4 epoch=3/10 batch=2750/4966 work=25.5% elapsed=2925s ETA=8529s tile_loss=3.4660
progress phase=4.4 epoch=3/10 batch=2775/4966 work=25.6% elapsed=2930s ETA=8522s tile_loss=3.5806
progress phase=4.4 epoch=3/10 batch=2800/4966 work=25.6% elapsed=2936s ETA=8515s tile_loss=3.5783
progress phase=4.4 epoch=3/10 batch=2825/4966 work=25.7% elapsed=2941s ETA=8508s tile_loss=3.5028
progress phase=4.4 epoch=3/10 batch=2850/4966 work=25.7% elapsed=2947s ETA=8502s tile_loss=3.5277
progress phase=4.4 epoch=3/10 batch=2875/4966 work=25.8% elapsed=2952s ETA=8494s tile_loss=3.6078
progress phase=4.4 epoch=3/10 batch=2900/4966 work=25.8% elapsed=2958s ETA=8488s tile_loss=3.6227
progress phase=4.4 epoch=3/10 batch=2925/4966 work=25.9% elapsed=2963s ETA=8481s tile_loss=3.5119
progress phase=4.4 epoch=3/10 batch=2950/4966 work=25.9% elapsed=2968s ETA=8475s tile_loss=3.5558
progress phase=4.4 epoch=3/10 batch=2975/4966 work=26.0% elapsed=2974s ETA=8468s tile_loss=3.5860
progress phase=4.4 epoch=3/10 batch=3000/4966 work=26.0% elapsed=2979s ETA=8460s tile_loss=3.5409
progress phase=4.4 epoch=3/10 batch=3025/4966 work=26.1% elapsed=2984s ETA=8453s tile_loss=3.5376
progress phase=4.4 epoch=3/10 batch=3050/4966 work=26.1% elapsed=2989s ETA=8446s tile_loss=3.5227
progress phase=4.4 epoch=3/10 batch=3075/4966 work=26.2% elapsed=2995s ETA=8439s tile_loss=3.5158
progress phase=4.4 epoch=3/10 batch=3100/4966 work=26.2% elapsed=3000s ETA=8432s tile_loss=3.4487
progress phase=4.4 epoch=3/10 batch=3125/4966 work=26.3% elapsed=3005s ETA=8425s tile_loss=3.5024
progress phase=4.4 epoch=3/10 batch=3150/4966 work=26.3% elapsed=3011s ETA=8419s tile_loss=3.5537
progress phase=4.4 epoch=3/10 batch=3175/4966 work=26.4% elapsed=3016s ETA=8412s tile_loss=3.6644
progress phase=4.4 epoch=3/10 batch=3200/4966 work=26.4% elapsed=3022s ETA=8405s tile_loss=3.4209
progress phase=4.4 epoch=3/10 batch=3225/4966 work=26.5% elapsed=3027s ETA=8398s tile_loss=3.6204
progress phase=4.4 epoch=3/10 batch=3250/4966 work=26.5% elapsed=3033s ETA=8393s tile_loss=3.4688
progress phase=4.4 epoch=3/10 batch=3275/4966 work=26.6% elapsed=3039s ETA=8387s tile_loss=3.5990
progress phase=4.4 epoch=3/10 batch=3300/4966 work=26.6% elapsed=3044s ETA=8380s tile_loss=3.5462
progress phase=4.4 epoch=3/10 batch=3325/4966 work=26.7% elapsed=3050s ETA=8375s tile_loss=3.3657
progress phase=4.4 epoch=3/10 batch=3350/4966 work=26.7% elapsed=3055s ETA=8369s tile_loss=3.5670
progress phase=4.4 epoch=3/10 batch=3375/4966 work=26.8% elapsed=3061s ETA=8362s tile_loss=3.4791
progress phase=4.4 epoch=3/10 batch=3400/4966 work=26.8% elapsed=3066s ETA=8355s tile_loss=3.4239
progress phase=4.4 epoch=3/10 batch=3425/4966 work=26.9% elapsed=3071s ETA=8348s tile_loss=3.5627
progress phase=4.4 epoch=3/10 batch=3450/4966 work=26.9% elapsed=3077s ETA=8341s tile_loss=3.3812
progress phase=4.4 epoch=3/10 batch=3475/4966 work=27.0% elapsed=3082s ETA=8334s tile_loss=3.4022
progress phase=4.4 epoch=3/10 batch=3500/4966 work=27.0% elapsed=3088s ETA=8328s tile_loss=3.4782
progress phase=4.4 epoch=3/10 batch=3525/4966 work=27.1% elapsed=3093s ETA=8322s tile_loss=3.5915
progress phase=4.4 epoch=3/10 batch=3550/4966 work=27.1% elapsed=3099s ETA=8316s tile_loss=3.4865
progress phase=4.4 epoch=3/10 batch=3575/4966 work=27.2% elapsed=3104s ETA=8309s tile_loss=3.5506
progress phase=4.4 epoch=3/10 batch=3600/4966 work=27.2% elapsed=3110s ETA=8302s tile_loss=3.5468
progress phase=4.4 epoch=3/10 batch=3625/4966 work=27.3% elapsed=3115s ETA=8295s tile_loss=3.4663
progress phase=4.4 epoch=3/10 batch=3650/4966 work=27.3% elapsed=3120s ETA=8288s tile_loss=3.6375
progress phase=4.4 epoch=3/10 batch=3675/4966 work=27.4% elapsed=3125s ETA=8281s tile_loss=3.5703
progress phase=4.4 epoch=3/10 batch=3700/4966 work=27.5% elapsed=3131s ETA=8275s tile_loss=3.5158
progress phase=4.4 epoch=3/10 batch=3725/4966 work=27.5% elapsed=3136s ETA=8268s tile_loss=3.5579
progress phase=4.4 epoch=3/10 batch=3750/4966 work=27.6% elapsed=3142s ETA=8262s tile_loss=3.5799
progress phase=4.4 epoch=3/10 batch=3775/4966 work=27.6% elapsed=3147s ETA=8256s tile_loss=3.7072
progress phase=4.4 epoch=3/10 batch=3800/4966 work=27.7% elapsed=3153s ETA=8249s tile_loss=3.4575
progress phase=4.4 epoch=3/10 batch=3825/4966 work=27.7% elapsed=3158s ETA=8242s tile_loss=3.5825
progress phase=4.4 epoch=3/10 batch=3850/4966 work=27.8% elapsed=3163s ETA=8235s tile_loss=3.5572
progress phase=4.4 epoch=3/10 batch=3875/4966 work=27.8% elapsed=3169s ETA=8229s tile_loss=3.4992
progress phase=4.4 epoch=3/10 batch=3900/4966 work=27.9% elapsed=3175s ETA=8223s tile_loss=3.4150
progress phase=4.4 epoch=3/10 batch=3925/4966 work=27.9% elapsed=3180s ETA=8216s tile_loss=3.5461
progress phase=4.4 epoch=3/10 batch=3950/4966 work=28.0% elapsed=3185s ETA=8209s tile_loss=3.5578
progress phase=4.4 epoch=3/10 batch=3975/4966 work=28.0% elapsed=3190s ETA=8202s tile_loss=3.5252
progress phase=4.4 epoch=3/10 batch=4000/4966 work=28.1% elapsed=3196s ETA=8195s tile_loss=3.5600
progress phase=4.4 epoch=3/10 batch=4025/4966 work=28.1% elapsed=3201s ETA=8189s tile_loss=3.4489
progress phase=4.4 epoch=3/10 batch=4050/4966 work=28.2% elapsed=3207s ETA=8183s tile_loss=3.5614
progress phase=4.4 epoch=3/10 batch=4075/4966 work=28.2% elapsed=3213s ETA=8178s tile_loss=3.6257
progress phase=4.4 epoch=3/10 batch=4100/4966 work=28.3% elapsed=3218s ETA=8172s tile_loss=3.4964
progress phase=4.4 epoch=3/10 batch=4125/4966 work=28.3% elapsed=3224s ETA=8165s tile_loss=3.4761
progress phase=4.4 epoch=3/10 batch=4150/4966 work=28.4% elapsed=3229s ETA=8158s tile_loss=3.5228
progress phase=4.4 epoch=3/10 batch=4175/4966 work=28.4% elapsed=3234s ETA=8151s tile_loss=3.5909
progress phase=4.4 epoch=3/10 batch=4200/4966 work=28.5% elapsed=3240s ETA=8144s tile_loss=3.6253
progress phase=4.4 epoch=3/10 batch=4225/4966 work=28.5% elapsed=3245s ETA=8138s tile_loss=3.4792
progress phase=4.4 epoch=3/10 batch=4250/4966 work=28.6% elapsed=3250s ETA=8131s tile_loss=3.5775
progress phase=4.4 epoch=3/10 batch=4275/4966 work=28.6% elapsed=3256s ETA=8125s tile_loss=3.6053
progress phase=4.4 epoch=3/10 batch=4300/4966 work=28.7% elapsed=3261s ETA=8119s tile_loss=3.5210
progress phase=4.4 epoch=3/10 batch=4325/4966 work=28.7% elapsed=3267s ETA=8112s tile_loss=3.4593
progress phase=4.4 epoch=3/10 batch=4350/4966 work=28.8% elapsed=3272s ETA=8106s tile_loss=3.4738
progress phase=4.4 epoch=3/10 batch=4375/4966 work=28.8% elapsed=3278s ETA=8100s tile_loss=3.4757
progress phase=4.4 epoch=3/10 batch=4400/4966 work=28.9% elapsed=3283s ETA=8093s tile_loss=3.5158
progress phase=4.4 epoch=3/10 batch=4425/4966 work=28.9% elapsed=3289s ETA=8086s tile_loss=3.5715
progress phase=4.4 epoch=3/10 batch=4450/4966 work=29.0% elapsed=3294s ETA=8080s tile_loss=3.5380
progress phase=4.4 epoch=3/10 batch=4475/4966 work=29.0% elapsed=3299s ETA=8074s tile_loss=3.5628
progress phase=4.4 epoch=3/10 batch=4500/4966 work=29.1% elapsed=3305s ETA=8067s tile_loss=3.5012
progress phase=4.4 epoch=3/10 batch=4525/4966 work=29.1% elapsed=3310s ETA=8060s tile_loss=3.6362
progress phase=4.4 epoch=3/10 batch=4550/4966 work=29.2% elapsed=3315s ETA=8054s tile_loss=3.5581
progress phase=4.4 epoch=3/10 batch=4575/4966 work=29.2% elapsed=3321s ETA=8047s tile_loss=3.5845
progress phase=4.4 epoch=3/10 batch=4600/4966 work=29.3% elapsed=3326s ETA=8040s tile_loss=3.4103
progress phase=4.4 epoch=3/10 batch=4625/4966 work=29.3% elapsed=3331s ETA=8033s tile_loss=3.4269
progress phase=4.4 epoch=3/10 batch=4650/4966 work=29.4% elapsed=3337s ETA=8026s tile_loss=3.4855
progress phase=4.4 epoch=3/10 batch=4675/4966 work=29.4% elapsed=3342s ETA=8020s tile_loss=3.5865
progress phase=4.4 epoch=3/10 batch=4700/4966 work=29.5% elapsed=3347s ETA=8014s tile_loss=3.5237
progress phase=4.4 epoch=3/10 batch=4725/4966 work=29.5% elapsed=3353s ETA=8006s tile_loss=3.5934
progress phase=4.4 epoch=3/10 batch=4750/4966 work=29.6% elapsed=3358s ETA=7999s tile_loss=3.5667
progress phase=4.4 epoch=3/10 batch=4775/4966 work=29.6% elapsed=3363s ETA=7992s tile_loss=3.5061
progress phase=4.4 epoch=3/10 batch=4800/4966 work=29.7% elapsed=3368s ETA=7986s tile_loss=3.4668
progress phase=4.4 epoch=3/10 batch=4825/4966 work=29.7% elapsed=3374s ETA=7979s tile_loss=3.3751
progress phase=4.4 epoch=3/10 batch=4850/4966 work=29.8% elapsed=3379s ETA=7972s tile_loss=3.6300
progress phase=4.4 epoch=3/10 batch=4875/4966 work=29.8% elapsed=3384s ETA=7966s tile_loss=3.5929
progress phase=4.4 epoch=3/10 batch=4900/4966 work=29.9% elapsed=3390s ETA=7960s tile_loss=3.5296
progress phase=4.4 epoch=3/10 batch=4925/4966 work=29.9% elapsed=3395s ETA=7953s tile_loss=3.4275
progress phase=4.4 epoch=3/10 batch=4950/4966 work=30.0% elapsed=3400s ETA=7946s tile_loss=3.5340
progress phase=4.4 epoch=3/10 batch=4966/4966 work=30.0% elapsed=3404s ETA=7943s tile_loss=3.5240
epoch 03  train_loss=5.0574  val_slot@1=0.536  val_zone=0.431  val_tile=0.056  val_tile_cls=0.141  val_tile@5=0.368  val_loss=5.7771
progress phase=4.4 epoch=4/10 batch=1/4966 work=30.0% elapsed=3416s ETA=7970s tile_loss=3.7079
progress phase=4.4 epoch=4/10 batch=25/4966 work=30.1% elapsed=3421s ETA=7963s tile_loss=3.4791
progress phase=4.4 epoch=4/10 batch=50/4966 work=30.1% elapsed=3426s ETA=7956s tile_loss=3.4950
progress phase=4.4 epoch=4/10 batch=75/4966 work=30.2% elapsed=3431s ETA=7948s tile_loss=3.3881
progress phase=4.4 epoch=4/10 batch=100/4966 work=30.2% elapsed=3436s ETA=7941s tile_loss=3.4854
progress phase=4.4 epoch=4/10 batch=125/4966 work=30.3% elapsed=3441s ETA=7934s tile_loss=3.4822
progress phase=4.4 epoch=4/10 batch=150/4966 work=30.3% elapsed=3447s ETA=7928s tile_loss=3.4274
progress phase=4.4 epoch=4/10 batch=175/4966 work=30.4% elapsed=3452s ETA=7921s tile_loss=3.4365
progress phase=4.4 epoch=4/10 batch=200/4966 work=30.4% elapsed=3457s ETA=7914s tile_loss=3.4771
progress phase=4.4 epoch=4/10 batch=225/4966 work=30.5% elapsed=3462s ETA=7907s tile_loss=3.5537
progress phase=4.4 epoch=4/10 batch=250/4966 work=30.5% elapsed=3467s ETA=7900s tile_loss=3.5270
progress phase=4.4 epoch=4/10 batch=275/4966 work=30.6% elapsed=3473s ETA=7893s tile_loss=3.4805
progress phase=4.4 epoch=4/10 batch=300/4966 work=30.6% elapsed=3478s ETA=7886s tile_loss=3.4767
progress phase=4.4 epoch=4/10 batch=325/4966 work=30.7% elapsed=3483s ETA=7880s tile_loss=3.4961
progress phase=4.4 epoch=4/10 batch=350/4966 work=30.7% elapsed=3489s ETA=7873s tile_loss=3.7079
progress phase=4.4 epoch=4/10 batch=375/4966 work=30.8% elapsed=3494s ETA=7866s tile_loss=3.6026
progress phase=4.4 epoch=4/10 batch=400/4966 work=30.8% elapsed=3499s ETA=7859s tile_loss=3.4682
progress phase=4.4 epoch=4/10 batch=425/4966 work=30.9% elapsed=3504s ETA=7852s tile_loss=3.5247
progress phase=4.4 epoch=4/10 batch=450/4966 work=30.9% elapsed=3509s ETA=7845s tile_loss=3.6375
progress phase=4.4 epoch=4/10 batch=475/4966 work=31.0% elapsed=3515s ETA=7839s tile_loss=3.4352
progress phase=4.4 epoch=4/10 batch=500/4966 work=31.0% elapsed=3520s ETA=7833s tile_loss=3.4354
progress phase=4.4 epoch=4/10 batch=525/4966 work=31.1% elapsed=3525s ETA=7826s tile_loss=3.4769
progress phase=4.4 epoch=4/10 batch=550/4966 work=31.1% elapsed=3530s ETA=7819s tile_loss=3.5418
progress phase=4.4 epoch=4/10 batch=575/4966 work=31.2% elapsed=3535s ETA=7812s tile_loss=3.5314
progress phase=4.4 epoch=4/10 batch=600/4966 work=31.2% elapsed=3541s ETA=7805s tile_loss=3.6010
progress phase=4.4 epoch=4/10 batch=625/4966 work=31.3% elapsed=3546s ETA=7798s tile_loss=3.4802
progress phase=4.4 epoch=4/10 batch=650/4966 work=31.3% elapsed=3551s ETA=7792s tile_loss=3.5462
progress phase=4.4 epoch=4/10 batch=675/4966 work=31.4% elapsed=3557s ETA=7786s tile_loss=3.4720
progress phase=4.4 epoch=4/10 batch=700/4966 work=31.4% elapsed=3562s ETA=7779s tile_loss=3.5268
progress phase=4.4 epoch=4/10 batch=725/4966 work=31.5% elapsed=3567s ETA=7772s tile_loss=3.4377
progress phase=4.4 epoch=4/10 batch=750/4966 work=31.5% elapsed=3573s ETA=7766s tile_loss=3.4904
progress phase=4.4 epoch=4/10 batch=775/4966 work=31.6% elapsed=3578s ETA=7759s tile_loss=3.6740
progress phase=4.4 epoch=4/10 batch=800/4966 work=31.6% elapsed=3583s ETA=7753s tile_loss=3.4034
progress phase=4.4 epoch=4/10 batch=825/4966 work=31.7% elapsed=3589s ETA=7746s tile_loss=3.4990
progress phase=4.4 epoch=4/10 batch=850/4966 work=31.7% elapsed=3594s ETA=7739s tile_loss=3.6413
progress phase=4.4 epoch=4/10 batch=875/4966 work=31.8% elapsed=3599s ETA=7733s tile_loss=3.5185
progress phase=4.4 epoch=4/10 batch=900/4966 work=31.8% elapsed=3605s ETA=7726s tile_loss=3.5805
progress phase=4.4 epoch=4/10 batch=925/4966 work=31.9% elapsed=3610s ETA=7719s tile_loss=3.4121
progress phase=4.4 epoch=4/10 batch=950/4966 work=31.9% elapsed=3615s ETA=7712s tile_loss=3.4174
progress phase=4.4 epoch=4/10 batch=975/4966 work=32.0% elapsed=3620s ETA=7706s tile_loss=3.4369
progress phase=4.4 epoch=4/10 batch=1000/4966 work=32.0% elapsed=3626s ETA=7700s tile_loss=3.4799
progress phase=4.4 epoch=4/10 batch=1025/4966 work=32.1% elapsed=3631s ETA=7693s tile_loss=3.6040
progress phase=4.4 epoch=4/10 batch=1050/4966 work=32.1% elapsed=3636s ETA=7686s tile_loss=3.5475
progress phase=4.4 epoch=4/10 batch=1075/4966 work=32.2% elapsed=3641s ETA=7679s tile_loss=3.4225
progress phase=4.4 epoch=4/10 batch=1100/4966 work=32.2% elapsed=3647s ETA=7673s tile_loss=3.5703
progress phase=4.4 epoch=4/10 batch=1125/4966 work=32.3% elapsed=3652s ETA=7666s tile_loss=3.4366
progress phase=4.4 epoch=4/10 batch=1150/4966 work=32.3% elapsed=3657s ETA=7660s tile_loss=3.4918
progress phase=4.4 epoch=4/10 batch=1175/4966 work=32.4% elapsed=3662s ETA=7653s tile_loss=3.4415
progress phase=4.4 epoch=4/10 batch=1200/4966 work=32.4% elapsed=3667s ETA=7646s tile_loss=3.5275
progress phase=4.4 epoch=4/10 batch=1225/4966 work=32.5% elapsed=3672s ETA=7639s tile_loss=3.4849
progress phase=4.4 epoch=4/10 batch=1250/4966 work=32.5% elapsed=3678s ETA=7632s tile_loss=3.5140
progress phase=4.4 epoch=4/10 batch=1275/4966 work=32.6% elapsed=3683s ETA=7626s tile_loss=3.6209
progress phase=4.4 epoch=4/10 batch=1300/4966 work=32.6% elapsed=3688s ETA=7619s tile_loss=3.4701
progress phase=4.4 epoch=4/10 batch=1325/4966 work=32.7% elapsed=3694s ETA=7613s tile_loss=3.5008
progress phase=4.4 epoch=4/10 batch=1350/4966 work=32.7% elapsed=3699s ETA=7606s tile_loss=3.4964
progress phase=4.4 epoch=4/10 batch=1375/4966 work=32.8% elapsed=3704s ETA=7600s tile_loss=3.5551
progress phase=4.4 epoch=4/10 batch=1400/4966 work=32.8% elapsed=3710s ETA=7594s tile_loss=3.4016
progress phase=4.4 epoch=4/10 batch=1425/4966 work=32.9% elapsed=3715s ETA=7587s tile_loss=3.5203
progress phase=4.4 epoch=4/10 batch=1450/4966 work=32.9% elapsed=3720s ETA=7580s tile_loss=3.3797
progress phase=4.4 epoch=4/10 batch=1475/4966 work=33.0% elapsed=3726s ETA=7574s tile_loss=3.5828
progress phase=4.4 epoch=4/10 batch=1500/4966 work=33.0% elapsed=3732s ETA=7569s tile_loss=3.5493
progress phase=4.4 epoch=4/10 batch=1525/4966 work=33.1% elapsed=3737s ETA=7563s tile_loss=3.5708
progress phase=4.4 epoch=4/10 batch=1550/4966 work=33.1% elapsed=3742s ETA=7556s tile_loss=3.5356
progress phase=4.4 epoch=4/10 batch=1575/4966 work=33.2% elapsed=3747s ETA=7549s tile_loss=3.3925
progress phase=4.4 epoch=4/10 batch=1600/4966 work=33.2% elapsed=3752s ETA=7542s tile_loss=3.4965
progress phase=4.4 epoch=4/10 batch=1625/4966 work=33.3% elapsed=3758s ETA=7536s tile_loss=3.3799
progress phase=4.4 epoch=4/10 batch=1650/4966 work=33.3% elapsed=3763s ETA=7529s tile_loss=3.4928
progress phase=4.4 epoch=4/10 batch=1675/4966 work=33.4% elapsed=3768s ETA=7523s tile_loss=3.6708
progress phase=4.4 epoch=4/10 batch=1700/4966 work=33.4% elapsed=3773s ETA=7516s tile_loss=3.5019
progress phase=4.4 epoch=4/10 batch=1725/4966 work=33.5% elapsed=3778s ETA=7509s tile_loss=3.5498
progress phase=4.4 epoch=4/10 batch=1750/4966 work=33.5% elapsed=3784s ETA=7503s tile_loss=3.4356
progress phase=4.4 epoch=4/10 batch=1775/4966 work=33.6% elapsed=3789s ETA=7497s tile_loss=3.5726
progress phase=4.4 epoch=4/10 batch=1800/4966 work=33.6% elapsed=3795s ETA=7491s tile_loss=3.4181
progress phase=4.4 epoch=4/10 batch=1825/4966 work=33.7% elapsed=3800s ETA=7485s tile_loss=3.3892
progress phase=4.4 epoch=4/10 batch=1850/4966 work=33.7% elapsed=3805s ETA=7478s tile_loss=3.5329
progress phase=4.4 epoch=4/10 batch=1875/4966 work=33.8% elapsed=3811s ETA=7472s tile_loss=3.4012
progress phase=4.4 epoch=4/10 batch=1900/4966 work=33.8% elapsed=3816s ETA=7465s tile_loss=3.3887
progress phase=4.4 epoch=4/10 batch=1925/4966 work=33.9% elapsed=3821s ETA=7459s tile_loss=3.4983
progress phase=4.4 epoch=4/10 batch=1950/4966 work=33.9% elapsed=3827s ETA=7452s tile_loss=3.4739
progress phase=4.4 epoch=4/10 batch=1975/4966 work=34.0% elapsed=3832s ETA=7446s tile_loss=3.4537
progress phase=4.4 epoch=4/10 batch=2000/4966 work=34.0% elapsed=3837s ETA=7439s tile_loss=3.5626
progress phase=4.4 epoch=4/10 batch=2025/4966 work=34.1% elapsed=3842s ETA=7433s tile_loss=3.5882
progress phase=4.4 epoch=4/10 batch=2050/4966 work=34.1% elapsed=3847s ETA=7426s tile_loss=3.4486
progress phase=4.4 epoch=4/10 batch=2075/4966 work=34.2% elapsed=3853s ETA=7420s tile_loss=3.5570
progress phase=4.4 epoch=4/10 batch=2100/4966 work=34.2% elapsed=3858s ETA=7413s tile_loss=3.5292
progress phase=4.4 epoch=4/10 batch=2125/4966 work=34.3% elapsed=3863s ETA=7407s tile_loss=3.6191
progress phase=4.4 epoch=4/10 batch=2150/4966 work=34.3% elapsed=3868s ETA=7400s tile_loss=3.5068
progress phase=4.4 epoch=4/10 batch=2175/4966 work=34.4% elapsed=3874s ETA=7394s tile_loss=3.5602
progress phase=4.4 epoch=4/10 batch=2200/4966 work=34.4% elapsed=3879s ETA=7387s tile_loss=3.4341
progress phase=4.4 epoch=4/10 batch=2225/4966 work=34.5% elapsed=3884s ETA=7381s tile_loss=3.4816
progress phase=4.4 epoch=4/10 batch=2250/4966 work=34.5% elapsed=3889s ETA=7374s tile_loss=3.7337
progress phase=4.4 epoch=4/10 batch=2275/4966 work=34.6% elapsed=3895s ETA=7368s tile_loss=3.4955
progress phase=4.4 epoch=4/10 batch=2300/4966 work=34.6% elapsed=3900s ETA=7362s tile_loss=3.5618
progress phase=4.4 epoch=4/10 batch=2325/4966 work=34.7% elapsed=3906s ETA=7357s tile_loss=3.5135
progress phase=4.4 epoch=4/10 batch=2350/4966 work=34.7% elapsed=3912s ETA=7351s tile_loss=3.4664
progress phase=4.4 epoch=4/10 batch=2375/4966 work=34.8% elapsed=3917s ETA=7344s tile_loss=3.6605
progress phase=4.4 epoch=4/10 batch=2400/4966 work=34.8% elapsed=3922s ETA=7338s tile_loss=3.5359
progress phase=4.4 epoch=4/10 batch=2425/4966 work=34.9% elapsed=3927s ETA=7331s tile_loss=3.4658
progress phase=4.4 epoch=4/10 batch=2450/4966 work=34.9% elapsed=3933s ETA=7325s tile_loss=3.5086
progress phase=4.4 epoch=4/10 batch=2475/4966 work=35.0% elapsed=3938s ETA=7319s tile_loss=3.3161
progress phase=4.4 epoch=4/10 batch=2500/4966 work=35.0% elapsed=3944s ETA=7313s tile_loss=3.5363
progress phase=4.4 epoch=4/10 batch=2525/4966 work=35.1% elapsed=3949s ETA=7306s tile_loss=3.5713
progress phase=4.4 epoch=4/10 batch=2550/4966 work=35.1% elapsed=3954s ETA=7300s tile_loss=3.4495
progress phase=4.4 epoch=4/10 batch=2575/4966 work=35.2% elapsed=3959s ETA=7294s tile_loss=3.4723
progress phase=4.4 epoch=4/10 batch=2600/4966 work=35.2% elapsed=3965s ETA=7288s tile_loss=3.4977
progress phase=4.4 epoch=4/10 batch=2625/4966 work=35.3% elapsed=3970s ETA=7282s tile_loss=3.4971
progress phase=4.4 epoch=4/10 batch=2650/4966 work=35.3% elapsed=3976s ETA=7275s tile_loss=3.5417
progress phase=4.4 epoch=4/10 batch=2675/4966 work=35.4% elapsed=3981s ETA=7269s tile_loss=3.5256
progress phase=4.4 epoch=4/10 batch=2700/4966 work=35.4% elapsed=3986s ETA=7262s tile_loss=3.5256
progress phase=4.4 epoch=4/10 batch=2725/4966 work=35.5% elapsed=3991s ETA=7256s tile_loss=3.4442
progress phase=4.4 epoch=4/10 batch=2750/4966 work=35.5% elapsed=3997s ETA=7250s tile_loss=3.6541
progress phase=4.4 epoch=4/10 batch=2775/4966 work=35.6% elapsed=4002s ETA=7244s tile_loss=3.4671
progress phase=4.4 epoch=4/10 batch=2800/4966 work=35.6% elapsed=4008s ETA=7237s tile_loss=3.6695
progress phase=4.4 epoch=4/10 batch=2825/4966 work=35.7% elapsed=4013s ETA=7231s tile_loss=3.5338
progress phase=4.4 epoch=4/10 batch=2850/4966 work=35.7% elapsed=4018s ETA=7224s tile_loss=3.4353
progress phase=4.4 epoch=4/10 batch=2875/4966 work=35.8% elapsed=4023s ETA=7218s tile_loss=3.5142
progress phase=4.4 epoch=4/10 batch=2900/4966 work=35.8% elapsed=4028s ETA=7212s tile_loss=3.4246
progress phase=4.4 epoch=4/10 batch=2925/4966 work=35.9% elapsed=4034s ETA=7206s tile_loss=3.5678
progress phase=4.4 epoch=4/10 batch=2950/4966 work=35.9% elapsed=4039s ETA=7199s tile_loss=3.3990
progress phase=4.4 epoch=4/10 batch=2975/4966 work=36.0% elapsed=4044s ETA=7193s tile_loss=3.4425
progress phase=4.4 epoch=4/10 batch=3000/4966 work=36.0% elapsed=4050s ETA=7186s tile_loss=3.5640
progress phase=4.4 epoch=4/10 batch=3025/4966 work=36.1% elapsed=4055s ETA=7180s tile_loss=3.4239
progress phase=4.4 epoch=4/10 batch=3050/4966 work=36.1% elapsed=4060s ETA=7174s tile_loss=3.4656
progress phase=4.4 epoch=4/10 batch=3075/4966 work=36.2% elapsed=4066s ETA=7168s tile_loss=3.4534
progress phase=4.4 epoch=4/10 batch=3100/4966 work=36.2% elapsed=4071s ETA=7162s tile_loss=3.5517
progress phase=4.4 epoch=4/10 batch=3125/4966 work=36.3% elapsed=4076s ETA=7155s tile_loss=3.3886
progress phase=4.4 epoch=4/10 batch=3150/4966 work=36.3% elapsed=4082s ETA=7150s tile_loss=3.5200
progress phase=4.4 epoch=4/10 batch=3175/4966 work=36.4% elapsed=4087s ETA=7144s tile_loss=3.4037
progress phase=4.4 epoch=4/10 batch=3200/4966 work=36.4% elapsed=4093s ETA=7138s tile_loss=3.4032
progress phase=4.4 epoch=4/10 batch=3225/4966 work=36.5% elapsed=4098s ETA=7131s tile_loss=3.4727
progress phase=4.4 epoch=4/10 batch=3250/4966 work=36.5% elapsed=4103s ETA=7124s tile_loss=3.5087
progress phase=4.4 epoch=4/10 batch=3275/4966 work=36.6% elapsed=4108s ETA=7118s tile_loss=3.5375
progress phase=4.4 epoch=4/10 batch=3300/4966 work=36.6% elapsed=4113s ETA=7111s tile_loss=3.4872
progress phase=4.4 epoch=4/10 batch=3325/4966 work=36.7% elapsed=4118s ETA=7105s tile_loss=3.5677
progress phase=4.4 epoch=4/10 batch=3350/4966 work=36.7% elapsed=4124s ETA=7098s tile_loss=3.3636
progress phase=4.4 epoch=4/10 batch=3375/4966 work=36.8% elapsed=4129s ETA=7092s tile_loss=3.5067
progress phase=4.4 epoch=4/10 batch=3400/4966 work=36.8% elapsed=4134s ETA=7085s tile_loss=3.4701
progress phase=4.4 epoch=4/10 batch=3425/4966 work=36.9% elapsed=4139s ETA=7079s tile_loss=3.4672
progress phase=4.4 epoch=4/10 batch=3450/4966 work=36.9% elapsed=4144s ETA=7072s tile_loss=3.5231
progress phase=4.4 epoch=4/10 batch=3475/4966 work=37.0% elapsed=4149s ETA=7066s tile_loss=3.5640
progress phase=4.4 epoch=4/10 batch=3500/4966 work=37.0% elapsed=4155s ETA=7060s tile_loss=3.3993
progress phase=4.4 epoch=4/10 batch=3525/4966 work=37.1% elapsed=4160s ETA=7053s tile_loss=3.5430
progress phase=4.4 epoch=4/10 batch=3550/4966 work=37.1% elapsed=4165s ETA=7047s tile_loss=3.4344
progress phase=4.4 epoch=4/10 batch=3575/4966 work=37.2% elapsed=4171s ETA=7041s tile_loss=3.4368
progress phase=4.4 epoch=4/10 batch=3600/4966 work=37.2% elapsed=4176s ETA=7035s tile_loss=3.4256
progress phase=4.4 epoch=4/10 batch=3625/4966 work=37.3% elapsed=4182s ETA=7030s tile_loss=3.6291
progress phase=4.4 epoch=4/10 batch=3650/4966 work=37.3% elapsed=4187s ETA=7023s tile_loss=3.3694
progress phase=4.4 epoch=4/10 batch=3675/4966 work=37.4% elapsed=4192s ETA=7017s tile_loss=3.5243
progress phase=4.4 epoch=4/10 batch=3700/4966 work=37.5% elapsed=4198s ETA=7011s tile_loss=3.6198
progress phase=4.4 epoch=4/10 batch=3725/4966 work=37.5% elapsed=4204s ETA=7006s tile_loss=3.4484
progress phase=4.4 epoch=4/10 batch=3750/4966 work=37.6% elapsed=4209s ETA=7000s tile_loss=3.4597
progress phase=4.4 epoch=4/10 batch=3775/4966 work=37.6% elapsed=4215s ETA=6994s tile_loss=3.4576
progress phase=4.4 epoch=4/10 batch=3800/4966 work=37.7% elapsed=4220s ETA=6989s tile_loss=3.4736
progress phase=4.4 epoch=4/10 batch=3825/4966 work=37.7% elapsed=4226s ETA=6982s tile_loss=3.5080
progress phase=4.4 epoch=4/10 batch=3850/4966 work=37.8% elapsed=4231s ETA=6976s tile_loss=3.6172
progress phase=4.4 epoch=4/10 batch=3875/4966 work=37.8% elapsed=4236s ETA=6970s tile_loss=3.5779
progress phase=4.4 epoch=4/10 batch=3900/4966 work=37.9% elapsed=4242s ETA=6964s tile_loss=3.4136
progress phase=4.4 epoch=4/10 batch=3925/4966 work=37.9% elapsed=4247s ETA=6958s tile_loss=3.5077
progress phase=4.4 epoch=4/10 batch=3950/4966 work=38.0% elapsed=4252s ETA=6952s tile_loss=3.4873
progress phase=4.4 epoch=4/10 batch=3975/4966 work=38.0% elapsed=4258s ETA=6946s tile_loss=3.5345
progress phase=4.4 epoch=4/10 batch=4000/4966 work=38.1% elapsed=4264s ETA=6940s tile_loss=3.4820
progress phase=4.4 epoch=4/10 batch=4025/4966 work=38.1% elapsed=4269s ETA=6934s tile_loss=3.5776
progress phase=4.4 epoch=4/10 batch=4050/4966 work=38.2% elapsed=4275s ETA=6928s tile_loss=3.4467
progress phase=4.4 epoch=4/10 batch=4075/4966 work=38.2% elapsed=4280s ETA=6922s tile_loss=3.4470
progress phase=4.4 epoch=4/10 batch=4100/4966 work=38.3% elapsed=4285s ETA=6916s tile_loss=3.4682
progress phase=4.4 epoch=4/10 batch=4125/4966 work=38.3% elapsed=4291s ETA=6910s tile_loss=3.3854
progress phase=4.4 epoch=4/10 batch=4150/4966 work=38.4% elapsed=4296s ETA=6904s tile_loss=3.4474
progress phase=4.4 epoch=4/10 batch=4175/4966 work=38.4% elapsed=4301s ETA=6898s tile_loss=3.4657
progress phase=4.4 epoch=4/10 batch=4200/4966 work=38.5% elapsed=4306s ETA=6891s tile_loss=3.5668
progress phase=4.4 epoch=4/10 batch=4225/4966 work=38.5% elapsed=4312s ETA=6885s tile_loss=3.5444
progress phase=4.4 epoch=4/10 batch=4250/4966 work=38.6% elapsed=4317s ETA=6879s tile_loss=3.4519
progress phase=4.4 epoch=4/10 batch=4275/4966 work=38.6% elapsed=4322s ETA=6873s tile_loss=3.5813
progress phase=4.4 epoch=4/10 batch=4300/4966 work=38.7% elapsed=4328s ETA=6867s tile_loss=3.4925
progress phase=4.4 epoch=4/10 batch=4325/4966 work=38.7% elapsed=4333s ETA=6861s tile_loss=3.4007
progress phase=4.4 epoch=4/10 batch=4350/4966 work=38.8% elapsed=4338s ETA=6854s tile_loss=3.4595
progress phase=4.4 epoch=4/10 batch=4375/4966 work=38.8% elapsed=4344s ETA=6848s tile_loss=3.4653
progress phase=4.4 epoch=4/10 batch=4400/4966 work=38.9% elapsed=4349s ETA=6842s tile_loss=3.4243
progress phase=4.4 epoch=4/10 batch=4425/4966 work=38.9% elapsed=4354s ETA=6836s tile_loss=3.5667
progress phase=4.4 epoch=4/10 batch=4450/4966 work=39.0% elapsed=4359s ETA=6830s tile_loss=3.4435
progress phase=4.4 epoch=4/10 batch=4475/4966 work=39.0% elapsed=4365s ETA=6823s tile_loss=3.4871
progress phase=4.4 epoch=4/10 batch=4500/4966 work=39.1% elapsed=4370s ETA=6817s tile_loss=3.4885
progress phase=4.4 epoch=4/10 batch=4525/4966 work=39.1% elapsed=4375s ETA=6811s tile_loss=3.4660
progress phase=4.4 epoch=4/10 batch=4550/4966 work=39.2% elapsed=4380s ETA=6805s tile_loss=3.4782
progress phase=4.4 epoch=4/10 batch=4575/4966 work=39.2% elapsed=4387s ETA=6800s tile_loss=3.4139
progress phase=4.4 epoch=4/10 batch=4600/4966 work=39.3% elapsed=4392s ETA=6794s tile_loss=3.4876
progress phase=4.4 epoch=4/10 batch=4625/4966 work=39.3% elapsed=4397s ETA=6788s tile_loss=3.4812
progress phase=4.4 epoch=4/10 batch=4650/4966 work=39.4% elapsed=4402s ETA=6782s tile_loss=3.5581
progress phase=4.4 epoch=4/10 batch=4675/4966 work=39.4% elapsed=4408s ETA=6775s tile_loss=3.4571
progress phase=4.4 epoch=4/10 batch=4700/4966 work=39.5% elapsed=4413s ETA=6769s tile_loss=3.4628
progress phase=4.4 epoch=4/10 batch=4725/4966 work=39.5% elapsed=4418s ETA=6763s tile_loss=3.5428
progress phase=4.4 epoch=4/10 batch=4750/4966 work=39.6% elapsed=4424s ETA=6757s tile_loss=3.3937
progress phase=4.4 epoch=4/10 batch=4775/4966 work=39.6% elapsed=4430s ETA=6752s tile_loss=3.5105
progress phase=4.4 epoch=4/10 batch=4800/4966 work=39.7% elapsed=4435s ETA=6747s tile_loss=3.3828
progress phase=4.4 epoch=4/10 batch=4825/4966 work=39.7% elapsed=4441s ETA=6741s tile_loss=3.4603
progress phase=4.4 epoch=4/10 batch=4850/4966 work=39.8% elapsed=4446s ETA=6735s tile_loss=3.5052
progress phase=4.4 epoch=4/10 batch=4875/4966 work=39.8% elapsed=4452s ETA=6729s tile_loss=3.4717
progress phase=4.4 epoch=4/10 batch=4900/4966 work=39.9% elapsed=4457s ETA=6723s tile_loss=3.3258
progress phase=4.4 epoch=4/10 batch=4925/4966 work=39.9% elapsed=4463s ETA=6717s tile_loss=3.4005
progress phase=4.4 epoch=4/10 batch=4950/4966 work=40.0% elapsed=4468s ETA=6711s tile_loss=3.3717
progress phase=4.4 epoch=4/10 batch=4966/4966 work=40.0% elapsed=4471s ETA=6707s tile_loss=3.5394
epoch 04  train_loss=4.9721  val_slot@1=0.542  val_zone=0.441  val_tile=0.058  val_tile_cls=0.143  val_tile@5=0.373  val_loss=5.7168
progress phase=4.4 epoch=5/10 batch=1/4966 work=40.0% elapsed=4483s ETA=6724s tile_loss=3.4819
progress phase=4.4 epoch=5/10 batch=25/4966 work=40.1% elapsed=4488s ETA=6718s tile_loss=3.6027
progress phase=4.4 epoch=5/10 batch=50/4966 work=40.1% elapsed=4493s ETA=6712s tile_loss=3.5040
progress phase=4.4 epoch=5/10 batch=75/4966 work=40.2% elapsed=4499s ETA=6706s tile_loss=3.5904
progress phase=4.4 epoch=5/10 batch=100/4966 work=40.2% elapsed=4504s ETA=6700s tile_loss=3.4041
progress phase=4.4 epoch=5/10 batch=125/4966 work=40.3% elapsed=4509s ETA=6694s tile_loss=3.5999
progress phase=4.4 epoch=5/10 batch=150/4966 work=40.3% elapsed=4515s ETA=6688s tile_loss=3.4501
progress phase=4.4 epoch=5/10 batch=175/4966 work=40.4% elapsed=4520s ETA=6682s tile_loss=3.6046
progress phase=4.4 epoch=5/10 batch=200/4966 work=40.4% elapsed=4525s ETA=6675s tile_loss=3.4271
progress phase=4.4 epoch=5/10 batch=225/4966 work=40.5% elapsed=4531s ETA=6669s tile_loss=3.4926
progress phase=4.4 epoch=5/10 batch=250/4966 work=40.5% elapsed=4536s ETA=6663s tile_loss=3.6113
progress phase=4.4 epoch=5/10 batch=275/4966 work=40.6% elapsed=4541s ETA=6657s tile_loss=3.3952
progress phase=4.4 epoch=5/10 batch=300/4966 work=40.6% elapsed=4547s ETA=6651s tile_loss=3.3737
progress phase=4.4 epoch=5/10 batch=325/4966 work=40.7% elapsed=4552s ETA=6645s tile_loss=3.5786
progress phase=4.4 epoch=5/10 batch=350/4966 work=40.7% elapsed=4557s ETA=6639s tile_loss=3.3751
progress phase=4.4 epoch=5/10 batch=375/4966 work=40.8% elapsed=4563s ETA=6633s tile_loss=3.2889
progress phase=4.4 epoch=5/10 batch=400/4966 work=40.8% elapsed=4568s ETA=6626s tile_loss=3.5308
progress phase=4.4 epoch=5/10 batch=425/4966 work=40.9% elapsed=4573s ETA=6620s tile_loss=3.5379
progress phase=4.4 epoch=5/10 batch=450/4966 work=40.9% elapsed=4578s ETA=6614s tile_loss=3.5241
progress phase=4.4 epoch=5/10 batch=475/4966 work=41.0% elapsed=4583s ETA=6608s tile_loss=3.4391
progress phase=4.4 epoch=5/10 batch=500/4966 work=41.0% elapsed=4589s ETA=6601s tile_loss=3.4111
progress phase=4.4 epoch=5/10 batch=525/4966 work=41.1% elapsed=4594s ETA=6595s tile_loss=3.5975
progress phase=4.4 epoch=5/10 batch=550/4966 work=41.1% elapsed=4600s ETA=6590s tile_loss=3.5736
progress phase=4.4 epoch=5/10 batch=575/4966 work=41.2% elapsed=4606s ETA=6585s tile_loss=3.4271
progress phase=4.4 epoch=5/10 batch=600/4966 work=41.2% elapsed=4611s ETA=6578s tile_loss=3.4734
progress phase=4.4 epoch=5/10 batch=625/4966 work=41.3% elapsed=4616s ETA=6572s tile_loss=3.4523
progress phase=4.4 epoch=5/10 batch=650/4966 work=41.3% elapsed=4621s ETA=6566s tile_loss=3.4212
progress phase=4.4 epoch=5/10 batch=675/4966 work=41.4% elapsed=4627s ETA=6560s tile_loss=3.4380
progress phase=4.4 epoch=5/10 batch=700/4966 work=41.4% elapsed=4632s ETA=6554s tile_loss=3.5113
progress phase=4.4 epoch=5/10 batch=725/4966 work=41.5% elapsed=4637s ETA=6548s tile_loss=3.5418
progress phase=4.4 epoch=5/10 batch=750/4966 work=41.5% elapsed=4643s ETA=6542s tile_loss=3.5592
progress phase=4.4 epoch=5/10 batch=775/4966 work=41.6% elapsed=4648s ETA=6536s tile_loss=3.3537
progress phase=4.4 epoch=5/10 batch=800/4966 work=41.6% elapsed=4653s ETA=6530s tile_loss=3.4158
progress phase=4.4 epoch=5/10 batch=825/4966 work=41.7% elapsed=4659s ETA=6524s tile_loss=3.4602
progress phase=4.4 epoch=5/10 batch=850/4966 work=41.7% elapsed=4664s ETA=6517s tile_loss=3.6869
progress phase=4.4 epoch=5/10 batch=875/4966 work=41.8% elapsed=4669s ETA=6511s tile_loss=3.3946
progress phase=4.4 epoch=5/10 batch=900/4966 work=41.8% elapsed=4675s ETA=6505s tile_loss=3.4055
progress phase=4.4 epoch=5/10 batch=925/4966 work=41.9% elapsed=4680s ETA=6499s tile_loss=3.5706
progress phase=4.4 epoch=5/10 batch=950/4966 work=41.9% elapsed=4685s ETA=6493s tile_loss=3.4607
progress phase=4.4 epoch=5/10 batch=975/4966 work=42.0% elapsed=4691s ETA=6487s tile_loss=3.4800
progress phase=4.4 epoch=5/10 batch=1000/4966 work=42.0% elapsed=4696s ETA=6482s tile_loss=3.5140
progress phase=4.4 epoch=5/10 batch=1025/4966 work=42.1% elapsed=4702s ETA=6476s tile_loss=3.4318
progress phase=4.4 epoch=5/10 batch=1050/4966 work=42.1% elapsed=4707s ETA=6470s tile_loss=3.5393
progress phase=4.4 epoch=5/10 batch=1075/4966 work=42.2% elapsed=4712s ETA=6464s tile_loss=3.4790
progress phase=4.4 epoch=5/10 batch=1100/4966 work=42.2% elapsed=4718s ETA=6458s tile_loss=3.5210
progress phase=4.4 epoch=5/10 batch=1125/4966 work=42.3% elapsed=4723s ETA=6451s tile_loss=3.4723
progress phase=4.4 epoch=5/10 batch=1150/4966 work=42.3% elapsed=4728s ETA=6445s tile_loss=3.2777
progress phase=4.4 epoch=5/10 batch=1175/4966 work=42.4% elapsed=4733s ETA=6439s tile_loss=3.5422
progress phase=4.4 epoch=5/10 batch=1200/4966 work=42.4% elapsed=4739s ETA=6433s tile_loss=3.3427
progress phase=4.4 epoch=5/10 batch=1225/4966 work=42.5% elapsed=4744s ETA=6427s tile_loss=3.4358
progress phase=4.4 epoch=5/10 batch=1250/4966 work=42.5% elapsed=4749s ETA=6421s tile_loss=3.4889
progress phase=4.4 epoch=5/10 batch=1275/4966 work=42.6% elapsed=4755s ETA=6415s tile_loss=3.4657
progress phase=4.4 epoch=5/10 batch=1300/4966 work=42.6% elapsed=4760s ETA=6409s tile_loss=3.5010
progress phase=4.4 epoch=5/10 batch=1325/4966 work=42.7% elapsed=4765s ETA=6403s tile_loss=3.5197
progress phase=4.4 epoch=5/10 batch=1350/4966 work=42.7% elapsed=4770s ETA=6397s tile_loss=3.5004
progress phase=4.4 epoch=5/10 batch=1375/4966 work=42.8% elapsed=4776s ETA=6391s tile_loss=3.4352
progress phase=4.4 epoch=5/10 batch=1400/4966 work=42.8% elapsed=4781s ETA=6385s tile_loss=3.4871
progress phase=4.4 epoch=5/10 batch=1425/4966 work=42.9% elapsed=4787s ETA=6379s tile_loss=3.5111
progress phase=4.4 epoch=5/10 batch=1450/4966 work=42.9% elapsed=4792s ETA=6373s tile_loss=3.5475
progress phase=4.4 epoch=5/10 batch=1475/4966 work=43.0% elapsed=4797s ETA=6367s tile_loss=3.5233
progress phase=4.4 epoch=5/10 batch=1500/4966 work=43.0% elapsed=4803s ETA=6361s tile_loss=3.3762
progress phase=4.4 epoch=5/10 batch=1525/4966 work=43.1% elapsed=4808s ETA=6356s tile_loss=3.3711
progress phase=4.4 epoch=5/10 batch=1550/4966 work=43.1% elapsed=4814s ETA=6350s tile_loss=3.5412
progress phase=4.4 epoch=5/10 batch=1575/4966 work=43.2% elapsed=4819s ETA=6344s tile_loss=3.4144
progress phase=4.4 epoch=5/10 batch=1600/4966 work=43.2% elapsed=4825s ETA=6338s tile_loss=3.4497
progress phase=4.4 epoch=5/10 batch=1625/4966 work=43.3% elapsed=4831s ETA=6333s tile_loss=3.4796
progress phase=4.4 epoch=5/10 batch=1650/4966 work=43.3% elapsed=4836s ETA=6327s tile_loss=3.4016
progress phase=4.4 epoch=5/10 batch=1675/4966 work=43.4% elapsed=4842s ETA=6321s tile_loss=3.3763
progress phase=4.4 epoch=5/10 batch=1700/4966 work=43.4% elapsed=4847s ETA=6315s tile_loss=3.3732
progress phase=4.4 epoch=5/10 batch=1725/4966 work=43.5% elapsed=4852s ETA=6309s tile_loss=3.5050
progress phase=4.4 epoch=5/10 batch=1750/4966 work=43.5% elapsed=4857s ETA=6303s tile_loss=3.4736
progress phase=4.4 epoch=5/10 batch=1775/4966 work=43.6% elapsed=4863s ETA=6297s tile_loss=3.4356
progress phase=4.4 epoch=5/10 batch=1800/4966 work=43.6% elapsed=4868s ETA=6291s tile_loss=3.4222
progress phase=4.4 epoch=5/10 batch=1825/4966 work=43.7% elapsed=4873s ETA=6285s tile_loss=3.5210
progress phase=4.4 epoch=5/10 batch=1850/4966 work=43.7% elapsed=4879s ETA=6279s tile_loss=3.4870
progress phase=4.4 epoch=5/10 batch=1875/4966 work=43.8% elapsed=4884s ETA=6273s tile_loss=3.6092
progress phase=4.4 epoch=5/10 batch=1900/4966 work=43.8% elapsed=4889s ETA=6267s tile_loss=3.4652
progress phase=4.4 epoch=5/10 batch=1925/4966 work=43.9% elapsed=4895s ETA=6261s tile_loss=3.4279
progress phase=4.4 epoch=5/10 batch=1950/4966 work=43.9% elapsed=4900s ETA=6255s tile_loss=3.3096
progress phase=4.4 epoch=5/10 batch=1975/4966 work=44.0% elapsed=4905s ETA=6249s tile_loss=3.5462
progress phase=4.4 epoch=5/10 batch=2000/4966 work=44.0% elapsed=4910s ETA=6243s tile_loss=3.5384
progress phase=4.4 epoch=5/10 batch=2025/4966 work=44.1% elapsed=4916s ETA=6237s tile_loss=3.5703
progress phase=4.4 epoch=5/10 batch=2050/4966 work=44.1% elapsed=4921s ETA=6231s tile_loss=3.4330
progress phase=4.4 epoch=5/10 batch=2075/4966 work=44.2% elapsed=4926s ETA=6225s tile_loss=3.4319
progress phase=4.4 epoch=5/10 batch=2100/4966 work=44.2% elapsed=4932s ETA=6219s tile_loss=3.2464
progress phase=4.4 epoch=5/10 batch=2125/4966 work=44.3% elapsed=4937s ETA=6213s tile_loss=3.5420
progress phase=4.4 epoch=5/10 batch=2150/4966 work=44.3% elapsed=4942s ETA=6207s tile_loss=3.4418
progress phase=4.4 epoch=5/10 batch=2175/4966 work=44.4% elapsed=4947s ETA=6201s tile_loss=3.4813
progress phase=4.4 epoch=5/10 batch=2200/4966 work=44.4% elapsed=4953s ETA=6195s tile_loss=3.6591
progress phase=4.4 epoch=5/10 batch=2225/4966 work=44.5% elapsed=4959s ETA=6189s tile_loss=3.4429
progress phase=4.4 epoch=5/10 batch=2250/4966 work=44.5% elapsed=4964s ETA=6183s tile_loss=3.4349
progress phase=4.4 epoch=5/10 batch=2275/4966 work=44.6% elapsed=4970s ETA=6178s tile_loss=3.3777
progress phase=4.4 epoch=5/10 batch=2300/4966 work=44.6% elapsed=4975s ETA=6172s tile_loss=3.5596
progress phase=4.4 epoch=5/10 batch=2325/4966 work=44.7% elapsed=4980s ETA=6166s tile_loss=3.5031
progress phase=4.4 epoch=5/10 batch=2350/4966 work=44.7% elapsed=4986s ETA=6160s tile_loss=3.5246
progress phase=4.4 epoch=5/10 batch=2375/4966 work=44.8% elapsed=4991s ETA=6154s tile_loss=3.4768
progress phase=4.4 epoch=5/10 batch=2400/4966 work=44.8% elapsed=4996s ETA=6148s tile_loss=3.4410
progress phase=4.4 epoch=5/10 batch=2425/4966 work=44.9% elapsed=5002s ETA=6142s tile_loss=3.6142
progress phase=4.4 epoch=5/10 batch=2450/4966 work=44.9% elapsed=5007s ETA=6136s tile_loss=3.5624
progress phase=4.4 epoch=5/10 batch=2475/4966 work=45.0% elapsed=5013s ETA=6130s tile_loss=3.4206
progress phase=4.4 epoch=5/10 batch=2500/4966 work=45.0% elapsed=5018s ETA=6124s tile_loss=3.4562
progress phase=4.4 epoch=5/10 batch=2525/4966 work=45.1% elapsed=5023s ETA=6119s tile_loss=3.4370
progress phase=4.4 epoch=5/10 batch=2550/4966 work=45.1% elapsed=5029s ETA=6113s tile_loss=3.4739
progress phase=4.4 epoch=5/10 batch=2575/4966 work=45.2% elapsed=5034s ETA=6107s tile_loss=3.3185
progress phase=4.4 epoch=5/10 batch=2600/4966 work=45.2% elapsed=5039s ETA=6101s tile_loss=3.4434
progress phase=4.4 epoch=5/10 batch=2625/4966 work=45.3% elapsed=5045s ETA=6095s tile_loss=3.3723
progress phase=4.4 epoch=5/10 batch=2650/4966 work=45.3% elapsed=5050s ETA=6089s tile_loss=3.4129
progress phase=4.4 epoch=5/10 batch=2675/4966 work=45.4% elapsed=5056s ETA=6083s tile_loss=3.4828
progress phase=4.4 epoch=5/10 batch=2700/4966 work=45.4% elapsed=5061s ETA=6077s tile_loss=3.3750
progress phase=4.4 epoch=5/10 batch=2725/4966 work=45.5% elapsed=5066s ETA=6072s tile_loss=3.4891
progress phase=4.4 epoch=5/10 batch=2750/4966 work=45.5% elapsed=5072s ETA=6066s tile_loss=3.5153
progress phase=4.4 epoch=5/10 batch=2775/4966 work=45.6% elapsed=5077s ETA=6060s tile_loss=3.4492
progress phase=4.4 epoch=5/10 batch=2800/4966 work=45.6% elapsed=5082s ETA=6054s tile_loss=3.4410
progress phase=4.4 epoch=5/10 batch=2825/4966 work=45.7% elapsed=5088s ETA=6048s tile_loss=3.5367
progress phase=4.4 epoch=5/10 batch=2850/4966 work=45.7% elapsed=5093s ETA=6042s tile_loss=3.4107
progress phase=4.4 epoch=5/10 batch=2875/4966 work=45.8% elapsed=5098s ETA=6036s tile_loss=3.3563
progress phase=4.4 epoch=5/10 batch=2900/4966 work=45.8% elapsed=5103s ETA=6030s tile_loss=3.4103
progress phase=4.4 epoch=5/10 batch=2925/4966 work=45.9% elapsed=5109s ETA=6024s tile_loss=3.3865
progress phase=4.4 epoch=5/10 batch=2950/4966 work=45.9% elapsed=5114s ETA=6018s tile_loss=3.5058
progress phase=4.4 epoch=5/10 batch=2975/4966 work=46.0% elapsed=5119s ETA=6012s tile_loss=3.3278
progress phase=4.4 epoch=5/10 batch=3000/4966 work=46.0% elapsed=5125s ETA=6006s tile_loss=3.4925
progress phase=4.4 epoch=5/10 batch=3025/4966 work=46.1% elapsed=5131s ETA=6001s tile_loss=3.4474
progress phase=4.4 epoch=5/10 batch=3050/4966 work=46.1% elapsed=5136s ETA=5995s tile_loss=3.3308
progress phase=4.4 epoch=5/10 batch=3075/4966 work=46.2% elapsed=5141s ETA=5989s tile_loss=3.5385
progress phase=4.4 epoch=5/10 batch=3100/4966 work=46.2% elapsed=5147s ETA=5983s tile_loss=3.3930
progress phase=4.4 epoch=5/10 batch=3125/4966 work=46.3% elapsed=5152s ETA=5977s tile_loss=3.4923
progress phase=4.4 epoch=5/10 batch=3150/4966 work=46.3% elapsed=5157s ETA=5971s tile_loss=3.5801
progress phase=4.4 epoch=5/10 batch=3175/4966 work=46.4% elapsed=5163s ETA=5965s tile_loss=3.2713
progress phase=4.4 epoch=5/10 batch=3200/4966 work=46.4% elapsed=5168s ETA=5959s tile_loss=3.5052
progress phase=4.4 epoch=5/10 batch=3225/4966 work=46.5% elapsed=5174s ETA=5954s tile_loss=3.4598
progress phase=4.4 epoch=5/10 batch=3250/4966 work=46.5% elapsed=5179s ETA=5948s tile_loss=3.4544
progress phase=4.4 epoch=5/10 batch=3275/4966 work=46.6% elapsed=5185s ETA=5942s tile_loss=3.4905
progress phase=4.4 epoch=5/10 batch=3300/4966 work=46.6% elapsed=5190s ETA=5936s tile_loss=3.4971
progress phase=4.4 epoch=5/10 batch=3325/4966 work=46.7% elapsed=5196s ETA=5931s tile_loss=3.2986
progress phase=4.4 epoch=5/10 batch=3350/4966 work=46.7% elapsed=5201s ETA=5925s tile_loss=3.5343
progress phase=4.4 epoch=5/10 batch=3375/4966 work=46.8% elapsed=5206s ETA=5919s tile_loss=3.5070
progress phase=4.4 epoch=5/10 batch=3400/4966 work=46.8% elapsed=5212s ETA=5913s tile_loss=3.5308
progress phase=4.4 epoch=5/10 batch=3425/4966 work=46.9% elapsed=5217s ETA=5907s tile_loss=3.4536
progress phase=4.4 epoch=5/10 batch=3450/4966 work=46.9% elapsed=5222s ETA=5902s tile_loss=3.4253
progress phase=4.4 epoch=5/10 batch=3475/4966 work=47.0% elapsed=5228s ETA=5896s tile_loss=3.3711
progress phase=4.4 epoch=5/10 batch=3500/4966 work=47.0% elapsed=5233s ETA=5890s tile_loss=3.3841
progress phase=4.4 epoch=5/10 batch=3525/4966 work=47.1% elapsed=5238s ETA=5884s tile_loss=3.4286
progress phase=4.4 epoch=5/10 batch=3550/4966 work=47.1% elapsed=5244s ETA=5878s tile_loss=3.5900
progress phase=4.4 epoch=5/10 batch=3575/4966 work=47.2% elapsed=5249s ETA=5872s tile_loss=3.3809
progress phase=4.4 epoch=5/10 batch=3600/4966 work=47.2% elapsed=5254s ETA=5866s tile_loss=3.4518
progress phase=4.4 epoch=5/10 batch=3625/4966 work=47.3% elapsed=5260s ETA=5860s tile_loss=3.3725
progress phase=4.4 epoch=5/10 batch=3650/4966 work=47.3% elapsed=5265s ETA=5854s tile_loss=3.3195
progress phase=4.4 epoch=5/10 batch=3675/4966 work=47.4% elapsed=5270s ETA=5848s tile_loss=3.4576
progress phase=4.4 epoch=5/10 batch=3700/4966 work=47.5% elapsed=5276s ETA=5843s tile_loss=3.4687
progress phase=4.4 epoch=5/10 batch=3725/4966 work=47.5% elapsed=5281s ETA=5837s tile_loss=3.4264
progress phase=4.4 epoch=5/10 batch=3750/4966 work=47.6% elapsed=5286s ETA=5831s tile_loss=3.4260
progress phase=4.4 epoch=5/10 batch=3775/4966 work=47.6% elapsed=5292s ETA=5825s tile_loss=3.4014
progress phase=4.4 epoch=5/10 batch=3800/4966 work=47.7% elapsed=5297s ETA=5819s tile_loss=3.4113
progress phase=4.4 epoch=5/10 batch=3825/4966 work=47.7% elapsed=5302s ETA=5813s tile_loss=3.4973
progress phase=4.4 epoch=5/10 batch=3850/4966 work=47.8% elapsed=5308s ETA=5808s tile_loss=3.6186
progress phase=4.4 epoch=5/10 batch=3875/4966 work=47.8% elapsed=5313s ETA=5802s tile_loss=3.3985
progress phase=4.4 epoch=5/10 batch=3900/4966 work=47.9% elapsed=5319s ETA=5796s tile_loss=3.5201
progress phase=4.4 epoch=5/10 batch=3925/4966 work=47.9% elapsed=5324s ETA=5790s tile_loss=3.4565
progress phase=4.4 epoch=5/10 batch=3950/4966 work=48.0% elapsed=5329s ETA=5784s tile_loss=3.2879
progress phase=4.4 epoch=5/10 batch=3975/4966 work=48.0% elapsed=5335s ETA=5778s tile_loss=3.5071
progress phase=4.4 epoch=5/10 batch=4000/4966 work=48.1% elapsed=5340s ETA=5772s tile_loss=3.5858
progress phase=4.4 epoch=5/10 batch=4025/4966 work=48.1% elapsed=5345s ETA=5767s tile_loss=3.5604
progress phase=4.4 epoch=5/10 batch=4050/4966 work=48.2% elapsed=5351s ETA=5761s tile_loss=3.3950
progress phase=4.4 epoch=5/10 batch=4075/4966 work=48.2% elapsed=5356s ETA=5755s tile_loss=3.5647
progress phase=4.4 epoch=5/10 batch=4100/4966 work=48.3% elapsed=5362s ETA=5749s tile_loss=3.5234
progress phase=4.4 epoch=5/10 batch=4125/4966 work=48.3% elapsed=5368s ETA=5744s tile_loss=3.2971
progress phase=4.4 epoch=5/10 batch=4150/4966 work=48.4% elapsed=5373s ETA=5738s tile_loss=3.4195
progress phase=4.4 epoch=5/10 batch=4175/4966 work=48.4% elapsed=5378s ETA=5732s tile_loss=3.3356
progress phase=4.4 epoch=5/10 batch=4200/4966 work=48.5% elapsed=5383s ETA=5726s tile_loss=3.4953
progress phase=4.4 epoch=5/10 batch=4225/4966 work=48.5% elapsed=5389s ETA=5720s tile_loss=3.5211
progress phase=4.4 epoch=5/10 batch=4250/4966 work=48.6% elapsed=5394s ETA=5714s tile_loss=3.4367
progress phase=4.4 epoch=5/10 batch=4275/4966 work=48.6% elapsed=5399s ETA=5708s tile_loss=3.4781
progress phase=4.4 epoch=5/10 batch=4300/4966 work=48.7% elapsed=5404s ETA=5702s tile_loss=3.4636
progress phase=4.4 epoch=5/10 batch=4325/4966 work=48.7% elapsed=5410s ETA=5696s tile_loss=3.4668
progress phase=4.4 epoch=5/10 batch=4350/4966 work=48.8% elapsed=5415s ETA=5690s tile_loss=3.2581
progress phase=4.4 epoch=5/10 batch=4375/4966 work=48.8% elapsed=5420s ETA=5685s tile_loss=3.4361
progress phase=4.4 epoch=5/10 batch=4400/4966 work=48.9% elapsed=5426s ETA=5679s tile_loss=3.4954
progress phase=4.4 epoch=5/10 batch=4425/4966 work=48.9% elapsed=5431s ETA=5673s tile_loss=3.4747
progress phase=4.4 epoch=5/10 batch=4450/4966 work=49.0% elapsed=5436s ETA=5667s tile_loss=3.3825
progress phase=4.4 epoch=5/10 batch=4475/4966 work=49.0% elapsed=5442s ETA=5661s tile_loss=3.4720
progress phase=4.4 epoch=5/10 batch=4500/4966 work=49.1% elapsed=5447s ETA=5655s tile_loss=3.3808
progress phase=4.4 epoch=5/10 batch=4525/4966 work=49.1% elapsed=5452s ETA=5649s tile_loss=3.4774
progress phase=4.4 epoch=5/10 batch=4550/4966 work=49.2% elapsed=5457s ETA=5643s tile_loss=3.3713
progress phase=4.4 epoch=5/10 batch=4575/4966 work=49.2% elapsed=5463s ETA=5637s tile_loss=3.4978
progress phase=4.4 epoch=5/10 batch=4600/4966 work=49.3% elapsed=5468s ETA=5632s tile_loss=3.5008
progress phase=4.4 epoch=5/10 batch=4625/4966 work=49.3% elapsed=5474s ETA=5626s tile_loss=3.4731
progress phase=4.4 epoch=5/10 batch=4650/4966 work=49.4% elapsed=5479s ETA=5620s tile_loss=3.5423
progress phase=4.4 epoch=5/10 batch=4675/4966 work=49.4% elapsed=5485s ETA=5615s tile_loss=3.4760
progress phase=4.4 epoch=5/10 batch=4700/4966 work=49.5% elapsed=5490s ETA=5609s tile_loss=3.4735
progress phase=4.4 epoch=5/10 batch=4725/4966 work=49.5% elapsed=5496s ETA=5603s tile_loss=3.5379
progress phase=4.4 epoch=5/10 batch=4750/4966 work=49.6% elapsed=5501s ETA=5597s tile_loss=3.4627
progress phase=4.4 epoch=5/10 batch=4775/4966 work=49.6% elapsed=5506s ETA=5592s tile_loss=3.4342
progress phase=4.4 epoch=5/10 batch=4800/4966 work=49.7% elapsed=5511s ETA=5586s tile_loss=3.3595
progress phase=4.4 epoch=5/10 batch=4825/4966 work=49.7% elapsed=5517s ETA=5580s tile_loss=3.4944
progress phase=4.4 epoch=5/10 batch=4850/4966 work=49.8% elapsed=5522s ETA=5574s tile_loss=3.5102
progress phase=4.4 epoch=5/10 batch=4875/4966 work=49.8% elapsed=5528s ETA=5569s tile_loss=3.4021
progress phase=4.4 epoch=5/10 batch=4900/4966 work=49.9% elapsed=5533s ETA=5563s tile_loss=3.4092
progress phase=4.4 epoch=5/10 batch=4925/4966 work=49.9% elapsed=5539s ETA=5557s tile_loss=3.4282
progress phase=4.4 epoch=5/10 batch=4950/4966 work=50.0% elapsed=5544s ETA=5551s tile_loss=3.5311
progress phase=4.4 epoch=5/10 batch=4966/4966 work=50.0% elapsed=5548s ETA=5548s tile_loss=3.4166
epoch 05  train_loss=4.9130  val_slot@1=0.547  val_zone=0.442  val_tile=0.059  val_tile_cls=0.148  val_tile@5=0.382  val_loss=5.6777
progress phase=4.4 epoch=6/10 batch=1/4966 work=50.0% elapsed=5559s ETA=5559s tile_loss=3.3438
progress phase=4.4 epoch=6/10 batch=25/4966 work=50.1% elapsed=5564s ETA=5553s tile_loss=3.4427
progress phase=4.4 epoch=6/10 batch=50/4966 work=50.1% elapsed=5570s ETA=5547s tile_loss=3.4193
progress phase=4.4 epoch=6/10 batch=75/4966 work=50.2% elapsed=5575s ETA=5541s tile_loss=3.4813
progress phase=4.4 epoch=6/10 batch=100/4966 work=50.2% elapsed=5580s ETA=5535s tile_loss=3.3731
progress phase=4.4 epoch=6/10 batch=125/4966 work=50.3% elapsed=5585s ETA=5529s tile_loss=3.3948
progress phase=4.4 epoch=6/10 batch=150/4966 work=50.3% elapsed=5591s ETA=5523s tile_loss=3.5194
progress phase=4.4 epoch=6/10 batch=175/4966 work=50.4% elapsed=5596s ETA=5517s tile_loss=3.4087
progress phase=4.4 epoch=6/10 batch=200/4966 work=50.4% elapsed=5601s ETA=5511s tile_loss=3.4867
progress phase=4.4 epoch=6/10 batch=225/4966 work=50.5% elapsed=5606s ETA=5506s tile_loss=3.4971
progress phase=4.4 epoch=6/10 batch=250/4966 work=50.5% elapsed=5612s ETA=5500s tile_loss=3.4792
progress phase=4.4 epoch=6/10 batch=275/4966 work=50.6% elapsed=5617s ETA=5494s tile_loss=3.4899
progress phase=4.4 epoch=6/10 batch=300/4966 work=50.6% elapsed=5622s ETA=5488s tile_loss=3.4398
progress phase=4.4 epoch=6/10 batch=325/4966 work=50.7% elapsed=5628s ETA=5482s tile_loss=3.5269
progress phase=4.4 epoch=6/10 batch=350/4966 work=50.7% elapsed=5633s ETA=5476s tile_loss=3.2915
progress phase=4.4 epoch=6/10 batch=375/4966 work=50.8% elapsed=5638s ETA=5470s tile_loss=3.4785
progress phase=4.4 epoch=6/10 batch=400/4966 work=50.8% elapsed=5643s ETA=5465s tile_loss=3.4508
progress phase=4.4 epoch=6/10 batch=425/4966 work=50.9% elapsed=5649s ETA=5459s tile_loss=3.3492
progress phase=4.4 epoch=6/10 batch=450/4966 work=50.9% elapsed=5655s ETA=5453s tile_loss=3.4870
progress phase=4.4 epoch=6/10 batch=475/4966 work=51.0% elapsed=5660s ETA=5447s tile_loss=3.3988
progress phase=4.4 epoch=6/10 batch=500/4966 work=51.0% elapsed=5665s ETA=5442s tile_loss=3.4142
progress phase=4.4 epoch=6/10 batch=525/4966 work=51.1% elapsed=5671s ETA=5436s tile_loss=3.5473
progress phase=4.4 epoch=6/10 batch=550/4966 work=51.1% elapsed=5676s ETA=5430s tile_loss=3.4866
progress phase=4.4 epoch=6/10 batch=575/4966 work=51.2% elapsed=5682s ETA=5424s tile_loss=3.3137
progress phase=4.4 epoch=6/10 batch=600/4966 work=51.2% elapsed=5687s ETA=5419s tile_loss=3.4807
progress phase=4.4 epoch=6/10 batch=625/4966 work=51.3% elapsed=5692s ETA=5413s tile_loss=3.3044
progress phase=4.4 epoch=6/10 batch=650/4966 work=51.3% elapsed=5698s ETA=5407s tile_loss=3.4505
progress phase=4.4 epoch=6/10 batch=675/4966 work=51.4% elapsed=5703s ETA=5401s tile_loss=3.3772
progress phase=4.4 epoch=6/10 batch=700/4966 work=51.4% elapsed=5708s ETA=5395s tile_loss=3.3529
progress phase=4.4 epoch=6/10 batch=725/4966 work=51.5% elapsed=5714s ETA=5390s tile_loss=3.5946
progress phase=4.4 epoch=6/10 batch=750/4966 work=51.5% elapsed=5719s ETA=5384s tile_loss=3.4345
progress phase=4.4 epoch=6/10 batch=775/4966 work=51.6% elapsed=5725s ETA=5378s tile_loss=3.3970
progress phase=4.4 epoch=6/10 batch=800/4966 work=51.6% elapsed=5730s ETA=5372s tile_loss=3.4521
progress phase=4.4 epoch=6/10 batch=825/4966 work=51.7% elapsed=5735s ETA=5367s tile_loss=3.3899
progress phase=4.4 epoch=6/10 batch=850/4966 work=51.7% elapsed=5741s ETA=5361s tile_loss=3.6417
progress phase=4.4 epoch=6/10 batch=875/4966 work=51.8% elapsed=5746s ETA=5355s tile_loss=3.4989
progress phase=4.4 epoch=6/10 batch=900/4966 work=51.8% elapsed=5752s ETA=5349s tile_loss=3.4483
progress phase=4.4 epoch=6/10 batch=925/4966 work=51.9% elapsed=5757s ETA=5343s tile_loss=3.5101
progress phase=4.4 epoch=6/10 batch=950/4966 work=51.9% elapsed=5762s ETA=5337s tile_loss=3.4198
progress phase=4.4 epoch=6/10 batch=975/4966 work=52.0% elapsed=5767s ETA=5332s tile_loss=3.4924
progress phase=4.4 epoch=6/10 batch=1000/4966 work=52.0% elapsed=5773s ETA=5326s tile_loss=3.4603
progress phase=4.4 epoch=6/10 batch=1025/4966 work=52.1% elapsed=5778s ETA=5320s tile_loss=3.4839
progress phase=4.4 epoch=6/10 batch=1050/4966 work=52.1% elapsed=5783s ETA=5314s tile_loss=3.3534
progress phase=4.4 epoch=6/10 batch=1075/4966 work=52.2% elapsed=5789s ETA=5308s tile_loss=3.5129
progress phase=4.4 epoch=6/10 batch=1100/4966 work=52.2% elapsed=5794s ETA=5302s tile_loss=3.4751
progress phase=4.4 epoch=6/10 batch=1125/4966 work=52.3% elapsed=5799s ETA=5297s tile_loss=3.4984
progress phase=4.4 epoch=6/10 batch=1150/4966 work=52.3% elapsed=5805s ETA=5291s tile_loss=3.3805
progress phase=4.4 epoch=6/10 batch=1175/4966 work=52.4% elapsed=5810s ETA=5285s tile_loss=3.3280
progress phase=4.4 epoch=6/10 batch=1200/4966 work=52.4% elapsed=5815s ETA=5279s tile_loss=3.3756
progress phase=4.4 epoch=6/10 batch=1225/4966 work=52.5% elapsed=5821s ETA=5273s tile_loss=3.4472
progress phase=4.4 epoch=6/10 batch=1250/4966 work=52.5% elapsed=5826s ETA=5268s tile_loss=3.4806
progress phase=4.4 epoch=6/10 batch=1275/4966 work=52.6% elapsed=5832s ETA=5262s tile_loss=3.3805
progress phase=4.4 epoch=6/10 batch=1300/4966 work=52.6% elapsed=5837s ETA=5256s tile_loss=3.4424
progress phase=4.4 epoch=6/10 batch=1325/4966 work=52.7% elapsed=5843s ETA=5251s tile_loss=3.4710
progress phase=4.4 epoch=6/10 batch=1350/4966 work=52.7% elapsed=5848s ETA=5245s tile_loss=3.3224
progress phase=4.4 epoch=6/10 batch=1375/4966 work=52.8% elapsed=5854s ETA=5239s tile_loss=3.4046
progress phase=4.4 epoch=6/10 batch=1400/4966 work=52.8% elapsed=5859s ETA=5234s tile_loss=3.4936
progress phase=4.4 epoch=6/10 batch=1425/4966 work=52.9% elapsed=5864s ETA=5228s tile_loss=3.3042
progress phase=4.4 epoch=6/10 batch=1450/4966 work=52.9% elapsed=5870s ETA=5222s tile_loss=3.4868
progress phase=4.4 epoch=6/10 batch=1475/4966 work=53.0% elapsed=5875s ETA=5216s tile_loss=3.3812
progress phase=4.4 epoch=6/10 batch=1500/4966 work=53.0% elapsed=5881s ETA=5211s tile_loss=3.3436
progress phase=4.4 epoch=6/10 batch=1525/4966 work=53.1% elapsed=5886s ETA=5205s tile_loss=3.4700
progress phase=4.4 epoch=6/10 batch=1550/4966 work=53.1% elapsed=5891s ETA=5199s tile_loss=3.4344
progress phase=4.4 epoch=6/10 batch=1575/4966 work=53.2% elapsed=5897s ETA=5193s tile_loss=3.3279
progress phase=4.4 epoch=6/10 batch=1600/4966 work=53.2% elapsed=5902s ETA=5187s tile_loss=3.3504
progress phase=4.4 epoch=6/10 batch=1625/4966 work=53.3% elapsed=5907s ETA=5181s tile_loss=3.4052
progress phase=4.4 epoch=6/10 batch=1650/4966 work=53.3% elapsed=5912s ETA=5175s tile_loss=3.4940
progress phase=4.4 epoch=6/10 batch=1675/4966 work=53.4% elapsed=5918s ETA=5170s tile_loss=3.4167
progress phase=4.4 epoch=6/10 batch=1700/4966 work=53.4% elapsed=5923s ETA=5164s tile_loss=3.3686
progress phase=4.4 epoch=6/10 batch=1725/4966 work=53.5% elapsed=5928s ETA=5158s tile_loss=3.5274
progress phase=4.4 epoch=6/10 batch=1750/4966 work=53.5% elapsed=5933s ETA=5152s tile_loss=3.4207
progress phase=4.4 epoch=6/10 batch=1775/4966 work=53.6% elapsed=5939s ETA=5146s tile_loss=3.4631
progress phase=4.4 epoch=6/10 batch=1800/4966 work=53.6% elapsed=5944s ETA=5140s tile_loss=3.4603
progress phase=4.4 epoch=6/10 batch=1825/4966 work=53.7% elapsed=5949s ETA=5135s tile_loss=3.3580
progress phase=4.4 epoch=6/10 batch=1850/4966 work=53.7% elapsed=5955s ETA=5129s tile_loss=3.3832
progress phase=4.4 epoch=6/10 batch=1875/4966 work=53.8% elapsed=5960s ETA=5123s tile_loss=3.3904
progress phase=4.4 epoch=6/10 batch=1900/4966 work=53.8% elapsed=5965s ETA=5117s tile_loss=3.5052
progress phase=4.4 epoch=6/10 batch=1925/4966 work=53.9% elapsed=5970s ETA=5111s tile_loss=3.3612
progress phase=4.4 epoch=6/10 batch=1950/4966 work=53.9% elapsed=5976s ETA=5105s tile_loss=3.6228
progress phase=4.4 epoch=6/10 batch=1975/4966 work=54.0% elapsed=5981s ETA=5099s tile_loss=3.4277
progress phase=4.4 epoch=6/10 batch=2000/4966 work=54.0% elapsed=5986s ETA=5094s tile_loss=3.4368
progress phase=4.4 epoch=6/10 batch=2025/4966 work=54.1% elapsed=5991s ETA=5088s tile_loss=3.3975
progress phase=4.4 epoch=6/10 batch=2050/4966 work=54.1% elapsed=5996s ETA=5082s tile_loss=3.3892
progress phase=4.4 epoch=6/10 batch=2075/4966 work=54.2% elapsed=6002s ETA=5076s tile_loss=3.3199
progress phase=4.4 epoch=6/10 batch=2100/4966 work=54.2% elapsed=6007s ETA=5071s tile_loss=3.3641
progress phase=4.4 epoch=6/10 batch=2125/4966 work=54.3% elapsed=6013s ETA=5065s tile_loss=3.4855
progress phase=4.4 epoch=6/10 batch=2150/4966 work=54.3% elapsed=6018s ETA=5059s tile_loss=3.4250
progress phase=4.4 epoch=6/10 batch=2175/4966 work=54.4% elapsed=6023s ETA=5053s tile_loss=3.5014
progress phase=4.4 epoch=6/10 batch=2200/4966 work=54.4% elapsed=6029s ETA=5047s tile_loss=3.5319
progress phase=4.4 epoch=6/10 batch=2225/4966 work=54.5% elapsed=6034s ETA=5041s tile_loss=3.3704
progress phase=4.4 epoch=6/10 batch=2250/4966 work=54.5% elapsed=6039s ETA=5036s tile_loss=3.2722
progress phase=4.4 epoch=6/10 batch=2275/4966 work=54.6% elapsed=6045s ETA=5030s tile_loss=3.4249
progress phase=4.4 epoch=6/10 batch=2300/4966 work=54.6% elapsed=6050s ETA=5024s tile_loss=3.5533
progress phase=4.4 epoch=6/10 batch=2325/4966 work=54.7% elapsed=6055s ETA=5018s tile_loss=3.4769
progress phase=4.4 epoch=6/10 batch=2350/4966 work=54.7% elapsed=6060s ETA=5012s tile_loss=3.3750
progress phase=4.4 epoch=6/10 batch=2375/4966 work=54.8% elapsed=6066s ETA=5007s tile_loss=3.4333
progress phase=4.4 epoch=6/10 batch=2400/4966 work=54.8% elapsed=6071s ETA=5001s tile_loss=3.4399
progress phase=4.4 epoch=6/10 batch=2425/4966 work=54.9% elapsed=6076s ETA=4995s tile_loss=3.3557
progress phase=4.4 epoch=6/10 batch=2450/4966 work=54.9% elapsed=6081s ETA=4989s tile_loss=3.5250
progress phase=4.4 epoch=6/10 batch=2475/4966 work=55.0% elapsed=6087s ETA=4983s tile_loss=3.2824
progress phase=4.4 epoch=6/10 batch=2500/4966 work=55.0% elapsed=6092s ETA=4977s tile_loss=3.3616
progress phase=4.4 epoch=6/10 batch=2525/4966 work=55.1% elapsed=6097s ETA=4972s tile_loss=3.3880
progress phase=4.4 epoch=6/10 batch=2550/4966 work=55.1% elapsed=6102s ETA=4966s tile_loss=3.3780
progress phase=4.4 epoch=6/10 batch=2575/4966 work=55.2% elapsed=6108s ETA=4960s tile_loss=3.4021
progress phase=4.4 epoch=6/10 batch=2600/4966 work=55.2% elapsed=6113s ETA=4954s tile_loss=3.2522
progress phase=4.4 epoch=6/10 batch=2625/4966 work=55.3% elapsed=6118s ETA=4948s tile_loss=3.3131
progress phase=4.4 epoch=6/10 batch=2650/4966 work=55.3% elapsed=6123s ETA=4942s tile_loss=3.4498
progress phase=4.4 epoch=6/10 batch=2675/4966 work=55.4% elapsed=6129s ETA=4937s tile_loss=3.4239
progress phase=4.4 epoch=6/10 batch=2700/4966 work=55.4% elapsed=6134s ETA=4931s tile_loss=3.5160
progress phase=4.4 epoch=6/10 batch=2725/4966 work=55.5% elapsed=6139s ETA=4925s tile_loss=3.5028
progress phase=4.4 epoch=6/10 batch=2750/4966 work=55.5% elapsed=6144s ETA=4919s tile_loss=3.4178
progress phase=4.4 epoch=6/10 batch=2775/4966 work=55.6% elapsed=6150s ETA=4913s tile_loss=3.4725
progress phase=4.4 epoch=6/10 batch=2800/4966 work=55.6% elapsed=6155s ETA=4907s tile_loss=3.3566
progress phase=4.4 epoch=6/10 batch=2825/4966 work=55.7% elapsed=6160s ETA=4902s tile_loss=3.4687
progress phase=4.4 epoch=6/10 batch=2850/4966 work=55.7% elapsed=6165s ETA=4896s tile_loss=3.4678
progress phase=4.4 epoch=6/10 batch=2875/4966 work=55.8% elapsed=6171s ETA=4890s tile_loss=3.3311
progress phase=4.4 epoch=6/10 batch=2900/4966 work=55.8% elapsed=6177s ETA=4885s tile_loss=3.6054
progress phase=4.4 epoch=6/10 batch=2925/4966 work=55.9% elapsed=6182s ETA=4879s tile_loss=3.3388
progress phase=4.4 epoch=6/10 batch=2950/4966 work=55.9% elapsed=6188s ETA=4873s tile_loss=3.4443
progress phase=4.4 epoch=6/10 batch=2975/4966 work=56.0% elapsed=6193s ETA=4868s tile_loss=3.5019
progress phase=4.4 epoch=6/10 batch=3000/4966 work=56.0% elapsed=6199s ETA=4862s tile_loss=3.5408
progress phase=4.4 epoch=6/10 batch=3025/4966 work=56.1% elapsed=6204s ETA=4856s tile_loss=3.5207
progress phase=4.4 epoch=6/10 batch=3050/4966 work=56.1% elapsed=6209s ETA=4850s tile_loss=3.4479
progress phase=4.4 epoch=6/10 batch=3075/4966 work=56.2% elapsed=6216s ETA=4846s tile_loss=3.5165
progress phase=4.4 epoch=6/10 batch=3100/4966 work=56.2% elapsed=6224s ETA=4842s tile_loss=3.3715
progress phase=4.4 epoch=6/10 batch=3125/4966 work=56.3% elapsed=6232s ETA=4839s tile_loss=3.4476
progress phase=4.4 epoch=6/10 batch=3150/4966 work=56.3% elapsed=6240s ETA=4835s tile_loss=3.4314
progress phase=4.4 epoch=6/10 batch=3175/4966 work=56.4% elapsed=6248s ETA=4831s tile_loss=3.4224
progress phase=4.4 epoch=6/10 batch=3200/4966 work=56.4% elapsed=6256s ETA=4828s tile_loss=3.4759
progress phase=4.4 epoch=6/10 batch=3225/4966 work=56.5% elapsed=6264s ETA=4824s tile_loss=3.2556
progress phase=4.4 epoch=6/10 batch=3250/4966 work=56.5% elapsed=6272s ETA=4820s tile_loss=3.2241
progress phase=4.4 epoch=6/10 batch=3275/4966 work=56.6% elapsed=6280s ETA=4817s tile_loss=3.5997
progress phase=4.4 epoch=6/10 batch=3300/4966 work=56.6% elapsed=6288s ETA=4813s tile_loss=3.3931
progress phase=4.4 epoch=6/10 batch=3325/4966 work=56.7% elapsed=6296s ETA=4809s tile_loss=3.4878
progress phase=4.4 epoch=6/10 batch=3350/4966 work=56.7% elapsed=6304s ETA=4805s tile_loss=3.5187
progress phase=4.4 epoch=6/10 batch=3375/4966 work=56.8% elapsed=6312s ETA=4801s tile_loss=3.3484
progress phase=4.4 epoch=6/10 batch=3400/4966 work=56.8% elapsed=6320s ETA=4797s tile_loss=3.3578
progress phase=4.4 epoch=6/10 batch=3425/4966 work=56.9% elapsed=6327s ETA=4793s tile_loss=3.4458
progress phase=4.4 epoch=6/10 batch=3450/4966 work=56.9% elapsed=6335s ETA=4789s tile_loss=3.3584
progress phase=4.4 epoch=6/10 batch=3475/4966 work=57.0% elapsed=6343s ETA=4786s tile_loss=3.4466
progress phase=4.4 epoch=6/10 batch=3500/4966 work=57.0% elapsed=6351s ETA=4782s tile_loss=3.5358
progress phase=4.4 epoch=6/10 batch=3525/4966 work=57.1% elapsed=6359s ETA=4778s tile_loss=3.4325
progress phase=4.4 epoch=6/10 batch=3550/4966 work=57.1% elapsed=6367s ETA=4774s tile_loss=3.4797
progress phase=4.4 epoch=6/10 batch=3575/4966 work=57.2% elapsed=6375s ETA=4770s tile_loss=3.4674
progress phase=4.4 epoch=6/10 batch=3600/4966 work=57.2% elapsed=6383s ETA=4766s tile_loss=3.4964
progress phase=4.4 epoch=6/10 batch=3625/4966 work=57.3% elapsed=6390s ETA=4762s tile_loss=3.5191
progress phase=4.4 epoch=6/10 batch=3650/4966 work=57.3% elapsed=6395s ETA=4756s tile_loss=3.5656
progress phase=4.4 epoch=6/10 batch=3675/4966 work=57.4% elapsed=6400s ETA=4750s tile_loss=3.4120
progress phase=4.4 epoch=6/10 batch=3700/4966 work=57.5% elapsed=6406s ETA=4744s tile_loss=3.3481
progress phase=4.4 epoch=6/10 batch=3725/4966 work=57.5% elapsed=6411s ETA=4739s tile_loss=3.4032
progress phase=4.4 epoch=6/10 batch=3750/4966 work=57.6% elapsed=6417s ETA=4733s tile_loss=3.4444
progress phase=4.4 epoch=6/10 batch=3775/4966 work=57.6% elapsed=6422s ETA=4727s tile_loss=3.4254
progress phase=4.4 epoch=6/10 batch=3800/4966 work=57.7% elapsed=6427s ETA=4721s tile_loss=3.3217
progress phase=4.4 epoch=6/10 batch=3825/4966 work=57.7% elapsed=6432s ETA=4715s tile_loss=3.3483
progress phase=4.4 epoch=6/10 batch=3850/4966 work=57.8% elapsed=6438s ETA=4709s tile_loss=3.3995
progress phase=4.4 epoch=6/10 batch=3875/4966 work=57.8% elapsed=6443s ETA=4703s tile_loss=3.4440
progress phase=4.4 epoch=6/10 batch=3900/4966 work=57.9% elapsed=6448s ETA=4698s tile_loss=3.3718
progress phase=4.4 epoch=6/10 batch=3925/4966 work=57.9% elapsed=6453s ETA=4692s tile_loss=3.3424
progress phase=4.4 epoch=6/10 batch=3950/4966 work=58.0% elapsed=6458s ETA=4686s tile_loss=3.5233
progress phase=4.4 epoch=6/10 batch=3975/4966 work=58.0% elapsed=6464s ETA=4680s tile_loss=3.4172
progress phase=4.4 epoch=6/10 batch=4000/4966 work=58.1% elapsed=6469s ETA=4674s tile_loss=3.2598
progress phase=4.4 epoch=6/10 batch=4025/4966 work=58.1% elapsed=6474s ETA=4668s tile_loss=3.4738
progress phase=4.4 epoch=6/10 batch=4050/4966 work=58.2% elapsed=6479s ETA=4662s tile_loss=3.3705
progress phase=4.4 epoch=6/10 batch=4075/4966 work=58.2% elapsed=6484s ETA=4656s tile_loss=3.4192
progress phase=4.4 epoch=6/10 batch=4100/4966 work=58.3% elapsed=6489s ETA=4650s tile_loss=3.4117
progress phase=4.4 epoch=6/10 batch=4125/4966 work=58.3% elapsed=6494s ETA=4644s tile_loss=3.4382
progress phase=4.4 epoch=6/10 batch=4150/4966 work=58.4% elapsed=6500s ETA=4638s tile_loss=3.4039
progress phase=4.4 epoch=6/10 batch=4175/4966 work=58.4% elapsed=6505s ETA=4632s tile_loss=3.3821
progress phase=4.4 epoch=6/10 batch=4200/4966 work=58.5% elapsed=6510s ETA=4626s tile_loss=3.3453
progress phase=4.4 epoch=6/10 batch=4225/4966 work=58.5% elapsed=6515s ETA=4620s tile_loss=3.3579
progress phase=4.4 epoch=6/10 batch=4250/4966 work=58.6% elapsed=6520s ETA=4614s tile_loss=3.4076
progress phase=4.4 epoch=6/10 batch=4275/4966 work=58.6% elapsed=6525s ETA=4608s tile_loss=3.5064
progress phase=4.4 epoch=6/10 batch=4300/4966 work=58.7% elapsed=6530s ETA=4602s tile_loss=3.3311
progress phase=4.4 epoch=6/10 batch=4325/4966 work=58.7% elapsed=6536s ETA=4597s tile_loss=3.4740
progress phase=4.4 epoch=6/10 batch=4350/4966 work=58.8% elapsed=6541s ETA=4591s tile_loss=3.5532
progress phase=4.4 epoch=6/10 batch=4375/4966 work=58.8% elapsed=6546s ETA=4585s tile_loss=3.3705
progress phase=4.4 epoch=6/10 batch=4400/4966 work=58.9% elapsed=6551s ETA=4579s tile_loss=3.4441
progress phase=4.4 epoch=6/10 batch=4425/4966 work=58.9% elapsed=6556s ETA=4573s tile_loss=3.4481
progress phase=4.4 epoch=6/10 batch=4450/4966 work=59.0% elapsed=6561s ETA=4567s tile_loss=3.4526
progress phase=4.4 epoch=6/10 batch=4475/4966 work=59.0% elapsed=6566s ETA=4561s tile_loss=3.5387
progress phase=4.4 epoch=6/10 batch=4500/4966 work=59.1% elapsed=6572s ETA=4555s tile_loss=3.6214
progress phase=4.4 epoch=6/10 batch=4525/4966 work=59.1% elapsed=6577s ETA=4549s tile_loss=3.3845
progress phase=4.4 epoch=6/10 batch=4550/4966 work=59.2% elapsed=6582s ETA=4543s tile_loss=3.2777
progress phase=4.4 epoch=6/10 batch=4575/4966 work=59.2% elapsed=6587s ETA=4537s tile_loss=3.4488
progress phase=4.4 epoch=6/10 batch=4600/4966 work=59.3% elapsed=6592s ETA=4532s tile_loss=3.4234
progress phase=4.4 epoch=6/10 batch=4625/4966 work=59.3% elapsed=6597s ETA=4526s tile_loss=3.4249
progress phase=4.4 epoch=6/10 batch=4650/4966 work=59.4% elapsed=6603s ETA=4520s tile_loss=3.4881
progress phase=4.4 epoch=6/10 batch=4675/4966 work=59.4% elapsed=6608s ETA=4514s tile_loss=3.4637
progress phase=4.4 epoch=6/10 batch=4700/4966 work=59.5% elapsed=6613s ETA=4508s tile_loss=3.4118
progress phase=4.4 epoch=6/10 batch=4725/4966 work=59.5% elapsed=6618s ETA=4502s tile_loss=3.3858
progress phase=4.4 epoch=6/10 batch=4750/4966 work=59.6% elapsed=6623s ETA=4496s tile_loss=3.3571
progress phase=4.4 epoch=6/10 batch=4775/4966 work=59.6% elapsed=6628s ETA=4490s tile_loss=3.5500
progress phase=4.4 epoch=6/10 batch=4800/4966 work=59.7% elapsed=6633s ETA=4484s tile_loss=3.3287
progress phase=4.4 epoch=6/10 batch=4825/4966 work=59.7% elapsed=6638s ETA=4478s tile_loss=3.4875
progress phase=4.4 epoch=6/10 batch=4850/4966 work=59.8% elapsed=6643s ETA=4472s tile_loss=3.4029
progress phase=4.4 epoch=6/10 batch=4875/4966 work=59.8% elapsed=6649s ETA=4466s tile_loss=3.4495
progress phase=4.4 epoch=6/10 batch=4900/4966 work=59.9% elapsed=6654s ETA=4460s tile_loss=3.3864
progress phase=4.4 epoch=6/10 batch=4925/4966 work=59.9% elapsed=6659s ETA=4454s tile_loss=3.4548
progress phase=4.4 epoch=6/10 batch=4950/4966 work=60.0% elapsed=6664s ETA=4449s tile_loss=3.4639
progress phase=4.4 epoch=6/10 batch=4966/4966 work=60.0% elapsed=6667s ETA=4445s tile_loss=3.5630
epoch 06  train_loss=4.8716  val_slot@1=0.550  val_zone=0.446  val_tile=0.063  val_tile_cls=0.147  val_tile@5=0.385  val_loss=5.6633
progress phase=4.4 epoch=7/10 batch=1/4966 work=60.0% elapsed=6679s ETA=4452s tile_loss=3.5139
progress phase=4.4 epoch=7/10 batch=25/4966 work=60.1% elapsed=6684s ETA=4447s tile_loss=3.5799
progress phase=4.4 epoch=7/10 batch=50/4966 work=60.1% elapsed=6689s ETA=4441s tile_loss=3.4463
progress phase=4.4 epoch=7/10 batch=75/4966 work=60.2% elapsed=6694s ETA=4435s tile_loss=3.4815
progress phase=4.4 epoch=7/10 batch=100/4966 work=60.2% elapsed=6700s ETA=4429s tile_loss=3.3199
progress phase=4.4 epoch=7/10 batch=125/4966 work=60.3% elapsed=6705s ETA=4423s tile_loss=3.4903
progress phase=4.4 epoch=7/10 batch=150/4966 work=60.3% elapsed=6710s ETA=4417s tile_loss=3.4004
progress phase=4.4 epoch=7/10 batch=175/4966 work=60.4% elapsed=6715s ETA=4411s tile_loss=3.4570
progress phase=4.4 epoch=7/10 batch=200/4966 work=60.4% elapsed=6720s ETA=4406s tile_loss=3.5142
progress phase=4.4 epoch=7/10 batch=225/4966 work=60.5% elapsed=6725s ETA=4400s tile_loss=3.4226
progress phase=4.4 epoch=7/10 batch=250/4966 work=60.5% elapsed=6731s ETA=4394s tile_loss=3.3279
progress phase=4.4 epoch=7/10 batch=275/4966 work=60.6% elapsed=6736s ETA=4388s tile_loss=3.5426
progress phase=4.4 epoch=7/10 batch=300/4966 work=60.6% elapsed=6741s ETA=4382s tile_loss=3.4457
progress phase=4.4 epoch=7/10 batch=325/4966 work=60.7% elapsed=6747s ETA=4376s tile_loss=3.4314
progress phase=4.4 epoch=7/10 batch=350/4966 work=60.7% elapsed=6752s ETA=4371s tile_loss=3.3167
progress phase=4.4 epoch=7/10 batch=375/4966 work=60.8% elapsed=6757s ETA=4365s tile_loss=3.4202
progress phase=4.4 epoch=7/10 batch=400/4966 work=60.8% elapsed=6762s ETA=4359s tile_loss=3.2628
progress phase=4.4 epoch=7/10 batch=425/4966 work=60.9% elapsed=6768s ETA=4353s tile_loss=3.3591
progress phase=4.4 epoch=7/10 batch=450/4966 work=60.9% elapsed=6773s ETA=4347s tile_loss=3.5077
progress phase=4.4 epoch=7/10 batch=475/4966 work=61.0% elapsed=6778s ETA=4341s tile_loss=3.4533
progress phase=4.4 epoch=7/10 batch=500/4966 work=61.0% elapsed=6783s ETA=4336s tile_loss=3.2982
progress phase=4.4 epoch=7/10 batch=525/4966 work=61.1% elapsed=6788s ETA=4330s tile_loss=3.3896
progress phase=4.4 epoch=7/10 batch=550/4966 work=61.1% elapsed=6794s ETA=4324s tile_loss=3.3398
progress phase=4.4 epoch=7/10 batch=575/4966 work=61.2% elapsed=6799s ETA=4318s tile_loss=3.4373
progress phase=4.4 epoch=7/10 batch=600/4966 work=61.2% elapsed=6804s ETA=4312s tile_loss=3.4085
progress phase=4.4 epoch=7/10 batch=625/4966 work=61.3% elapsed=6809s ETA=4306s tile_loss=3.4078
progress phase=4.4 epoch=7/10 batch=650/4966 work=61.3% elapsed=6815s ETA=4301s tile_loss=3.4992
progress phase=4.4 epoch=7/10 batch=675/4966 work=61.4% elapsed=6820s ETA=4295s tile_loss=3.3815
progress phase=4.4 epoch=7/10 batch=700/4966 work=61.4% elapsed=6826s ETA=4289s tile_loss=3.4557
progress phase=4.4 epoch=7/10 batch=725/4966 work=61.5% elapsed=6831s ETA=4284s tile_loss=3.4490
progress phase=4.4 epoch=7/10 batch=750/4966 work=61.5% elapsed=6836s ETA=4278s tile_loss=3.4541
progress phase=4.4 epoch=7/10 batch=775/4966 work=61.6% elapsed=6842s ETA=4272s tile_loss=3.4963
progress phase=4.4 epoch=7/10 batch=800/4966 work=61.6% elapsed=6847s ETA=4266s tile_loss=3.4427
progress phase=4.4 epoch=7/10 batch=825/4966 work=61.7% elapsed=6852s ETA=4260s tile_loss=3.3634
progress phase=4.4 epoch=7/10 batch=850/4966 work=61.7% elapsed=6858s ETA=4255s tile_loss=3.4466
progress phase=4.4 epoch=7/10 batch=875/4966 work=61.8% elapsed=6863s ETA=4249s tile_loss=3.4896
progress phase=4.4 epoch=7/10 batch=900/4966 work=61.8% elapsed=6868s ETA=4243s tile_loss=3.3240
progress phase=4.4 epoch=7/10 batch=925/4966 work=61.9% elapsed=6874s ETA=4237s tile_loss=3.3535
progress phase=4.4 epoch=7/10 batch=950/4966 work=61.9% elapsed=6879s ETA=4232s tile_loss=3.3801
progress phase=4.4 epoch=7/10 batch=975/4966 work=62.0% elapsed=6884s ETA=4226s tile_loss=3.3406
progress phase=4.4 epoch=7/10 batch=1000/4966 work=62.0% elapsed=6890s ETA=4220s tile_loss=3.4704
progress phase=4.4 epoch=7/10 batch=1025/4966 work=62.1% elapsed=6895s ETA=4214s tile_loss=3.4583
progress phase=4.4 epoch=7/10 batch=1050/4966 work=62.1% elapsed=6900s ETA=4209s tile_loss=3.4520
progress phase=4.4 epoch=7/10 batch=1075/4966 work=62.2% elapsed=6905s ETA=4203s tile_loss=3.3295
progress phase=4.4 epoch=7/10 batch=1100/4966 work=62.2% elapsed=6911s ETA=4197s tile_loss=3.4349
progress phase=4.4 epoch=7/10 batch=1125/4966 work=62.3% elapsed=6916s ETA=4192s tile_loss=3.5105
progress phase=4.4 epoch=7/10 batch=1150/4966 work=62.3% elapsed=6922s ETA=4186s tile_loss=3.5440
progress phase=4.4 epoch=7/10 batch=1175/4966 work=62.4% elapsed=6927s ETA=4180s tile_loss=3.3137
progress phase=4.4 epoch=7/10 batch=1200/4966 work=62.4% elapsed=6933s ETA=4174s tile_loss=3.3363
progress phase=4.4 epoch=7/10 batch=1225/4966 work=62.5% elapsed=6938s ETA=4169s tile_loss=3.3512
progress phase=4.4 epoch=7/10 batch=1250/4966 work=62.5% elapsed=6943s ETA=4163s tile_loss=3.3912
progress phase=4.4 epoch=7/10 batch=1275/4966 work=62.6% elapsed=6948s ETA=4157s tile_loss=3.2745
progress phase=4.4 epoch=7/10 batch=1300/4966 work=62.6% elapsed=6953s ETA=4151s tile_loss=3.4185
progress phase=4.4 epoch=7/10 batch=1325/4966 work=62.7% elapsed=6959s ETA=4145s tile_loss=3.4254
progress phase=4.4 epoch=7/10 batch=1350/4966 work=62.7% elapsed=6964s ETA=4140s tile_loss=3.5235
progress phase=4.4 epoch=7/10 batch=1375/4966 work=62.8% elapsed=6969s ETA=4134s tile_loss=3.4116
progress phase=4.4 epoch=7/10 batch=1400/4966 work=62.8% elapsed=6975s ETA=4128s tile_loss=3.4294
progress phase=4.4 epoch=7/10 batch=1425/4966 work=62.9% elapsed=6980s ETA=4122s tile_loss=3.4335
progress phase=4.4 epoch=7/10 batch=1450/4966 work=62.9% elapsed=6985s ETA=4117s tile_loss=3.4658
progress phase=4.4 epoch=7/10 batch=1475/4966 work=63.0% elapsed=6990s ETA=4111s tile_loss=3.4129
progress phase=4.4 epoch=7/10 batch=1500/4966 work=63.0% elapsed=6996s ETA=4105s tile_loss=3.3503
progress phase=4.4 epoch=7/10 batch=1525/4966 work=63.1% elapsed=7001s ETA=4099s tile_loss=3.3818
progress phase=4.4 epoch=7/10 batch=1550/4966 work=63.1% elapsed=7006s ETA=4093s tile_loss=3.3786
progress phase=4.4 epoch=7/10 batch=1575/4966 work=63.2% elapsed=7011s ETA=4088s tile_loss=3.5088
progress phase=4.4 epoch=7/10 batch=1600/4966 work=63.2% elapsed=7017s ETA=4082s tile_loss=3.3697
progress phase=4.4 epoch=7/10 batch=1625/4966 work=63.3% elapsed=7022s ETA=4076s tile_loss=3.4249
progress phase=4.4 epoch=7/10 batch=1650/4966 work=63.3% elapsed=7027s ETA=4070s tile_loss=3.3114
progress phase=4.4 epoch=7/10 batch=1675/4966 work=63.4% elapsed=7033s ETA=4065s tile_loss=3.3855
progress phase=4.4 epoch=7/10 batch=1700/4966 work=63.4% elapsed=7038s ETA=4059s tile_loss=3.3420
progress phase=4.4 epoch=7/10 batch=1725/4966 work=63.5% elapsed=7044s ETA=4053s tile_loss=3.3380
progress phase=4.4 epoch=7/10 batch=1750/4966 work=63.5% elapsed=7049s ETA=4048s tile_loss=3.3964
progress phase=4.4 epoch=7/10 batch=1775/4966 work=63.6% elapsed=7054s ETA=4042s tile_loss=3.3231
progress phase=4.4 epoch=7/10 batch=1800/4966 work=63.6% elapsed=7059s ETA=4036s tile_loss=3.4057
progress phase=4.4 epoch=7/10 batch=1825/4966 work=63.7% elapsed=7065s ETA=4030s tile_loss=3.3625
progress phase=4.4 epoch=7/10 batch=1850/4966 work=63.7% elapsed=7071s ETA=4025s tile_loss=3.4760
progress phase=4.4 epoch=7/10 batch=1875/4966 work=63.8% elapsed=7076s ETA=4019s tile_loss=3.2312
progress phase=4.4 epoch=7/10 batch=1900/4966 work=63.8% elapsed=7081s ETA=4013s tile_loss=3.3238
progress phase=4.4 epoch=7/10 batch=1925/4966 work=63.9% elapsed=7086s ETA=4008s tile_loss=3.2491
progress phase=4.4 epoch=7/10 batch=1950/4966 work=63.9% elapsed=7092s ETA=4002s tile_loss=3.4114
progress phase=4.4 epoch=7/10 batch=1975/4966 work=64.0% elapsed=7098s ETA=3996s tile_loss=3.5617
progress phase=4.4 epoch=7/10 batch=2000/4966 work=64.0% elapsed=7103s ETA=3991s tile_loss=3.4199
progress phase=4.4 epoch=7/10 batch=2025/4966 work=64.1% elapsed=7108s ETA=3985s tile_loss=3.3932
progress phase=4.4 epoch=7/10 batch=2050/4966 work=64.1% elapsed=7114s ETA=3979s tile_loss=3.2998
progress phase=4.4 epoch=7/10 batch=2075/4966 work=64.2% elapsed=7119s ETA=3974s tile_loss=3.3726
progress phase=4.4 epoch=7/10 batch=2100/4966 work=64.2% elapsed=7124s ETA=3968s tile_loss=3.3726
progress phase=4.4 epoch=7/10 batch=2125/4966 work=64.3% elapsed=7130s ETA=3962s tile_loss=3.3382
progress phase=4.4 epoch=7/10 batch=2150/4966 work=64.3% elapsed=7135s ETA=3956s tile_loss=3.3070
progress phase=4.4 epoch=7/10 batch=2175/4966 work=64.4% elapsed=7140s ETA=3951s tile_loss=3.2998
progress phase=4.4 epoch=7/10 batch=2200/4966 work=64.4% elapsed=7145s ETA=3945s tile_loss=3.3204
progress phase=4.4 epoch=7/10 batch=2225/4966 work=64.5% elapsed=7151s ETA=3939s tile_loss=3.5126
progress phase=4.4 epoch=7/10 batch=2250/4966 work=64.5% elapsed=7156s ETA=3933s tile_loss=3.3237
progress phase=4.4 epoch=7/10 batch=2275/4966 work=64.6% elapsed=7161s ETA=3927s tile_loss=3.4227
progress phase=4.4 epoch=7/10 batch=2300/4966 work=64.6% elapsed=7166s ETA=3922s tile_loss=3.3680
progress phase=4.4 epoch=7/10 batch=2325/4966 work=64.7% elapsed=7172s ETA=3916s tile_loss=3.5356
progress phase=4.4 epoch=7/10 batch=2350/4966 work=64.7% elapsed=7177s ETA=3910s tile_loss=3.5926
progress phase=4.4 epoch=7/10 batch=2375/4966 work=64.8% elapsed=7183s ETA=3905s tile_loss=3.3737
progress phase=4.4 epoch=7/10 batch=2400/4966 work=64.8% elapsed=7188s ETA=3899s tile_loss=3.4395
progress phase=4.4 epoch=7/10 batch=2425/4966 work=64.9% elapsed=7193s ETA=3893s tile_loss=3.4228
progress phase=4.4 epoch=7/10 batch=2450/4966 work=64.9% elapsed=7199s ETA=3888s tile_loss=3.4221
progress phase=4.4 epoch=7/10 batch=2475/4966 work=65.0% elapsed=7204s ETA=3882s tile_loss=3.5442
progress phase=4.4 epoch=7/10 batch=2500/4966 work=65.0% elapsed=7210s ETA=3876s tile_loss=3.3882
progress phase=4.4 epoch=7/10 batch=2525/4966 work=65.1% elapsed=7215s ETA=3871s tile_loss=3.3740
progress phase=4.4 epoch=7/10 batch=2550/4966 work=65.1% elapsed=7220s ETA=3865s tile_loss=3.3815
progress phase=4.4 epoch=7/10 batch=2575/4966 work=65.2% elapsed=7226s ETA=3859s tile_loss=3.5480
progress phase=4.4 epoch=7/10 batch=2600/4966 work=65.2% elapsed=7231s ETA=3854s tile_loss=3.4475
progress phase=4.4 epoch=7/10 batch=2625/4966 work=65.3% elapsed=7236s ETA=3848s tile_loss=3.3615
progress phase=4.4 epoch=7/10 batch=2650/4966 work=65.3% elapsed=7242s ETA=3842s tile_loss=3.6748
progress phase=4.4 epoch=7/10 batch=2675/4966 work=65.4% elapsed=7247s ETA=3836s tile_loss=3.4116
progress phase=4.4 epoch=7/10 batch=2700/4966 work=65.4% elapsed=7253s ETA=3831s tile_loss=3.3602
progress phase=4.4 epoch=7/10 batch=2725/4966 work=65.5% elapsed=7258s ETA=3825s tile_loss=3.3581
progress phase=4.4 epoch=7/10 batch=2750/4966 work=65.5% elapsed=7263s ETA=3819s tile_loss=3.4154
progress phase=4.4 epoch=7/10 batch=2775/4966 work=65.6% elapsed=7268s ETA=3814s tile_loss=3.3984
progress phase=4.4 epoch=7/10 batch=2800/4966 work=65.6% elapsed=7274s ETA=3808s tile_loss=3.4656
progress phase=4.4 epoch=7/10 batch=2825/4966 work=65.7% elapsed=7280s ETA=3802s tile_loss=3.4210
progress phase=4.4 epoch=7/10 batch=2850/4966 work=65.7% elapsed=7285s ETA=3797s tile_loss=3.3710
progress phase=4.4 epoch=7/10 batch=2875/4966 work=65.8% elapsed=7290s ETA=3791s tile_loss=3.3653
progress phase=4.4 epoch=7/10 batch=2900/4966 work=65.8% elapsed=7296s ETA=3785s tile_loss=3.3143
progress phase=4.4 epoch=7/10 batch=2925/4966 work=65.9% elapsed=7301s ETA=3780s tile_loss=3.4127
progress phase=4.4 epoch=7/10 batch=2950/4966 work=65.9% elapsed=7306s ETA=3774s tile_loss=3.3630
progress phase=4.4 epoch=7/10 batch=2975/4966 work=66.0% elapsed=7311s ETA=3768s tile_loss=3.3293
progress phase=4.4 epoch=7/10 batch=3000/4966 work=66.0% elapsed=7317s ETA=3762s tile_loss=3.6360
progress phase=4.4 epoch=7/10 batch=3025/4966 work=66.1% elapsed=7322s ETA=3757s tile_loss=3.4039
progress phase=4.4 epoch=7/10 batch=3050/4966 work=66.1% elapsed=7327s ETA=3751s tile_loss=3.5000
progress phase=4.4 epoch=7/10 batch=3075/4966 work=66.2% elapsed=7333s ETA=3745s tile_loss=3.3332
progress phase=4.4 epoch=7/10 batch=3100/4966 work=66.2% elapsed=7338s ETA=3739s tile_loss=3.3872
progress phase=4.4 epoch=7/10 batch=3125/4966 work=66.3% elapsed=7343s ETA=3734s tile_loss=3.2865
progress phase=4.4 epoch=7/10 batch=3150/4966 work=66.3% elapsed=7349s ETA=3728s tile_loss=3.4619
progress phase=4.4 epoch=7/10 batch=3175/4966 work=66.4% elapsed=7354s ETA=3722s tile_loss=3.5340
progress phase=4.4 epoch=7/10 batch=3200/4966 work=66.4% elapsed=7359s ETA=3717s tile_loss=3.2978
progress phase=4.4 epoch=7/10 batch=3225/4966 work=66.5% elapsed=7364s ETA=3711s tile_loss=3.4149
progress phase=4.4 epoch=7/10 batch=3250/4966 work=66.5% elapsed=7370s ETA=3705s tile_loss=3.4736
progress phase=4.4 epoch=7/10 batch=3275/4966 work=66.6% elapsed=7375s ETA=3699s tile_loss=3.4632
progress phase=4.4 epoch=7/10 batch=3300/4966 work=66.6% elapsed=7380s ETA=3694s tile_loss=3.3476
progress phase=4.4 epoch=7/10 batch=3325/4966 work=66.7% elapsed=7385s ETA=3688s tile_loss=3.4068
progress phase=4.4 epoch=7/10 batch=3350/4966 work=66.7% elapsed=7391s ETA=3682s tile_loss=3.4607
progress phase=4.4 epoch=7/10 batch=3375/4966 work=66.8% elapsed=7396s ETA=3676s tile_loss=3.4714
progress phase=4.4 epoch=7/10 batch=3400/4966 work=66.8% elapsed=7401s ETA=3671s tile_loss=3.4782
progress phase=4.4 epoch=7/10 batch=3425/4966 work=66.9% elapsed=7406s ETA=3665s tile_loss=3.2928
progress phase=4.4 epoch=7/10 batch=3450/4966 work=66.9% elapsed=7411s ETA=3659s tile_loss=3.5362
progress phase=4.4 epoch=7/10 batch=3475/4966 work=67.0% elapsed=7417s ETA=3653s tile_loss=3.2438
progress phase=4.4 epoch=7/10 batch=3500/4966 work=67.0% elapsed=7422s ETA=3648s tile_loss=3.5530
progress phase=4.4 epoch=7/10 batch=3525/4966 work=67.1% elapsed=7427s ETA=3642s tile_loss=3.4078
progress phase=4.4 epoch=7/10 batch=3550/4966 work=67.1% elapsed=7432s ETA=3636s tile_loss=3.4858
progress phase=4.4 epoch=7/10 batch=3575/4966 work=67.2% elapsed=7438s ETA=3630s tile_loss=3.5007
progress phase=4.4 epoch=7/10 batch=3600/4966 work=67.2% elapsed=7443s ETA=3625s tile_loss=3.3570
progress phase=4.4 epoch=7/10 batch=3625/4966 work=67.3% elapsed=7448s ETA=3619s tile_loss=3.5092
progress phase=4.4 epoch=7/10 batch=3650/4966 work=67.3% elapsed=7454s ETA=3613s tile_loss=3.3513
progress phase=4.4 epoch=7/10 batch=3675/4966 work=67.4% elapsed=7459s ETA=3608s tile_loss=3.5076
progress phase=4.4 epoch=7/10 batch=3700/4966 work=67.5% elapsed=7464s ETA=3602s tile_loss=3.3205
progress phase=4.4 epoch=7/10 batch=3725/4966 work=67.5% elapsed=7469s ETA=3596s tile_loss=3.4352
progress phase=4.4 epoch=7/10 batch=3750/4966 work=67.6% elapsed=7474s ETA=3590s tile_loss=3.4478
progress phase=4.4 epoch=7/10 batch=3775/4966 work=67.6% elapsed=7480s ETA=3585s tile_loss=3.3902
progress phase=4.4 epoch=7/10 batch=3800/4966 work=67.7% elapsed=7485s ETA=3579s tile_loss=3.4196
progress phase=4.4 epoch=7/10 batch=3825/4966 work=67.7% elapsed=7490s ETA=3573s tile_loss=3.3439
progress phase=4.4 epoch=7/10 batch=3850/4966 work=67.8% elapsed=7495s ETA=3567s tile_loss=3.3983
progress phase=4.4 epoch=7/10 batch=3875/4966 work=67.8% elapsed=7500s ETA=3562s tile_loss=3.4399
progress phase=4.4 epoch=7/10 batch=3900/4966 work=67.9% elapsed=7505s ETA=3556s tile_loss=3.4328
progress phase=4.4 epoch=7/10 batch=3925/4966 work=67.9% elapsed=7511s ETA=3550s tile_loss=3.5021
progress phase=4.4 epoch=7/10 batch=3950/4966 work=68.0% elapsed=7516s ETA=3544s tile_loss=3.5131
progress phase=4.4 epoch=7/10 batch=3975/4966 work=68.0% elapsed=7521s ETA=3539s tile_loss=3.5116
progress phase=4.4 epoch=7/10 batch=4000/4966 work=68.1% elapsed=7526s ETA=3533s tile_loss=3.4021
progress phase=4.4 epoch=7/10 batch=4025/4966 work=68.1% elapsed=7531s ETA=3527s tile_loss=3.4036
progress phase=4.4 epoch=7/10 batch=4050/4966 work=68.2% elapsed=7537s ETA=3521s tile_loss=3.3483
progress phase=4.4 epoch=7/10 batch=4075/4966 work=68.2% elapsed=7542s ETA=3516s tile_loss=3.4435
progress phase=4.4 epoch=7/10 batch=4100/4966 work=68.3% elapsed=7547s ETA=3510s tile_loss=3.3577
progress phase=4.4 epoch=7/10 batch=4125/4966 work=68.3% elapsed=7552s ETA=3504s tile_loss=3.4714
progress phase=4.4 epoch=7/10 batch=4150/4966 work=68.4% elapsed=7558s ETA=3498s tile_loss=3.4983
progress phase=4.4 epoch=7/10 batch=4175/4966 work=68.4% elapsed=7563s ETA=3493s tile_loss=3.3989
progress phase=4.4 epoch=7/10 batch=4200/4966 work=68.5% elapsed=7568s ETA=3487s tile_loss=3.4067
progress phase=4.4 epoch=7/10 batch=4225/4966 work=68.5% elapsed=7573s ETA=3481s tile_loss=3.5161
progress phase=4.4 epoch=7/10 batch=4250/4966 work=68.6% elapsed=7578s ETA=3476s tile_loss=3.5117
progress phase=4.4 epoch=7/10 batch=4275/4966 work=68.6% elapsed=7584s ETA=3470s tile_loss=3.3066
progress phase=4.4 epoch=7/10 batch=4300/4966 work=68.7% elapsed=7589s ETA=3464s tile_loss=3.3988
progress phase=4.4 epoch=7/10 batch=4325/4966 work=68.7% elapsed=7594s ETA=3458s tile_loss=3.3636
progress phase=4.4 epoch=7/10 batch=4350/4966 work=68.8% elapsed=7599s ETA=3453s tile_loss=3.4102
progress phase=4.4 epoch=7/10 batch=4375/4966 work=68.8% elapsed=7604s ETA=3447s tile_loss=3.3871
progress phase=4.4 epoch=7/10 batch=4400/4966 work=68.9% elapsed=7609s ETA=3441s tile_loss=3.4011
progress phase=4.4 epoch=7/10 batch=4425/4966 work=68.9% elapsed=7615s ETA=3436s tile_loss=3.2757
progress phase=4.4 epoch=7/10 batch=4450/4966 work=69.0% elapsed=7620s ETA=3430s tile_loss=3.4201
progress phase=4.4 epoch=7/10 batch=4475/4966 work=69.0% elapsed=7625s ETA=3424s tile_loss=3.3941
progress phase=4.4 epoch=7/10 batch=4500/4966 work=69.1% elapsed=7631s ETA=3418s tile_loss=3.4116
progress phase=4.4 epoch=7/10 batch=4525/4966 work=69.1% elapsed=7636s ETA=3413s tile_loss=3.5037
progress phase=4.4 epoch=7/10 batch=4550/4966 work=69.2% elapsed=7641s ETA=3407s tile_loss=3.4588
progress phase=4.4 epoch=7/10 batch=4575/4966 work=69.2% elapsed=7646s ETA=3401s tile_loss=3.3948
progress phase=4.4 epoch=7/10 batch=4600/4966 work=69.3% elapsed=7651s ETA=3395s tile_loss=3.5352
progress phase=4.4 epoch=7/10 batch=4625/4966 work=69.3% elapsed=7656s ETA=3390s tile_loss=3.3450
progress phase=4.4 epoch=7/10 batch=4650/4966 work=69.4% elapsed=7662s ETA=3384s tile_loss=3.4330
progress phase=4.4 epoch=7/10 batch=4675/4966 work=69.4% elapsed=7667s ETA=3378s tile_loss=3.3247
progress phase=4.4 epoch=7/10 batch=4700/4966 work=69.5% elapsed=7672s ETA=3372s tile_loss=3.5164
progress phase=4.4 epoch=7/10 batch=4725/4966 work=69.5% elapsed=7677s ETA=3367s tile_loss=3.3983
progress phase=4.4 epoch=7/10 batch=4750/4966 work=69.6% elapsed=7682s ETA=3361s tile_loss=3.3983
progress phase=4.4 epoch=7/10 batch=4775/4966 work=69.6% elapsed=7687s ETA=3355s tile_loss=3.4405
progress phase=4.4 epoch=7/10 batch=4800/4966 work=69.7% elapsed=7692s ETA=3349s tile_loss=3.4141
progress phase=4.4 epoch=7/10 batch=4825/4966 work=69.7% elapsed=7698s ETA=3344s tile_loss=3.3553
progress phase=4.4 epoch=7/10 batch=4850/4966 work=69.8% elapsed=7703s ETA=3338s tile_loss=3.4002
progress phase=4.4 epoch=7/10 batch=4875/4966 work=69.8% elapsed=7708s ETA=3332s tile_loss=3.3351
progress phase=4.4 epoch=7/10 batch=4900/4966 work=69.9% elapsed=7713s ETA=3327s tile_loss=3.4319
progress phase=4.4 epoch=7/10 batch=4925/4966 work=69.9% elapsed=7718s ETA=3321s tile_loss=3.3773
progress phase=4.4 epoch=7/10 batch=4950/4966 work=70.0% elapsed=7723s ETA=3315s tile_loss=3.4769
progress phase=4.4 epoch=7/10 batch=4966/4966 work=70.0% elapsed=7727s ETA=3311s tile_loss=3.4249
epoch 07  train_loss=4.8402  val_slot@1=0.552  val_zone=0.447  val_tile=0.063  val_tile_cls=0.149  val_tile@5=0.385  val_loss=5.6420
progress phase=4.4 epoch=8/10 batch=1/4966 work=70.0% elapsed=7738s ETA=3316s tile_loss=3.4702
progress phase=4.4 epoch=8/10 batch=25/4966 work=70.1% elapsed=7743s ETA=3310s tile_loss=3.3685
progress phase=4.4 epoch=8/10 batch=50/4966 work=70.1% elapsed=7748s ETA=3305s tile_loss=3.5537
progress phase=4.4 epoch=8/10 batch=75/4966 work=70.2% elapsed=7753s ETA=3299s tile_loss=3.3875
progress phase=4.4 epoch=8/10 batch=100/4966 work=70.2% elapsed=7758s ETA=3293s tile_loss=3.4071
progress phase=4.4 epoch=8/10 batch=125/4966 work=70.3% elapsed=7763s ETA=3287s tile_loss=3.4420
progress phase=4.4 epoch=8/10 batch=150/4966 work=70.3% elapsed=7768s ETA=3282s tile_loss=3.4264
progress phase=4.4 epoch=8/10 batch=175/4966 work=70.4% elapsed=7774s ETA=3276s tile_loss=3.4865
progress phase=4.4 epoch=8/10 batch=200/4966 work=70.4% elapsed=7779s ETA=3270s tile_loss=3.4229
progress phase=4.4 epoch=8/10 batch=225/4966 work=70.5% elapsed=7784s ETA=3265s tile_loss=3.4126
progress phase=4.4 epoch=8/10 batch=250/4966 work=70.5% elapsed=7790s ETA=3259s tile_loss=3.3520
progress phase=4.4 epoch=8/10 batch=275/4966 work=70.6% elapsed=7795s ETA=3253s tile_loss=3.5087
progress phase=4.4 epoch=8/10 batch=300/4966 work=70.6% elapsed=7800s ETA=3248s tile_loss=3.3547
progress phase=4.4 epoch=8/10 batch=325/4966 work=70.7% elapsed=7806s ETA=3242s tile_loss=3.2957
progress phase=4.4 epoch=8/10 batch=350/4966 work=70.7% elapsed=7811s ETA=3237s tile_loss=3.4026
progress phase=4.4 epoch=8/10 batch=375/4966 work=70.8% elapsed=7817s ETA=3231s tile_loss=3.4890
progress phase=4.4 epoch=8/10 batch=400/4966 work=70.8% elapsed=7822s ETA=3225s tile_loss=3.4872
progress phase=4.4 epoch=8/10 batch=425/4966 work=70.9% elapsed=7828s ETA=3220s tile_loss=3.4685
progress phase=4.4 epoch=8/10 batch=450/4966 work=70.9% elapsed=7833s ETA=3214s tile_loss=3.4114
progress phase=4.4 epoch=8/10 batch=475/4966 work=71.0% elapsed=7838s ETA=3208s tile_loss=3.4321
progress phase=4.4 epoch=8/10 batch=500/4966 work=71.0% elapsed=7843s ETA=3203s tile_loss=3.5349
progress phase=4.4 epoch=8/10 batch=525/4966 work=71.1% elapsed=7849s ETA=3197s tile_loss=3.3616
progress phase=4.4 epoch=8/10 batch=550/4966 work=71.1% elapsed=7854s ETA=3191s tile_loss=3.3835
progress phase=4.4 epoch=8/10 batch=575/4966 work=71.2% elapsed=7859s ETA=3186s tile_loss=3.4351
progress phase=4.4 epoch=8/10 batch=600/4966 work=71.2% elapsed=7865s ETA=3180s tile_loss=3.4722
progress phase=4.4 epoch=8/10 batch=625/4966 work=71.3% elapsed=7870s ETA=3174s tile_loss=3.3116
progress phase=4.4 epoch=8/10 batch=650/4966 work=71.3% elapsed=7875s ETA=3169s tile_loss=3.4300
progress phase=4.4 epoch=8/10 batch=675/4966 work=71.4% elapsed=7880s ETA=3163s tile_loss=3.4408
progress phase=4.4 epoch=8/10 batch=700/4966 work=71.4% elapsed=7886s ETA=3157s tile_loss=3.4296
progress phase=4.4 epoch=8/10 batch=725/4966 work=71.5% elapsed=7891s ETA=3151s tile_loss=3.4483
progress phase=4.4 epoch=8/10 batch=750/4966 work=71.5% elapsed=7896s ETA=3146s tile_loss=3.3078
progress phase=4.4 epoch=8/10 batch=775/4966 work=71.6% elapsed=7901s ETA=3140s tile_loss=3.4174
progress phase=4.4 epoch=8/10 batch=800/4966 work=71.6% elapsed=7907s ETA=3134s tile_loss=3.2664
progress phase=4.4 epoch=8/10 batch=825/4966 work=71.7% elapsed=7912s ETA=3129s tile_loss=3.4112
progress phase=4.4 epoch=8/10 batch=850/4966 work=71.7% elapsed=7917s ETA=3123s tile_loss=3.3960
progress phase=4.4 epoch=8/10 batch=875/4966 work=71.8% elapsed=7922s ETA=3117s tile_loss=3.4694
progress phase=4.4 epoch=8/10 batch=900/4966 work=71.8% elapsed=7927s ETA=3112s tile_loss=3.2772
progress phase=4.4 epoch=8/10 batch=925/4966 work=71.9% elapsed=7933s ETA=3106s tile_loss=3.4154
progress phase=4.4 epoch=8/10 batch=950/4966 work=71.9% elapsed=7938s ETA=3100s tile_loss=3.3803
progress phase=4.4 epoch=8/10 batch=975/4966 work=72.0% elapsed=7943s ETA=3095s tile_loss=3.3574
progress phase=4.4 epoch=8/10 batch=1000/4966 work=72.0% elapsed=7948s ETA=3089s tile_loss=3.3505
progress phase=4.4 epoch=8/10 batch=1025/4966 work=72.1% elapsed=7954s ETA=3083s tile_loss=3.3152
progress phase=4.4 epoch=8/10 batch=1050/4966 work=72.1% elapsed=7959s ETA=3078s tile_loss=3.2560
progress phase=4.4 epoch=8/10 batch=1075/4966 work=72.2% elapsed=7964s ETA=3072s tile_loss=3.4480
progress phase=4.4 epoch=8/10 batch=1100/4966 work=72.2% elapsed=7969s ETA=3066s tile_loss=3.3910
progress phase=4.4 epoch=8/10 batch=1125/4966 work=72.3% elapsed=7975s ETA=3061s tile_loss=3.3900
progress phase=4.4 epoch=8/10 batch=1150/4966 work=72.3% elapsed=7980s ETA=3055s tile_loss=3.4354
progress phase=4.4 epoch=8/10 batch=1175/4966 work=72.4% elapsed=7985s ETA=3049s tile_loss=3.4292
progress phase=4.4 epoch=8/10 batch=1200/4966 work=72.4% elapsed=7990s ETA=3043s tile_loss=3.4967
progress phase=4.4 epoch=8/10 batch=1225/4966 work=72.5% elapsed=7995s ETA=3038s tile_loss=3.3514
progress phase=4.4 epoch=8/10 batch=1250/4966 work=72.5% elapsed=8001s ETA=3032s tile_loss=3.3156
progress phase=4.4 epoch=8/10 batch=1275/4966 work=72.6% elapsed=8006s ETA=3027s tile_loss=3.3481
progress phase=4.4 epoch=8/10 batch=1300/4966 work=72.6% elapsed=8011s ETA=3021s tile_loss=3.4251
progress phase=4.4 epoch=8/10 batch=1325/4966 work=72.7% elapsed=8016s ETA=3015s tile_loss=3.4939
progress phase=4.4 epoch=8/10 batch=1350/4966 work=72.7% elapsed=8022s ETA=3010s tile_loss=3.4378
progress phase=4.4 epoch=8/10 batch=1375/4966 work=72.8% elapsed=8027s ETA=3004s tile_loss=3.3560
progress phase=4.4 epoch=8/10 batch=1400/4966 work=72.8% elapsed=8033s ETA=2998s tile_loss=3.4845
progress phase=4.4 epoch=8/10 batch=1425/4966 work=72.9% elapsed=8038s ETA=2993s tile_loss=3.2705
progress phase=4.4 epoch=8/10 batch=1450/4966 work=72.9% elapsed=8043s ETA=2987s tile_loss=3.3717
progress phase=4.4 epoch=8/10 batch=1475/4966 work=73.0% elapsed=8048s ETA=2981s tile_loss=3.4250
progress phase=4.4 epoch=8/10 batch=1500/4966 work=73.0% elapsed=8053s ETA=2976s tile_loss=3.3754
progress phase=4.4 epoch=8/10 batch=1525/4966 work=73.1% elapsed=8059s ETA=2970s tile_loss=3.4699
progress phase=4.4 epoch=8/10 batch=1550/4966 work=73.1% elapsed=8064s ETA=2964s tile_loss=3.4385
progress phase=4.4 epoch=8/10 batch=1575/4966 work=73.2% elapsed=8069s ETA=2959s tile_loss=3.5030
progress phase=4.4 epoch=8/10 batch=1600/4966 work=73.2% elapsed=8074s ETA=2953s tile_loss=3.4242
progress phase=4.4 epoch=8/10 batch=1625/4966 work=73.3% elapsed=8080s ETA=2947s tile_loss=3.2660
progress phase=4.4 epoch=8/10 batch=1650/4966 work=73.3% elapsed=8085s ETA=2942s tile_loss=3.4275
progress phase=4.4 epoch=8/10 batch=1675/4966 work=73.4% elapsed=8090s ETA=2936s tile_loss=3.3997
progress phase=4.4 epoch=8/10 batch=1700/4966 work=73.4% elapsed=8095s ETA=2930s tile_loss=3.5363
progress phase=4.4 epoch=8/10 batch=1725/4966 work=73.5% elapsed=8100s ETA=2925s tile_loss=3.4639
progress phase=4.4 epoch=8/10 batch=1750/4966 work=73.5% elapsed=8106s ETA=2919s tile_loss=3.3928
progress phase=4.4 epoch=8/10 batch=1775/4966 work=73.6% elapsed=8111s ETA=2913s tile_loss=3.4637
progress phase=4.4 epoch=8/10 batch=1800/4966 work=73.6% elapsed=8116s ETA=2907s tile_loss=3.4934
progress phase=4.4 epoch=8/10 batch=1825/4966 work=73.7% elapsed=8121s ETA=2902s tile_loss=3.5444
progress phase=4.4 epoch=8/10 batch=1850/4966 work=73.7% elapsed=8127s ETA=2896s tile_loss=3.3629
progress phase=4.4 epoch=8/10 batch=1875/4966 work=73.8% elapsed=8132s ETA=2891s tile_loss=3.4591
progress phase=4.4 epoch=8/10 batch=1900/4966 work=73.8% elapsed=8137s ETA=2885s tile_loss=3.4501
progress phase=4.4 epoch=8/10 batch=1925/4966 work=73.9% elapsed=8143s ETA=2879s tile_loss=3.3293
progress phase=4.4 epoch=8/10 batch=1950/4966 work=73.9% elapsed=8148s ETA=2874s tile_loss=3.3367
progress phase=4.4 epoch=8/10 batch=1975/4966 work=74.0% elapsed=8153s ETA=2868s tile_loss=3.3615
progress phase=4.4 epoch=8/10 batch=2000/4966 work=74.0% elapsed=8158s ETA=2862s tile_loss=3.3172
progress phase=4.4 epoch=8/10 batch=2025/4966 work=74.1% elapsed=8163s ETA=2857s tile_loss=3.4534
progress phase=4.4 epoch=8/10 batch=2050/4966 work=74.1% elapsed=8169s ETA=2851s tile_loss=3.4118
progress phase=4.4 epoch=8/10 batch=2075/4966 work=74.2% elapsed=8174s ETA=2845s tile_loss=3.3475
progress phase=4.4 epoch=8/10 batch=2100/4966 work=74.2% elapsed=8179s ETA=2840s tile_loss=3.5212
progress phase=4.4 epoch=8/10 batch=2125/4966 work=74.3% elapsed=8184s ETA=2834s tile_loss=3.4031
progress phase=4.4 epoch=8/10 batch=2150/4966 work=74.3% elapsed=8189s ETA=2828s tile_loss=3.4474
progress phase=4.4 epoch=8/10 batch=2175/4966 work=74.4% elapsed=8195s ETA=2823s tile_loss=3.5116
progress phase=4.4 epoch=8/10 batch=2200/4966 work=74.4% elapsed=8200s ETA=2817s tile_loss=3.4132
progress phase=4.4 epoch=8/10 batch=2225/4966 work=74.5% elapsed=8205s ETA=2811s tile_loss=3.4243
progress phase=4.4 epoch=8/10 batch=2250/4966 work=74.5% elapsed=8210s ETA=2806s tile_loss=3.3686
progress phase=4.4 epoch=8/10 batch=2275/4966 work=74.6% elapsed=8215s ETA=2800s tile_loss=3.2697
progress phase=4.4 epoch=8/10 batch=2300/4966 work=74.6% elapsed=8221s ETA=2794s tile_loss=3.3642
progress phase=4.4 epoch=8/10 batch=2325/4966 work=74.7% elapsed=8226s ETA=2789s tile_loss=3.3908
progress phase=4.4 epoch=8/10 batch=2350/4966 work=74.7% elapsed=8231s ETA=2783s tile_loss=3.3505
progress phase=4.4 epoch=8/10 batch=2375/4966 work=74.8% elapsed=8237s ETA=2777s tile_loss=3.2937
progress phase=4.4 epoch=8/10 batch=2400/4966 work=74.8% elapsed=8242s ETA=2772s tile_loss=3.4228
progress phase=4.4 epoch=8/10 batch=2425/4966 work=74.9% elapsed=8247s ETA=2766s tile_loss=3.3926
progress phase=4.4 epoch=8/10 batch=2450/4966 work=74.9% elapsed=8252s ETA=2760s tile_loss=3.3980
progress phase=4.4 epoch=8/10 batch=2475/4966 work=75.0% elapsed=8257s ETA=2755s tile_loss=3.3061
progress phase=4.4 epoch=8/10 batch=2500/4966 work=75.0% elapsed=8262s ETA=2749s tile_loss=3.3462
progress phase=4.4 epoch=8/10 batch=2525/4966 work=75.1% elapsed=8268s ETA=2743s tile_loss=3.3003
progress phase=4.4 epoch=8/10 batch=2550/4966 work=75.1% elapsed=8273s ETA=2738s tile_loss=3.3370
progress phase=4.4 epoch=8/10 batch=2575/4966 work=75.2% elapsed=8278s ETA=2732s tile_loss=3.4660
progress phase=4.4 epoch=8/10 batch=2600/4966 work=75.2% elapsed=8283s ETA=2726s tile_loss=3.4324
progress phase=4.4 epoch=8/10 batch=2625/4966 work=75.3% elapsed=8288s ETA=2721s tile_loss=3.3072
progress phase=4.4 epoch=8/10 batch=2650/4966 work=75.3% elapsed=8293s ETA=2715s tile_loss=3.3538
progress phase=4.4 epoch=8/10 batch=2675/4966 work=75.4% elapsed=8299s ETA=2710s tile_loss=3.2923
progress phase=4.4 epoch=8/10 batch=2700/4966 work=75.4% elapsed=8304s ETA=2704s tile_loss=3.4128
progress phase=4.4 epoch=8/10 batch=2725/4966 work=75.5% elapsed=8309s ETA=2698s tile_loss=3.2845
progress phase=4.4 epoch=8/10 batch=2750/4966 work=75.5% elapsed=8314s ETA=2693s tile_loss=3.4950
progress phase=4.4 epoch=8/10 batch=2775/4966 work=75.6% elapsed=8319s ETA=2687s tile_loss=3.4886
progress phase=4.4 epoch=8/10 batch=2800/4966 work=75.6% elapsed=8325s ETA=2681s tile_loss=3.3770
progress phase=4.4 epoch=8/10 batch=2825/4966 work=75.7% elapsed=8330s ETA=2676s tile_loss=3.4030
progress phase=4.4 epoch=8/10 batch=2850/4966 work=75.7% elapsed=8335s ETA=2670s tile_loss=3.3726
progress phase=4.4 epoch=8/10 batch=2875/4966 work=75.8% elapsed=8340s ETA=2664s tile_loss=3.3706
progress phase=4.4 epoch=8/10 batch=2900/4966 work=75.8% elapsed=8345s ETA=2659s tile_loss=3.5396
progress phase=4.4 epoch=8/10 batch=2925/4966 work=75.9% elapsed=8350s ETA=2653s tile_loss=3.4553
progress phase=4.4 epoch=8/10 batch=2950/4966 work=75.9% elapsed=8356s ETA=2647s tile_loss=3.2774
progress phase=4.4 epoch=8/10 batch=2975/4966 work=76.0% elapsed=8361s ETA=2642s tile_loss=3.3116
progress phase=4.4 epoch=8/10 batch=3000/4966 work=76.0% elapsed=8366s ETA=2636s tile_loss=3.3880
progress phase=4.4 epoch=8/10 batch=3025/4966 work=76.1% elapsed=8371s ETA=2630s tile_loss=3.3021
progress phase=4.4 epoch=8/10 batch=3050/4966 work=76.1% elapsed=8376s ETA=2625s tile_loss=3.5016
progress phase=4.4 epoch=8/10 batch=3075/4966 work=76.2% elapsed=8381s ETA=2619s tile_loss=3.4719
progress phase=4.4 epoch=8/10 batch=3100/4966 work=76.2% elapsed=8387s ETA=2613s tile_loss=3.4440
progress phase=4.4 epoch=8/10 batch=3125/4966 work=76.3% elapsed=8392s ETA=2608s tile_loss=3.4397
progress phase=4.4 epoch=8/10 batch=3150/4966 work=76.3% elapsed=8397s ETA=2602s tile_loss=3.4326
progress phase=4.4 epoch=8/10 batch=3175/4966 work=76.4% elapsed=8403s ETA=2596s tile_loss=3.6129
progress phase=4.4 epoch=8/10 batch=3200/4966 work=76.4% elapsed=8408s ETA=2591s tile_loss=3.4553
progress phase=4.4 epoch=8/10 batch=3225/4966 work=76.5% elapsed=8413s ETA=2585s tile_loss=3.4986
progress phase=4.4 epoch=8/10 batch=3250/4966 work=76.5% elapsed=8419s ETA=2580s tile_loss=3.4626
progress phase=4.4 epoch=8/10 batch=3275/4966 work=76.6% elapsed=8424s ETA=2574s tile_loss=3.4530
progress phase=4.4 epoch=8/10 batch=3300/4966 work=76.6% elapsed=8430s ETA=2569s tile_loss=3.3447
progress phase=4.4 epoch=8/10 batch=3325/4966 work=76.7% elapsed=8435s ETA=2563s tile_loss=3.5263
progress phase=4.4 epoch=8/10 batch=3350/4966 work=76.7% elapsed=8441s ETA=2558s tile_loss=3.4488
progress phase=4.4 epoch=8/10 batch=3375/4966 work=76.8% elapsed=8446s ETA=2552s tile_loss=3.3943
progress phase=4.4 epoch=8/10 batch=3400/4966 work=76.8% elapsed=8451s ETA=2546s tile_loss=3.4915
progress phase=4.4 epoch=8/10 batch=3425/4966 work=76.9% elapsed=8457s ETA=2541s tile_loss=3.4247
progress phase=4.4 epoch=8/10 batch=3450/4966 work=76.9% elapsed=8462s ETA=2535s tile_loss=3.3671
progress phase=4.4 epoch=8/10 batch=3475/4966 work=77.0% elapsed=8468s ETA=2530s tile_loss=3.5265
progress phase=4.4 epoch=8/10 batch=3500/4966 work=77.0% elapsed=8474s ETA=2524s tile_loss=3.4736
progress phase=4.4 epoch=8/10 batch=3525/4966 work=77.1% elapsed=8479s ETA=2519s tile_loss=3.4037
progress phase=4.4 epoch=8/10 batch=3550/4966 work=77.1% elapsed=8484s ETA=2513s tile_loss=3.3328
progress phase=4.4 epoch=8/10 batch=3575/4966 work=77.2% elapsed=8490s ETA=2508s tile_loss=3.4894
progress phase=4.4 epoch=8/10 batch=3600/4966 work=77.2% elapsed=8495s ETA=2502s tile_loss=3.3949
progress phase=4.4 epoch=8/10 batch=3625/4966 work=77.3% elapsed=8501s ETA=2496s tile_loss=3.4786
progress phase=4.4 epoch=8/10 batch=3650/4966 work=77.3% elapsed=8506s ETA=2491s tile_loss=3.4632
progress phase=4.4 epoch=8/10 batch=3675/4966 work=77.4% elapsed=8512s ETA=2485s tile_loss=3.5237
progress phase=4.4 epoch=8/10 batch=3700/4966 work=77.5% elapsed=8517s ETA=2480s tile_loss=3.3006
progress phase=4.4 epoch=8/10 batch=3725/4966 work=77.5% elapsed=8522s ETA=2474s tile_loss=3.5428
progress phase=4.4 epoch=8/10 batch=3750/4966 work=77.6% elapsed=8528s ETA=2469s tile_loss=3.3391
progress phase=4.4 epoch=8/10 batch=3775/4966 work=77.6% elapsed=8533s ETA=2463s tile_loss=3.4514
progress phase=4.4 epoch=8/10 batch=3800/4966 work=77.7% elapsed=8539s ETA=2457s tile_loss=3.5364
progress phase=4.4 epoch=8/10 batch=3825/4966 work=77.7% elapsed=8544s ETA=2452s tile_loss=3.3181
progress phase=4.4 epoch=8/10 batch=3850/4966 work=77.8% elapsed=8549s ETA=2446s tile_loss=3.2708
progress phase=4.4 epoch=8/10 batch=3875/4966 work=77.8% elapsed=8555s ETA=2441s tile_loss=3.3490
progress phase=4.4 epoch=8/10 batch=3900/4966 work=77.9% elapsed=8560s ETA=2435s tile_loss=3.4642
progress phase=4.4 epoch=8/10 batch=3925/4966 work=77.9% elapsed=8566s ETA=2430s tile_loss=3.3823
progress phase=4.4 epoch=8/10 batch=3950/4966 work=78.0% elapsed=8571s ETA=2424s tile_loss=3.4914
progress phase=4.4 epoch=8/10 batch=3975/4966 work=78.0% elapsed=8577s ETA=2418s tile_loss=3.3726
progress phase=4.4 epoch=8/10 batch=4000/4966 work=78.1% elapsed=8582s ETA=2413s tile_loss=3.3274
progress phase=4.4 epoch=8/10 batch=4025/4966 work=78.1% elapsed=8587s ETA=2407s tile_loss=3.3126
progress phase=4.4 epoch=8/10 batch=4050/4966 work=78.2% elapsed=8593s ETA=2402s tile_loss=3.3016
progress phase=4.4 epoch=8/10 batch=4075/4966 work=78.2% elapsed=8598s ETA=2396s tile_loss=3.4458
progress phase=4.4 epoch=8/10 batch=4100/4966 work=78.3% elapsed=8604s ETA=2391s tile_loss=3.3547
progress phase=4.4 epoch=8/10 batch=4125/4966 work=78.3% elapsed=8609s ETA=2385s tile_loss=3.3992
progress phase=4.4 epoch=8/10 batch=4150/4966 work=78.4% elapsed=8614s ETA=2379s tile_loss=3.4804
progress phase=4.4 epoch=8/10 batch=4175/4966 work=78.4% elapsed=8620s ETA=2374s tile_loss=3.4254
progress phase=4.4 epoch=8/10 batch=4200/4966 work=78.5% elapsed=8625s ETA=2368s tile_loss=3.4061
progress phase=4.4 epoch=8/10 batch=4225/4966 work=78.5% elapsed=8631s ETA=2363s tile_loss=3.4865
progress phase=4.4 epoch=8/10 batch=4250/4966 work=78.6% elapsed=8636s ETA=2357s tile_loss=3.4235
progress phase=4.4 epoch=8/10 batch=4275/4966 work=78.6% elapsed=8642s ETA=2352s tile_loss=3.2652
progress phase=4.4 epoch=8/10 batch=4300/4966 work=78.7% elapsed=8647s ETA=2346s tile_loss=3.5152
progress phase=4.4 epoch=8/10 batch=4325/4966 work=78.7% elapsed=8653s ETA=2341s tile_loss=3.3455
progress phase=4.4 epoch=8/10 batch=4350/4966 work=78.8% elapsed=8658s ETA=2335s tile_loss=3.4041
progress phase=4.4 epoch=8/10 batch=4375/4966 work=78.8% elapsed=8664s ETA=2329s tile_loss=3.3467
progress phase=4.4 epoch=8/10 batch=4400/4966 work=78.9% elapsed=8669s ETA=2324s tile_loss=3.3042
progress phase=4.4 epoch=8/10 batch=4425/4966 work=78.9% elapsed=8674s ETA=2318s tile_loss=3.1991
progress phase=4.4 epoch=8/10 batch=4450/4966 work=79.0% elapsed=8680s ETA=2313s tile_loss=3.4130
progress phase=4.4 epoch=8/10 batch=4475/4966 work=79.0% elapsed=8685s ETA=2307s tile_loss=3.4536
progress phase=4.4 epoch=8/10 batch=4500/4966 work=79.1% elapsed=8691s ETA=2302s tile_loss=3.4585
progress phase=4.4 epoch=8/10 batch=4525/4966 work=79.1% elapsed=8696s ETA=2296s tile_loss=3.3229
progress phase=4.4 epoch=8/10 batch=4550/4966 work=79.2% elapsed=8701s ETA=2290s tile_loss=3.4602
progress phase=4.4 epoch=8/10 batch=4575/4966 work=79.2% elapsed=8707s ETA=2285s tile_loss=3.2865
progress phase=4.4 epoch=8/10 batch=4600/4966 work=79.3% elapsed=8712s ETA=2279s tile_loss=3.4961
progress phase=4.4 epoch=8/10 batch=4625/4966 work=79.3% elapsed=8718s ETA=2274s tile_loss=3.4737
progress phase=4.4 epoch=8/10 batch=4650/4966 work=79.4% elapsed=8723s ETA=2268s tile_loss=3.4079
progress phase=4.4 epoch=8/10 batch=4675/4966 work=79.4% elapsed=8728s ETA=2263s tile_loss=3.4431
progress phase=4.4 epoch=8/10 batch=4700/4966 work=79.5% elapsed=8734s ETA=2257s tile_loss=3.4284
progress phase=4.4 epoch=8/10 batch=4725/4966 work=79.5% elapsed=8739s ETA=2252s tile_loss=3.4433
progress phase=4.4 epoch=8/10 batch=4750/4966 work=79.6% elapsed=8745s ETA=2246s tile_loss=3.2288
progress phase=4.4 epoch=8/10 batch=4775/4966 work=79.6% elapsed=8750s ETA=2240s tile_loss=3.3134
progress phase=4.4 epoch=8/10 batch=4800/4966 work=79.7% elapsed=8756s ETA=2235s tile_loss=3.4743
progress phase=4.4 epoch=8/10 batch=4825/4966 work=79.7% elapsed=8761s ETA=2229s tile_loss=3.4766
progress phase=4.4 epoch=8/10 batch=4850/4966 work=79.8% elapsed=8766s ETA=2224s tile_loss=3.3334
progress phase=4.4 epoch=8/10 batch=4875/4966 work=79.8% elapsed=8772s ETA=2218s tile_loss=3.4689
progress phase=4.4 epoch=8/10 batch=4900/4966 work=79.9% elapsed=8777s ETA=2213s tile_loss=3.4809
progress phase=4.4 epoch=8/10 batch=4925/4966 work=79.9% elapsed=8783s ETA=2207s tile_loss=3.3710
progress phase=4.4 epoch=8/10 batch=4950/4966 work=80.0% elapsed=8788s ETA=2201s tile_loss=3.3699
progress phase=4.4 epoch=8/10 batch=4966/4966 work=80.0% elapsed=8792s ETA=2198s tile_loss=3.3100
epoch 08  train_loss=4.8186  val_slot@1=0.555  val_zone=0.450  val_tile=0.067  val_tile_cls=0.151  val_tile@5=0.388  val_loss=5.6263
progress phase=4.4 epoch=9/10 batch=1/4966 work=80.0% elapsed=8803s ETA=2201s tile_loss=3.3527
progress phase=4.4 epoch=9/10 batch=25/4966 work=80.1% elapsed=8808s ETA=2195s tile_loss=3.2540
progress phase=4.4 epoch=9/10 batch=50/4966 work=80.1% elapsed=8814s ETA=2190s tile_loss=3.4056
progress phase=4.4 epoch=9/10 batch=75/4966 work=80.2% elapsed=8819s ETA=2184s tile_loss=3.4453
progress phase=4.4 epoch=9/10 batch=100/4966 work=80.2% elapsed=8825s ETA=2179s tile_loss=3.4674
progress phase=4.4 epoch=9/10 batch=125/4966 work=80.3% elapsed=8831s ETA=2173s tile_loss=3.4410
progress phase=4.4 epoch=9/10 batch=150/4966 work=80.3% elapsed=8836s ETA=2167s tile_loss=3.2799
progress phase=4.4 epoch=9/10 batch=175/4966 work=80.4% elapsed=8842s ETA=2162s tile_loss=3.3570
progress phase=4.4 epoch=9/10 batch=200/4966 work=80.4% elapsed=8847s ETA=2156s tile_loss=3.4408
progress phase=4.4 epoch=9/10 batch=225/4966 work=80.5% elapsed=8853s ETA=2151s tile_loss=3.3473
progress phase=4.4 epoch=9/10 batch=250/4966 work=80.5% elapsed=8859s ETA=2145s tile_loss=3.2647
progress phase=4.4 epoch=9/10 batch=275/4966 work=80.6% elapsed=8864s ETA=2140s tile_loss=3.3730
progress phase=4.4 epoch=9/10 batch=300/4966 work=80.6% elapsed=8870s ETA=2134s tile_loss=3.4318
progress phase=4.4 epoch=9/10 batch=325/4966 work=80.7% elapsed=8875s ETA=2129s tile_loss=3.4342
progress phase=4.4 epoch=9/10 batch=350/4966 work=80.7% elapsed=8880s ETA=2123s tile_loss=3.5632
progress phase=4.4 epoch=9/10 batch=375/4966 work=80.8% elapsed=8886s ETA=2118s tile_loss=3.4705
progress phase=4.4 epoch=9/10 batch=400/4966 work=80.8% elapsed=8892s ETA=2112s tile_loss=3.3397
progress phase=4.4 epoch=9/10 batch=425/4966 work=80.9% elapsed=8897s ETA=2107s tile_loss=3.2755
progress phase=4.4 epoch=9/10 batch=450/4966 work=80.9% elapsed=8903s ETA=2101s tile_loss=3.3723
progress phase=4.4 epoch=9/10 batch=475/4966 work=81.0% elapsed=8908s ETA=2095s tile_loss=3.4910
progress phase=4.4 epoch=9/10 batch=500/4966 work=81.0% elapsed=8914s ETA=2090s tile_loss=3.3687
progress phase=4.4 epoch=9/10 batch=525/4966 work=81.1% elapsed=8919s ETA=2084s tile_loss=3.3886
progress phase=4.4 epoch=9/10 batch=550/4966 work=81.1% elapsed=8925s ETA=2079s tile_loss=3.4238
progress phase=4.4 epoch=9/10 batch=575/4966 work=81.2% elapsed=8930s ETA=2073s tile_loss=3.3667
progress phase=4.4 epoch=9/10 batch=600/4966 work=81.2% elapsed=8936s ETA=2068s tile_loss=3.4022
progress phase=4.4 epoch=9/10 batch=625/4966 work=81.3% elapsed=8941s ETA=2062s tile_loss=3.2833
progress phase=4.4 epoch=9/10 batch=650/4966 work=81.3% elapsed=8947s ETA=2057s tile_loss=3.3537
progress phase=4.4 epoch=9/10 batch=675/4966 work=81.4% elapsed=8952s ETA=2051s tile_loss=3.5265
progress phase=4.4 epoch=9/10 batch=700/4966 work=81.4% elapsed=8958s ETA=2046s tile_loss=3.3625
progress phase=4.4 epoch=9/10 batch=725/4966 work=81.5% elapsed=8963s ETA=2040s tile_loss=3.4121
progress phase=4.4 epoch=9/10 batch=750/4966 work=81.5% elapsed=8969s ETA=2035s tile_loss=3.5795
progress phase=4.4 epoch=9/10 batch=775/4966 work=81.6% elapsed=8975s ETA=2029s tile_loss=3.2444
progress phase=4.4 epoch=9/10 batch=800/4966 work=81.6% elapsed=8980s ETA=2023s tile_loss=3.4603
progress phase=4.4 epoch=9/10 batch=825/4966 work=81.7% elapsed=8986s ETA=2018s tile_loss=3.3787
progress phase=4.4 epoch=9/10 batch=850/4966 work=81.7% elapsed=8991s ETA=2012s tile_loss=3.5004
progress phase=4.4 epoch=9/10 batch=875/4966 work=81.8% elapsed=8997s ETA=2007s tile_loss=3.3997
progress phase=4.4 epoch=9/10 batch=900/4966 work=81.8% elapsed=9003s ETA=2001s tile_loss=3.4446
progress phase=4.4 epoch=9/10 batch=925/4966 work=81.9% elapsed=9008s ETA=1996s tile_loss=3.5151
progress phase=4.4 epoch=9/10 batch=950/4966 work=81.9% elapsed=9014s ETA=1990s tile_loss=3.3977
progress phase=4.4 epoch=9/10 batch=975/4966 work=82.0% elapsed=9019s ETA=1985s tile_loss=3.3213
progress phase=4.4 epoch=9/10 batch=1000/4966 work=82.0% elapsed=9026s ETA=1979s tile_loss=3.3881
progress phase=4.4 epoch=9/10 batch=1025/4966 work=82.1% elapsed=9032s ETA=1974s tile_loss=3.3820
progress phase=4.4 epoch=9/10 batch=1050/4966 work=82.1% elapsed=9037s ETA=1968s tile_loss=3.4723
progress phase=4.4 epoch=9/10 batch=1075/4966 work=82.2% elapsed=9043s ETA=1963s tile_loss=3.4264
progress phase=4.4 epoch=9/10 batch=1100/4966 work=82.2% elapsed=9049s ETA=1957s tile_loss=3.3949
progress phase=4.4 epoch=9/10 batch=1125/4966 work=82.3% elapsed=9055s ETA=1952s tile_loss=3.3863
progress phase=4.4 epoch=9/10 batch=1150/4966 work=82.3% elapsed=9061s ETA=1947s tile_loss=3.4408
progress phase=4.4 epoch=9/10 batch=1175/4966 work=82.4% elapsed=9066s ETA=1941s tile_loss=3.4639
progress phase=4.4 epoch=9/10 batch=1200/4966 work=82.4% elapsed=9072s ETA=1936s tile_loss=3.4164
progress phase=4.4 epoch=9/10 batch=1225/4966 work=82.5% elapsed=9078s ETA=1930s tile_loss=3.2978
progress phase=4.4 epoch=9/10 batch=1250/4966 work=82.5% elapsed=9083s ETA=1925s tile_loss=3.3099
progress phase=4.4 epoch=9/10 batch=1275/4966 work=82.6% elapsed=9089s ETA=1919s tile_loss=3.4619
progress phase=4.4 epoch=9/10 batch=1300/4966 work=82.6% elapsed=9095s ETA=1914s tile_loss=3.3079
progress phase=4.4 epoch=9/10 batch=1325/4966 work=82.7% elapsed=9100s ETA=1908s tile_loss=3.4144
progress phase=4.4 epoch=9/10 batch=1350/4966 work=82.7% elapsed=9106s ETA=1902s tile_loss=3.3884
progress phase=4.4 epoch=9/10 batch=1375/4966 work=82.8% elapsed=9111s ETA=1897s tile_loss=3.5334
progress phase=4.4 epoch=9/10 batch=1400/4966 work=82.8% elapsed=9116s ETA=1891s tile_loss=3.4692
progress phase=4.4 epoch=9/10 batch=1425/4966 work=82.9% elapsed=9122s ETA=1886s tile_loss=3.4390
progress phase=4.4 epoch=9/10 batch=1450/4966 work=82.9% elapsed=9127s ETA=1880s tile_loss=3.3266
progress phase=4.4 epoch=9/10 batch=1475/4966 work=83.0% elapsed=9132s ETA=1874s tile_loss=3.3644
progress phase=4.4 epoch=9/10 batch=1500/4966 work=83.0% elapsed=9137s ETA=1869s tile_loss=3.4319
progress phase=4.4 epoch=9/10 batch=1525/4966 work=83.1% elapsed=9143s ETA=1863s tile_loss=3.4586
progress phase=4.4 epoch=9/10 batch=1550/4966 work=83.1% elapsed=9148s ETA=1858s tile_loss=3.5308
progress phase=4.4 epoch=9/10 batch=1575/4966 work=83.2% elapsed=9153s ETA=1852s tile_loss=3.3811
progress phase=4.4 epoch=9/10 batch=1600/4966 work=83.2% elapsed=9159s ETA=1846s tile_loss=3.5444
progress phase=4.4 epoch=9/10 batch=1625/4966 work=83.3% elapsed=9164s ETA=1841s tile_loss=3.4858
progress phase=4.4 epoch=9/10 batch=1650/4966 work=83.3% elapsed=9169s ETA=1835s tile_loss=3.4979
progress phase=4.4 epoch=9/10 batch=1675/4966 work=83.4% elapsed=9175s ETA=1830s tile_loss=3.3836
progress phase=4.4 epoch=9/10 batch=1700/4966 work=83.4% elapsed=9180s ETA=1824s tile_loss=3.4114
progress phase=4.4 epoch=9/10 batch=1725/4966 work=83.5% elapsed=9186s ETA=1819s tile_loss=3.4024
progress phase=4.4 epoch=9/10 batch=1750/4966 work=83.5% elapsed=9191s ETA=1813s tile_loss=3.4784
progress phase=4.4 epoch=9/10 batch=1775/4966 work=83.6% elapsed=9196s ETA=1807s tile_loss=3.4659
progress phase=4.4 epoch=9/10 batch=1800/4966 work=83.6% elapsed=9202s ETA=1802s tile_loss=3.4575
progress phase=4.4 epoch=9/10 batch=1825/4966 work=83.7% elapsed=9207s ETA=1796s tile_loss=3.2989
progress phase=4.4 epoch=9/10 batch=1850/4966 work=83.7% elapsed=9212s ETA=1791s tile_loss=3.5052
progress phase=4.4 epoch=9/10 batch=1875/4966 work=83.8% elapsed=9218s ETA=1785s tile_loss=3.4939
progress phase=4.4 epoch=9/10 batch=1900/4966 work=83.8% elapsed=9223s ETA=1780s tile_loss=3.5472
progress phase=4.4 epoch=9/10 batch=1925/4966 work=83.9% elapsed=9228s ETA=1774s tile_loss=3.2796
progress phase=4.4 epoch=9/10 batch=1950/4966 work=83.9% elapsed=9233s ETA=1768s tile_loss=3.3558
progress phase=4.4 epoch=9/10 batch=1975/4966 work=84.0% elapsed=9238s ETA=1763s tile_loss=3.5036
progress phase=4.4 epoch=9/10 batch=2000/4966 work=84.0% elapsed=9244s ETA=1757s tile_loss=3.4441
progress phase=4.4 epoch=9/10 batch=2025/4966 work=84.1% elapsed=9249s ETA=1751s tile_loss=3.4499
progress phase=4.4 epoch=9/10 batch=2050/4966 work=84.1% elapsed=9254s ETA=1746s tile_loss=3.3855
progress phase=4.4 epoch=9/10 batch=2075/4966 work=84.2% elapsed=9259s ETA=1740s tile_loss=3.3666
progress phase=4.4 epoch=9/10 batch=2100/4966 work=84.2% elapsed=9264s ETA=1735s tile_loss=3.4318
progress phase=4.4 epoch=9/10 batch=2125/4966 work=84.3% elapsed=9269s ETA=1729s tile_loss=3.4249
progress phase=4.4 epoch=9/10 batch=2150/4966 work=84.3% elapsed=9274s ETA=1723s tile_loss=3.5409
progress phase=4.4 epoch=9/10 batch=2175/4966 work=84.4% elapsed=9279s ETA=1718s tile_loss=3.4301
progress phase=4.4 epoch=9/10 batch=2200/4966 work=84.4% elapsed=9285s ETA=1712s tile_loss=3.4464
progress phase=4.4 epoch=9/10 batch=2225/4966 work=84.5% elapsed=9290s ETA=1707s tile_loss=3.3257
progress phase=4.4 epoch=9/10 batch=2250/4966 work=84.5% elapsed=9295s ETA=1701s tile_loss=3.3807
progress phase=4.4 epoch=9/10 batch=2275/4966 work=84.6% elapsed=9300s ETA=1695s tile_loss=3.3382
progress phase=4.4 epoch=9/10 batch=2300/4966 work=84.6% elapsed=9305s ETA=1690s tile_loss=3.3594
progress phase=4.4 epoch=9/10 batch=2325/4966 work=84.7% elapsed=9311s ETA=1684s tile_loss=3.3691
progress phase=4.4 epoch=9/10 batch=2350/4966 work=84.7% elapsed=9316s ETA=1679s tile_loss=3.3590
progress phase=4.4 epoch=9/10 batch=2375/4966 work=84.8% elapsed=9321s ETA=1673s tile_loss=3.3879
progress phase=4.4 epoch=9/10 batch=2400/4966 work=84.8% elapsed=9326s ETA=1667s tile_loss=3.3095
progress phase=4.4 epoch=9/10 batch=2425/4966 work=84.9% elapsed=9332s ETA=1662s tile_loss=3.3805
progress phase=4.4 epoch=9/10 batch=2450/4966 work=84.9% elapsed=9337s ETA=1656s tile_loss=3.4060
progress phase=4.4 epoch=9/10 batch=2475/4966 work=85.0% elapsed=9342s ETA=1651s tile_loss=3.3195
progress phase=4.4 epoch=9/10 batch=2500/4966 work=85.0% elapsed=9347s ETA=1645s tile_loss=3.4264
progress phase=4.4 epoch=9/10 batch=2525/4966 work=85.1% elapsed=9352s ETA=1639s tile_loss=3.3765
progress phase=4.4 epoch=9/10 batch=2550/4966 work=85.1% elapsed=9358s ETA=1634s tile_loss=3.2568
progress phase=4.4 epoch=9/10 batch=2575/4966 work=85.2% elapsed=9363s ETA=1628s tile_loss=3.2764
progress phase=4.4 epoch=9/10 batch=2600/4966 work=85.2% elapsed=9368s ETA=1623s tile_loss=3.3857
progress phase=4.4 epoch=9/10 batch=2625/4966 work=85.3% elapsed=9373s ETA=1617s tile_loss=3.5446
progress phase=4.4 epoch=9/10 batch=2650/4966 work=85.3% elapsed=9379s ETA=1612s tile_loss=3.5122
progress phase=4.4 epoch=9/10 batch=2675/4966 work=85.4% elapsed=9384s ETA=1606s tile_loss=3.3925
progress phase=4.4 epoch=9/10 batch=2700/4966 work=85.4% elapsed=9389s ETA=1600s tile_loss=3.3978
progress phase=4.4 epoch=9/10 batch=2725/4966 work=85.5% elapsed=9394s ETA=1595s tile_loss=3.2877
progress phase=4.4 epoch=9/10 batch=2750/4966 work=85.5% elapsed=9399s ETA=1589s tile_loss=3.3369
progress phase=4.4 epoch=9/10 batch=2775/4966 work=85.6% elapsed=9404s ETA=1584s tile_loss=3.3786
progress phase=4.4 epoch=9/10 batch=2800/4966 work=85.6% elapsed=9409s ETA=1578s tile_loss=3.4753
progress phase=4.4 epoch=9/10 batch=2825/4966 work=85.7% elapsed=9415s ETA=1572s tile_loss=3.4735
progress phase=4.4 epoch=9/10 batch=2850/4966 work=85.7% elapsed=9420s ETA=1567s tile_loss=3.3412
progress phase=4.4 epoch=9/10 batch=2875/4966 work=85.8% elapsed=9425s ETA=1561s tile_loss=3.3891
progress phase=4.4 epoch=9/10 batch=2900/4966 work=85.8% elapsed=9430s ETA=1556s tile_loss=3.5687
progress phase=4.4 epoch=9/10 batch=2925/4966 work=85.9% elapsed=9435s ETA=1550s tile_loss=3.3768
progress phase=4.4 epoch=9/10 batch=2950/4966 work=85.9% elapsed=9441s ETA=1544s tile_loss=3.3154
progress phase=4.4 epoch=9/10 batch=2975/4966 work=86.0% elapsed=9446s ETA=1539s tile_loss=3.3181
progress phase=4.4 epoch=9/10 batch=3000/4966 work=86.0% elapsed=9451s ETA=1533s tile_loss=3.4106
progress phase=4.4 epoch=9/10 batch=3025/4966 work=86.1% elapsed=9456s ETA=1528s tile_loss=3.4331
progress phase=4.4 epoch=9/10 batch=3050/4966 work=86.1% elapsed=9461s ETA=1522s tile_loss=3.3920
progress phase=4.4 epoch=9/10 batch=3075/4966 work=86.2% elapsed=9467s ETA=1517s tile_loss=3.2913
progress phase=4.4 epoch=9/10 batch=3100/4966 work=86.2% elapsed=9472s ETA=1511s tile_loss=3.4302
progress phase=4.4 epoch=9/10 batch=3125/4966 work=86.3% elapsed=9477s ETA=1505s tile_loss=3.3581
progress phase=4.4 epoch=9/10 batch=3150/4966 work=86.3% elapsed=9482s ETA=1500s tile_loss=3.3689
progress phase=4.4 epoch=9/10 batch=3175/4966 work=86.4% elapsed=9487s ETA=1494s tile_loss=3.4466
progress phase=4.4 epoch=9/10 batch=3200/4966 work=86.4% elapsed=9493s ETA=1489s tile_loss=3.3832
progress phase=4.4 epoch=9/10 batch=3225/4966 work=86.5% elapsed=9498s ETA=1483s tile_loss=3.4848
progress phase=4.4 epoch=9/10 batch=3250/4966 work=86.5% elapsed=9503s ETA=1477s tile_loss=3.4948
progress phase=4.4 epoch=9/10 batch=3275/4966 work=86.6% elapsed=9508s ETA=1472s tile_loss=3.3390
progress phase=4.4 epoch=9/10 batch=3300/4966 work=86.6% elapsed=9514s ETA=1466s tile_loss=3.3912
progress phase=4.4 epoch=9/10 batch=3325/4966 work=86.7% elapsed=9519s ETA=1461s tile_loss=3.4910
progress phase=4.4 epoch=9/10 batch=3350/4966 work=86.7% elapsed=9524s ETA=1455s tile_loss=3.4793
progress phase=4.4 epoch=9/10 batch=3375/4966 work=86.8% elapsed=9530s ETA=1450s tile_loss=3.4213
progress phase=4.4 epoch=9/10 batch=3400/4966 work=86.8% elapsed=9536s ETA=1444s tile_loss=3.3021
progress phase=4.4 epoch=9/10 batch=3425/4966 work=86.9% elapsed=9541s ETA=1439s tile_loss=3.4743
progress phase=4.4 epoch=9/10 batch=3450/4966 work=86.9% elapsed=9546s ETA=1433s tile_loss=3.3489
progress phase=4.4 epoch=9/10 batch=3475/4966 work=87.0% elapsed=9552s ETA=1428s tile_loss=3.4272
progress phase=4.4 epoch=9/10 batch=3500/4966 work=87.0% elapsed=9557s ETA=1422s tile_loss=3.4527
progress phase=4.4 epoch=9/10 batch=3525/4966 work=87.1% elapsed=9562s ETA=1416s tile_loss=3.3565
progress phase=4.4 epoch=9/10 batch=3550/4966 work=87.1% elapsed=9567s ETA=1411s tile_loss=3.3070
progress phase=4.4 epoch=9/10 batch=3575/4966 work=87.2% elapsed=9572s ETA=1405s tile_loss=3.3861
progress phase=4.4 epoch=9/10 batch=3600/4966 work=87.2% elapsed=9578s ETA=1400s tile_loss=3.3501
progress phase=4.4 epoch=9/10 batch=3625/4966 work=87.3% elapsed=9583s ETA=1394s tile_loss=3.4292
progress phase=4.4 epoch=9/10 batch=3650/4966 work=87.3% elapsed=9588s ETA=1389s tile_loss=3.4667
progress phase=4.4 epoch=9/10 batch=3675/4966 work=87.4% elapsed=9593s ETA=1383s tile_loss=3.4041
progress phase=4.4 epoch=9/10 batch=3700/4966 work=87.5% elapsed=9598s ETA=1377s tile_loss=3.4206
progress phase=4.4 epoch=9/10 batch=3725/4966 work=87.5% elapsed=9603s ETA=1372s tile_loss=3.3943
progress phase=4.4 epoch=9/10 batch=3750/4966 work=87.6% elapsed=9609s ETA=1366s tile_loss=3.3215
progress phase=4.4 epoch=9/10 batch=3775/4966 work=87.6% elapsed=9614s ETA=1361s tile_loss=3.4593
progress phase=4.4 epoch=9/10 batch=3800/4966 work=87.7% elapsed=9619s ETA=1355s tile_loss=3.3746
progress phase=4.4 epoch=9/10 batch=3825/4966 work=87.7% elapsed=9624s ETA=1349s tile_loss=3.4065
progress phase=4.4 epoch=9/10 batch=3850/4966 work=87.8% elapsed=9629s ETA=1344s tile_loss=3.4010
progress phase=4.4 epoch=9/10 batch=3875/4966 work=87.8% elapsed=9634s ETA=1338s tile_loss=3.4284
progress phase=4.4 epoch=9/10 batch=3900/4966 work=87.9% elapsed=9639s ETA=1333s tile_loss=3.3974
progress phase=4.4 epoch=9/10 batch=3925/4966 work=87.9% elapsed=9645s ETA=1327s tile_loss=3.4731
progress phase=4.4 epoch=9/10 batch=3950/4966 work=88.0% elapsed=9650s ETA=1322s tile_loss=3.2870
progress phase=4.4 epoch=9/10 batch=3975/4966 work=88.0% elapsed=9655s ETA=1316s tile_loss=3.4308
progress phase=4.4 epoch=9/10 batch=4000/4966 work=88.1% elapsed=9660s ETA=1310s tile_loss=3.3160
progress phase=4.4 epoch=9/10 batch=4025/4966 work=88.1% elapsed=9665s ETA=1305s tile_loss=3.3544
progress phase=4.4 epoch=9/10 batch=4050/4966 work=88.2% elapsed=9670s ETA=1299s tile_loss=3.4182
progress phase=4.4 epoch=9/10 batch=4075/4966 work=88.2% elapsed=9675s ETA=1294s tile_loss=3.4431
progress phase=4.4 epoch=9/10 batch=4100/4966 work=88.3% elapsed=9680s ETA=1288s tile_loss=3.4527
progress phase=4.4 epoch=9/10 batch=4125/4966 work=88.3% elapsed=9686s ETA=1283s tile_loss=3.3468
progress phase=4.4 epoch=9/10 batch=4150/4966 work=88.4% elapsed=9691s ETA=1277s tile_loss=3.3906
progress phase=4.4 epoch=9/10 batch=4175/4966 work=88.4% elapsed=9696s ETA=1271s tile_loss=3.3568
progress phase=4.4 epoch=9/10 batch=4200/4966 work=88.5% elapsed=9701s ETA=1266s tile_loss=3.4778
progress phase=4.4 epoch=9/10 batch=4225/4966 work=88.5% elapsed=9707s ETA=1260s tile_loss=3.2922
progress phase=4.4 epoch=9/10 batch=4250/4966 work=88.6% elapsed=9712s ETA=1255s tile_loss=3.3295
progress phase=4.4 epoch=9/10 batch=4275/4966 work=88.6% elapsed=9717s ETA=1249s tile_loss=3.4396
progress phase=4.4 epoch=9/10 batch=4300/4966 work=88.7% elapsed=9722s ETA=1244s tile_loss=3.4729
progress phase=4.4 epoch=9/10 batch=4325/4966 work=88.7% elapsed=9728s ETA=1238s tile_loss=3.3225
progress phase=4.4 epoch=9/10 batch=4350/4966 work=88.8% elapsed=9733s ETA=1233s tile_loss=3.3531
progress phase=4.4 epoch=9/10 batch=4375/4966 work=88.8% elapsed=9738s ETA=1227s tile_loss=3.3549
progress phase=4.4 epoch=9/10 batch=4400/4966 work=88.9% elapsed=9743s ETA=1221s tile_loss=3.3660
progress phase=4.4 epoch=9/10 batch=4425/4966 work=88.9% elapsed=9748s ETA=1216s tile_loss=3.3628
progress phase=4.4 epoch=9/10 batch=4450/4966 work=89.0% elapsed=9753s ETA=1210s tile_loss=3.2868
progress phase=4.4 epoch=9/10 batch=4475/4966 work=89.0% elapsed=9759s ETA=1205s tile_loss=3.4130
progress phase=4.4 epoch=9/10 batch=4500/4966 work=89.1% elapsed=9764s ETA=1199s tile_loss=3.5160
progress phase=4.4 epoch=9/10 batch=4525/4966 work=89.1% elapsed=9769s ETA=1194s tile_loss=3.4047
progress phase=4.4 epoch=9/10 batch=4550/4966 work=89.2% elapsed=9774s ETA=1188s tile_loss=3.3312
progress phase=4.4 epoch=9/10 batch=4575/4966 work=89.2% elapsed=9779s ETA=1182s tile_loss=3.4340
progress phase=4.4 epoch=9/10 batch=4600/4966 work=89.3% elapsed=9784s ETA=1177s tile_loss=3.4188
progress phase=4.4 epoch=9/10 batch=4625/4966 work=89.3% elapsed=9790s ETA=1171s tile_loss=3.4405
progress phase=4.4 epoch=9/10 batch=4650/4966 work=89.4% elapsed=9795s ETA=1166s tile_loss=3.5322
progress phase=4.4 epoch=9/10 batch=4675/4966 work=89.4% elapsed=9800s ETA=1160s tile_loss=3.4927
progress phase=4.4 epoch=9/10 batch=4700/4966 work=89.5% elapsed=9805s ETA=1155s tile_loss=3.4633
progress phase=4.4 epoch=9/10 batch=4725/4966 work=89.5% elapsed=9810s ETA=1149s tile_loss=3.4415
progress phase=4.4 epoch=9/10 batch=4750/4966 work=89.6% elapsed=9815s ETA=1144s tile_loss=3.3959
progress phase=4.4 epoch=9/10 batch=4775/4966 work=89.6% elapsed=9821s ETA=1138s tile_loss=3.4819
progress phase=4.4 epoch=9/10 batch=4800/4966 work=89.7% elapsed=9826s ETA=1132s tile_loss=3.3440
progress phase=4.4 epoch=9/10 batch=4825/4966 work=89.7% elapsed=9831s ETA=1127s tile_loss=3.3864
progress phase=4.4 epoch=9/10 batch=4850/4966 work=89.8% elapsed=9836s ETA=1121s tile_loss=3.3318
progress phase=4.4 epoch=9/10 batch=4875/4966 work=89.8% elapsed=9841s ETA=1116s tile_loss=3.3688
progress phase=4.4 epoch=9/10 batch=4900/4966 work=89.9% elapsed=9847s ETA=1110s tile_loss=3.3863
progress phase=4.4 epoch=9/10 batch=4925/4966 work=89.9% elapsed=9852s ETA=1105s tile_loss=3.3934
progress phase=4.4 epoch=9/10 batch=4950/4966 work=90.0% elapsed=9857s ETA=1099s tile_loss=3.3842
progress phase=4.4 epoch=9/10 batch=4966/4966 work=90.0% elapsed=9860s ETA=1096s tile_loss=3.3599
epoch 09  train_loss=4.8061  val_slot@1=0.554  val_zone=0.450  val_tile=0.066  val_tile_cls=0.151  val_tile@5=0.390  val_loss=5.6109
progress phase=4.4 epoch=10/10 batch=1/4966 work=90.0% elapsed=9872s ETA=1097s tile_loss=3.3160
progress phase=4.4 epoch=10/10 batch=25/4966 work=90.1% elapsed=9877s ETA=1091s tile_loss=3.4893
progress phase=4.4 epoch=10/10 batch=50/4966 work=90.1% elapsed=9882s ETA=1086s tile_loss=3.3461
progress phase=4.4 epoch=10/10 batch=75/4966 work=90.2% elapsed=9887s ETA=1080s tile_loss=3.3570
progress phase=4.4 epoch=10/10 batch=100/4966 work=90.2% elapsed=9892s ETA=1075s tile_loss=3.4308
progress phase=4.4 epoch=10/10 batch=125/4966 work=90.3% elapsed=9897s ETA=1069s tile_loss=3.4861
progress phase=4.4 epoch=10/10 batch=150/4966 work=90.3% elapsed=9902s ETA=1063s tile_loss=3.2569
progress phase=4.4 epoch=10/10 batch=175/4966 work=90.4% elapsed=9908s ETA=1058s tile_loss=3.3903
progress phase=4.4 epoch=10/10 batch=200/4966 work=90.4% elapsed=9913s ETA=1052s tile_loss=3.3710
progress phase=4.4 epoch=10/10 batch=225/4966 work=90.5% elapsed=9918s ETA=1047s tile_loss=3.3814
progress phase=4.4 epoch=10/10 batch=250/4966 work=90.5% elapsed=9923s ETA=1041s tile_loss=3.4995
progress phase=4.4 epoch=10/10 batch=275/4966 work=90.6% elapsed=9928s ETA=1036s tile_loss=3.3352
progress phase=4.4 epoch=10/10 batch=300/4966 work=90.6% elapsed=9933s ETA=1030s tile_loss=3.4988
progress phase=4.4 epoch=10/10 batch=325/4966 work=90.7% elapsed=9938s ETA=1025s tile_loss=3.4283
progress phase=4.4 epoch=10/10 batch=350/4966 work=90.7% elapsed=9944s ETA=1019s tile_loss=3.3556
progress phase=4.4 epoch=10/10 batch=375/4966 work=90.8% elapsed=9949s ETA=1013s tile_loss=3.4310
progress phase=4.4 epoch=10/10 batch=400/4966 work=90.8% elapsed=9954s ETA=1008s tile_loss=3.4230
progress phase=4.4 epoch=10/10 batch=425/4966 work=90.9% elapsed=9959s ETA=1002s tile_loss=3.4036
progress phase=4.4 epoch=10/10 batch=450/4966 work=90.9% elapsed=9964s ETA=997s tile_loss=3.4117
progress phase=4.4 epoch=10/10 batch=475/4966 work=91.0% elapsed=9969s ETA=991s tile_loss=3.3213
progress phase=4.4 epoch=10/10 batch=500/4966 work=91.0% elapsed=9974s ETA=986s tile_loss=3.4561
progress phase=4.4 epoch=10/10 batch=525/4966 work=91.1% elapsed=9979s ETA=980s tile_loss=3.4696
progress phase=4.4 epoch=10/10 batch=550/4966 work=91.1% elapsed=9985s ETA=975s tile_loss=3.5442
progress phase=4.4 epoch=10/10 batch=575/4966 work=91.2% elapsed=9990s ETA=969s tile_loss=3.4033
progress phase=4.4 epoch=10/10 batch=600/4966 work=91.2% elapsed=9995s ETA=963s tile_loss=3.3679
progress phase=4.4 epoch=10/10 batch=625/4966 work=91.3% elapsed=10000s ETA=958s tile_loss=3.4566
progress phase=4.4 epoch=10/10 batch=650/4966 work=91.3% elapsed=10005s ETA=952s tile_loss=3.4423
progress phase=4.4 epoch=10/10 batch=675/4966 work=91.4% elapsed=10010s ETA=947s tile_loss=3.3733
progress phase=4.4 epoch=10/10 batch=700/4966 work=91.4% elapsed=10015s ETA=941s tile_loss=3.4312
progress phase=4.4 epoch=10/10 batch=725/4966 work=91.5% elapsed=10021s ETA=936s tile_loss=3.4947
progress phase=4.4 epoch=10/10 batch=750/4966 work=91.5% elapsed=10026s ETA=930s tile_loss=3.2797
progress phase=4.4 epoch=10/10 batch=775/4966 work=91.6% elapsed=10031s ETA=925s tile_loss=3.3792
progress phase=4.4 epoch=10/10 batch=800/4966 work=91.6% elapsed=10036s ETA=919s tile_loss=3.3282
progress phase=4.4 epoch=10/10 batch=825/4966 work=91.7% elapsed=10041s ETA=913s tile_loss=3.3848
progress phase=4.4 epoch=10/10 batch=850/4966 work=91.7% elapsed=10047s ETA=908s tile_loss=3.5283
progress phase=4.4 epoch=10/10 batch=875/4966 work=91.8% elapsed=10052s ETA=902s tile_loss=3.3606
progress phase=4.4 epoch=10/10 batch=900/4966 work=91.8% elapsed=10057s ETA=897s tile_loss=3.4692
progress phase=4.4 epoch=10/10 batch=925/4966 work=91.9% elapsed=10062s ETA=891s tile_loss=3.4370
progress phase=4.4 epoch=10/10 batch=950/4966 work=91.9% elapsed=10067s ETA=886s tile_loss=3.3064
progress phase=4.4 epoch=10/10 batch=975/4966 work=92.0% elapsed=10072s ETA=880s tile_loss=3.4423
progress phase=4.4 epoch=10/10 batch=1000/4966 work=92.0% elapsed=10078s ETA=875s tile_loss=3.3286
progress phase=4.4 epoch=10/10 batch=1025/4966 work=92.1% elapsed=10083s ETA=869s tile_loss=3.4225
progress phase=4.4 epoch=10/10 batch=1050/4966 work=92.1% elapsed=10088s ETA=864s tile_loss=3.4153
progress phase=4.4 epoch=10/10 batch=1075/4966 work=92.2% elapsed=10093s ETA=858s tile_loss=3.4203
progress phase=4.4 epoch=10/10 batch=1100/4966 work=92.2% elapsed=10099s ETA=853s tile_loss=3.3333
progress phase=4.4 epoch=10/10 batch=1125/4966 work=92.3% elapsed=10104s ETA=847s tile_loss=3.4976
progress phase=4.4 epoch=10/10 batch=1150/4966 work=92.3% elapsed=10109s ETA=841s tile_loss=3.2930
progress phase=4.4 epoch=10/10 batch=1175/4966 work=92.4% elapsed=10114s ETA=836s tile_loss=3.3784
progress phase=4.4 epoch=10/10 batch=1200/4966 work=92.4% elapsed=10120s ETA=830s tile_loss=3.3290
progress phase=4.4 epoch=10/10 batch=1225/4966 work=92.5% elapsed=10125s ETA=825s tile_loss=3.4448
progress phase=4.4 epoch=10/10 batch=1250/4966 work=92.5% elapsed=10130s ETA=819s tile_loss=3.4118
progress phase=4.4 epoch=10/10 batch=1275/4966 work=92.6% elapsed=10135s ETA=814s tile_loss=3.4934
progress phase=4.4 epoch=10/10 batch=1300/4966 work=92.6% elapsed=10140s ETA=808s tile_loss=3.4708
progress phase=4.4 epoch=10/10 batch=1325/4966 work=92.7% elapsed=10146s ETA=803s tile_loss=3.4850
progress phase=4.4 epoch=10/10 batch=1350/4966 work=92.7% elapsed=10151s ETA=797s tile_loss=3.3092
progress phase=4.4 epoch=10/10 batch=1375/4966 work=92.8% elapsed=10156s ETA=792s tile_loss=3.3821
progress phase=4.4 epoch=10/10 batch=1400/4966 work=92.8% elapsed=10161s ETA=786s tile_loss=3.3419
progress phase=4.4 epoch=10/10 batch=1425/4966 work=92.9% elapsed=10167s ETA=781s tile_loss=3.3753
progress phase=4.4 epoch=10/10 batch=1450/4966 work=92.9% elapsed=10172s ETA=775s tile_loss=3.3776
progress phase=4.4 epoch=10/10 batch=1475/4966 work=93.0% elapsed=10177s ETA=770s tile_loss=3.3685
progress phase=4.4 epoch=10/10 batch=1500/4966 work=93.0% elapsed=10183s ETA=764s tile_loss=3.3419
progress phase=4.4 epoch=10/10 batch=1525/4966 work=93.1% elapsed=10188s ETA=758s tile_loss=3.2347
progress phase=4.4 epoch=10/10 batch=1550/4966 work=93.1% elapsed=10193s ETA=753s tile_loss=3.4154
progress phase=4.4 epoch=10/10 batch=1575/4966 work=93.2% elapsed=10198s ETA=747s tile_loss=3.3647
progress phase=4.4 epoch=10/10 batch=1600/4966 work=93.2% elapsed=10204s ETA=742s tile_loss=3.4029
progress phase=4.4 epoch=10/10 batch=1625/4966 work=93.3% elapsed=10210s ETA=736s tile_loss=3.4276
progress phase=4.4 epoch=10/10 batch=1650/4966 work=93.3% elapsed=10215s ETA=731s tile_loss=3.2836
progress phase=4.4 epoch=10/10 batch=1675/4966 work=93.4% elapsed=10221s ETA=725s tile_loss=3.3432
progress phase=4.4 epoch=10/10 batch=1700/4966 work=93.4% elapsed=10226s ETA=720s tile_loss=3.5405
progress phase=4.4 epoch=10/10 batch=1725/4966 work=93.5% elapsed=10231s ETA=714s tile_loss=3.3905
progress phase=4.4 epoch=10/10 batch=1750/4966 work=93.5% elapsed=10237s ETA=709s tile_loss=3.3387
progress phase=4.4 epoch=10/10 batch=1775/4966 work=93.6% elapsed=10242s ETA=703s tile_loss=3.4252
progress phase=4.4 epoch=10/10 batch=1800/4966 work=93.6% elapsed=10247s ETA=698s tile_loss=3.3595
progress phase=4.4 epoch=10/10 batch=1825/4966 work=93.7% elapsed=10252s ETA=692s tile_loss=3.3874
progress phase=4.4 epoch=10/10 batch=1850/4966 work=93.7% elapsed=10258s ETA=687s tile_loss=3.3323
progress phase=4.4 epoch=10/10 batch=1875/4966 work=93.8% elapsed=10263s ETA=681s tile_loss=3.5091
progress phase=4.4 epoch=10/10 batch=1900/4966 work=93.8% elapsed=10268s ETA=676s tile_loss=3.3911
progress phase=4.4 epoch=10/10 batch=1925/4966 work=93.9% elapsed=10273s ETA=670s tile_loss=3.4280
progress phase=4.4 epoch=10/10 batch=1950/4966 work=93.9% elapsed=10278s ETA=665s tile_loss=3.4696
progress phase=4.4 epoch=10/10 batch=1975/4966 work=94.0% elapsed=10284s ETA=659s tile_loss=3.4148
progress phase=4.4 epoch=10/10 batch=2000/4966 work=94.0% elapsed=10289s ETA=654s tile_loss=3.4873
progress phase=4.4 epoch=10/10 batch=2025/4966 work=94.1% elapsed=10294s ETA=648s tile_loss=3.3563
progress phase=4.4 epoch=10/10 batch=2050/4966 work=94.1% elapsed=10299s ETA=642s tile_loss=3.4398
progress phase=4.4 epoch=10/10 batch=2075/4966 work=94.2% elapsed=10305s ETA=637s tile_loss=3.5303
progress phase=4.4 epoch=10/10 batch=2100/4966 work=94.2% elapsed=10310s ETA=631s tile_loss=3.4271
progress phase=4.4 epoch=10/10 batch=2125/4966 work=94.3% elapsed=10316s ETA=626s tile_loss=3.4753
progress phase=4.4 epoch=10/10 batch=2150/4966 work=94.3% elapsed=10321s ETA=620s tile_loss=3.4513
progress phase=4.4 epoch=10/10 batch=2175/4966 work=94.4% elapsed=10326s ETA=615s tile_loss=3.3718
progress phase=4.4 epoch=10/10 batch=2200/4966 work=94.4% elapsed=10331s ETA=609s tile_loss=3.4301
progress phase=4.4 epoch=10/10 batch=2225/4966 work=94.5% elapsed=10336s ETA=604s tile_loss=3.1966
progress phase=4.4 epoch=10/10 batch=2250/4966 work=94.5% elapsed=10342s ETA=598s tile_loss=3.5085
progress phase=4.4 epoch=10/10 batch=2275/4966 work=94.6% elapsed=10347s ETA=593s tile_loss=3.5411
progress phase=4.4 epoch=10/10 batch=2300/4966 work=94.6% elapsed=10352s ETA=587s tile_loss=3.3529
progress phase=4.4 epoch=10/10 batch=2325/4966 work=94.7% elapsed=10357s ETA=582s tile_loss=3.4917
progress phase=4.4 epoch=10/10 batch=2350/4966 work=94.7% elapsed=10364s ETA=576s tile_loss=3.3851
progress phase=4.4 epoch=10/10 batch=2375/4966 work=94.8% elapsed=10370s ETA=571s tile_loss=3.3998
progress phase=4.4 epoch=10/10 batch=2400/4966 work=94.8% elapsed=10375s ETA=565s tile_loss=3.4368
progress phase=4.4 epoch=10/10 batch=2425/4966 work=94.9% elapsed=10380s ETA=560s tile_loss=3.3310
progress phase=4.4 epoch=10/10 batch=2450/4966 work=94.9% elapsed=10386s ETA=554s tile_loss=3.3844
progress phase=4.4 epoch=10/10 batch=2475/4966 work=95.0% elapsed=10391s ETA=549s tile_loss=3.3193
progress phase=4.4 epoch=10/10 batch=2500/4966 work=95.0% elapsed=10396s ETA=543s tile_loss=3.4500
progress phase=4.4 epoch=10/10 batch=2525/4966 work=95.1% elapsed=10401s ETA=538s tile_loss=3.5454
progress phase=4.4 epoch=10/10 batch=2550/4966 work=95.1% elapsed=10407s ETA=532s tile_loss=3.5148
progress phase=4.4 epoch=10/10 batch=2575/4966 work=95.2% elapsed=10412s ETA=527s tile_loss=3.4351
progress phase=4.4 epoch=10/10 batch=2600/4966 work=95.2% elapsed=10417s ETA=521s tile_loss=3.3891
progress phase=4.4 epoch=10/10 batch=2625/4966 work=95.3% elapsed=10422s ETA=516s tile_loss=3.5117
progress phase=4.4 epoch=10/10 batch=2650/4966 work=95.3% elapsed=10427s ETA=510s tile_loss=3.3615
progress phase=4.4 epoch=10/10 batch=2675/4966 work=95.4% elapsed=10433s ETA=505s tile_loss=3.3739
progress phase=4.4 epoch=10/10 batch=2700/4966 work=95.4% elapsed=10438s ETA=499s tile_loss=3.5612
progress phase=4.4 epoch=10/10 batch=2725/4966 work=95.5% elapsed=10443s ETA=494s tile_loss=3.4230
progress phase=4.4 epoch=10/10 batch=2750/4966 work=95.5% elapsed=10448s ETA=488s tile_loss=3.4673
progress phase=4.4 epoch=10/10 batch=2775/4966 work=95.6% elapsed=10454s ETA=483s tile_loss=3.4370
progress phase=4.4 epoch=10/10 batch=2800/4966 work=95.6% elapsed=10459s ETA=477s tile_loss=3.4609
progress phase=4.4 epoch=10/10 batch=2825/4966 work=95.7% elapsed=10464s ETA=471s tile_loss=3.4246
progress phase=4.4 epoch=10/10 batch=2850/4966 work=95.7% elapsed=10469s ETA=466s tile_loss=3.3482
progress phase=4.4 epoch=10/10 batch=2875/4966 work=95.8% elapsed=10474s ETA=460s tile_loss=3.4659
progress phase=4.4 epoch=10/10 batch=2900/4966 work=95.8% elapsed=10480s ETA=455s tile_loss=3.2164
progress phase=4.4 epoch=10/10 batch=2925/4966 work=95.9% elapsed=10485s ETA=449s tile_loss=3.3203
progress phase=4.4 epoch=10/10 batch=2950/4966 work=95.9% elapsed=10490s ETA=444s tile_loss=3.3337
progress phase=4.4 epoch=10/10 batch=2975/4966 work=96.0% elapsed=10496s ETA=438s tile_loss=3.3443
progress phase=4.4 epoch=10/10 batch=3000/4966 work=96.0% elapsed=10501s ETA=433s tile_loss=3.4147
progress phase=4.4 epoch=10/10 batch=3025/4966 work=96.1% elapsed=10507s ETA=427s tile_loss=3.4446
progress phase=4.4 epoch=10/10 batch=3050/4966 work=96.1% elapsed=10512s ETA=422s tile_loss=3.3757
progress phase=4.4 epoch=10/10 batch=3075/4966 work=96.2% elapsed=10517s ETA=416s tile_loss=3.4359
progress phase=4.4 epoch=10/10 batch=3100/4966 work=96.2% elapsed=10522s ETA=411s tile_loss=3.2126
progress phase=4.4 epoch=10/10 batch=3125/4966 work=96.3% elapsed=10527s ETA=405s tile_loss=3.3263
progress phase=4.4 epoch=10/10 batch=3150/4966 work=96.3% elapsed=10532s ETA=400s tile_loss=3.4931
progress phase=4.4 epoch=10/10 batch=3175/4966 work=96.4% elapsed=10538s ETA=394s tile_loss=3.4483
progress phase=4.4 epoch=10/10 batch=3200/4966 work=96.4% elapsed=10543s ETA=389s tile_loss=3.3675
progress phase=4.4 epoch=10/10 batch=3225/4966 work=96.5% elapsed=10549s ETA=383s tile_loss=3.4400
progress phase=4.4 epoch=10/10 batch=3250/4966 work=96.5% elapsed=10555s ETA=378s tile_loss=3.3991
progress phase=4.4 epoch=10/10 batch=3275/4966 work=96.6% elapsed=10560s ETA=372s tile_loss=3.4367
progress phase=4.4 epoch=10/10 batch=3300/4966 work=96.6% elapsed=10565s ETA=367s tile_loss=3.4703
progress phase=4.4 epoch=10/10 batch=3325/4966 work=96.7% elapsed=10570s ETA=361s tile_loss=3.3944
progress phase=4.4 epoch=10/10 batch=3350/4966 work=96.7% elapsed=10575s ETA=356s tile_loss=3.4859
progress phase=4.4 epoch=10/10 batch=3375/4966 work=96.8% elapsed=10581s ETA=350s tile_loss=3.4757
progress phase=4.4 epoch=10/10 batch=3400/4966 work=96.8% elapsed=10586s ETA=345s tile_loss=3.2924
progress phase=4.4 epoch=10/10 batch=3425/4966 work=96.9% elapsed=10591s ETA=339s tile_loss=3.3622
progress phase=4.4 epoch=10/10 batch=3450/4966 work=96.9% elapsed=10596s ETA=334s tile_loss=3.5503
progress phase=4.4 epoch=10/10 batch=3475/4966 work=97.0% elapsed=10602s ETA=328s tile_loss=3.3323
progress phase=4.4 epoch=10/10 batch=3500/4966 work=97.0% elapsed=10607s ETA=323s tile_loss=3.4205
progress phase=4.4 epoch=10/10 batch=3525/4966 work=97.1% elapsed=10612s ETA=317s tile_loss=3.4963
progress phase=4.4 epoch=10/10 batch=3550/4966 work=97.1% elapsed=10617s ETA=312s tile_loss=3.4626
progress phase=4.4 epoch=10/10 batch=3575/4966 work=97.2% elapsed=10622s ETA=306s tile_loss=3.4287
progress phase=4.4 epoch=10/10 batch=3600/4966 work=97.2% elapsed=10628s ETA=301s tile_loss=3.3977
progress phase=4.4 epoch=10/10 batch=3625/4966 work=97.3% elapsed=10633s ETA=295s tile_loss=3.4079
progress phase=4.4 epoch=10/10 batch=3650/4966 work=97.3% elapsed=10638s ETA=290s tile_loss=3.3987
progress phase=4.4 epoch=10/10 batch=3675/4966 work=97.4% elapsed=10644s ETA=284s tile_loss=3.4527
progress phase=4.4 epoch=10/10 batch=3700/4966 work=97.5% elapsed=10649s ETA=279s tile_loss=3.3043
progress phase=4.4 epoch=10/10 batch=3725/4966 work=97.5% elapsed=10654s ETA=273s tile_loss=3.4764
progress phase=4.4 epoch=10/10 batch=3750/4966 work=97.6% elapsed=10660s ETA=268s tile_loss=3.3701
progress phase=4.4 epoch=10/10 batch=3775/4966 work=97.6% elapsed=10665s ETA=262s tile_loss=3.3596
progress phase=4.4 epoch=10/10 batch=3800/4966 work=97.7% elapsed=10670s ETA=257s tile_loss=3.4598
progress phase=4.4 epoch=10/10 batch=3825/4966 work=97.7% elapsed=10675s ETA=251s tile_loss=3.2727
progress phase=4.4 epoch=10/10 batch=3850/4966 work=97.8% elapsed=10681s ETA=246s tile_loss=3.3839
progress phase=4.4 epoch=10/10 batch=3875/4966 work=97.8% elapsed=10686s ETA=240s tile_loss=3.3447
progress phase=4.4 epoch=10/10 batch=3900/4966 work=97.9% elapsed=10691s ETA=235s tile_loss=3.3872
progress phase=4.4 epoch=10/10 batch=3925/4966 work=97.9% elapsed=10696s ETA=229s tile_loss=3.3473
progress phase=4.4 epoch=10/10 batch=3950/4966 work=98.0% elapsed=10702s ETA=224s tile_loss=3.2976
progress phase=4.4 epoch=10/10 batch=3975/4966 work=98.0% elapsed=10707s ETA=218s tile_loss=3.4206
progress phase=4.4 epoch=10/10 batch=4000/4966 work=98.1% elapsed=10712s ETA=213s tile_loss=3.2772
progress phase=4.4 epoch=10/10 batch=4025/4966 work=98.1% elapsed=10717s ETA=207s tile_loss=3.4173
progress phase=4.4 epoch=10/10 batch=4050/4966 work=98.2% elapsed=10723s ETA=202s tile_loss=3.4830
progress phase=4.4 epoch=10/10 batch=4075/4966 work=98.2% elapsed=10728s ETA=196s tile_loss=3.3646
progress phase=4.4 epoch=10/10 batch=4100/4966 work=98.3% elapsed=10733s ETA=190s tile_loss=3.4803
progress phase=4.4 epoch=10/10 batch=4125/4966 work=98.3% elapsed=10739s ETA=185s tile_loss=3.3510
progress phase=4.4 epoch=10/10 batch=4150/4966 work=98.4% elapsed=10744s ETA=179s tile_loss=3.3789
progress phase=4.4 epoch=10/10 batch=4175/4966 work=98.4% elapsed=10749s ETA=174s tile_loss=3.4556
progress phase=4.4 epoch=10/10 batch=4200/4966 work=98.5% elapsed=10754s ETA=168s tile_loss=3.3788
progress phase=4.4 epoch=10/10 batch=4225/4966 work=98.5% elapsed=10759s ETA=163s tile_loss=3.4872
progress phase=4.4 epoch=10/10 batch=4250/4966 work=98.6% elapsed=10765s ETA=157s tile_loss=3.2610
progress phase=4.4 epoch=10/10 batch=4275/4966 work=98.6% elapsed=10770s ETA=152s tile_loss=3.4439
progress phase=4.4 epoch=10/10 batch=4300/4966 work=98.7% elapsed=10775s ETA=146s tile_loss=3.3711
progress phase=4.4 epoch=10/10 batch=4325/4966 work=98.7% elapsed=10780s ETA=141s tile_loss=3.3271
progress phase=4.4 epoch=10/10 batch=4350/4966 work=98.8% elapsed=10785s ETA=135s tile_loss=3.3887
progress phase=4.4 epoch=10/10 batch=4375/4966 work=98.8% elapsed=10791s ETA=130s tile_loss=3.4518
progress phase=4.4 epoch=10/10 batch=4400/4966 work=98.9% elapsed=10796s ETA=124s tile_loss=3.4051
progress phase=4.4 epoch=10/10 batch=4425/4966 work=98.9% elapsed=10801s ETA=119s tile_loss=3.4101
progress phase=4.4 epoch=10/10 batch=4450/4966 work=99.0% elapsed=10806s ETA=113s tile_loss=3.3258
progress phase=4.4 epoch=10/10 batch=4475/4966 work=99.0% elapsed=10812s ETA=108s tile_loss=3.2319
progress phase=4.4 epoch=10/10 batch=4500/4966 work=99.1% elapsed=10817s ETA=102s tile_loss=3.4483
progress phase=4.4 epoch=10/10 batch=4525/4966 work=99.1% elapsed=10822s ETA=97s tile_loss=3.3744
progress phase=4.4 epoch=10/10 batch=4550/4966 work=99.2% elapsed=10827s ETA=91s tile_loss=3.3900
progress phase=4.4 epoch=10/10 batch=4575/4966 work=99.2% elapsed=10833s ETA=86s tile_loss=3.3458
progress phase=4.4 epoch=10/10 batch=4600/4966 work=99.3% elapsed=10838s ETA=80s tile_loss=3.4737
progress phase=4.4 epoch=10/10 batch=4625/4966 work=99.3% elapsed=10843s ETA=75s tile_loss=3.3505
progress phase=4.4 epoch=10/10 batch=4650/4966 work=99.4% elapsed=10848s ETA=69s tile_loss=3.3903
progress phase=4.4 epoch=10/10 batch=4675/4966 work=99.4% elapsed=10854s ETA=64s tile_loss=3.3159
progress phase=4.4 epoch=10/10 batch=4700/4966 work=99.5% elapsed=10859s ETA=58s tile_loss=3.4249
progress phase=4.4 epoch=10/10 batch=4725/4966 work=99.5% elapsed=10864s ETA=53s tile_loss=3.4376
progress phase=4.4 epoch=10/10 batch=4750/4966 work=99.6% elapsed=10869s ETA=47s tile_loss=3.4204
progress phase=4.4 epoch=10/10 batch=4775/4966 work=99.6% elapsed=10874s ETA=42s tile_loss=3.4721
progress phase=4.4 epoch=10/10 batch=4800/4966 work=99.7% elapsed=10880s ETA=36s tile_loss=3.2840
progress phase=4.4 epoch=10/10 batch=4825/4966 work=99.7% elapsed=10885s ETA=31s tile_loss=3.5422
progress phase=4.4 epoch=10/10 batch=4850/4966 work=99.8% elapsed=10890s ETA=25s tile_loss=3.3080
progress phase=4.4 epoch=10/10 batch=4875/4966 work=99.8% elapsed=10895s ETA=20s tile_loss=3.2373
progress phase=4.4 epoch=10/10 batch=4900/4966 work=99.9% elapsed=10901s ETA=15s tile_loss=3.3412
progress phase=4.4 epoch=10/10 batch=4925/4966 work=99.9% elapsed=10906s ETA=9s tile_loss=3.4076
progress phase=4.4 epoch=10/10 batch=4950/4966 work=100.0% elapsed=10911s ETA=4s tile_loss=3.3951
progress phase=4.4 epoch=10/10 batch=4966/4966 work=100.0% elapsed=10915s ETA=0s tile_loss=3.4450
epoch 10  train_loss=4.7997  val_slot@1=0.555  val_zone=0.452  val_tile=0.067  val_tile_cls=0.152  val_tile@5=0.391  val_loss=5.6152
Rolling out policy continuations for realism scoring ...
{
  "test": {
    "loss": 5.5992124621073405,
    "slot_top1": 0.5534084669089768,
    "slot_top3": 0.9397798289883116,
    "type_acc": 0.9979604110556181,
    "zone_acc": 0.4517428026043982,
    "xy_mae": 5065.324451533614,
    "tile_acc": 0.06644353214967445,
    "tile_class_acc": 0.15456423397745991,
    "tile_top5_acc": 0.39230708887901056,
    "tile_nll": 3.971528442628594,
    "timing_mae": 1.5063490271989115,
    "n": 38243,
    "model_x_std": 0.18726961314678192,
    "model_y_std": 0.18090371787548065
  },
  "baselines": {
    "frequency": {
      "name": "online_frequency",
      "slot_top1": 0.11924726989079563,
      "slot_top3": 0.39847058168041005,
      "n": 143584
    },
    "cycle": {
      "name": "approx_cycle",
      "slot_top1": 0.1969927011366169,
      "slot_top3": 0.6174852351236907,
      "n": 143584
    },
    "chance_slot_top1": 0.125
  },
  "rollouts": {
    "available": true,
    "n": 96,
    "mean_score_real": 0.8839738834529262,
    "mean_score_policy": 0.9126138490832242,
    "mean_score_easy": 0.0001249614633863678,
    "mean_score_medium": 5.389180091952995e-05,
    "policy_vs_easy_lift": 0.9124888876198378,
    "policy_vs_medium_lift": 0.9125599572823047,
    "policy_gap_to_real": -0.028639965630298025
  },
  "live_play_readiness": {
    "ready_for_live_smoke_test": true,
    "checks": {
      "beats_baselines": true,
      "slot_floor": true,
      "zone_floor": true,
      "tile_or_zone": true,
      "rollout_beats_easy": true,
      "rollout_not_collapsed": true,
      "rollout_near_real": true
    },
    "rationale": "All offline gates passed; a short supervised live smoke test is justified."
  }
}
Wrote models/policy_bc_v4.4/report.json
{
  "model_name": "policy-bc-v4.4",
  "model_version": "4.4.0",
  "created_at": "2026-08-10T15:43:42Z",
  "seconds": 11484.8,
  "compute": {
    "device": "cuda",
    "framework": "pytorch",
    "parameters": 967442,
    "d_model": 160,
    "num_layers": 2,
    "epochs_requested": 10,
    "epochs_ran": 10,
    "batch_size": 512,
    "gradient_accumulation_steps": 1,
    "learning_rate": 0.0002,
    "dropout": 0.2,
    "max_context": 64,
    "max_samples_per_battle": 40,
    "global_dim": 62,
    "threat_dim": 14,
    "card_conditioned_placement": true,
    "placement_mode": "heatmap",
    "reaction_weight": 3.0,
    "reaction_repeats": 2,
    "reaction_seconds": 5.0,
    "max_battles": null,
    "hide_opponent_deck": false,
    "hide_opponent_prob": 0.0,
    "loss_kwargs": {
      "zone_weight": 1.1,
      "xy_weight": 0.0,
      "tile_weight": 0.55,
      "slot_weight": 1.4
    },
    "warmstart": {},
    "training_log_path": "models/policy_bc_v4.4/training.log",
    "freeze_backbone": false,
    "training_stage": null,
    "arena_control": "aligned",
    "arena_memory_channels": 0,
    "arena_hidden_channels": 32,
    "arena_memory_version": "none",
    "arena_gate_bias": -2.2,
    "split_manifest": null,
    "manifest_hash": null,
    "progress_path": "models/policy_bc_v4.4/progress.jsonl",
    "log_path": null,
    "trainable_parameters": 967442,
    "mirror_training": true,
    "max_think_steps": 3,
    "eval_think_steps": 3
  },
  "data": {
    "battles_total": 88986,
    "min_card_plays": 12,
    "train_samples": 2542380,
    "val_samples": 38178,
    "test_samples": 38243,
    "vocab_size": 126,
    "splits": [
      {
        "split": "train",
        "battles": 84302,
        "team_win_rate": 0.5060378164219117,
        "mean_events": 64.66060117197694
      },
      {
        "split": "val",
        "battles": 2342,
        "team_win_rate": 0.484201537147737,
        "mean_events": 64.88172502134927
      },
      {
        "split": "test",
        "battles": 2342,
        "team_win_rate": 0.49487617421007685,
        "mean_events": 64.8791631084543
      }
    ]
  },
  "baselines": {
    "frequency": {
      "name": "online_frequency",
      "slot_top1": 0.11924726989079563,
      "slot_top3": 0.39847058168041005,
      "n": 143584
    },
    "cycle": {
      "name": "approx_cycle",
      "slot_top1": 0.1969927011366169,
      "slot_top3": 0.6174852351236907,
      "n": 143584
    },
    "chance_slot_top1": 0.125
  },
  "val": {
    "loss": 5.61518715540568,
    "slot_top1": 0.5549007281680549,
    "slot_top3": 0.9387081565299387,
    "type_acc": 0.9981140971239981,
    "zone_acc": 0.45162135261145164,
    "xy_mae": 5063.321598826549,
    "tile_acc": 0.06715909686206716,
    "tile_class_acc": 0.1520771124731521,
    "tile_top5_acc": 0.39124626748389124,
    "tile_nll": 3.9814543547453702,
    "timing_mae": 1.511333655221921,
    "model_x_std": 0.187728151679039,
    "model_y_std": 0.1837414652109146
  },
  "test": {
    "loss": 5.5992124621073405,
    "slot_top1": 0.5534084669089768,
    "slot_top3": 0.9397798289883116,
    "type_acc": 0.9979604110556181,
    "zone_acc": 0.4517428026043982,
    "xy_mae": 5065.324451533614,
    "tile_acc": 0.06644353214967445,
    "tile_class_acc": 0.15456423397745991,
    "tile_top5_acc": 0.39230708887901056,
    "tile_nll": 3.971528442628594,
    "timing_mae": 1.5063490271989115,
    "n": 38243,
    "model_x_std": 0.18726961314678192,
    "model_y_std": 0.18090371787548065
  },
  "test_think_off": {
    "loss": 5.614764881134033,
    "slot_top1": 0.5488063174960124,
    "slot_top3": 0.9388646288209607,
    "type_acc": 0.9979604110556181,
    "zone_acc": 0.44881416206887537,
    "xy_mae": 5105.315093611903,
    "tile_acc": 0.05844206782940669,
    "tile_class_acc": 0.15189707920403733,
    "tile_top5_acc": 0.38911696258138745,
    "tile_nll": 3.981552993434869,
    "timing_mae": 1.542781257175537,
    "n": 38243,
    "model_x_std": 0.18214893341064453,
    "model_y_std": 0.1788453757762909
  },
  "rollouts": {
    "available": true,
    "n": 96,
    "mean_score_real": 0.8839738834529262,
    "mean_score_policy": 0.9126138490832242,
    "mean_score_easy": 0.0001249614633863678,
    "mean_score_medium": 5.389180091952995e-05,
    "policy_vs_easy_lift": 0.9124888876198378,
    "policy_vs_medium_lift": 0.9125599572823047,
    "policy_gap_to_real": -0.028639965630298025
  },
  "rollout_hist": {
    "real": [
      0.5332361666225366,
      0.9870403248773176,
      0.9892058555450232,
      0.9005718422792773,
      0.9549037894856431,
      0.4586606923083959,
      0.92210621656254,
      0.9569082447612335,
      0.9670968013151382,
      0.7624974985522961,
      0.87290369046772,
      0.9782680285753943,
      0.8936155998544046,
      0.9801846564107992,
      0.7385942113307435,
      0.5801529340697341,
      0.9802495033423028,
      0.9202468095353122,
      0.9744727949269049,
      0.9243912441568236,
      0.9413812528917135,
      0.9423577000193519,
      0.898160496516222,
      0.9885741574367347,
      0.9424931302734592,
      0.977705785915053,
      0.9255605236613131,
      0.8253972047098274,
      0.9470228143817078,
      0.9305595417318427,
      0.7980559226488538,
      0.9905356964174303,
      0.8612505018556541,
      0.7353373984008215,
      0.8353674404807143,
      0.9975964399798919,
      0.9879714207842846,
      0.8805663739652396,
      0.4018279406635457,
      0.6881566912826329,
      0.9957094781951331,
      0.9662111715621904,
      0.927975221849158,
      0.20624421157749726,
      0.9707525778956863,
      0.45755556232217753,
      0.9102433961241629,
      0.9461854625922322,
      0.9923111556233241,
      0.9942545115118143,
      0.9987092226588983,
      0.7555343458746756,
      0.9188501018810726,
      0.9943141514493297,
      0.8412360674374643,
      0.9873042962320925,
      0.9676394946622245,
      0.9952034661274293,
      0.4321349154459079,
      0.9443835054265028,
      0.9710814791553997,
      0.9638491140324178,
      0.9211889951408221,
      0.9638654008622102,
      0.9417049385440326,
      0.935783337136025,
      0.9894678816607131,
      0.9385981260729586,
      0.9885710795526447,
      0.9859151469510792,
      0.979345928802468,
      0.9828572206155392,
      0.9509707729831643,
      0.6103534984389444,
      0.8275235760206108,
      0.968778558163135,
      0.8644892802249756,
      0.9682825837997976,
      0.9479691312965686,
      0.9904783031856659,
      0.9902862255829825,
      0.988741291786518,
      0.9807439201231672,
      0.9401641131348222,
      0.9584871214282797,
      0.9409139866308854,
      0.9052731398353405,
      0.9470074782146157,
      0.989487126603348,
      0.6633569992404926,
      0.4841941795735411,
      0.9107447273736586,
      0.9210237945932648,
      0.6938080561930904,
      0.9019068219081932,
      0.9803418211747407
    ],
    "policy": [
      0.03738405180395074,
      0.8661536291063514,
      0.9893761438416433,
      0.9866967599407401,
      0.9868690658866435,
      0.9964189136386697,
      0.985390550961941,
      0.9047385542404659,
      0.9658435783053732,
      0.9920191250019084,
      0.989782477541776,
      0.9968880334805135,
      0.9988841455911801,
      0.03116983300741966,
      0.8768779845747933,
      0.9148259881325581,
      0.9677770078394035,
      0.9984007464319626,
      0.7283276041140762,
      0.9313853047150793,
      0.8881778090609397,
      0.9738325439174949,
      0.8142681088222476,
      0.9869930510781009,
      0.9177971899453925,
      0.9914517589007323,
      0.9923088540938647,
      0.9564798085365721,
      0.9832708483774487,
      0.9953877124590073,
      0.9741149248833949,
      0.007637279342031801,
      0.8874110590003358,
      0.9971879686450494,
      0.9980690964529336,
      0.6773755104749655,
      0.9836135664211764,
      0.9948499910992804,
      0.9967246562656448,
      0.9944715124614315,
      0.9988891662426778,
      0.9986720430184788,
      0.8737237265540543,
      0.9937946758966356,
      0.9964622964945614,
      0.9406075440604645,
      0.9932776214546077,
      0.9412282662701121,
      0.9891126501302874,
      0.9987276787565923,
      0.974613009397096,
      0.6311409907994283,
      0.9982868258586862,
      0.013537467523238629,
      0.9947285632405609,
      0.9100415886717639,
      0.9555497446403562,
      0.986535433591173,
      0.9926879639587848,
      0.9949628612450997,
      0.8143468545839218,
      0.9947940572476187,
      0.9919655397693404,
      0.9699085046135202,
      0.9980436272505127,
      0.9975833639402177,
      0.9984020714472026,
      0.9987726926094553,
      0.9933605618662156,
      0.9868452866699507,
      0.9978517685787525,
      0.9960666985905524,
      0.9234128321176552,
      0.9115265456268339,
      0.980391320184156,
      0.9925201282657858,
      0.9871048467142964,
      0.9961541250601296,
      0.9428744901106105,
      0.9597655752100817,
      0.7798573586688305,
      0.8988511968557535,
      0.9586227122869204,
      0.9922561676480942,
      0.9978592172103822,
      0.9633214529688817,
      0.9927290563059191,
      0.9495621516664331,
      0.7756406687325643,
      0.9663709517462203,
      0.6603989818855,
      0.9921824696021125,
      0.9975195376745173,
      0.9959610020569226,
      0.9656652343675406,
      0.9592275956569603
    ],
    "easy": [
      0.0003416518653151939,
      2.5881500493406683e-05,
      4.941931451932498e-05,
      6.014642111861384e-05,
      0.0001631924296789603,
      0.0004693961340369826,
      0.00011562698580972716,
      2.307890583659314e-05,
      0.0002500272745045345,
      3.550968120514946e-05,
      5.9683617685309345e-05,
      3.413189860059409e-05,
      0.00012148188759640302,
      0.00017998877974271802,
      0.0001253978418218428,
      2.9681414060936375e-05,
      3.665988739868848e-05,
      2.9414984437715417e-05,
      4.475119214476836e-05,
      6.020749850753177e-05,
      2.246380691942435e-05,
      3.0265139031809824e-05,
      1.0604310012537138e-05,
      0.00011665198346468577,
      0.00013038872979749972,
      6.426281623436557e-05,
      0.0001405249912527159,
      1.446910390991535e-05,
      1.887707616270595e-05,
      4.4596054017264665e-05,
      0.0009048467206622704,
      3.9841354038619385e-05,
      2.8754318216036772e-05,
      3.430465277593771e-05,
      4.505010988654942e-05,
      7.793570057920206e-05,
      2.4642635169009947e-05,
      5.974066579586103e-05,
      3.8186715193891424e-05,
      0.00032462994898855804,
      8.510200084942405e-05,
      3.404001312038729e-05,
      5.098791419790528e-05,
      0.0001267560397886183,
      7.799425742457318e-05,
      5.0156747256704694e-05,
      1.566188431331363e-05,
      4.928308339513358e-05,
      1.7446523857869195e-05,
      3.4182909428988685e-05,
      0.0002255879497103758,
      1.4471382056341399e-05,
      6.502404053869037e-05,
      8.989264375363547e-05,
      0.00011154238303824417,
      7.45967956374992e-05,
      0.0002753194157729518,
      0.000797633642919524,
      1.8403866479796353e-05,
      0.0001141287338229395,
      0.00022899529548312282,
      9.891314397170341e-05,
      4.008023143812431e-05,
      4.015845788933742e-05,
      1.9464446200301034e-05,
      5.5638735112350744e-05,
      3.911984733371481e-05,
      8.809403910638409e-05,
      5.7518817571740065e-05,
      9.142909207826244e-05,
      3.972155568557787e-05,
      0.0008982243864441509,
      0.0008841767633079707,
      3.375324069829434e-05,
      0.00025995047984639006,
      2.75263432229476e-05,
      0.0005164902472959525,
      4.112141075871171e-05,
      0.00018200911576752996,
      0.0005074213534153485,
      6.179906778689003e-05,
      8.385409891777017e-05,
      4.0082114649466475e-05,
      0.0002460868140596082,
      5.2985336324428026e-05,
      9.197573823115498e-05,
      6.459586298569236e-05,
      1.1657163804274024e-05,
      6.104013619066847e-05,
      3.1299752383543203e-05,
      8.858735365464575e-05,
      2.1222003933420732e-05,
      2.6934868632042674e-05,
      4.516633089900474e-05,
      8.655524003322083e-05,
      7.807302599079229e-05
    ],
    "medium": [
      2.8971841439753223e-05,
      2.6638143372187137e-05,
      9.043629568335046e-05,
      2.4458090606651483e-05,
      4.7150575933969225e-05,
      7.520247113141708e-05,
      6.415289527650115e-05,
      4.5898374392611e-05,
      0.00016368321185743315,
      3.060646506267388e-05,
      1.9020411913253287e-05,
      4.184651138986807e-05,
      1.8008976291696254e-05,
      5.052746709687907e-05,
      0.00013923512146037838,
      0.0001066280764994844,
      3.3895710552008114e-05,
      2.0285894757344476e-05,
      4.57234295837764e-05,
      6.17140574595205e-05,
      3.2027778579550905e-05,
      1.7496352938526393e-05,
      7.471080789504434e-05,
      4.485074400269254e-05,
      4.6714899842443505e-05,
      4.5784308019459095e-05,
      8.555688127808266e-05,
      4.2686072497670354e-05,
      6.053362289175015e-05,
      4.548639924144459e-05,
      0.00013394863568123841,
      5.500109713535316e-05,
      6.18819238143471e-05,
      2.0344645083455718e-05,
      4.387979133235102e-05,
      8.18468236119017e-05,
      4.175605801239775e-05,
      7.126179162146716e-05,
      3.405943028225102e-05,
      0.00014557952072727118,
      3.679716463424294e-05,
      4.090113635029478e-05,
      3.3513746849506646e-05,
      7.762353812882421e-05,
      9.844484406853522e-05,
      5.434097602288531e-05,
      3.537069304617084e-05,
      5.030122575157299e-05,
      2.6156331199445536e-05,
      2.3713709427972966e-05,
      7.490463100610505e-05,
      3.95998654883441e-05,
      9.789515060599967e-05,
      4.943977326305417e-05,
      6.557164702480498e-05,
      2.5748811940794527e-05,
      6.831474554453217e-05,
      2.9705351290771762e-05,
      5.44098761445594e-05,
      1.546353671610834e-05,
      3.3560426283718066e-05,
      3.840659458668602e-05,
      2.7100300184590867e-05,
      3.646030116491329e-05,
      2.798163381961841e-05,
      0.00014307322596266082,
      3.534403660530627e-05,
      3.3834545426489904e-05,
      0.00011563655778449686,
      3.427276482553595e-05,
      4.5991125892054926e-05,
      0.00012598659589054554,
      2.3385341207923316e-05,
      7.265857656666606e-05,
      6.481199192566478e-05,
      3.290665107045282e-05,
      1.3879112842701616e-05,
      3.890213275890532e-05,
      5.728760987353288e-05,
      2.87400249649164e-05,
      4.4616007333302085e-05,
      2.0164514578711305e-05,
      3.728750282150873e-05,
      5.116346031328581e-05,
      7.05651531343271e-05,
      3.6626205246295665e-05,
      3.991836713828051e-05,
      5.421908475644698e-05,
      3.915895318964192e-05,
      3.6924044842452296e-05,
      6.165727407231063e-05,
      1.8072359333397926e-05,
      2.4666414176468296e-05,
      7.053136029895162e-05,
      8.29016729605308e-05,
      0.00013721260368760314
    ]
  },
  "history": [
    {
      "epoch": 1,
      "train_loss": 5.833349630710726,
      "val_loss": 6.01967529296875,
      "val_slot_top1": 0.5007857928650008,
      "val_slot_top3": 0.9186704384724187,
      "val_type_acc": 0.9981140971239981,
      "val_zone_acc": 0.39507045942689506,
      "val_xy_mae": 5461.48416627377,
      "val_tile_acc": 0.034836817015034834,
      "val_tile_class_acc": 0.12452197600712452,
      "val_tile_top5_acc": 0.33123788569333124,
      "val_tile_nll": 4.1988982011226605,
      "val_timing_mae": 1.6614322369591636,
      "val_model_x_std": 0.18017002940177917,
      "val_model_y_std": 0.16961176693439484,
      "val_n": 38178,
      "lr": 0.00019510565162951537
    },
    {
      "epoch": 2,
      "train_loss": 5.213073329775745,
      "val_loss": 5.8545439910888675,
      "val_slot_top1": 0.5245429304835245,
      "val_slot_top3": 0.9273141599874273,
      "val_type_acc": 0.9981140971239981,
      "val_zone_acc": 0.425009167583425,
      "val_xy_mae": 5290.313095892922,
      "val_tile_acc": 0.04738330975954738,
      "val_tile_class_acc": 0.13756613756613756,
      "val_tile_top5_acc": 0.357038084760857,
      "val_tile_nll": 4.115043643733793,
      "val_timing_mae": 1.5782282839926012,
      "val_model_x_std": 0.1814250349998474,
      "val_model_y_std": 0.1777956783771515,
      "val_n": 38178,
      "lr": 0.00018090169943749473
    },
    {
      "epoch": 3,
      "train_loss": 5.057355063027832,
      "val_loss": 5.77711633682251,
      "val_slot_top1": 0.5357011891665358,
      "val_slot_top3": 0.9321860757504322,
      "val_type_acc": 0.9981140971239981,
      "val_zone_acc": 0.4308502278799308,
      "val_xy_mae": 5212.353744303002,
      "val_tile_acc": 0.0555031693645555,
      "val_tile_class_acc": 0.14078788831264077,
      "val_tile_top5_acc": 0.36824872963486827,
      "val_tile_nll": 4.072832629419471,
      "val_timing_mae": 1.548705674196977,
      "val_model_x_std": 0.18551167845726013,
      "val_model_y_std": 0.176827073097229,
      "val_n": 38178,
      "lr": 0.00015877852522924732
    },
    {
      "epoch": 4,
      "train_loss": 4.972070151742696,
      "val_loss": 5.716802603403727,
      "val_slot_top1": 0.5416732149405417,
      "val_slot_top3": 0.9334957305254334,
      "val_type_acc": 0.9981140971239981,
      "val_zone_acc": 0.4411703075069412,
      "val_xy_mae": 5170.423175650898,
      "val_tile_acc": 0.05767719629105768,
      "val_tile_class_acc": 0.14330242548064331,
      "val_tile_top5_acc": 0.3731992246843732,
      "val_tile_nll": 4.037699064967881,
      "val_timing_mae": 1.5395864722202781,
      "val_model_x_std": 0.18160362541675568,
      "val_model_y_std": 0.18205156922340393,
      "val_n": 38178,
      "lr": 0.00013090169943749474
    },
    {
      "epoch": 5,
      "train_loss": 4.913022181606562,
      "val_loss": 5.67771058400472,
      "val_slot_top1": 0.5465189376080465,
      "val_slot_top3": 0.9354078264969354,
      "val_type_acc": 0.9981140971239981,
      "val_zone_acc": 0.4424013829954424,
      "val_xy_mae": 5138.549861831421,
      "val_tile_acc": 0.05903923725705904,
      "val_tile_class_acc": 0.14775525171564777,
      "val_tile_top5_acc": 0.382000104772382,
      "val_tile_nll": 4.016060763965626,
      "val_timing_mae": 1.5291874424084428,
      "val_model_x_std": 0.18337124586105347,
      "val_model_y_std": 0.17830725014209747,
      "val_n": 38178,
      "lr": 9.999999999999999e-05
    },
    {
      "epoch": 6,
      "train_loss": 4.871609701344048,
      "val_loss": 5.6632702318827315,
      "val_slot_top1": 0.5502907433600502,
      "val_slot_top3": 0.9368484467494369,
      "val_type_acc": 0.9981140971239981,
      "val_zone_acc": 0.4460946094609461,
      "val_xy_mae": 5102.208019016187,
      "val_tile_acc": 0.06325632563256325,
      "val_tile_class_acc": 0.14736235528314737,
      "val_tile_top5_acc": 0.3854837864738855,
      "val_tile_nll": 4.013742377655734,
      "val_timing_mae": 1.5206241242962653,
      "val_model_x_std": 0.18801209330558777,
      "val_model_y_std": 0.1830056607723236,
      "val_n": 38178,
      "lr": 6.909830056250526e-05
    },
    {
      "epoch": 7,
      "train_loss": 4.840241231219307,
      "val_loss": 5.642016073862711,
      "val_slot_top1": 0.5516003981350516,
      "val_slot_top3": 0.937922363664938,
      "val_type_acc": 0.9981140971239981,
      "val_zone_acc": 0.4474042642359474,
      "val_xy_mae": 5095.165199853319,
      "val_tile_acc": 0.06312536015506312,
      "val_tile_class_acc": 0.14916967887264918,
      "val_tile_top5_acc": 0.385012310754885,
      "val_tile_nll": 3.9978765271546686,
      "val_timing_mae": 1.5105276132268175,
      "val_model_x_std": 0.18563395738601685,
      "val_model_y_std": 0.18279285728931427,
      "val_n": 38178,
      "lr": 4.122147477075269e-05
    },
    {
      "epoch": 8,
      "train_loss": 4.818607211160987,
      "val_loss": 5.626311715443929,
      "val_slot_top1": 0.5545864110220546,
      "val_slot_top3": 0.938027136046938,
      "val_type_acc": 0.9981140971239981,
      "val_zone_acc": 0.44976164283094977,
      "val_xy_mae": 5061.889952983393,
      "val_tile_acc": 0.0665042694745665,
      "val_tile_class_acc": 0.15116035413065115,
      "val_tile_top5_acc": 0.38812928911938815,
      "val_tile_nll": 3.986984394414609,
      "val_timing_mae": 1.5133491502924008,
      "val_model_x_std": 0.19012100994586945,
      "val_model_y_std": 0.18240344524383545,
      "val_n": 38178,
      "lr": 1.9098300562505263e-05
    },
    {
      "epoch": 9,
      "train_loss": 4.806093878098856,
      "val_loss": 5.610854689280192,
      "val_slot_top1": 0.5542197076850542,
      "val_slot_top3": 0.9386819634344387,
      "val_type_acc": 0.9981140971239981,
      "val_zone_acc": 0.45023311854995024,
      "val_xy_mae": 5063.903439153439,
      "val_tile_acc": 0.06592802137356593,
      "val_tile_class_acc": 0.15136989889465138,
      "val_tile_top5_acc": 0.39038189533239037,
      "val_tile_nll": 3.978352509672005,
      "val_timing_mae": 1.5113246849180362,
      "val_model_x_std": 0.18735787272453308,
      "val_model_y_std": 0.18159550428390503,
      "val_n": 38178,
      "lr": 4.894348370484646e-06
    },
    {
      "epoch": 10,
      "train_loss": 4.799733513456845,
      "val_loss": 5.61518715540568,
      "val_slot_top1": 0.5549007281680549,
      "val_slot_top3": 0.9387081565299387,
      "val_type_acc": 0.9981140971239981,
      "val_zone_acc": 0.45162135261145164,
      "val_xy_mae": 5063.321598826549,
      "val_tile_acc": 0.06715909686206716,
      "val_tile_class_acc": 0.1520771124731521,
      "val_tile_top5_acc": 0.39124626748389124,
      "val_tile_nll": 3.9814543547453702,
      "val_timing_mae": 1.511333655221921,
      "val_model_x_std": 0.187728151679039,
      "val_model_y_std": 0.1837414652109146,
      "val_n": 38178,
      "lr": 0.0
    }
  ],
  "checkpoint": "models/policy_bc_v4.4/best_model.pt",
  "lessons": [
    "v4.4 keeps the v4.2 trunk size and v4.3 data recipe, but replaces XY regression with a card-conditioned 18×32 tile heatmap so placement can be multimodal.",
    "Primary placement signal is tile cross-entropy; expected XY is kept for compatibility. Think loop defaults to max K=3 for a cheap compute dial.",
    "Judge v4.4 on tile_class_acc / tile_top5_acc and placement spread, not only soft within-tile MAE from the XY mean.",
    "v4 keeps v3 threat conditioning + reaction upweight; adds jointly trained card-conditioned zone/XY heads.",
    "Offline probe: oracle card conditioning lifted zone to ~52%; e2e on frozen argmax did not — so v4 trains placement with the trunk (70% teacher / 30% soft slot mix).",
    "Hand-audit showed exact cycle reconstruction does not move slot accuracy — heuristic hand masks stay.",
    "Rollout autopsy blamed XY for most collapses; judge v4 on zone/XY MAE and collapse rate, not the auto live-play flag.",
    "Action-clock initiative (+6pp) is for rollout harness next — not baked into this checkpoint."
  ],
  "live_play_readiness": {
    "ready_for_live_smoke_test": true,
    "checks": {
      "beats_baselines": true,
      "slot_floor": true,
      "zone_floor": true,
      "tile_or_zone": true,
      "rollout_beats_easy": true,
      "rollout_not_collapsed": true,
      "rollout_near_real": true
    },
    "rationale": "All offline gates passed; a short supervised live smoke test is justified."
  }
}
