time | phase | epoch | batch | work | done | ETA | loss | card@1 | zone | tile | timing
-----+-------+-------+-------+------+------+-----+------+--------+------+------+-------
06:23:33 | 4.3 | 1/10 | 1/4369 |   0.00% | 512/22,368,840 | 10h52m | 5.354 | — | — | — | —
06:23:39 | 4.3 | 1/10 | 25/4369 |   0.06% | 12,800/22,368,840 | 3h18m | 4.690 | — | — | — | —
06:23:45 | 4.3 | 1/10 | 50/4369 |   0.11% | 25,600/22,368,840 | 3h08m | 4.549 | — | — | — | —
06:23:51 | 4.3 | 1/10 | 75/4369 |   0.17% | 38,400/22,368,840 | 3h05m | 4.535 | — | — | — | —
06:23:57 | 4.3 | 1/10 | 100/4369 |   0.23% | 51,200/22,368,840 | 3h05m | 4.385 | — | — | — | —
06:24:04 | 4.3 | 1/10 | 125/4369 |   0.29% | 64,000/22,368,840 | 3h05m | 4.321 | — | — | — | —
06:24:10 | 4.3 | 1/10 | 150/4369 |   0.34% | 76,800/22,368,840 | 3h04m | 4.258 | — | — | — | —
06:24:16 | 4.3 | 1/10 | 175/4369 |   0.40% | 89,600/22,368,840 | 3h03m | 4.304 | — | — | — | —
06:24:23 | 4.3 | 1/10 | 200/4369 |   0.46% | 102,400/22,368,840 | 3h06m | 4.201 | — | — | — | —
06:24:29 | 4.3 | 1/10 | 225/4369 |   0.51% | 115,200/22,368,840 | 3h05m | 4.098 | — | — | — | —
06:24:36 | 4.3 | 1/10 | 250/4369 |   0.57% | 128,000/22,368,840 | 3h04m | 4.089 | — | — | — | —
06:24:42 | 4.3 | 1/10 | 275/4369 |   0.63% | 140,800/22,368,840 | 3h03m | 4.069 | — | — | — | —
06:24:48 | 4.3 | 1/10 | 300/4369 |   0.69% | 153,600/22,368,840 | 3h03m | 4.135 | — | — | — | —
06:24:55 | 4.3 | 1/10 | 325/4369 |   0.74% | 166,400/22,368,840 | 3h04m | 4.109 | — | — | — | —
06:25:01 | 4.3 | 1/10 | 350/4369 |   0.80% | 179,200/22,368,840 | 3h03m | 4.118 | — | — | — | —
06:25:07 | 4.3 | 1/10 | 375/4369 |   0.86% | 192,000/22,368,840 | 3h03m | 4.019 | — | — | — | —
06:25:13 | 4.3 | 1/10 | 400/4369 |   0.92% | 204,800/22,368,840 | 3h02m | 3.982 | — | — | — | —
06:25:20 | 4.3 | 1/10 | 425/4369 |   0.97% | 217,600/22,368,840 | 3h03m | 4.010 | — | — | — | —
06:25:26 | 4.3 | 1/10 | 450/4369 |   1.03% | 230,400/22,368,840 | 3h02m | 3.885 | — | — | — | —
06:25:32 | 4.3 | 1/10 | 475/4369 |   1.09% | 243,200/22,368,840 | 3h02m | 3.974 | — | — | — | —
06:25:39 | 4.3 | 1/10 | 500/4369 |   1.14% | 256,000/22,368,840 | 3h02m | 3.977 | — | — | — | —
06:25:45 | 4.3 | 1/10 | 525/4369 |   1.20% | 268,800/22,368,840 | 3h02m | 3.830 | — | — | — | —
06:25:51 | 4.3 | 1/10 | 550/4369 |   1.26% | 281,600/22,368,840 | 3h02m | 3.919 | — | — | — | —
06:25:58 | 4.3 | 1/10 | 575/4369 |   1.32% | 294,400/22,368,840 | 3h02m | 3.957 | — | — | — | —
06:26:04 | 4.3 | 1/10 | 600/4369 |   1.37% | 307,200/22,368,840 | 3h02m | 3.815 | — | — | — | —
06:26:11 | 4.3 | 1/10 | 625/4369 |   1.43% | 320,000/22,368,840 | 3h02m | 3.765 | — | — | — | —
06:26:17 | 4.3 | 1/10 | 650/4369 |   1.49% | 332,800/22,368,840 | 3h01m | 3.794 | — | — | — | —
06:26:23 | 4.3 | 1/10 | 675/4369 |   1.54% | 345,600/22,368,840 | 3h01m | 3.917 | — | — | — | —
06:26:29 | 4.3 | 1/10 | 700/4369 |   1.60% | 358,400/22,368,840 | 3h01m | 3.725 | — | — | — | —
06:26:36 | 4.3 | 1/10 | 725/4369 |   1.66% | 371,200/22,368,840 | 3h01m | 3.877 | — | — | — | —
06:26:42 | 4.3 | 1/10 | 750/4369 |   1.72% | 384,000/22,368,840 | 3h01m | 3.806 | — | — | — | —
06:26:48 | 4.3 | 1/10 | 775/4369 |   1.77% | 396,800/22,368,840 | 3h01m | 3.720 | — | — | — | —
06:26:55 | 4.3 | 1/10 | 800/4369 |   1.83% | 409,600/22,368,840 | 3h01m | 3.680 | — | — | — | —
06:27:01 | 4.3 | 1/10 | 825/4369 |   1.89% | 422,400/22,368,840 | 3h01m | 3.662 | — | — | — | —
06:27:08 | 4.3 | 1/10 | 850/4369 |   1.95% | 435,200/22,368,840 | 3h01m | 3.713 | — | — | — | —
06:27:14 | 4.3 | 1/10 | 875/4369 |   2.00% | 448,000/22,368,840 | 3h01m | 3.663 | — | — | — | —
06:27:21 | 4.3 | 1/10 | 900/4369 |   2.06% | 460,800/22,368,840 | 3h01m | 3.611 | — | — | — | —
06:27:27 | 4.3 | 1/10 | 925/4369 |   2.12% | 473,600/22,368,840 | 3h01m | 3.777 | — | — | — | —
06:27:33 | 4.3 | 1/10 | 950/4369 |   2.17% | 486,400/22,368,840 | 3h01m | 3.787 | — | — | — | —
06:27:40 | 4.3 | 1/10 | 975/4369 |   2.23% | 499,200/22,368,840 | 3h00m | 3.744 | — | — | — | —
06:27:46 | 4.3 | 1/10 | 1000/4369 |   2.29% | 512,000/22,368,840 | 3h01m | 3.742 | — | — | — | —
06:27:53 | 4.3 | 1/10 | 1025/4369 |   2.35% | 524,800/22,368,840 | 3h00m | 3.663 | — | — | — | —
06:27:59 | 4.3 | 1/10 | 1050/4369 |   2.40% | 537,600/22,368,840 | 3h00m | 3.666 | — | — | — | —
06:28:05 | 4.3 | 1/10 | 1075/4369 |   2.46% | 550,400/22,368,840 | 3h00m | 3.649 | — | — | — | —
06:28:12 | 4.3 | 1/10 | 1100/4369 |   2.52% | 563,200/22,368,840 | 3h00m | 3.713 | — | — | — | —
06:28:18 | 4.3 | 1/10 | 1125/4369 |   2.57% | 576,000/22,368,840 | 3h00m | 3.671 | — | — | — | —
06:28:24 | 4.3 | 1/10 | 1150/4369 |   2.63% | 588,800/22,368,840 | 3h00m | 3.630 | — | — | — | —
06:28:31 | 4.3 | 1/10 | 1175/4369 |   2.69% | 601,600/22,368,840 | 3h00m | 3.737 | — | — | — | —
06:28:37 | 4.3 | 1/10 | 1200/4369 |   2.75% | 614,400/22,368,840 | 3h00m | 3.686 | — | — | — | —
06:28:44 | 4.3 | 1/10 | 1225/4369 |   2.80% | 627,200/22,368,840 | 3h00m | 3.551 | — | — | — | —
06:28:50 | 4.3 | 1/10 | 1250/4369 |   2.86% | 640,000/22,368,840 | 2h59m | 3.574 | — | — | — | —
06:28:56 | 4.3 | 1/10 | 1275/4369 |   2.92% | 652,800/22,368,840 | 2h59m | 3.662 | — | — | — | —
06:29:02 | 4.3 | 1/10 | 1300/4369 |   2.98% | 665,600/22,368,840 | 2h59m | 3.573 | — | — | — | —
06:29:08 | 4.3 | 1/10 | 1325/4369 |   3.03% | 678,400/22,368,840 | 2h59m | 3.442 | — | — | — | —
06:29:15 | 4.3 | 1/10 | 1350/4369 |   3.09% | 691,200/22,368,840 | 2h59m | 3.629 | — | — | — | —
06:29:22 | 4.3 | 1/10 | 1375/4369 |   3.15% | 704,000/22,368,840 | 2h59m | 3.587 | — | — | — | —
06:29:28 | 4.3 | 1/10 | 1400/4369 |   3.20% | 716,800/22,368,840 | 2h59m | 3.516 | — | — | — | —
06:29:34 | 4.3 | 1/10 | 1425/4369 |   3.26% | 729,600/22,368,840 | 2h58m | 3.610 | — | — | — | —
06:29:40 | 4.3 | 1/10 | 1450/4369 |   3.32% | 742,400/22,368,840 | 2h58m | 3.409 | — | — | — | —
06:29:46 | 4.3 | 1/10 | 1475/4369 |   3.38% | 755,200/22,368,840 | 2h58m | 3.696 | — | — | — | —
06:29:52 | 4.3 | 1/10 | 1500/4369 |   3.43% | 768,000/22,368,840 | 2h58m | 3.536 | — | — | — | —
06:29:59 | 4.3 | 1/10 | 1525/4369 |   3.49% | 780,800/22,368,840 | 2h58m | 3.533 | — | — | — | —
06:30:05 | 4.3 | 1/10 | 1550/4369 |   3.55% | 793,600/22,368,840 | 2h58m | 3.524 | — | — | — | —
06:30:12 | 4.3 | 1/10 | 1575/4369 |   3.60% | 806,400/22,368,840 | 2h58m | 3.445 | — | — | — | —
06:30:18 | 4.3 | 1/10 | 1600/4369 |   3.66% | 819,200/22,368,840 | 2h58m | 3.445 | — | — | — | —
06:30:24 | 4.3 | 1/10 | 1625/4369 |   3.72% | 832,000/22,368,840 | 2h57m | 3.640 | — | — | — | —
06:30:31 | 4.3 | 1/10 | 1650/4369 |   3.78% | 844,800/22,368,840 | 2h57m | 3.540 | — | — | — | —
06:30:37 | 4.3 | 1/10 | 1675/4369 |   3.83% | 857,600/22,368,840 | 2h57m | 3.515 | — | — | — | —
06:30:43 | 4.3 | 1/10 | 1700/4369 |   3.89% | 870,400/22,368,840 | 2h57m | 3.423 | — | — | — | —
06:30:50 | 4.3 | 1/10 | 1725/4369 |   3.95% | 883,200/22,368,840 | 2h57m | 3.425 | — | — | — | —
06:30:57 | 4.3 | 1/10 | 1750/4369 |   4.01% | 896,000/22,368,840 | 2h57m | 3.433 | — | — | — | —
06:31:03 | 4.3 | 1/10 | 1775/4369 |   4.06% | 908,800/22,368,840 | 2h57m | 3.441 | — | — | — | —
06:31:09 | 4.3 | 1/10 | 1800/4369 |   4.12% | 921,600/22,368,840 | 2h57m | 3.472 | — | — | — | —
06:31:15 | 4.3 | 1/10 | 1825/4369 |   4.18% | 934,400/22,368,840 | 2h57m | 3.601 | — | — | — | —
06:31:22 | 4.3 | 1/10 | 1850/4369 |   4.23% | 947,200/22,368,840 | 2h57m | 3.382 | — | — | — | —
06:31:28 | 4.3 | 1/10 | 1875/4369 |   4.29% | 960,000/22,368,840 | 2h56m | 3.395 | — | — | — | —
06:31:34 | 4.3 | 1/10 | 1900/4369 |   4.35% | 972,800/22,368,840 | 2h56m | 3.532 | — | — | — | —
06:31:41 | 4.3 | 1/10 | 1925/4369 |   4.41% | 985,600/22,368,840 | 2h56m | 3.549 | — | — | — | —
06:31:48 | 4.3 | 1/10 | 1950/4369 |   4.46% | 998,400/22,368,840 | 2h56m | 3.436 | — | — | — | —
06:31:54 | 4.3 | 1/10 | 1975/4369 |   4.52% | 1,011,200/22,368,840 | 2h56m | 3.400 | — | — | — | —
06:32:00 | 4.3 | 1/10 | 2000/4369 |   4.58% | 1,024,000/22,368,840 | 2h56m | 3.570 | — | — | — | —
06:32:06 | 4.3 | 1/10 | 2025/4369 |   4.63% | 1,036,800/22,368,840 | 2h56m | 3.581 | — | — | — | —
06:32:12 | 4.3 | 1/10 | 2050/4369 |   4.69% | 1,049,600/22,368,840 | 2h56m | 3.444 | — | — | — | —
06:32:19 | 4.3 | 1/10 | 2075/4369 |   4.75% | 1,062,400/22,368,840 | 2h56m | 3.435 | — | — | — | —
06:32:26 | 4.3 | 1/10 | 2100/4369 |   4.81% | 1,075,200/22,368,840 | 2h56m | 3.469 | — | — | — | —
06:32:32 | 4.3 | 1/10 | 2125/4369 |   4.86% | 1,088,000/22,368,840 | 2h56m | 3.447 | — | — | — | —
06:32:38 | 4.3 | 1/10 | 2150/4369 |   4.92% | 1,100,800/22,368,840 | 2h55m | 3.397 | — | — | — | —
06:32:45 | 4.3 | 1/10 | 2175/4369 |   4.98% | 1,113,600/22,368,840 | 2h55m | 3.404 | — | — | — | —
06:32:51 | 4.3 | 1/10 | 2200/4369 |   5.04% | 1,126,400/22,368,840 | 2h55m | 3.389 | — | — | — | —
06:32:57 | 4.3 | 1/10 | 2225/4369 |   5.09% | 1,139,200/22,368,840 | 2h55m | 3.360 | — | — | — | —
06:33:04 | 4.3 | 1/10 | 2250/4369 |   5.15% | 1,152,000/22,368,840 | 2h55m | 3.488 | — | — | — | —
06:33:10 | 4.3 | 1/10 | 2275/4369 |   5.21% | 1,164,800/22,368,840 | 2h55m | 3.382 | — | — | — | —
06:33:17 | 4.3 | 1/10 | 2300/4369 |   5.26% | 1,177,600/22,368,840 | 2h55m | 3.390 | — | — | — | —
06:33:23 | 4.3 | 1/10 | 2325/4369 |   5.32% | 1,190,400/22,368,840 | 2h55m | 3.491 | — | — | — | —
06:33:29 | 4.3 | 1/10 | 2350/4369 |   5.38% | 1,203,200/22,368,840 | 2h55m | 3.485 | — | — | — | —
06:33:36 | 4.3 | 1/10 | 2375/4369 |   5.44% | 1,216,000/22,368,840 | 2h55m | 3.562 | — | — | — | —
06:33:42 | 4.3 | 1/10 | 2400/4369 |   5.49% | 1,228,800/22,368,840 | 2h54m | 3.324 | — | — | — | —
06:33:49 | 4.3 | 1/10 | 2425/4369 |   5.55% | 1,241,600/22,368,840 | 2h54m | 3.286 | — | — | — | —
06:33:56 | 4.3 | 1/10 | 2450/4369 |   5.61% | 1,254,400/22,368,840 | 2h55m | 3.451 | — | — | — | —
06:34:02 | 4.3 | 1/10 | 2475/4369 |   5.66% | 1,267,200/22,368,840 | 2h54m | 3.384 | — | — | — | —
06:34:08 | 4.3 | 1/10 | 2500/4369 |   5.72% | 1,280,000/22,368,840 | 2h54m | 3.361 | — | — | — | —
06:34:14 | 4.3 | 1/10 | 2525/4369 |   5.78% | 1,292,800/22,368,840 | 2h54m | 3.487 | — | — | — | —
06:34:21 | 4.3 | 1/10 | 2550/4369 |   5.84% | 1,305,600/22,368,840 | 2h54m | 3.397 | — | — | — | —
06:34:27 | 4.3 | 1/10 | 2575/4369 |   5.89% | 1,318,400/22,368,840 | 2h54m | 3.377 | — | — | — | —
06:34:34 | 4.3 | 1/10 | 2600/4369 |   5.95% | 1,331,200/22,368,840 | 2h54m | 3.341 | — | — | — | —
06:34:41 | 4.3 | 1/10 | 2625/4369 |   6.01% | 1,344,000/22,368,840 | 2h54m | 3.415 | — | — | — | —
06:34:47 | 4.3 | 1/10 | 2650/4369 |   6.07% | 1,356,800/22,368,840 | 2h54m | 3.438 | — | — | — | —
06:34:53 | 4.3 | 1/10 | 2675/4369 |   6.12% | 1,369,600/22,368,840 | 2h54m | 3.333 | — | — | — | —
06:34:59 | 4.3 | 1/10 | 2700/4369 |   6.18% | 1,382,400/22,368,840 | 2h53m | 3.268 | — | — | — | —
06:35:06 | 4.3 | 1/10 | 2725/4369 |   6.24% | 1,395,200/22,368,840 | 2h53m | 3.396 | — | — | — | —
06:35:12 | 4.3 | 1/10 | 2750/4369 |   6.29% | 1,408,000/22,368,840 | 2h53m | 3.336 | — | — | — | —
06:35:18 | 4.3 | 1/10 | 2775/4369 |   6.35% | 1,420,800/22,368,840 | 2h53m | 3.360 | — | — | — | —
06:35:25 | 4.3 | 1/10 | 2800/4369 |   6.41% | 1,433,600/22,368,840 | 2h53m | 3.462 | — | — | — | —
06:35:31 | 4.3 | 1/10 | 2825/4369 |   6.47% | 1,446,400/22,368,840 | 2h53m | 3.253 | — | — | — | —
06:35:37 | 4.3 | 1/10 | 2850/4369 |   6.52% | 1,459,200/22,368,840 | 2h53m | 3.410 | — | — | — | —
06:35:44 | 4.3 | 1/10 | 2875/4369 |   6.58% | 1,472,000/22,368,840 | 2h53m | 3.333 | — | — | — | —
06:35:50 | 4.3 | 1/10 | 2900/4369 |   6.64% | 1,484,800/22,368,840 | 2h52m | 3.378 | — | — | — | —
06:35:56 | 4.3 | 1/10 | 2925/4369 |   6.69% | 1,497,600/22,368,840 | 2h52m | 3.323 | — | — | — | —
06:36:03 | 4.3 | 1/10 | 2950/4369 |   6.75% | 1,510,400/22,368,840 | 2h52m | 3.341 | — | — | — | —
06:36:10 | 4.3 | 1/10 | 2975/4369 |   6.81% | 1,523,200/22,368,840 | 2h52m | 3.249 | — | — | — | —
06:36:17 | 4.3 | 1/10 | 3000/4369 |   6.87% | 1,536,000/22,368,840 | 2h52m | 3.178 | — | — | — | —
06:36:23 | 4.3 | 1/10 | 3025/4369 |   6.92% | 1,548,800/22,368,840 | 2h52m | 3.317 | — | — | — | —
06:36:29 | 4.3 | 1/10 | 3050/4369 |   6.98% | 1,561,600/22,368,840 | 2h52m | 3.444 | — | — | — | —
06:36:36 | 4.3 | 1/10 | 3075/4369 |   7.04% | 1,574,400/22,368,840 | 2h52m | 3.438 | — | — | — | —
06:36:42 | 4.3 | 1/10 | 3100/4369 |   7.10% | 1,587,200/22,368,840 | 2h52m | 3.292 | — | — | — | —
06:36:49 | 4.3 | 1/10 | 3125/4369 |   7.15% | 1,600,000/22,368,840 | 2h52m | 3.376 | — | — | — | —
06:36:57 | 4.3 | 1/10 | 3150/4369 |   7.21% | 1,612,800/22,368,840 | 2h52m | 3.272 | — | — | — | —
06:37:03 | 4.3 | 1/10 | 3175/4369 |   7.27% | 1,625,600/22,368,840 | 2h52m | 3.304 | — | — | — | —
06:37:09 | 4.3 | 1/10 | 3200/4369 |   7.32% | 1,638,400/22,368,840 | 2h52m | 3.468 | — | — | — | —
06:37:15 | 4.3 | 1/10 | 3225/4369 |   7.38% | 1,651,200/22,368,840 | 2h52m | 3.391 | — | — | — | —
06:37:21 | 4.3 | 1/10 | 3250/4369 |   7.44% | 1,664,000/22,368,840 | 2h52m | 3.381 | — | — | — | —
06:37:28 | 4.3 | 1/10 | 3275/4369 |   7.50% | 1,676,800/22,368,840 | 2h51m | 3.154 | — | — | — | —
06:37:35 | 4.3 | 1/10 | 3300/4369 |   7.55% | 1,689,600/22,368,840 | 2h51m | 3.299 | — | — | — | —
06:37:41 | 4.3 | 1/10 | 3325/4369 |   7.61% | 1,702,400/22,368,840 | 2h51m | 3.403 | — | — | — | —
06:37:48 | 4.3 | 1/10 | 3350/4369 |   7.67% | 1,715,200/22,368,840 | 2h51m | 3.279 | — | — | — | —
06:37:54 | 4.3 | 1/10 | 3375/4369 |   7.72% | 1,728,000/22,368,840 | 2h51m | 3.303 | — | — | — | —
06:38:00 | 4.3 | 1/10 | 3400/4369 |   7.78% | 1,740,800/22,368,840 | 2h51m | 3.254 | — | — | — | —
06:38:07 | 4.3 | 1/10 | 3425/4369 |   7.84% | 1,753,600/22,368,840 | 2h51m | 3.151 | — | — | — | —
06:38:14 | 4.3 | 1/10 | 3450/4369 |   7.90% | 1,766,400/22,368,840 | 2h51m | 3.317 | — | — | — | —
06:38:20 | 4.3 | 1/10 | 3475/4369 |   7.95% | 1,779,200/22,368,840 | 2h51m | 3.242 | — | — | — | —
06:38:27 | 4.3 | 1/10 | 3500/4369 |   8.01% | 1,792,000/22,368,840 | 2h51m | 3.260 | — | — | — | —
06:38:33 | 4.3 | 1/10 | 3525/4369 |   8.07% | 1,804,800/22,368,840 | 2h51m | 3.356 | — | — | — | —
06:38:39 | 4.3 | 1/10 | 3550/4369 |   8.13% | 1,817,600/22,368,840 | 2h51m | 3.384 | — | — | — | —
06:38:46 | 4.3 | 1/10 | 3575/4369 |   8.18% | 1,830,400/22,368,840 | 2h50m | 3.257 | — | — | — | —
06:38:52 | 4.3 | 1/10 | 3600/4369 |   8.24% | 1,843,200/22,368,840 | 2h50m | 3.310 | — | — | — | —
06:38:58 | 4.3 | 1/10 | 3625/4369 |   8.30% | 1,856,000/22,368,840 | 2h50m | 3.274 | — | — | — | —
06:39:05 | 4.3 | 1/10 | 3650/4369 |   8.35% | 1,868,800/22,368,840 | 2h50m | 3.209 | — | — | — | —
06:39:11 | 4.3 | 1/10 | 3675/4369 |   8.41% | 1,881,600/22,368,840 | 2h50m | 3.215 | — | — | — | —
06:39:17 | 4.3 | 1/10 | 3700/4369 |   8.47% | 1,894,400/22,368,840 | 2h50m | 3.310 | — | — | — | —
06:39:24 | 4.3 | 1/10 | 3725/4369 |   8.53% | 1,907,200/22,368,840 | 2h50m | 3.304 | — | — | — | —
06:39:30 | 4.3 | 1/10 | 3750/4369 |   8.58% | 1,920,000/22,368,840 | 2h50m | 3.371 | — | — | — | —
06:39:36 | 4.3 | 1/10 | 3775/4369 |   8.64% | 1,932,800/22,368,840 | 2h49m | 3.236 | — | — | — | —
06:39:43 | 4.3 | 1/10 | 3800/4369 |   8.70% | 1,945,600/22,368,840 | 2h49m | 3.387 | — | — | — | —
06:39:49 | 4.3 | 1/10 | 3825/4369 |   8.75% | 1,958,400/22,368,840 | 2h49m | 3.212 | — | — | — | —
06:39:56 | 4.3 | 1/10 | 3850/4369 |   8.81% | 1,971,200/22,368,840 | 2h49m | 3.306 | — | — | — | —
06:40:03 | 4.3 | 1/10 | 3875/4369 |   8.87% | 1,984,000/22,368,840 | 2h49m | 3.270 | — | — | — | —
06:40:09 | 4.3 | 1/10 | 3900/4369 |   8.93% | 1,996,800/22,368,840 | 2h49m | 3.288 | — | — | — | —
06:40:15 | 4.3 | 1/10 | 3925/4369 |   8.98% | 2,009,600/22,368,840 | 2h49m | 3.164 | — | — | — | —
06:40:21 | 4.3 | 1/10 | 3950/4369 |   9.04% | 2,022,400/22,368,840 | 2h49m | 3.277 | — | — | — | —
06:40:28 | 4.3 | 1/10 | 3975/4369 |   9.10% | 2,035,200/22,368,840 | 2h49m | 3.254 | — | — | — | —
06:40:35 | 4.3 | 1/10 | 4000/4369 |   9.16% | 2,048,000/22,368,840 | 2h49m | 3.227 | — | — | — | —
06:40:41 | 4.3 | 1/10 | 4025/4369 |   9.21% | 2,060,800/22,368,840 | 2h48m | 3.205 | — | — | — | —
06:40:47 | 4.3 | 1/10 | 4050/4369 |   9.27% | 2,073,600/22,368,840 | 2h48m | 3.287 | — | — | — | —
06:40:53 | 4.3 | 1/10 | 4075/4369 |   9.33% | 2,086,400/22,368,840 | 2h48m | 3.328 | — | — | — | —
06:40:59 | 4.3 | 1/10 | 4100/4369 |   9.38% | 2,099,200/22,368,840 | 2h48m | 3.202 | — | — | — | —
06:41:07 | 4.3 | 1/10 | 4125/4369 |   9.44% | 2,112,000/22,368,840 | 2h48m | 3.400 | — | — | — | —
06:41:13 | 4.3 | 1/10 | 4150/4369 |   9.50% | 2,124,800/22,368,840 | 2h48m | 3.174 | — | — | — | —
06:41:19 | 4.3 | 1/10 | 4175/4369 |   9.56% | 2,137,600/22,368,840 | 2h48m | 3.227 | — | — | — | —
06:41:25 | 4.3 | 1/10 | 4200/4369 |   9.61% | 2,150,400/22,368,840 | 2h48m | 3.346 | — | — | — | —
06:41:31 | 4.3 | 1/10 | 4225/4369 |   9.67% | 2,163,200/22,368,840 | 2h48m | 3.353 | — | — | — | —
06:41:37 | 4.3 | 1/10 | 4250/4369 |   9.73% | 2,176,000/22,368,840 | 2h47m | 3.189 | — | — | — | —
06:41:44 | 4.3 | 1/10 | 4275/4369 |   9.78% | 2,188,800/22,368,840 | 2h47m | 3.082 | — | — | — | —
06:41:51 | 4.3 | 1/10 | 4300/4369 |   9.84% | 2,201,600/22,368,840 | 2h47m | 3.162 | — | — | — | —
06:41:57 | 4.3 | 1/10 | 4325/4369 |   9.90% | 2,214,400/22,368,840 | 2h47m | 3.270 | — | — | — | —
06:42:03 | 4.3 | 1/10 | 4350/4369 |   9.96% | 2,227,200/22,368,840 | 2h47m | 3.159 | — | — | — | —
06:42:08 | 4.3 | 1/10 | 4369/4369 |  10.00% | 2,236,928/22,368,840 | 2h47m | 3.213 | — | — | — | —
06:42:19 | validation | 1/10 | epoch-end |  10.00% | 2,236,884/22,368,840 | 2h49m | 3.536 |  51.34% |  40.85% |   3.28% | 1.626
06:42:20 | 4.3 | 2/10 | 1/4369 |  10.00% | 2,237,440/22,368,840 | 2h49m | 3.239 | — | — | — | —
06:42:26 | 4.3 | 2/10 | 25/4369 |  10.06% | 2,249,728/22,368,840 | 2h48m | 3.190 | — | — | — | —
06:42:32 | 4.3 | 2/10 | 50/4369 |  10.11% | 2,262,528/22,368,840 | 2h48m | 3.220 | — | — | — | —
06:42:38 | 4.3 | 2/10 | 75/4369 |  10.17% | 2,275,328/22,368,840 | 2h48m | 3.332 | — | — | — | —
06:42:44 | 4.3 | 2/10 | 100/4369 |  10.23% | 2,288,128/22,368,840 | 2h48m | 3.441 | — | — | — | —
06:42:51 | 4.3 | 2/10 | 125/4369 |  10.29% | 2,300,928/22,368,840 | 2h48m | 3.208 | — | — | — | —
06:42:58 | 4.3 | 2/10 | 150/4369 |  10.34% | 2,313,728/22,368,840 | 2h48m | 3.204 | — | — | — | —
06:43:04 | 4.3 | 2/10 | 175/4369 |  10.40% | 2,326,528/22,368,840 | 2h48m | 3.172 | — | — | — | —
06:43:10 | 4.3 | 2/10 | 200/4369 |  10.46% | 2,339,328/22,368,840 | 2h48m | 3.148 | — | — | — | —
06:43:16 | 4.3 | 2/10 | 225/4369 |  10.51% | 2,352,128/22,368,840 | 2h47m | 3.196 | — | — | — | —
06:43:23 | 4.3 | 2/10 | 250/4369 |  10.57% | 2,364,928/22,368,840 | 2h47m | 3.407 | — | — | — | —
06:43:29 | 4.3 | 2/10 | 275/4369 |  10.63% | 2,377,728/22,368,840 | 2h47m | 3.351 | — | — | — | —
06:43:36 | 4.3 | 2/10 | 300/4369 |  10.69% | 2,390,528/22,368,840 | 2h47m | 3.243 | — | — | — | —
06:43:42 | 4.3 | 2/10 | 325/4369 |  10.74% | 2,403,328/22,368,840 | 2h47m | 3.218 | — | — | — | —
06:43:48 | 4.3 | 2/10 | 350/4369 |  10.80% | 2,416,128/22,368,840 | 2h47m | 3.209 | — | — | — | —
06:43:55 | 4.3 | 2/10 | 375/4369 |  10.86% | 2,428,928/22,368,840 | 2h47m | 3.304 | — | — | — | —
06:44:01 | 4.3 | 2/10 | 400/4369 |  10.92% | 2,441,728/22,368,840 | 2h47m | 3.196 | — | — | — | —
06:44:08 | 4.3 | 2/10 | 425/4369 |  10.97% | 2,454,528/22,368,840 | 2h47m | 3.230 | — | — | — | —
06:44:14 | 4.3 | 2/10 | 450/4369 |  11.03% | 2,467,328/22,368,840 | 2h46m | 3.157 | — | — | — | —
06:44:20 | 4.3 | 2/10 | 475/4369 |  11.09% | 2,480,128/22,368,840 | 2h46m | 3.293 | — | — | — | —
06:44:27 | 4.3 | 2/10 | 500/4369 |  11.14% | 2,492,928/22,368,840 | 2h46m | 3.227 | — | — | — | —
06:44:33 | 4.3 | 2/10 | 525/4369 |  11.20% | 2,505,728/22,368,840 | 2h46m | 3.231 | — | — | — | —
06:44:40 | 4.3 | 2/10 | 550/4369 |  11.26% | 2,518,528/22,368,840 | 2h46m | 3.330 | — | — | — | —
06:44:46 | 4.3 | 2/10 | 575/4369 |  11.32% | 2,531,328/22,368,840 | 2h46m | 3.215 | — | — | — | —
06:44:52 | 4.3 | 2/10 | 600/4369 |  11.37% | 2,544,128/22,368,840 | 2h46m | 3.256 | — | — | — | —
06:44:59 | 4.3 | 2/10 | 625/4369 |  11.43% | 2,556,928/22,368,840 | 2h46m | 3.180 | — | — | — | —
06:45:05 | 4.3 | 2/10 | 650/4369 |  11.49% | 2,569,728/22,368,840 | 2h46m | 3.187 | — | — | — | —
06:45:12 | 4.3 | 2/10 | 675/4369 |  11.54% | 2,582,528/22,368,840 | 2h45m | 3.165 | — | — | — | —
06:45:18 | 4.3 | 2/10 | 700/4369 |  11.60% | 2,595,328/22,368,840 | 2h45m | 3.173 | — | — | — | —
06:45:24 | 4.3 | 2/10 | 725/4369 |  11.66% | 2,608,128/22,368,840 | 2h45m | 3.203 | — | — | — | —
06:45:30 | 4.3 | 2/10 | 750/4369 |  11.72% | 2,620,928/22,368,840 | 2h45m | 3.043 | — | — | — | —
06:45:37 | 4.3 | 2/10 | 775/4369 |  11.77% | 2,633,728/22,368,840 | 2h45m | 3.112 | — | — | — | —
06:45:43 | 4.3 | 2/10 | 800/4369 |  11.83% | 2,646,528/22,368,840 | 2h45m | 3.217 | — | — | — | —
06:45:50 | 4.3 | 2/10 | 825/4369 |  11.89% | 2,659,328/22,368,840 | 2h45m | 3.181 | — | — | — | —
06:45:57 | 4.3 | 2/10 | 850/4369 |  11.95% | 2,672,128/22,368,840 | 2h45m | 3.162 | — | — | — | —
06:46:03 | 4.3 | 2/10 | 875/4369 |  12.00% | 2,684,928/22,368,840 | 2h45m | 3.197 | — | — | — | —
06:46:10 | 4.3 | 2/10 | 900/4369 |  12.06% | 2,697,728/22,368,840 | 2h45m | 3.238 | — | — | — | —
06:46:16 | 4.3 | 2/10 | 925/4369 |  12.12% | 2,710,528/22,368,840 | 2h44m | 3.271 | — | — | — | —
06:46:22 | 4.3 | 2/10 | 950/4369 |  12.17% | 2,723,328/22,368,840 | 2h44m | 3.102 | — | — | — | —
06:46:28 | 4.3 | 2/10 | 975/4369 |  12.23% | 2,736,128/22,368,840 | 2h44m | 3.030 | — | — | — | —
06:46:35 | 4.3 | 2/10 | 1000/4369 |  12.29% | 2,748,928/22,368,840 | 2h44m | 3.118 | — | — | — | —
06:46:41 | 4.3 | 2/10 | 1025/4369 |  12.35% | 2,761,728/22,368,840 | 2h44m | 3.315 | — | — | — | —
06:46:47 | 4.3 | 2/10 | 1050/4369 |  12.40% | 2,774,528/22,368,840 | 2h44m | 3.164 | — | — | — | —
06:46:53 | 4.3 | 2/10 | 1075/4369 |  12.46% | 2,787,328/22,368,840 | 2h44m | 3.176 | — | — | — | —
06:46:59 | 4.3 | 2/10 | 1100/4369 |  12.52% | 2,800,128/22,368,840 | 2h43m | 3.163 | — | — | — | —
06:47:05 | 4.3 | 2/10 | 1125/4369 |  12.57% | 2,812,928/22,368,840 | 2h43m | 3.245 | — | — | — | —
06:47:12 | 4.3 | 2/10 | 1150/4369 |  12.63% | 2,825,728/22,368,840 | 2h43m | 3.126 | — | — | — | —
06:47:18 | 4.3 | 2/10 | 1175/4369 |  12.69% | 2,838,528/22,368,840 | 2h43m | 3.270 | — | — | — | —
06:47:24 | 4.3 | 2/10 | 1200/4369 |  12.75% | 2,851,328/22,368,840 | 2h43m | 3.227 | — | — | — | —
06:47:30 | 4.3 | 2/10 | 1225/4369 |  12.80% | 2,864,128/22,368,840 | 2h43m | 3.150 | — | — | — | —
06:47:36 | 4.3 | 2/10 | 1250/4369 |  12.86% | 2,876,928/22,368,840 | 2h43m | 3.179 | — | — | — | —
06:47:43 | 4.3 | 2/10 | 1275/4369 |  12.92% | 2,889,728/22,368,840 | 2h42m | 3.347 | — | — | — | —
06:47:49 | 4.3 | 2/10 | 1300/4369 |  12.98% | 2,902,528/22,368,840 | 2h42m | 3.188 | — | — | — | —
06:47:55 | 4.3 | 2/10 | 1325/4369 |  13.03% | 2,915,328/22,368,840 | 2h42m | 3.240 | — | — | — | —
06:48:01 | 4.3 | 2/10 | 1350/4369 |  13.09% | 2,928,128/22,368,840 | 2h42m | 3.138 | — | — | — | —
06:48:08 | 4.3 | 2/10 | 1375/4369 |  13.15% | 2,940,928/22,368,840 | 2h42m | 3.197 | — | — | — | —
06:48:14 | 4.3 | 2/10 | 1400/4369 |  13.20% | 2,953,728/22,368,840 | 2h42m | 3.172 | — | — | — | —
06:48:20 | 4.3 | 2/10 | 1425/4369 |  13.26% | 2,966,528/22,368,840 | 2h42m | 3.245 | — | — | — | —
06:48:27 | 4.3 | 2/10 | 1450/4369 |  13.32% | 2,979,328/22,368,840 | 2h42m | 3.094 | — | — | — | —
06:48:33 | 4.3 | 2/10 | 1475/4369 |  13.38% | 2,992,128/22,368,840 | 2h42m | 3.223 | — | — | — | —
06:48:39 | 4.3 | 2/10 | 1500/4369 |  13.43% | 3,004,928/22,368,840 | 2h41m | 3.209 | — | — | — | —
06:48:45 | 4.3 | 2/10 | 1525/4369 |  13.49% | 3,017,728/22,368,840 | 2h41m | 3.226 | — | — | — | —
06:48:52 | 4.3 | 2/10 | 1550/4369 |  13.55% | 3,030,528/22,368,840 | 2h41m | 3.208 | — | — | — | —
06:48:59 | 4.3 | 2/10 | 1575/4369 |  13.60% | 3,043,328/22,368,840 | 2h41m | 3.224 | — | — | — | —
06:49:05 | 4.3 | 2/10 | 1600/4369 |  13.66% | 3,056,128/22,368,840 | 2h41m | 3.205 | — | — | — | —
06:49:11 | 4.3 | 2/10 | 1625/4369 |  13.72% | 3,068,928/22,368,840 | 2h41m | 3.380 | — | — | — | —
06:49:17 | 4.3 | 2/10 | 1650/4369 |  13.78% | 3,081,728/22,368,840 | 2h41m | 3.120 | — | — | — | —
06:49:23 | 4.3 | 2/10 | 1675/4369 |  13.83% | 3,094,528/22,368,840 | 2h41m | 3.241 | — | — | — | —
06:49:30 | 4.3 | 2/10 | 1700/4369 |  13.89% | 3,107,328/22,368,840 | 2h40m | 3.063 | — | — | — | —
06:49:37 | 4.3 | 2/10 | 1725/4369 |  13.95% | 3,120,128/22,368,840 | 2h40m | 3.215 | — | — | — | —
06:49:43 | 4.3 | 2/10 | 1750/4369 |  14.01% | 3,132,928/22,368,840 | 2h40m | 3.257 | — | — | — | —
06:49:49 | 4.3 | 2/10 | 1775/4369 |  14.06% | 3,145,728/22,368,840 | 2h40m | 3.117 | — | — | — | —
06:49:55 | 4.3 | 2/10 | 1800/4369 |  14.12% | 3,158,528/22,368,840 | 2h40m | 3.189 | — | — | — | —
06:50:02 | 4.3 | 2/10 | 1825/4369 |  14.18% | 3,171,328/22,368,840 | 2h40m | 3.195 | — | — | — | —
06:50:08 | 4.3 | 2/10 | 1850/4369 |  14.23% | 3,184,128/22,368,840 | 2h40m | 3.105 | — | — | — | —
06:50:15 | 4.3 | 2/10 | 1875/4369 |  14.29% | 3,196,928/22,368,840 | 2h40m | 3.197 | — | — | — | —
06:50:21 | 4.3 | 2/10 | 1900/4369 |  14.35% | 3,209,728/22,368,840 | 2h40m | 3.139 | — | — | — | —
06:50:27 | 4.3 | 2/10 | 1925/4369 |  14.41% | 3,222,528/22,368,840 | 2h39m | 3.192 | — | — | — | —
06:50:33 | 4.3 | 2/10 | 1950/4369 |  14.46% | 3,235,328/22,368,840 | 2h39m | 3.120 | — | — | — | —
06:50:40 | 4.3 | 2/10 | 1975/4369 |  14.52% | 3,248,128/22,368,840 | 2h39m | 3.050 | — | — | — | —
06:50:46 | 4.3 | 2/10 | 2000/4369 |  14.58% | 3,260,928/22,368,840 | 2h39m | 3.214 | — | — | — | —
06:50:52 | 4.3 | 2/10 | 2025/4369 |  14.63% | 3,273,728/22,368,840 | 2h39m | 3.183 | — | — | — | —
06:50:59 | 4.3 | 2/10 | 2050/4369 |  14.69% | 3,286,528/22,368,840 | 2h39m | 3.225 | — | — | — | —
06:51:05 | 4.3 | 2/10 | 2075/4369 |  14.75% | 3,299,328/22,368,840 | 2h39m | 3.065 | — | — | — | —
06:51:11 | 4.3 | 2/10 | 2100/4369 |  14.81% | 3,312,128/22,368,840 | 2h39m | 3.102 | — | — | — | —
06:51:18 | 4.3 | 2/10 | 2125/4369 |  14.86% | 3,324,928/22,368,840 | 2h39m | 3.142 | — | — | — | —
06:51:24 | 4.3 | 2/10 | 2150/4369 |  14.92% | 3,337,728/22,368,840 | 2h38m | 3.143 | — | — | — | —
06:51:30 | 4.3 | 2/10 | 2175/4369 |  14.98% | 3,350,528/22,368,840 | 2h38m | 3.206 | — | — | — | —
06:51:36 | 4.3 | 2/10 | 2200/4369 |  15.04% | 3,363,328/22,368,840 | 2h38m | 3.290 | — | — | — | —
06:51:42 | 4.3 | 2/10 | 2225/4369 |  15.09% | 3,376,128/22,368,840 | 2h38m | 3.177 | — | — | — | —
06:51:49 | 4.3 | 2/10 | 2250/4369 |  15.15% | 3,388,928/22,368,840 | 2h38m | 3.283 | — | — | — | —
06:51:55 | 4.3 | 2/10 | 2275/4369 |  15.21% | 3,401,728/22,368,840 | 2h38m | 3.225 | — | — | — | —
06:52:02 | 4.3 | 2/10 | 2300/4369 |  15.26% | 3,414,528/22,368,840 | 2h38m | 3.099 | — | — | — | —
06:52:08 | 4.3 | 2/10 | 2325/4369 |  15.32% | 3,427,328/22,368,840 | 2h38m | 3.189 | — | — | — | —
06:52:14 | 4.3 | 2/10 | 2350/4369 |  15.38% | 3,440,128/22,368,840 | 2h37m | 3.207 | — | — | — | —
06:52:21 | 4.3 | 2/10 | 2375/4369 |  15.44% | 3,452,928/22,368,840 | 2h37m | 2.980 | — | — | — | —
06:52:27 | 4.3 | 2/10 | 2400/4369 |  15.49% | 3,465,728/22,368,840 | 2h37m | 3.181 | — | — | — | —
06:52:33 | 4.3 | 2/10 | 2425/4369 |  15.55% | 3,478,528/22,368,840 | 2h37m | 3.111 | — | — | — | —
06:52:39 | 4.3 | 2/10 | 2450/4369 |  15.61% | 3,491,328/22,368,840 | 2h37m | 3.138 | — | — | — | —
06:52:46 | 4.3 | 2/10 | 2475/4369 |  15.66% | 3,504,128/22,368,840 | 2h37m | 3.160 | — | — | — | —
06:52:52 | 4.3 | 2/10 | 2500/4369 |  15.72% | 3,516,928/22,368,840 | 2h37m | 3.214 | — | — | — | —
06:52:59 | 4.3 | 2/10 | 2525/4369 |  15.78% | 3,529,728/22,368,840 | 2h37m | 3.267 | — | — | — | —
06:53:05 | 4.3 | 2/10 | 2550/4369 |  15.84% | 3,542,528/22,368,840 | 2h37m | 3.081 | — | — | — | —
06:53:11 | 4.3 | 2/10 | 2575/4369 |  15.89% | 3,555,328/22,368,840 | 2h36m | 3.171 | — | — | — | —
06:53:18 | 4.3 | 2/10 | 2600/4369 |  15.95% | 3,568,128/22,368,840 | 2h36m | 3.167 | — | — | — | —
06:53:24 | 4.3 | 2/10 | 2625/4369 |  16.01% | 3,580,928/22,368,840 | 2h36m | 3.216 | — | — | — | —
06:53:30 | 4.3 | 2/10 | 2650/4369 |  16.07% | 3,593,728/22,368,840 | 2h36m | 3.312 | — | — | — | —
06:53:36 | 4.3 | 2/10 | 2675/4369 |  16.12% | 3,606,528/22,368,840 | 2h36m | 3.126 | — | — | — | —
06:53:43 | 4.3 | 2/10 | 2700/4369 |  16.18% | 3,619,328/22,368,840 | 2h36m | 3.121 | — | — | — | —
06:53:49 | 4.3 | 2/10 | 2725/4369 |  16.24% | 3,632,128/22,368,840 | 2h36m | 3.107 | — | — | — | —
06:53:55 | 4.3 | 2/10 | 2750/4369 |  16.29% | 3,644,928/22,368,840 | 2h36m | 3.026 | — | — | — | —
06:54:01 | 4.3 | 2/10 | 2775/4369 |  16.35% | 3,657,728/22,368,840 | 2h35m | 3.009 | — | — | — | —
06:54:08 | 4.3 | 2/10 | 2800/4369 |  16.41% | 3,670,528/22,368,840 | 2h35m | 2.990 | — | — | — | —
06:54:14 | 4.3 | 2/10 | 2825/4369 |  16.47% | 3,683,328/22,368,840 | 2h35m | 3.226 | — | — | — | —
06:54:20 | 4.3 | 2/10 | 2850/4369 |  16.52% | 3,696,128/22,368,840 | 2h35m | 3.106 | — | — | — | —
06:54:27 | 4.3 | 2/10 | 2875/4369 |  16.58% | 3,708,928/22,368,840 | 2h35m | 3.128 | — | — | — | —
06:54:33 | 4.3 | 2/10 | 2900/4369 |  16.64% | 3,721,728/22,368,840 | 2h35m | 3.178 | — | — | — | —
06:54:40 | 4.3 | 2/10 | 2925/4369 |  16.69% | 3,734,528/22,368,840 | 2h35m | 3.122 | — | — | — | —
06:54:46 | 4.3 | 2/10 | 2950/4369 |  16.75% | 3,747,328/22,368,840 | 2h35m | 3.168 | — | — | — | —
06:54:52 | 4.3 | 2/10 | 2975/4369 |  16.81% | 3,760,128/22,368,840 | 2h35m | 3.246 | — | — | — | —
06:54:58 | 4.3 | 2/10 | 3000/4369 |  16.87% | 3,772,928/22,368,840 | 2h34m | 3.070 | — | — | — | —
06:55:05 | 4.3 | 2/10 | 3025/4369 |  16.92% | 3,785,728/22,368,840 | 2h34m | 3.261 | — | — | — | —
06:55:11 | 4.3 | 2/10 | 3050/4369 |  16.98% | 3,798,528/22,368,840 | 2h34m | 3.130 | — | — | — | —
06:55:18 | 4.3 | 2/10 | 3075/4369 |  17.04% | 3,811,328/22,368,840 | 2h34m | 3.090 | — | — | — | —
06:55:25 | 4.3 | 2/10 | 3100/4369 |  17.10% | 3,824,128/22,368,840 | 2h34m | 3.133 | — | — | — | —
06:55:31 | 4.3 | 2/10 | 3125/4369 |  17.15% | 3,836,928/22,368,840 | 2h34m | 3.151 | — | — | — | —
06:55:37 | 4.3 | 2/10 | 3150/4369 |  17.21% | 3,849,728/22,368,840 | 2h34m | 3.068 | — | — | — | —
06:55:44 | 4.3 | 2/10 | 3175/4369 |  17.27% | 3,862,528/22,368,840 | 2h34m | 3.205 | — | — | — | —
06:55:50 | 4.3 | 2/10 | 3200/4369 |  17.32% | 3,875,328/22,368,840 | 2h34m | 3.153 | — | — | — | —
06:55:56 | 4.3 | 2/10 | 3225/4369 |  17.38% | 3,888,128/22,368,840 | 2h34m | 3.108 | — | — | — | —
06:56:03 | 4.3 | 2/10 | 3250/4369 |  17.44% | 3,900,928/22,368,840 | 2h33m | 3.202 | — | — | — | —
06:56:09 | 4.3 | 2/10 | 3275/4369 |  17.50% | 3,913,728/22,368,840 | 2h33m | 3.004 | — | — | — | —
06:56:16 | 4.3 | 2/10 | 3300/4369 |  17.55% | 3,926,528/22,368,840 | 2h33m | 3.171 | — | — | — | —
06:56:22 | 4.3 | 2/10 | 3325/4369 |  17.61% | 3,939,328/22,368,840 | 2h33m | 3.103 | — | — | — | —
06:56:29 | 4.3 | 2/10 | 3350/4369 |  17.67% | 3,952,128/22,368,840 | 2h33m | 3.216 | — | — | — | —
06:56:35 | 4.3 | 2/10 | 3375/4369 |  17.72% | 3,964,928/22,368,840 | 2h33m | 3.089 | — | — | — | —
06:56:41 | 4.3 | 2/10 | 3400/4369 |  17.78% | 3,977,728/22,368,840 | 2h33m | 3.096 | — | — | — | —
06:56:47 | 4.3 | 2/10 | 3425/4369 |  17.84% | 3,990,528/22,368,840 | 2h33m | 3.174 | — | — | — | —
06:56:53 | 4.3 | 2/10 | 3450/4369 |  17.90% | 4,003,328/22,368,840 | 2h33m | 3.220 | — | — | — | —
06:57:00 | 4.3 | 2/10 | 3475/4369 |  17.95% | 4,016,128/22,368,840 | 2h32m | 3.164 | — | — | — | —
06:57:07 | 4.3 | 2/10 | 3500/4369 |  18.01% | 4,028,928/22,368,840 | 2h32m | 3.167 | — | — | — | —
06:57:13 | 4.3 | 2/10 | 3525/4369 |  18.07% | 4,041,728/22,368,840 | 2h32m | 2.984 | — | — | — | —
06:57:19 | 4.3 | 2/10 | 3550/4369 |  18.13% | 4,054,528/22,368,840 | 2h32m | 3.000 | — | — | — | —
06:57:26 | 4.3 | 2/10 | 3575/4369 |  18.18% | 4,067,328/22,368,840 | 2h32m | 3.244 | — | — | — | —
06:57:32 | 4.3 | 2/10 | 3600/4369 |  18.24% | 4,080,128/22,368,840 | 2h32m | 3.189 | — | — | — | —
06:57:38 | 4.3 | 2/10 | 3625/4369 |  18.30% | 4,092,928/22,368,840 | 2h32m | 3.102 | — | — | — | —
06:57:44 | 4.3 | 2/10 | 3650/4369 |  18.35% | 4,105,728/22,368,840 | 2h32m | 2.908 | — | — | — | —
06:57:51 | 4.3 | 2/10 | 3675/4369 |  18.41% | 4,118,528/22,368,840 | 2h32m | 3.014 | — | — | — | —
06:57:58 | 4.3 | 2/10 | 3700/4369 |  18.47% | 4,131,328/22,368,840 | 2h31m | 3.026 | — | — | — | —
06:58:04 | 4.3 | 2/10 | 3725/4369 |  18.53% | 4,144,128/22,368,840 | 2h31m | 3.187 | — | — | — | —
06:58:10 | 4.3 | 2/10 | 3750/4369 |  18.58% | 4,156,928/22,368,840 | 2h31m | 2.993 | — | — | — | —
06:58:17 | 4.3 | 2/10 | 3775/4369 |  18.64% | 4,169,728/22,368,840 | 2h31m | 3.201 | — | — | — | —
06:58:23 | 4.3 | 2/10 | 3800/4369 |  18.70% | 4,182,528/22,368,840 | 2h31m | 3.232 | — | — | — | —
06:58:29 | 4.3 | 2/10 | 3825/4369 |  18.75% | 4,195,328/22,368,840 | 2h31m | 3.118 | — | — | — | —
06:58:35 | 4.3 | 2/10 | 3850/4369 |  18.81% | 4,208,128/22,368,840 | 2h31m | 3.073 | — | — | — | —
06:58:42 | 4.3 | 2/10 | 3875/4369 |  18.87% | 4,220,928/22,368,840 | 2h31m | 3.221 | — | — | — | —
06:58:49 | 4.3 | 2/10 | 3900/4369 |  18.93% | 4,233,728/22,368,840 | 2h31m | 3.124 | — | — | — | —
06:58:55 | 4.3 | 2/10 | 3925/4369 |  18.98% | 4,246,528/22,368,840 | 2h31m | 3.080 | — | — | — | —
06:59:01 | 4.3 | 2/10 | 3950/4369 |  19.04% | 4,259,328/22,368,840 | 2h30m | 3.064 | — | — | — | —
06:59:07 | 4.3 | 2/10 | 3975/4369 |  19.10% | 4,272,128/22,368,840 | 2h30m | 3.057 | — | — | — | —
06:59:14 | 4.3 | 2/10 | 4000/4369 |  19.16% | 4,284,928/22,368,840 | 2h30m | 3.127 | — | — | — | —
06:59:20 | 4.3 | 2/10 | 4025/4369 |  19.21% | 4,297,728/22,368,840 | 2h30m | 3.072 | — | — | — | —
06:59:26 | 4.3 | 2/10 | 4050/4369 |  19.27% | 4,310,528/22,368,840 | 2h30m | 3.132 | — | — | — | —
06:59:32 | 4.3 | 2/10 | 4075/4369 |  19.33% | 4,323,328/22,368,840 | 2h30m | 3.099 | — | — | — | —
06:59:39 | 4.3 | 2/10 | 4100/4369 |  19.38% | 4,336,128/22,368,840 | 2h30m | 3.199 | — | — | — | —
06:59:46 | 4.3 | 2/10 | 4125/4369 |  19.44% | 4,348,928/22,368,840 | 2h30m | 2.940 | — | — | — | —
06:59:52 | 4.3 | 2/10 | 4150/4369 |  19.50% | 4,361,728/22,368,840 | 2h29m | 3.088 | — | — | — | —
06:59:58 | 4.3 | 2/10 | 4175/4369 |  19.56% | 4,374,528/22,368,840 | 2h29m | 3.057 | — | — | — | —
07:00:04 | 4.3 | 2/10 | 4200/4369 |  19.61% | 4,387,328/22,368,840 | 2h29m | 3.064 | — | — | — | —
07:00:11 | 4.3 | 2/10 | 4225/4369 |  19.67% | 4,400,128/22,368,840 | 2h29m | 3.137 | — | — | — | —
07:00:17 | 4.3 | 2/10 | 4250/4369 |  19.73% | 4,412,928/22,368,840 | 2h29m | 3.108 | — | — | — | —
07:00:23 | 4.3 | 2/10 | 4275/4369 |  19.78% | 4,425,728/22,368,840 | 2h29m | 3.026 | — | — | — | —
07:00:30 | 4.3 | 2/10 | 4300/4369 |  19.84% | 4,438,528/22,368,840 | 2h29m | 3.083 | — | — | — | —
07:00:36 | 4.3 | 2/10 | 4325/4369 |  19.90% | 4,451,328/22,368,840 | 2h29m | 3.150 | — | — | — | —
07:00:42 | 4.3 | 2/10 | 4350/4369 |  19.96% | 4,464,128/22,368,840 | 2h29m | 3.149 | — | — | — | —
07:00:47 | 4.3 | 2/10 | 4369/4369 |  20.00% | 4,473,856/22,368,840 | 2h29m | 2.922 | — | — | — | —
07:00:58 | validation | 2/10 | epoch-end |  20.00% | 4,473,768/22,368,840 | 2h29m | 3.160 |  53.08% |  42.55% |   4.11% | 1.556
07:00:58 | 4.3 | 3/10 | 1/4369 |  20.00% | 4,474,368/22,368,840 | 2h29m | 3.148 | — | — | — | —
07:01:04 | 4.3 | 3/10 | 25/4369 |  20.06% | 4,486,656/22,368,840 | 2h29m | 2.993 | — | — | — | —
07:01:11 | 4.3 | 3/10 | 50/4369 |  20.11% | 4,499,456/22,368,840 | 2h29m | 3.081 | — | — | — | —
07:01:17 | 4.3 | 3/10 | 75/4369 |  20.17% | 4,512,256/22,368,840 | 2h29m | 2.972 | — | — | — | —
07:01:24 | 4.3 | 3/10 | 100/4369 |  20.23% | 4,525,056/22,368,840 | 2h29m | 3.090 | — | — | — | —
07:01:31 | 4.3 | 3/10 | 125/4369 |  20.29% | 4,537,856/22,368,840 | 2h29m | 3.031 | — | — | — | —
07:01:37 | 4.3 | 3/10 | 150/4369 |  20.34% | 4,550,656/22,368,840 | 2h29m | 3.061 | — | — | — | —
07:01:43 | 4.3 | 3/10 | 175/4369 |  20.40% | 4,563,456/22,368,840 | 2h28m | 3.010 | — | — | — | —
07:01:49 | 4.3 | 3/10 | 200/4369 |  20.46% | 4,576,256/22,368,840 | 2h28m | 3.056 | — | — | — | —
07:01:56 | 4.3 | 3/10 | 225/4369 |  20.51% | 4,589,056/22,368,840 | 2h28m | 3.165 | — | — | — | —
07:02:02 | 4.3 | 3/10 | 250/4369 |  20.57% | 4,601,856/22,368,840 | 2h28m | 3.165 | — | — | — | —
07:02:08 | 4.3 | 3/10 | 275/4369 |  20.63% | 4,614,656/22,368,840 | 2h28m | 3.026 | — | — | — | —
07:02:15 | 4.3 | 3/10 | 300/4369 |  20.69% | 4,627,456/22,368,840 | 2h28m | 3.012 | — | — | — | —
07:02:21 | 4.3 | 3/10 | 325/4369 |  20.74% | 4,640,256/22,368,840 | 2h28m | 3.081 | — | — | — | —
07:02:28 | 4.3 | 3/10 | 350/4369 |  20.80% | 4,653,056/22,368,840 | 2h28m | 3.122 | — | — | — | —
07:02:34 | 4.3 | 3/10 | 375/4369 |  20.86% | 4,665,856/22,368,840 | 2h28m | 3.079 | — | — | — | —
07:02:40 | 4.3 | 3/10 | 400/4369 |  20.92% | 4,678,656/22,368,840 | 2h27m | 2.975 | — | — | — | —
07:02:46 | 4.3 | 3/10 | 425/4369 |  20.97% | 4,691,456/22,368,840 | 2h27m | 3.028 | — | — | — | —
07:02:52 | 4.3 | 3/10 | 450/4369 |  21.03% | 4,704,256/22,368,840 | 2h27m | 3.012 | — | — | — | —
07:02:59 | 4.3 | 3/10 | 475/4369 |  21.09% | 4,717,056/22,368,840 | 2h27m | 2.972 | — | — | — | —
07:03:06 | 4.3 | 3/10 | 500/4369 |  21.14% | 4,729,856/22,368,840 | 2h27m | 3.009 | — | — | — | —
07:03:12 | 4.3 | 3/10 | 525/4369 |  21.20% | 4,742,656/22,368,840 | 2h27m | 3.159 | — | — | — | —
07:03:18 | 4.3 | 3/10 | 550/4369 |  21.26% | 4,755,456/22,368,840 | 2h27m | 3.069 | — | — | — | —
07:03:24 | 4.3 | 3/10 | 575/4369 |  21.32% | 4,768,256/22,368,840 | 2h27m | 3.221 | — | — | — | —
07:03:30 | 4.3 | 3/10 | 600/4369 |  21.37% | 4,781,056/22,368,840 | 2h27m | 3.091 | — | — | — | —
07:03:37 | 4.3 | 3/10 | 625/4369 |  21.43% | 4,793,856/22,368,840 | 2h26m | 3.072 | — | — | — | —
07:03:43 | 4.3 | 3/10 | 650/4369 |  21.49% | 4,806,656/22,368,840 | 2h26m | 3.070 | — | — | — | —
07:03:50 | 4.3 | 3/10 | 675/4369 |  21.54% | 4,819,456/22,368,840 | 2h26m | 3.024 | — | — | — | —
07:03:56 | 4.3 | 3/10 | 700/4369 |  21.60% | 4,832,256/22,368,840 | 2h26m | 3.115 | — | — | — | —
07:04:02 | 4.3 | 3/10 | 725/4369 |  21.66% | 4,845,056/22,368,840 | 2h26m | 3.178 | — | — | — | —
07:04:08 | 4.3 | 3/10 | 750/4369 |  21.72% | 4,857,856/22,368,840 | 2h26m | 3.116 | — | — | — | —
07:04:15 | 4.3 | 3/10 | 775/4369 |  21.77% | 4,870,656/22,368,840 | 2h26m | 3.052 | — | — | — | —
07:04:21 | 4.3 | 3/10 | 800/4369 |  21.83% | 4,883,456/22,368,840 | 2h26m | 2.977 | — | — | — | —
07:04:27 | 4.3 | 3/10 | 825/4369 |  21.89% | 4,896,256/22,368,840 | 2h26m | 3.136 | — | — | — | —
07:04:34 | 4.3 | 3/10 | 850/4369 |  21.95% | 4,909,056/22,368,840 | 2h25m | 3.002 | — | — | — | —
07:04:41 | 4.3 | 3/10 | 875/4369 |  22.00% | 4,921,856/22,368,840 | 2h25m | 3.056 | — | — | — | —
07:04:47 | 4.3 | 3/10 | 900/4369 |  22.06% | 4,934,656/22,368,840 | 2h25m | 3.153 | — | — | — | —
07:04:53 | 4.3 | 3/10 | 925/4369 |  22.12% | 4,947,456/22,368,840 | 2h25m | 3.141 | — | — | — | —
07:04:59 | 4.3 | 3/10 | 950/4369 |  22.17% | 4,960,256/22,368,840 | 2h25m | 3.089 | — | — | — | —
07:05:05 | 4.3 | 3/10 | 975/4369 |  22.23% | 4,973,056/22,368,840 | 2h25m | 2.983 | — | — | — | —
07:05:12 | 4.3 | 3/10 | 1000/4369 |  22.29% | 4,985,856/22,368,840 | 2h25m | 3.085 | — | — | — | —
07:05:19 | 4.3 | 3/10 | 1025/4369 |  22.35% | 4,998,656/22,368,840 | 2h25m | 3.061 | — | — | — | —
07:05:25 | 4.3 | 3/10 | 1050/4369 |  22.40% | 5,011,456/22,368,840 | 2h25m | 3.195 | — | — | — | —
07:05:31 | 4.3 | 3/10 | 1075/4369 |  22.46% | 5,024,256/22,368,840 | 2h24m | 3.097 | — | — | — | —
07:05:37 | 4.3 | 3/10 | 1100/4369 |  22.52% | 5,037,056/22,368,840 | 2h24m | 3.075 | — | — | — | —
07:05:44 | 4.3 | 3/10 | 1125/4369 |  22.57% | 5,049,856/22,368,840 | 2h24m | 3.147 | — | — | — | —
07:05:50 | 4.3 | 3/10 | 1150/4369 |  22.63% | 5,062,656/22,368,840 | 2h24m | 3.100 | — | — | — | —
07:05:57 | 4.3 | 3/10 | 1175/4369 |  22.69% | 5,075,456/22,368,840 | 2h24m | 2.954 | — | — | — | —
07:06:04 | 4.3 | 3/10 | 1200/4369 |  22.75% | 5,088,256/22,368,840 | 2h24m | 3.050 | — | — | — | —
07:06:10 | 4.3 | 3/10 | 1225/4369 |  22.80% | 5,101,056/22,368,840 | 2h24m | 3.042 | — | — | — | —
07:06:16 | 4.3 | 3/10 | 1250/4369 |  22.86% | 5,113,856/22,368,840 | 2h24m | 3.016 | — | — | — | —
07:06:22 | 4.3 | 3/10 | 1275/4369 |  22.92% | 5,126,656/22,368,840 | 2h24m | 3.211 | — | — | — | —
07:06:28 | 4.3 | 3/10 | 1300/4369 |  22.98% | 5,139,456/22,368,840 | 2h23m | 3.063 | — | — | — | —
07:06:35 | 4.3 | 3/10 | 1325/4369 |  23.03% | 5,152,256/22,368,840 | 2h23m | 2.895 | — | — | — | —
07:06:42 | 4.3 | 3/10 | 1350/4369 |  23.09% | 5,165,056/22,368,840 | 2h23m | 3.025 | — | — | — | —
07:06:48 | 4.3 | 3/10 | 1375/4369 |  23.15% | 5,177,856/22,368,840 | 2h23m | 2.988 | — | — | — | —
07:06:54 | 4.3 | 3/10 | 1400/4369 |  23.20% | 5,190,656/22,368,840 | 2h23m | 2.911 | — | — | — | —
07:07:00 | 4.3 | 3/10 | 1425/4369 |  23.26% | 5,203,456/22,368,840 | 2h23m | 3.061 | — | — | — | —
07:07:06 | 4.3 | 3/10 | 1450/4369 |  23.32% | 5,216,256/22,368,840 | 2h23m | 3.012 | — | — | — | —
07:07:13 | 4.3 | 3/10 | 1475/4369 |  23.38% | 5,229,056/22,368,840 | 2h23m | 3.143 | — | — | — | —
07:07:20 | 4.3 | 3/10 | 1500/4369 |  23.43% | 5,241,856/22,368,840 | 2h23m | 2.916 | — | — | — | —
07:07:26 | 4.3 | 3/10 | 1525/4369 |  23.49% | 5,254,656/22,368,840 | 2h22m | 2.956 | — | — | — | —
07:07:32 | 4.3 | 3/10 | 1550/4369 |  23.55% | 5,267,456/22,368,840 | 2h22m | 3.012 | — | — | — | —
07:07:39 | 4.3 | 3/10 | 1575/4369 |  23.60% | 5,280,256/22,368,840 | 2h22m | 2.907 | — | — | — | —
07:07:45 | 4.3 | 3/10 | 1600/4369 |  23.66% | 5,293,056/22,368,840 | 2h22m | 3.076 | — | — | — | —
07:07:51 | 4.3 | 3/10 | 1625/4369 |  23.72% | 5,305,856/22,368,840 | 2h22m | 2.962 | — | — | — | —
07:07:58 | 4.3 | 3/10 | 1650/4369 |  23.78% | 5,318,656/22,368,840 | 2h22m | 3.126 | — | — | — | —
07:08:04 | 4.3 | 3/10 | 1675/4369 |  23.83% | 5,331,456/22,368,840 | 2h22m | 2.990 | — | — | — | —
07:08:11 | 4.3 | 3/10 | 1700/4369 |  23.89% | 5,344,256/22,368,840 | 2h22m | 3.048 | — | — | — | —
07:08:17 | 4.3 | 3/10 | 1725/4369 |  23.95% | 5,357,056/22,368,840 | 2h22m | 3.163 | — | — | — | —
07:08:23 | 4.3 | 3/10 | 1750/4369 |  24.01% | 5,369,856/22,368,840 | 2h21m | 3.001 | — | — | — | —
07:08:30 | 4.3 | 3/10 | 1775/4369 |  24.06% | 5,382,656/22,368,840 | 2h21m | 2.990 | — | — | — | —
07:08:36 | 4.3 | 3/10 | 1800/4369 |  24.12% | 5,395,456/22,368,840 | 2h21m | 2.910 | — | — | — | —
07:08:43 | 4.3 | 3/10 | 1825/4369 |  24.18% | 5,408,256/22,368,840 | 2h21m | 3.202 | — | — | — | —
07:08:49 | 4.3 | 3/10 | 1850/4369 |  24.23% | 5,421,056/22,368,840 | 2h21m | 3.102 | — | — | — | —
07:08:55 | 4.3 | 3/10 | 1875/4369 |  24.29% | 5,433,856/22,368,840 | 2h21m | 3.054 | — | — | — | —
07:09:01 | 4.3 | 3/10 | 1900/4369 |  24.35% | 5,446,656/22,368,840 | 2h21m | 3.125 | — | — | — | —
07:09:08 | 4.3 | 3/10 | 1925/4369 |  24.41% | 5,459,456/22,368,840 | 2h21m | 3.098 | — | — | — | —
07:09:14 | 4.3 | 3/10 | 1950/4369 |  24.46% | 5,472,256/22,368,840 | 2h21m | 3.084 | — | — | — | —
07:09:21 | 4.3 | 3/10 | 1975/4369 |  24.52% | 5,485,056/22,368,840 | 2h21m | 3.141 | — | — | — | —
07:09:27 | 4.3 | 3/10 | 2000/4369 |  24.58% | 5,497,856/22,368,840 | 2h20m | 2.874 | — | — | — | —
07:09:33 | 4.3 | 3/10 | 2025/4369 |  24.63% | 5,510,656/22,368,840 | 2h20m | 3.106 | — | — | — | —
07:09:39 | 4.3 | 3/10 | 2050/4369 |  24.69% | 5,523,456/22,368,840 | 2h20m | 3.093 | — | — | — | —
07:09:46 | 4.3 | 3/10 | 2075/4369 |  24.75% | 5,536,256/22,368,840 | 2h20m | 2.983 | — | — | — | —
07:09:53 | 4.3 | 3/10 | 2100/4369 |  24.81% | 5,549,056/22,368,840 | 2h20m | 3.117 | — | — | — | —
07:09:59 | 4.3 | 3/10 | 2125/4369 |  24.86% | 5,561,856/22,368,840 | 2h20m | 3.123 | — | — | — | —
07:10:05 | 4.3 | 3/10 | 2150/4369 |  24.92% | 5,574,656/22,368,840 | 2h20m | 3.054 | — | — | — | —
07:10:11 | 4.3 | 3/10 | 2175/4369 |  24.98% | 5,587,456/22,368,840 | 2h20m | 3.037 | — | — | — | —
07:10:18 | 4.3 | 3/10 | 2200/4369 |  25.04% | 5,600,256/22,368,840 | 2h20m | 3.123 | — | — | — | —
07:10:25 | 4.3 | 3/10 | 2225/4369 |  25.09% | 5,613,056/22,368,840 | 2h19m | 2.961 | — | — | — | —
07:10:31 | 4.3 | 3/10 | 2250/4369 |  25.15% | 5,625,856/22,368,840 | 2h19m | 3.119 | — | — | — | —
07:10:38 | 4.3 | 3/10 | 2275/4369 |  25.21% | 5,638,656/22,368,840 | 2h19m | 3.156 | — | — | — | —
07:10:44 | 4.3 | 3/10 | 2300/4369 |  25.26% | 5,651,456/22,368,840 | 2h19m | 3.010 | — | — | — | —
07:10:50 | 4.3 | 3/10 | 2325/4369 |  25.32% | 5,664,256/22,368,840 | 2h19m | 3.119 | — | — | — | —
07:10:57 | 4.3 | 3/10 | 2350/4369 |  25.38% | 5,677,056/22,368,840 | 2h19m | 3.077 | — | — | — | —
07:11:03 | 4.3 | 3/10 | 2375/4369 |  25.44% | 5,689,856/22,368,840 | 2h19m | 3.074 | — | — | — | —
07:11:10 | 4.3 | 3/10 | 2400/4369 |  25.49% | 5,702,656/22,368,840 | 2h19m | 2.909 | — | — | — | —
07:11:16 | 4.3 | 3/10 | 2425/4369 |  25.55% | 5,715,456/22,368,840 | 2h19m | 3.118 | — | — | — | —
07:11:22 | 4.3 | 3/10 | 2450/4369 |  25.61% | 5,728,256/22,368,840 | 2h18m | 3.217 | — | — | — | —
07:11:28 | 4.3 | 3/10 | 2475/4369 |  25.66% | 5,741,056/22,368,840 | 2h18m | 3.027 | — | — | — | —
07:11:35 | 4.3 | 3/10 | 2500/4369 |  25.72% | 5,753,856/22,368,840 | 2h18m | 3.068 | — | — | — | —
07:11:41 | 4.3 | 3/10 | 2525/4369 |  25.78% | 5,766,656/22,368,840 | 2h18m | 3.038 | — | — | — | —
07:11:48 | 4.3 | 3/10 | 2550/4369 |  25.84% | 5,779,456/22,368,840 | 2h18m | 3.018 | — | — | — | —
07:11:54 | 4.3 | 3/10 | 2575/4369 |  25.89% | 5,792,256/22,368,840 | 2h18m | 3.112 | — | — | — | —
07:12:00 | 4.3 | 3/10 | 2600/4369 |  25.95% | 5,805,056/22,368,840 | 2h18m | 3.156 | — | — | — | —
07:12:06 | 4.3 | 3/10 | 2625/4369 |  26.01% | 5,817,856/22,368,840 | 2h18m | 3.101 | — | — | — | —
07:12:14 | 4.3 | 3/10 | 2650/4369 |  26.07% | 5,830,656/22,368,840 | 2h18m | 3.029 | — | — | — | —
07:12:20 | 4.3 | 3/10 | 2675/4369 |  26.12% | 5,843,456/22,368,840 | 2h18m | 3.112 | — | — | — | —
07:12:26 | 4.3 | 3/10 | 2700/4369 |  26.18% | 5,856,256/22,368,840 | 2h17m | 2.991 | — | — | — | —
07:12:32 | 4.3 | 3/10 | 2725/4369 |  26.24% | 5,869,056/22,368,840 | 2h17m | 2.968 | — | — | — | —
07:12:39 | 4.3 | 3/10 | 2750/4369 |  26.29% | 5,881,856/22,368,840 | 2h17m | 3.013 | — | — | — | —
07:12:46 | 4.3 | 3/10 | 2775/4369 |  26.35% | 5,894,656/22,368,840 | 2h17m | 3.212 | — | — | — | —
07:12:52 | 4.3 | 3/10 | 2800/4369 |  26.41% | 5,907,456/22,368,840 | 2h17m | 2.990 | — | — | — | —
07:12:58 | 4.3 | 3/10 | 2825/4369 |  26.47% | 5,920,256/22,368,840 | 2h17m | 3.046 | — | — | — | —
07:13:04 | 4.3 | 3/10 | 2850/4369 |  26.52% | 5,933,056/22,368,840 | 2h17m | 3.066 | — | — | — | —
07:13:11 | 4.3 | 3/10 | 2875/4369 |  26.58% | 5,945,856/22,368,840 | 2h17m | 3.053 | — | — | — | —
07:13:17 | 4.3 | 3/10 | 2900/4369 |  26.64% | 5,958,656/22,368,840 | 2h17m | 3.016 | — | — | — | —
07:13:24 | 4.3 | 3/10 | 2925/4369 |  26.69% | 5,971,456/22,368,840 | 2h16m | 3.098 | — | — | — | —
07:13:30 | 4.3 | 3/10 | 2950/4369 |  26.75% | 5,984,256/22,368,840 | 2h16m | 2.969 | — | — | — | —
07:13:37 | 4.3 | 3/10 | 2975/4369 |  26.81% | 5,997,056/22,368,840 | 2h16m | 3.026 | — | — | — | —
07:13:43 | 4.3 | 3/10 | 3000/4369 |  26.87% | 6,009,856/22,368,840 | 2h16m | 3.100 | — | — | — | —
07:13:50 | 4.3 | 3/10 | 3025/4369 |  26.92% | 6,022,656/22,368,840 | 2h16m | 3.056 | — | — | — | —
07:13:56 | 4.3 | 3/10 | 3050/4369 |  26.98% | 6,035,456/22,368,840 | 2h16m | 3.166 | — | — | — | —
07:14:02 | 4.3 | 3/10 | 3075/4369 |  27.04% | 6,048,256/22,368,840 | 2h16m | 2.947 | — | — | — | —
07:14:09 | 4.3 | 3/10 | 3100/4369 |  27.10% | 6,061,056/22,368,840 | 2h16m | 2.959 | — | — | — | —
07:14:16 | 4.3 | 3/10 | 3125/4369 |  27.15% | 6,073,856/22,368,840 | 2h16m | 2.927 | — | — | — | —
07:14:22 | 4.3 | 3/10 | 3150/4369 |  27.21% | 6,086,656/22,368,840 | 2h16m | 3.127 | — | — | — | —
07:14:28 | 4.3 | 3/10 | 3175/4369 |  27.27% | 6,099,456/22,368,840 | 2h15m | 3.083 | — | — | — | —
07:14:35 | 4.3 | 3/10 | 3200/4369 |  27.32% | 6,112,256/22,368,840 | 2h15m | 3.078 | — | — | — | —
07:14:41 | 4.3 | 3/10 | 3225/4369 |  27.38% | 6,125,056/22,368,840 | 2h15m | 3.098 | — | — | — | —
07:14:47 | 4.3 | 3/10 | 3250/4369 |  27.44% | 6,137,856/22,368,840 | 2h15m | 3.072 | — | — | — | —
07:14:55 | 4.3 | 3/10 | 3275/4369 |  27.50% | 6,150,656/22,368,840 | 2h15m | 3.008 | — | — | — | —
07:15:01 | 4.3 | 3/10 | 3300/4369 |  27.55% | 6,163,456/22,368,840 | 2h15m | 3.049 | — | — | — | —
07:15:07 | 4.3 | 3/10 | 3325/4369 |  27.61% | 6,176,256/22,368,840 | 2h15m | 2.974 | — | — | — | —
07:15:13 | 4.3 | 3/10 | 3350/4369 |  27.67% | 6,189,056/22,368,840 | 2h15m | 3.087 | — | — | — | —
07:15:20 | 4.3 | 3/10 | 3375/4369 |  27.72% | 6,201,856/22,368,840 | 2h15m | 3.009 | — | — | — | —
07:15:27 | 4.3 | 3/10 | 3400/4369 |  27.78% | 6,214,656/22,368,840 | 2h14m | 3.006 | — | — | — | —
07:15:33 | 4.3 | 3/10 | 3425/4369 |  27.84% | 6,227,456/22,368,840 | 2h14m | 3.006 | — | — | — | —
07:15:39 | 4.3 | 3/10 | 3450/4369 |  27.90% | 6,240,256/22,368,840 | 2h14m | 2.958 | — | — | — | —
07:15:46 | 4.3 | 3/10 | 3475/4369 |  27.95% | 6,253,056/22,368,840 | 2h14m | 3.127 | — | — | — | —
07:15:53 | 4.3 | 3/10 | 3500/4369 |  28.01% | 6,265,856/22,368,840 | 2h14m | 2.880 | — | — | — | —
07:15:59 | 4.3 | 3/10 | 3525/4369 |  28.07% | 6,278,656/22,368,840 | 2h14m | 3.049 | — | — | — | —
07:16:05 | 4.3 | 3/10 | 3550/4369 |  28.13% | 6,291,456/22,368,840 | 2h14m | 2.933 | — | — | — | —
07:16:11 | 4.3 | 3/10 | 3575/4369 |  28.18% | 6,304,256/22,368,840 | 2h14m | 2.902 | — | — | — | —
07:16:18 | 4.3 | 3/10 | 3600/4369 |  28.24% | 6,317,056/22,368,840 | 2h14m | 2.941 | — | — | — | —
07:16:25 | 4.3 | 3/10 | 3625/4369 |  28.30% | 6,329,856/22,368,840 | 2h14m | 3.077 | — | — | — | —
07:16:31 | 4.3 | 3/10 | 3650/4369 |  28.35% | 6,342,656/22,368,840 | 2h13m | 3.171 | — | — | — | —
07:16:38 | 4.3 | 3/10 | 3675/4369 |  28.41% | 6,355,456/22,368,840 | 2h13m | 2.946 | — | — | — | —
07:16:45 | 4.3 | 3/10 | 3700/4369 |  28.47% | 6,368,256/22,368,840 | 2h13m | 2.927 | — | — | — | —
07:16:51 | 4.3 | 3/10 | 3725/4369 |  28.53% | 6,381,056/22,368,840 | 2h13m | 3.101 | — | — | — | —
07:16:57 | 4.3 | 3/10 | 3750/4369 |  28.58% | 6,393,856/22,368,840 | 2h13m | 3.073 | — | — | — | —
07:17:04 | 4.3 | 3/10 | 3775/4369 |  28.64% | 6,406,656/22,368,840 | 2h13m | 3.061 | — | — | — | —
07:17:10 | 4.3 | 3/10 | 3800/4369 |  28.70% | 6,419,456/22,368,840 | 2h13m | 2.947 | — | — | — | —
07:17:17 | 4.3 | 3/10 | 3825/4369 |  28.75% | 6,432,256/22,368,840 | 2h13m | 3.099 | — | — | — | —
07:17:23 | 4.3 | 3/10 | 3850/4369 |  28.81% | 6,445,056/22,368,840 | 2h13m | 3.148 | — | — | — | —
07:17:29 | 4.3 | 3/10 | 3875/4369 |  28.87% | 6,457,856/22,368,840 | 2h12m | 3.025 | — | — | — | —
07:17:36 | 4.3 | 3/10 | 3900/4369 |  28.93% | 6,470,656/22,368,840 | 2h12m | 2.927 | — | — | — | —
07:17:43 | 4.3 | 3/10 | 3925/4369 |  28.98% | 6,483,456/22,368,840 | 2h12m | 3.014 | — | — | — | —
07:17:49 | 4.3 | 3/10 | 3950/4369 |  29.04% | 6,496,256/22,368,840 | 2h12m | 2.919 | — | — | — | —
07:17:55 | 4.3 | 3/10 | 3975/4369 |  29.10% | 6,509,056/22,368,840 | 2h12m | 3.053 | — | — | — | —
07:18:01 | 4.3 | 3/10 | 4000/4369 |  29.16% | 6,521,856/22,368,840 | 2h12m | 3.044 | — | — | — | —
07:18:07 | 4.3 | 3/10 | 4025/4369 |  29.21% | 6,534,656/22,368,840 | 2h12m | 3.094 | — | — | — | —
07:18:14 | 4.3 | 3/10 | 4050/4369 |  29.27% | 6,547,456/22,368,840 | 2h12m | 3.043 | — | — | — | —
07:18:20 | 4.3 | 3/10 | 4075/4369 |  29.33% | 6,560,256/22,368,840 | 2h12m | 3.029 | — | — | — | —
07:18:26 | 4.3 | 3/10 | 4100/4369 |  29.38% | 6,573,056/22,368,840 | 2h11m | 3.060 | — | — | — | —
07:18:32 | 4.3 | 3/10 | 4125/4369 |  29.44% | 6,585,856/22,368,840 | 2h11m | 2.930 | — | — | — | —
07:18:38 | 4.3 | 3/10 | 4150/4369 |  29.50% | 6,598,656/22,368,840 | 2h11m | 3.096 | — | — | — | —
07:18:45 | 4.3 | 3/10 | 4175/4369 |  29.56% | 6,611,456/22,368,840 | 2h11m | 3.013 | — | — | — | —
07:18:51 | 4.3 | 3/10 | 4200/4369 |  29.61% | 6,624,256/22,368,840 | 2h11m | 2.904 | — | — | — | —
07:18:57 | 4.3 | 3/10 | 4225/4369 |  29.67% | 6,637,056/22,368,840 | 2h11m | 2.959 | — | — | — | —
07:19:03 | 4.3 | 3/10 | 4250/4369 |  29.73% | 6,649,856/22,368,840 | 2h11m | 3.002 | — | — | — | —
07:19:09 | 4.3 | 3/10 | 4275/4369 |  29.78% | 6,662,656/22,368,840 | 2h11m | 3.116 | — | — | — | —
07:19:16 | 4.3 | 3/10 | 4300/4369 |  29.84% | 6,675,456/22,368,840 | 2h11m | 2.964 | — | — | — | —
07:19:22 | 4.3 | 3/10 | 4325/4369 |  29.90% | 6,688,256/22,368,840 | 2h10m | 3.127 | — | — | — | —
07:19:28 | 4.3 | 3/10 | 4350/4369 |  29.96% | 6,701,056/22,368,840 | 2h10m | 3.146 | — | — | — | —
07:19:33 | 4.3 | 3/10 | 4369/4369 |  30.00% | 6,710,784/22,368,840 | 2h10m | 3.110 | — | — | — | —
07:19:44 | validation | 3/10 | epoch-end |  30.00% | 6,710,652/22,368,840 | 2h11m | 3.053 |  54.25% |  43.41% |   4.64% | 1.538
07:19:44 | 4.3 | 4/10 | 1/4369 |  30.00% | 6,711,296/22,368,840 | 2h11m | 3.004 | — | — | — | —
07:19:50 | 4.3 | 4/10 | 25/4369 |  30.06% | 6,723,584/22,368,840 | 2h11m | 3.139 | — | — | — | —
07:19:56 | 4.3 | 4/10 | 50/4369 |  30.11% | 6,736,384/22,368,840 | 2h10m | 2.949 | — | — | — | —
07:20:03 | 4.3 | 4/10 | 75/4369 |  30.17% | 6,749,184/22,368,840 | 2h10m | 2.993 | — | — | — | —
07:20:09 | 4.3 | 4/10 | 100/4369 |  30.23% | 6,761,984/22,368,840 | 2h10m | 3.049 | — | — | — | —
07:20:15 | 4.3 | 4/10 | 125/4369 |  30.29% | 6,774,784/22,368,840 | 2h10m | 3.008 | — | — | — | —
07:20:21 | 4.3 | 4/10 | 150/4369 |  30.34% | 6,787,584/22,368,840 | 2h10m | 3.042 | — | — | — | —
07:20:28 | 4.3 | 4/10 | 175/4369 |  30.40% | 6,800,384/22,368,840 | 2h10m | 2.933 | — | — | — | —
07:20:34 | 4.3 | 4/10 | 200/4369 |  30.46% | 6,813,184/22,368,840 | 2h10m | 2.902 | — | — | — | —
07:20:40 | 4.3 | 4/10 | 225/4369 |  30.51% | 6,825,984/22,368,840 | 2h10m | 2.964 | — | — | — | —
07:20:47 | 4.3 | 4/10 | 250/4369 |  30.57% | 6,838,784/22,368,840 | 2h10m | 3.011 | — | — | — | —
07:20:53 | 4.3 | 4/10 | 275/4369 |  30.63% | 6,851,584/22,368,840 | 2h09m | 2.979 | — | — | — | —
07:20:59 | 4.3 | 4/10 | 300/4369 |  30.69% | 6,864,384/22,368,840 | 2h09m | 2.920 | — | — | — | —
07:21:05 | 4.3 | 4/10 | 325/4369 |  30.74% | 6,877,184/22,368,840 | 2h09m | 3.016 | — | — | — | —
07:21:12 | 4.3 | 4/10 | 350/4369 |  30.80% | 6,889,984/22,368,840 | 2h09m | 2.951 | — | — | — | —
07:21:18 | 4.3 | 4/10 | 375/4369 |  30.86% | 6,902,784/22,368,840 | 2h09m | 3.146 | — | — | — | —
07:21:24 | 4.3 | 4/10 | 400/4369 |  30.92% | 6,915,584/22,368,840 | 2h09m | 2.941 | — | — | — | —
07:21:30 | 4.3 | 4/10 | 425/4369 |  30.97% | 6,928,384/22,368,840 | 2h09m | 2.843 | — | — | — | —
07:21:37 | 4.3 | 4/10 | 450/4369 |  31.03% | 6,941,184/22,368,840 | 2h09m | 3.089 | — | — | — | —
07:21:43 | 4.3 | 4/10 | 475/4369 |  31.09% | 6,953,984/22,368,840 | 2h08m | 2.989 | — | — | — | —
07:21:49 | 4.3 | 4/10 | 500/4369 |  31.14% | 6,966,784/22,368,840 | 2h08m | 3.017 | — | — | — | —
07:21:56 | 4.3 | 4/10 | 525/4369 |  31.20% | 6,979,584/22,368,840 | 2h08m | 3.047 | — | — | — | —
07:22:02 | 4.3 | 4/10 | 550/4369 |  31.26% | 6,992,384/22,368,840 | 2h08m | 3.084 | — | — | — | —
07:22:09 | 4.3 | 4/10 | 575/4369 |  31.32% | 7,005,184/22,368,840 | 2h08m | 3.006 | — | — | — | —
07:22:15 | 4.3 | 4/10 | 600/4369 |  31.37% | 7,017,984/22,368,840 | 2h08m | 3.001 | — | — | — | —
07:22:21 | 4.3 | 4/10 | 625/4369 |  31.43% | 7,030,784/22,368,840 | 2h08m | 2.995 | — | — | — | —
07:22:28 | 4.3 | 4/10 | 650/4369 |  31.49% | 7,043,584/22,368,840 | 2h08m | 2.964 | — | — | — | —
07:22:34 | 4.3 | 4/10 | 675/4369 |  31.54% | 7,056,384/22,368,840 | 2h08m | 2.948 | — | — | — | —
07:22:40 | 4.3 | 4/10 | 700/4369 |  31.60% | 7,069,184/22,368,840 | 2h08m | 3.041 | — | — | — | —
07:22:47 | 4.3 | 4/10 | 725/4369 |  31.66% | 7,081,984/22,368,840 | 2h07m | 3.235 | — | — | — | —
07:22:53 | 4.3 | 4/10 | 750/4369 |  31.72% | 7,094,784/22,368,840 | 2h07m | 2.895 | — | — | — | —
07:22:59 | 4.3 | 4/10 | 775/4369 |  31.77% | 7,107,584/22,368,840 | 2h07m | 3.054 | — | — | — | —
07:23:06 | 4.3 | 4/10 | 800/4369 |  31.83% | 7,120,384/22,368,840 | 2h07m | 3.135 | — | — | — | —
07:23:13 | 4.3 | 4/10 | 825/4369 |  31.89% | 7,133,184/22,368,840 | 2h07m | 2.957 | — | — | — | —
07:23:19 | 4.3 | 4/10 | 850/4369 |  31.95% | 7,145,984/22,368,840 | 2h07m | 2.935 | — | — | — | —
07:23:25 | 4.3 | 4/10 | 875/4369 |  32.00% | 7,158,784/22,368,840 | 2h07m | 3.036 | — | — | — | —
07:23:31 | 4.3 | 4/10 | 900/4369 |  32.06% | 7,171,584/22,368,840 | 2h07m | 2.968 | — | — | — | —
07:23:38 | 4.3 | 4/10 | 925/4369 |  32.12% | 7,184,384/22,368,840 | 2h07m | 2.994 | — | — | — | —
07:23:44 | 4.3 | 4/10 | 950/4369 |  32.17% | 7,197,184/22,368,840 | 2h06m | 2.891 | — | — | — | —
07:23:51 | 4.3 | 4/10 | 975/4369 |  32.23% | 7,209,984/22,368,840 | 2h06m | 2.995 | — | — | — | —
07:23:57 | 4.3 | 4/10 | 1000/4369 |  32.29% | 7,222,784/22,368,840 | 2h06m | 2.951 | — | — | — | —
07:24:03 | 4.3 | 4/10 | 1025/4369 |  32.35% | 7,235,584/22,368,840 | 2h06m | 2.957 | — | — | — | —
07:24:09 | 4.3 | 4/10 | 1050/4369 |  32.40% | 7,248,384/22,368,840 | 2h06m | 2.985 | — | — | — | —
07:24:16 | 4.3 | 4/10 | 1075/4369 |  32.46% | 7,261,184/22,368,840 | 2h06m | 2.945 | — | — | — | —
07:24:22 | 4.3 | 4/10 | 1100/4369 |  32.52% | 7,273,984/22,368,840 | 2h06m | 2.986 | — | — | — | —
07:24:28 | 4.3 | 4/10 | 1125/4369 |  32.57% | 7,286,784/22,368,840 | 2h06m | 2.956 | — | — | — | —
07:24:34 | 4.3 | 4/10 | 1150/4369 |  32.63% | 7,299,584/22,368,840 | 2h06m | 2.942 | — | — | — | —
07:24:41 | 4.3 | 4/10 | 1175/4369 |  32.69% | 7,312,384/22,368,840 | 2h05m | 3.101 | — | — | — | —
07:24:48 | 4.3 | 4/10 | 1200/4369 |  32.75% | 7,325,184/22,368,840 | 2h05m | 3.022 | — | — | — | —
07:24:54 | 4.3 | 4/10 | 1225/4369 |  32.80% | 7,337,984/22,368,840 | 2h05m | 3.008 | — | — | — | —
07:25:00 | 4.3 | 4/10 | 1250/4369 |  32.86% | 7,350,784/22,368,840 | 2h05m | 3.002 | — | — | — | —
07:25:06 | 4.3 | 4/10 | 1275/4369 |  32.92% | 7,363,584/22,368,840 | 2h05m | 3.088 | — | — | — | —
07:25:13 | 4.3 | 4/10 | 1300/4369 |  32.98% | 7,376,384/22,368,840 | 2h05m | 3.015 | — | — | — | —
07:25:19 | 4.3 | 4/10 | 1325/4369 |  33.03% | 7,389,184/22,368,840 | 2h05m | 3.095 | — | — | — | —
07:25:25 | 4.3 | 4/10 | 1350/4369 |  33.09% | 7,401,984/22,368,840 | 2h05m | 2.839 | — | — | — | —
07:25:32 | 4.3 | 4/10 | 1375/4369 |  33.15% | 7,414,784/22,368,840 | 2h05m | 2.932 | — | — | — | —
07:25:38 | 4.3 | 4/10 | 1400/4369 |  33.20% | 7,427,584/22,368,840 | 2h04m | 3.063 | — | — | — | —
07:25:45 | 4.3 | 4/10 | 1425/4369 |  33.26% | 7,440,384/22,368,840 | 2h04m | 2.999 | — | — | — | —
07:25:51 | 4.3 | 4/10 | 1450/4369 |  33.32% | 7,453,184/22,368,840 | 2h04m | 2.875 | — | — | — | —
07:25:57 | 4.3 | 4/10 | 1475/4369 |  33.38% | 7,465,984/22,368,840 | 2h04m | 2.991 | — | — | — | —
07:26:04 | 4.3 | 4/10 | 1500/4369 |  33.43% | 7,478,784/22,368,840 | 2h04m | 2.838 | — | — | — | —
07:26:10 | 4.3 | 4/10 | 1525/4369 |  33.49% | 7,491,584/22,368,840 | 2h04m | 3.025 | — | — | — | —
07:26:16 | 4.3 | 4/10 | 1550/4369 |  33.55% | 7,504,384/22,368,840 | 2h04m | 3.066 | — | — | — | —
07:26:23 | 4.3 | 4/10 | 1575/4369 |  33.60% | 7,517,184/22,368,840 | 2h04m | 3.011 | — | — | — | —
07:26:29 | 4.3 | 4/10 | 1600/4369 |  33.66% | 7,529,984/22,368,840 | 2h04m | 2.893 | — | — | — | —
07:26:36 | 4.3 | 4/10 | 1625/4369 |  33.72% | 7,542,784/22,368,840 | 2h03m | 2.911 | — | — | — | —
07:26:42 | 4.3 | 4/10 | 1650/4369 |  33.78% | 7,555,584/22,368,840 | 2h03m | 3.053 | — | — | — | —
07:26:48 | 4.3 | 4/10 | 1675/4369 |  33.83% | 7,568,384/22,368,840 | 2h03m | 2.940 | — | — | — | —
07:26:54 | 4.3 | 4/10 | 1700/4369 |  33.89% | 7,581,184/22,368,840 | 2h03m | 2.988 | — | — | — | —
07:27:00 | 4.3 | 4/10 | 1725/4369 |  33.95% | 7,593,984/22,368,840 | 2h03m | 3.101 | — | — | — | —
07:27:07 | 4.3 | 4/10 | 1750/4369 |  34.01% | 7,606,784/22,368,840 | 2h03m | 3.016 | — | — | — | —
07:27:13 | 4.3 | 4/10 | 1775/4369 |  34.06% | 7,619,584/22,368,840 | 2h03m | 2.907 | — | — | — | —
07:27:20 | 4.3 | 4/10 | 1800/4369 |  34.12% | 7,632,384/22,368,840 | 2h03m | 2.913 | — | — | — | —
07:27:26 | 4.3 | 4/10 | 1825/4369 |  34.18% | 7,645,184/22,368,840 | 2h03m | 2.826 | — | — | — | —
07:27:32 | 4.3 | 4/10 | 1850/4369 |  34.23% | 7,657,984/22,368,840 | 2h02m | 3.052 | — | — | — | —
07:27:38 | 4.3 | 4/10 | 1875/4369 |  34.29% | 7,670,784/22,368,840 | 2h02m | 2.911 | — | — | — | —
07:27:45 | 4.3 | 4/10 | 1900/4369 |  34.35% | 7,683,584/22,368,840 | 2h02m | 3.011 | — | — | — | —
07:27:51 | 4.3 | 4/10 | 1925/4369 |  34.41% | 7,696,384/22,368,840 | 2h02m | 3.167 | — | — | — | —
07:27:57 | 4.3 | 4/10 | 1950/4369 |  34.46% | 7,709,184/22,368,840 | 2h02m | 2.879 | — | — | — | —
07:28:04 | 4.3 | 4/10 | 1975/4369 |  34.52% | 7,721,984/22,368,840 | 2h02m | 2.973 | — | — | — | —
07:28:10 | 4.3 | 4/10 | 2000/4369 |  34.58% | 7,734,784/22,368,840 | 2h02m | 2.843 | — | — | — | —
07:28:16 | 4.3 | 4/10 | 2025/4369 |  34.63% | 7,747,584/22,368,840 | 2h02m | 3.079 | — | — | — | —
07:28:23 | 4.3 | 4/10 | 2050/4369 |  34.69% | 7,760,384/22,368,840 | 2h02m | 2.950 | — | — | — | —
07:28:29 | 4.3 | 4/10 | 2075/4369 |  34.75% | 7,773,184/22,368,840 | 2h01m | 2.919 | — | — | — | —
07:28:35 | 4.3 | 4/10 | 2100/4369 |  34.81% | 7,785,984/22,368,840 | 2h01m | 2.952 | — | — | — | —
07:28:41 | 4.3 | 4/10 | 2125/4369 |  34.86% | 7,798,784/22,368,840 | 2h01m | 3.015 | — | — | — | —
07:28:48 | 4.3 | 4/10 | 2150/4369 |  34.92% | 7,811,584/22,368,840 | 2h01m | 3.015 | — | — | — | —
07:28:55 | 4.3 | 4/10 | 2175/4369 |  34.98% | 7,824,384/22,368,840 | 2h01m | 2.956 | — | — | — | —
07:29:01 | 4.3 | 4/10 | 2200/4369 |  35.04% | 7,837,184/22,368,840 | 2h01m | 3.043 | — | — | — | —
07:29:07 | 4.3 | 4/10 | 2225/4369 |  35.09% | 7,849,984/22,368,840 | 2h01m | 2.960 | — | — | — | —
07:29:13 | 4.3 | 4/10 | 2250/4369 |  35.15% | 7,862,784/22,368,840 | 2h01m | 3.132 | — | — | — | —
07:29:19 | 4.3 | 4/10 | 2275/4369 |  35.21% | 7,875,584/22,368,840 | 2h01m | 2.955 | — | — | — | —
07:29:26 | 4.3 | 4/10 | 2300/4369 |  35.26% | 7,888,384/22,368,840 | 2h00m | 2.984 | — | — | — | —
07:29:32 | 4.3 | 4/10 | 2325/4369 |  35.32% | 7,901,184/22,368,840 | 2h00m | 2.996 | — | — | — | —
07:29:38 | 4.3 | 4/10 | 2350/4369 |  35.38% | 7,913,984/22,368,840 | 2h00m | 2.923 | — | — | — | —
07:29:45 | 4.3 | 4/10 | 2375/4369 |  35.44% | 7,926,784/22,368,840 | 2h00m | 3.025 | — | — | — | —
07:29:51 | 4.3 | 4/10 | 2400/4369 |  35.49% | 7,939,584/22,368,840 | 2h00m | 2.940 | — | — | — | —
07:29:57 | 4.3 | 4/10 | 2425/4369 |  35.55% | 7,952,384/22,368,840 | 2h00m | 2.997 | — | — | — | —
07:30:03 | 4.3 | 4/10 | 2450/4369 |  35.61% | 7,965,184/22,368,840 | 2h00m | 3.040 | — | — | — | —
07:30:10 | 4.3 | 4/10 | 2475/4369 |  35.66% | 7,977,984/22,368,840 | 2h00m | 2.919 | — | — | — | —
07:30:16 | 4.3 | 4/10 | 2500/4369 |  35.72% | 7,990,784/22,368,840 | 2h00m | 2.966 | — | — | — | —
07:30:22 | 4.3 | 4/10 | 2525/4369 |  35.78% | 8,003,584/22,368,840 | 1h59m | 2.882 | — | — | — | —
07:30:29 | 4.3 | 4/10 | 2550/4369 |  35.84% | 8,016,384/22,368,840 | 1h59m | 2.862 | — | — | — | —
07:30:35 | 4.3 | 4/10 | 2575/4369 |  35.89% | 8,029,184/22,368,840 | 1h59m | 3.018 | — | — | — | —
07:30:41 | 4.3 | 4/10 | 2600/4369 |  35.95% | 8,041,984/22,368,840 | 1h59m | 2.876 | — | — | — | —
07:30:47 | 4.3 | 4/10 | 2625/4369 |  36.01% | 8,054,784/22,368,840 | 1h59m | 2.990 | — | — | — | —
07:30:54 | 4.3 | 4/10 | 2650/4369 |  36.07% | 8,067,584/22,368,840 | 1h59m | 2.892 | — | — | — | —
07:31:00 | 4.3 | 4/10 | 2675/4369 |  36.12% | 8,080,384/22,368,840 | 1h59m | 3.047 | — | — | — | —
07:31:06 | 4.3 | 4/10 | 2700/4369 |  36.18% | 8,093,184/22,368,840 | 1h59m | 2.916 | — | — | — | —
07:31:13 | 4.3 | 4/10 | 2725/4369 |  36.24% | 8,105,984/22,368,840 | 1h59m | 3.029 | — | — | — | —
07:31:19 | 4.3 | 4/10 | 2750/4369 |  36.29% | 8,118,784/22,368,840 | 1h58m | 2.989 | — | — | — | —
07:31:26 | 4.3 | 4/10 | 2775/4369 |  36.35% | 8,131,584/22,368,840 | 1h58m | 2.929 | — | — | — | —
07:31:32 | 4.3 | 4/10 | 2800/4369 |  36.41% | 8,144,384/22,368,840 | 1h58m | 2.867 | — | — | — | —
07:31:38 | 4.3 | 4/10 | 2825/4369 |  36.47% | 8,157,184/22,368,840 | 1h58m | 3.036 | — | — | — | —
07:31:45 | 4.3 | 4/10 | 2850/4369 |  36.52% | 8,169,984/22,368,840 | 1h58m | 3.023 | — | — | — | —
07:31:52 | 4.3 | 4/10 | 2875/4369 |  36.58% | 8,182,784/22,368,840 | 1h58m | 3.119 | — | — | — | —
07:31:58 | 4.3 | 4/10 | 2900/4369 |  36.64% | 8,195,584/22,368,840 | 1h58m | 2.981 | — | — | — | —
07:32:04 | 4.3 | 4/10 | 2925/4369 |  36.69% | 8,208,384/22,368,840 | 1h58m | 3.013 | — | — | — | —
07:32:11 | 4.3 | 4/10 | 2950/4369 |  36.75% | 8,221,184/22,368,840 | 1h58m | 2.911 | — | — | — | —
07:32:17 | 4.3 | 4/10 | 2975/4369 |  36.81% | 8,233,984/22,368,840 | 1h58m | 2.951 | — | — | — | —
07:32:24 | 4.3 | 4/10 | 3000/4369 |  36.87% | 8,246,784/22,368,840 | 1h57m | 2.947 | — | — | — | —
07:32:30 | 4.3 | 4/10 | 3025/4369 |  36.92% | 8,259,584/22,368,840 | 1h57m | 3.046 | — | — | — | —
07:32:36 | 4.3 | 4/10 | 3050/4369 |  36.98% | 8,272,384/22,368,840 | 1h57m | 3.034 | — | — | — | —
07:32:43 | 4.3 | 4/10 | 3075/4369 |  37.04% | 8,285,184/22,368,840 | 1h57m | 3.050 | — | — | — | —
07:32:49 | 4.3 | 4/10 | 3100/4369 |  37.10% | 8,297,984/22,368,840 | 1h57m | 3.026 | — | — | — | —
07:32:55 | 4.3 | 4/10 | 3125/4369 |  37.15% | 8,310,784/22,368,840 | 1h57m | 2.963 | — | — | — | —
07:33:02 | 4.3 | 4/10 | 3150/4369 |  37.21% | 8,323,584/22,368,840 | 1h57m | 2.972 | — | — | — | —
07:33:08 | 4.3 | 4/10 | 3175/4369 |  37.27% | 8,336,384/22,368,840 | 1h57m | 2.923 | — | — | — | —
07:33:14 | 4.3 | 4/10 | 3200/4369 |  37.32% | 8,349,184/22,368,840 | 1h57m | 2.907 | — | — | — | —
07:33:21 | 4.3 | 4/10 | 3225/4369 |  37.38% | 8,361,984/22,368,840 | 1h56m | 2.902 | — | — | — | —
07:33:27 | 4.3 | 4/10 | 3250/4369 |  37.44% | 8,374,784/22,368,840 | 1h56m | 3.045 | — | — | — | —
07:33:33 | 4.3 | 4/10 | 3275/4369 |  37.50% | 8,387,584/22,368,840 | 1h56m | 2.984 | — | — | — | —
07:33:40 | 4.3 | 4/10 | 3300/4369 |  37.55% | 8,400,384/22,368,840 | 1h56m | 2.988 | — | — | — | —
07:33:46 | 4.3 | 4/10 | 3325/4369 |  37.61% | 8,413,184/22,368,840 | 1h56m | 2.951 | — | — | — | —
07:33:52 | 4.3 | 4/10 | 3350/4369 |  37.67% | 8,425,984/22,368,840 | 1h56m | 2.978 | — | — | — | —
07:33:59 | 4.3 | 4/10 | 3375/4369 |  37.72% | 8,438,784/22,368,840 | 1h56m | 2.920 | — | — | — | —
07:34:05 | 4.3 | 4/10 | 3400/4369 |  37.78% | 8,451,584/22,368,840 | 1h56m | 3.095 | — | — | — | —
07:34:11 | 4.3 | 4/10 | 3425/4369 |  37.84% | 8,464,384/22,368,840 | 1h56m | 3.045 | — | — | — | —
07:34:18 | 4.3 | 4/10 | 3450/4369 |  37.90% | 8,477,184/22,368,840 | 1h55m | 2.905 | — | — | — | —
07:34:24 | 4.3 | 4/10 | 3475/4369 |  37.95% | 8,489,984/22,368,840 | 1h55m | 3.036 | — | — | — | —
07:34:31 | 4.3 | 4/10 | 3500/4369 |  38.01% | 8,502,784/22,368,840 | 1h55m | 2.967 | — | — | — | —
07:34:37 | 4.3 | 4/10 | 3525/4369 |  38.07% | 8,515,584/22,368,840 | 1h55m | 2.862 | — | — | — | —
07:34:43 | 4.3 | 4/10 | 3550/4369 |  38.13% | 8,528,384/22,368,840 | 1h55m | 2.973 | — | — | — | —
07:34:49 | 4.3 | 4/10 | 3575/4369 |  38.18% | 8,541,184/22,368,840 | 1h55m | 3.008 | — | — | — | —
07:34:56 | 4.3 | 4/10 | 3600/4369 |  38.24% | 8,553,984/22,368,840 | 1h55m | 2.886 | — | — | — | —
07:35:03 | 4.3 | 4/10 | 3625/4369 |  38.30% | 8,566,784/22,368,840 | 1h55m | 2.842 | — | — | — | —
07:35:09 | 4.3 | 4/10 | 3650/4369 |  38.35% | 8,579,584/22,368,840 | 1h55m | 3.068 | — | — | — | —
07:35:15 | 4.3 | 4/10 | 3675/4369 |  38.41% | 8,592,384/22,368,840 | 1h55m | 2.873 | — | — | — | —
07:35:22 | 4.3 | 4/10 | 3700/4369 |  38.47% | 8,605,184/22,368,840 | 1h54m | 2.894 | — | — | — | —
07:35:28 | 4.3 | 4/10 | 3725/4369 |  38.53% | 8,617,984/22,368,840 | 1h54m | 2.970 | — | — | — | —
07:35:34 | 4.3 | 4/10 | 3750/4369 |  38.58% | 8,630,784/22,368,840 | 1h54m | 2.978 | — | — | — | —
07:35:40 | 4.3 | 4/10 | 3775/4369 |  38.64% | 8,643,584/22,368,840 | 1h54m | 2.965 | — | — | — | —
07:35:48 | 4.3 | 4/10 | 3800/4369 |  38.70% | 8,656,384/22,368,840 | 1h54m | 3.082 | — | — | — | —
07:35:54 | 4.3 | 4/10 | 3825/4369 |  38.75% | 8,669,184/22,368,840 | 1h54m | 3.042 | — | — | — | —
07:36:00 | 4.3 | 4/10 | 3850/4369 |  38.81% | 8,681,984/22,368,840 | 1h54m | 2.960 | — | — | — | —
07:36:06 | 4.3 | 4/10 | 3875/4369 |  38.87% | 8,694,784/22,368,840 | 1h54m | 2.916 | — | — | — | —
07:36:12 | 4.3 | 4/10 | 3900/4369 |  38.93% | 8,707,584/22,368,840 | 1h54m | 2.992 | — | — | — | —
07:36:19 | 4.3 | 4/10 | 3925/4369 |  38.98% | 8,720,384/22,368,840 | 1h53m | 2.991 | — | — | — | —
07:36:25 | 4.3 | 4/10 | 3950/4369 |  39.04% | 8,733,184/22,368,840 | 1h53m | 3.028 | — | — | — | —
07:36:32 | 4.3 | 4/10 | 3975/4369 |  39.10% | 8,745,984/22,368,840 | 1h53m | 2.968 | — | — | — | —
07:36:38 | 4.3 | 4/10 | 4000/4369 |  39.16% | 8,758,784/22,368,840 | 1h53m | 3.039 | — | — | — | —
07:36:44 | 4.3 | 4/10 | 4025/4369 |  39.21% | 8,771,584/22,368,840 | 1h53m | 3.076 | — | — | — | —
07:36:51 | 4.3 | 4/10 | 4050/4369 |  39.27% | 8,784,384/22,368,840 | 1h53m | 2.935 | — | — | — | —
07:36:57 | 4.3 | 4/10 | 4075/4369 |  39.33% | 8,797,184/22,368,840 | 1h53m | 2.990 | — | — | — | —
07:37:03 | 4.3 | 4/10 | 4100/4369 |  39.38% | 8,809,984/22,368,840 | 1h53m | 2.944 | — | — | — | —
07:37:10 | 4.3 | 4/10 | 4125/4369 |  39.44% | 8,822,784/22,368,840 | 1h53m | 2.949 | — | — | — | —
07:37:16 | 4.3 | 4/10 | 4150/4369 |  39.50% | 8,835,584/22,368,840 | 1h52m | 2.970 | — | — | — | —
07:37:23 | 4.3 | 4/10 | 4175/4369 |  39.56% | 8,848,384/22,368,840 | 1h52m | 3.022 | — | — | — | —
07:37:29 | 4.3 | 4/10 | 4200/4369 |  39.61% | 8,861,184/22,368,840 | 1h52m | 2.853 | — | — | — | —
07:37:35 | 4.3 | 4/10 | 4225/4369 |  39.67% | 8,873,984/22,368,840 | 1h52m | 2.930 | — | — | — | —
07:37:41 | 4.3 | 4/10 | 4250/4369 |  39.73% | 8,886,784/22,368,840 | 1h52m | 3.001 | — | — | — | —
07:37:48 | 4.3 | 4/10 | 4275/4369 |  39.78% | 8,899,584/22,368,840 | 1h52m | 3.065 | — | — | — | —
07:37:54 | 4.3 | 4/10 | 4300/4369 |  39.84% | 8,912,384/22,368,840 | 1h52m | 3.043 | — | — | — | —
07:38:01 | 4.3 | 4/10 | 4325/4369 |  39.90% | 8,925,184/22,368,840 | 1h52m | 3.001 | — | — | — | —
07:38:07 | 4.3 | 4/10 | 4350/4369 |  39.96% | 8,937,984/22,368,840 | 1h52m | 2.874 | — | — | — | —
07:38:12 | 4.3 | 4/10 | 4369/4369 |  40.00% | 8,947,712/22,368,840 | 1h52m | 2.982 | — | — | — | —
07:38:23 | validation | 4/10 | epoch-end |  40.00% | 8,947,536/22,368,840 | 1h52m | 2.984 |  54.69% |  43.73% |   5.06% | 1.535
07:38:24 | 4.3 | 5/10 | 1/4369 |  40.00% | 8,948,224/22,368,840 | 1h52m | 2.941 | — | — | — | —
07:38:30 | 4.3 | 5/10 | 25/4369 |  40.06% | 8,960,512/22,368,840 | 1h52m | 2.895 | — | — | — | —
07:38:36 | 4.3 | 5/10 | 50/4369 |  40.11% | 8,973,312/22,368,840 | 1h52m | 2.937 | — | — | — | —
07:38:43 | 4.3 | 5/10 | 75/4369 |  40.17% | 8,986,112/22,368,840 | 1h51m | 2.993 | — | — | — | —
07:38:49 | 4.3 | 5/10 | 100/4369 |  40.23% | 8,998,912/22,368,840 | 1h51m | 2.950 | — | — | — | —
07:38:55 | 4.3 | 5/10 | 125/4369 |  40.29% | 9,011,712/22,368,840 | 1h51m | 3.010 | — | — | — | —
07:39:02 | 4.3 | 5/10 | 150/4369 |  40.34% | 9,024,512/22,368,840 | 1h51m | 2.977 | — | — | — | —
07:39:08 | 4.3 | 5/10 | 175/4369 |  40.40% | 9,037,312/22,368,840 | 1h51m | 3.147 | — | — | — | —
07:39:14 | 4.3 | 5/10 | 200/4369 |  40.46% | 9,050,112/22,368,840 | 1h51m | 2.998 | — | — | — | —
07:39:21 | 4.3 | 5/10 | 225/4369 |  40.51% | 9,062,912/22,368,840 | 1h51m | 2.986 | — | — | — | —
07:39:27 | 4.3 | 5/10 | 250/4369 |  40.57% | 9,075,712/22,368,840 | 1h51m | 2.971 | — | — | — | —
07:39:33 | 4.3 | 5/10 | 275/4369 |  40.63% | 9,088,512/22,368,840 | 1h51m | 3.088 | — | — | — | —
07:39:40 | 4.3 | 5/10 | 300/4369 |  40.69% | 9,101,312/22,368,840 | 1h50m | 2.935 | — | — | — | —
07:39:46 | 4.3 | 5/10 | 325/4369 |  40.74% | 9,114,112/22,368,840 | 1h50m | 2.908 | — | — | — | —
07:39:53 | 4.3 | 5/10 | 350/4369 |  40.80% | 9,126,912/22,368,840 | 1h50m | 3.045 | — | — | — | —
07:39:59 | 4.3 | 5/10 | 375/4369 |  40.86% | 9,139,712/22,368,840 | 1h50m | 2.943 | — | — | — | —
07:40:05 | 4.3 | 5/10 | 400/4369 |  40.92% | 9,152,512/22,368,840 | 1h50m | 2.887 | — | — | — | —
07:40:12 | 4.3 | 5/10 | 425/4369 |  40.97% | 9,165,312/22,368,840 | 1h50m | 2.840 | — | — | — | —
07:40:18 | 4.3 | 5/10 | 450/4369 |  41.03% | 9,178,112/22,368,840 | 1h50m | 2.866 | — | — | — | —
07:40:25 | 4.3 | 5/10 | 475/4369 |  41.09% | 9,190,912/22,368,840 | 1h50m | 2.943 | — | — | — | —
07:40:31 | 4.3 | 5/10 | 500/4369 |  41.14% | 9,203,712/22,368,840 | 1h50m | 2.876 | — | — | — | —
07:40:38 | 4.3 | 5/10 | 525/4369 |  41.20% | 9,216,512/22,368,840 | 1h50m | 2.896 | — | — | — | —
07:40:44 | 4.3 | 5/10 | 550/4369 |  41.26% | 9,229,312/22,368,840 | 1h49m | 2.918 | — | — | — | —
07:40:50 | 4.3 | 5/10 | 575/4369 |  41.32% | 9,242,112/22,368,840 | 1h49m | 2.858 | — | — | — | —
07:40:57 | 4.3 | 5/10 | 600/4369 |  41.37% | 9,254,912/22,368,840 | 1h49m | 2.866 | — | — | — | —
07:41:03 | 4.3 | 5/10 | 625/4369 |  41.43% | 9,267,712/22,368,840 | 1h49m | 2.849 | — | — | — | —
07:41:10 | 4.3 | 5/10 | 650/4369 |  41.49% | 9,280,512/22,368,840 | 1h49m | 2.906 | — | — | — | —
07:41:16 | 4.3 | 5/10 | 675/4369 |  41.54% | 9,293,312/22,368,840 | 1h49m | 2.966 | — | — | — | —
07:41:23 | 4.3 | 5/10 | 700/4369 |  41.60% | 9,306,112/22,368,840 | 1h49m | 2.938 | — | — | — | —
07:41:29 | 4.3 | 5/10 | 725/4369 |  41.66% | 9,318,912/22,368,840 | 1h49m | 2.957 | — | — | — | —
07:41:35 | 4.3 | 5/10 | 750/4369 |  41.72% | 9,331,712/22,368,840 | 1h49m | 2.868 | — | — | — | —
07:41:42 | 4.3 | 5/10 | 775/4369 |  41.77% | 9,344,512/22,368,840 | 1h48m | 2.858 | — | — | — | —
07:41:48 | 4.3 | 5/10 | 800/4369 |  41.83% | 9,357,312/22,368,840 | 1h48m | 2.940 | — | — | — | —
07:41:55 | 4.3 | 5/10 | 825/4369 |  41.89% | 9,370,112/22,368,840 | 1h48m | 2.863 | — | — | — | —
07:42:02 | 4.3 | 5/10 | 850/4369 |  41.95% | 9,382,912/22,368,840 | 1h48m | 2.915 | — | — | — | —
07:42:08 | 4.3 | 5/10 | 875/4369 |  42.00% | 9,395,712/22,368,840 | 1h48m | 2.837 | — | — | — | —
07:42:14 | 4.3 | 5/10 | 900/4369 |  42.06% | 9,408,512/22,368,840 | 1h48m | 2.913 | — | — | — | —
07:42:21 | 4.3 | 5/10 | 925/4369 |  42.12% | 9,421,312/22,368,840 | 1h48m | 2.878 | — | — | — | —
07:42:27 | 4.3 | 5/10 | 950/4369 |  42.17% | 9,434,112/22,368,840 | 1h48m | 3.083 | — | — | — | —
07:42:33 | 4.3 | 5/10 | 975/4369 |  42.23% | 9,446,912/22,368,840 | 1h48m | 3.049 | — | — | — | —
07:42:40 | 4.3 | 5/10 | 1000/4369 |  42.29% | 9,459,712/22,368,840 | 1h47m | 2.809 | — | — | — | —
07:42:46 | 4.3 | 5/10 | 1025/4369 |  42.35% | 9,472,512/22,368,840 | 1h47m | 2.923 | — | — | — | —
07:42:52 | 4.3 | 5/10 | 1050/4369 |  42.40% | 9,485,312/22,368,840 | 1h47m | 3.020 | — | — | — | —
07:42:59 | 4.3 | 5/10 | 1075/4369 |  42.46% | 9,498,112/22,368,840 | 1h47m | 2.889 | — | — | — | —
07:43:06 | 4.3 | 5/10 | 1100/4369 |  42.52% | 9,510,912/22,368,840 | 1h47m | 2.882 | — | — | — | —
07:43:12 | 4.3 | 5/10 | 1125/4369 |  42.57% | 9,523,712/22,368,840 | 1h47m | 3.036 | — | — | — | —
07:43:18 | 4.3 | 5/10 | 1150/4369 |  42.63% | 9,536,512/22,368,840 | 1h47m | 2.917 | — | — | — | —
07:43:24 | 4.3 | 5/10 | 1175/4369 |  42.69% | 9,549,312/22,368,840 | 1h47m | 3.035 | — | — | — | —
07:43:31 | 4.3 | 5/10 | 1200/4369 |  42.75% | 9,562,112/22,368,840 | 1h47m | 2.937 | — | — | — | —
07:43:38 | 4.3 | 5/10 | 1225/4369 |  42.80% | 9,574,912/22,368,840 | 1h47m | 3.041 | — | — | — | —
07:43:44 | 4.3 | 5/10 | 1250/4369 |  42.86% | 9,587,712/22,368,840 | 1h46m | 2.878 | — | — | — | —
07:43:51 | 4.3 | 5/10 | 1275/4369 |  42.92% | 9,600,512/22,368,840 | 1h46m | 2.972 | — | — | — | —
07:43:57 | 4.3 | 5/10 | 1300/4369 |  42.98% | 9,613,312/22,368,840 | 1h46m | 2.853 | — | — | — | —
07:44:04 | 4.3 | 5/10 | 1325/4369 |  43.03% | 9,626,112/22,368,840 | 1h46m | 2.949 | — | — | — | —
07:44:10 | 4.3 | 5/10 | 1350/4369 |  43.09% | 9,638,912/22,368,840 | 1h46m | 2.984 | — | — | — | —
07:44:17 | 4.3 | 5/10 | 1375/4369 |  43.15% | 9,651,712/22,368,840 | 1h46m | 2.855 | — | — | — | —
07:44:23 | 4.3 | 5/10 | 1400/4369 |  43.20% | 9,664,512/22,368,840 | 1h46m | 2.862 | — | — | — | —
07:44:30 | 4.3 | 5/10 | 1425/4369 |  43.26% | 9,677,312/22,368,840 | 1h46m | 2.932 | — | — | — | —
07:44:36 | 4.3 | 5/10 | 1450/4369 |  43.32% | 9,690,112/22,368,840 | 1h46m | 2.888 | — | — | — | —
07:44:42 | 4.3 | 5/10 | 1475/4369 |  43.38% | 9,702,912/22,368,840 | 1h45m | 2.860 | — | — | — | —
07:44:48 | 4.3 | 5/10 | 1500/4369 |  43.43% | 9,715,712/22,368,840 | 1h45m | 2.987 | — | — | — | —
07:44:55 | 4.3 | 5/10 | 1525/4369 |  43.49% | 9,728,512/22,368,840 | 1h45m | 2.879 | — | — | — | —
07:45:02 | 4.3 | 5/10 | 1550/4369 |  43.55% | 9,741,312/22,368,840 | 1h45m | 3.077 | — | — | — | —
07:45:08 | 4.3 | 5/10 | 1575/4369 |  43.60% | 9,754,112/22,368,840 | 1h45m | 2.984 | — | — | — | —
07:45:14 | 4.3 | 5/10 | 1600/4369 |  43.66% | 9,766,912/22,368,840 | 1h45m | 2.894 | — | — | — | —
07:45:21 | 4.3 | 5/10 | 1625/4369 |  43.72% | 9,779,712/22,368,840 | 1h45m | 2.941 | — | — | — | —
07:45:27 | 4.3 | 5/10 | 1650/4369 |  43.78% | 9,792,512/22,368,840 | 1h45m | 2.933 | — | — | — | —
07:45:33 | 4.3 | 5/10 | 1675/4369 |  43.83% | 9,805,312/22,368,840 | 1h45m | 2.952 | — | — | — | —
07:45:39 | 4.3 | 5/10 | 1700/4369 |  43.89% | 9,818,112/22,368,840 | 1h44m | 2.817 | — | — | — | —
07:45:46 | 4.3 | 5/10 | 1725/4369 |  43.95% | 9,830,912/22,368,840 | 1h44m | 2.929 | — | — | — | —
07:45:52 | 4.3 | 5/10 | 1750/4369 |  44.01% | 9,843,712/22,368,840 | 1h44m | 2.849 | — | — | — | —
07:45:59 | 4.3 | 5/10 | 1775/4369 |  44.06% | 9,856,512/22,368,840 | 1h44m | 2.865 | — | — | — | —
07:46:05 | 4.3 | 5/10 | 1800/4369 |  44.12% | 9,869,312/22,368,840 | 1h44m | 3.005 | — | — | — | —
07:46:11 | 4.3 | 5/10 | 1825/4369 |  44.18% | 9,882,112/22,368,840 | 1h44m | 2.892 | — | — | — | —
07:46:18 | 4.3 | 5/10 | 1850/4369 |  44.23% | 9,894,912/22,368,840 | 1h44m | 2.959 | — | — | — | —
07:46:24 | 4.3 | 5/10 | 1875/4369 |  44.29% | 9,907,712/22,368,840 | 1h44m | 3.045 | — | — | — | —
07:46:31 | 4.3 | 5/10 | 1900/4369 |  44.35% | 9,920,512/22,368,840 | 1h44m | 2.889 | — | — | — | —
07:46:37 | 4.3 | 5/10 | 1925/4369 |  44.41% | 9,933,312/22,368,840 | 1h44m | 2.985 | — | — | — | —
07:46:44 | 4.3 | 5/10 | 1950/4369 |  44.46% | 9,946,112/22,368,840 | 1h43m | 2.971 | — | — | — | —
07:46:50 | 4.3 | 5/10 | 1975/4369 |  44.52% | 9,958,912/22,368,840 | 1h43m | 2.998 | — | — | — | —
07:46:57 | 4.3 | 5/10 | 2000/4369 |  44.58% | 9,971,712/22,368,840 | 1h43m | 2.968 | — | — | — | —
07:47:04 | 4.3 | 5/10 | 2025/4369 |  44.63% | 9,984,512/22,368,840 | 1h43m | 2.957 | — | — | — | —
07:47:10 | 4.3 | 5/10 | 2050/4369 |  44.69% | 9,997,312/22,368,840 | 1h43m | 2.887 | — | — | — | —
07:47:17 | 4.3 | 5/10 | 2075/4369 |  44.75% | 10,010,112/22,368,840 | 1h43m | 2.926 | — | — | — | —
07:47:24 | 4.3 | 5/10 | 2100/4369 |  44.81% | 10,022,912/22,368,840 | 1h43m | 2.840 | — | — | — | —
07:47:30 | 4.3 | 5/10 | 2125/4369 |  44.86% | 10,035,712/22,368,840 | 1h43m | 2.887 | — | — | — | —
07:47:36 | 4.3 | 5/10 | 2150/4369 |  44.92% | 10,048,512/22,368,840 | 1h43m | 2.906 | — | — | — | —
07:47:43 | 4.3 | 5/10 | 2175/4369 |  44.98% | 10,061,312/22,368,840 | 1h42m | 2.878 | — | — | — | —
07:47:50 | 4.3 | 5/10 | 2200/4369 |  45.04% | 10,074,112/22,368,840 | 1h42m | 3.069 | — | — | — | —
07:47:56 | 4.3 | 5/10 | 2225/4369 |  45.09% | 10,086,912/22,368,840 | 1h42m | 2.939 | — | — | — | —
07:48:02 | 4.3 | 5/10 | 2250/4369 |  45.15% | 10,099,712/22,368,840 | 1h42m | 2.956 | — | — | — | —
07:48:09 | 4.3 | 5/10 | 2275/4369 |  45.21% | 10,112,512/22,368,840 | 1h42m | 2.947 | — | — | — | —
07:48:15 | 4.3 | 5/10 | 2300/4369 |  45.26% | 10,125,312/22,368,840 | 1h42m | 2.740 | — | — | — | —
07:48:22 | 4.3 | 5/10 | 2325/4369 |  45.32% | 10,138,112/22,368,840 | 1h42m | 2.785 | — | — | — | —
07:48:28 | 4.3 | 5/10 | 2350/4369 |  45.38% | 10,150,912/22,368,840 | 1h42m | 2.860 | — | — | — | —
07:48:34 | 4.3 | 5/10 | 2375/4369 |  45.44% | 10,163,712/22,368,840 | 1h42m | 2.919 | — | — | — | —
07:48:41 | 4.3 | 5/10 | 2400/4369 |  45.49% | 10,176,512/22,368,840 | 1h42m | 2.888 | — | — | — | —
07:48:47 | 4.3 | 5/10 | 2425/4369 |  45.55% | 10,189,312/22,368,840 | 1h41m | 2.970 | — | — | — | —
07:48:53 | 4.3 | 5/10 | 2450/4369 |  45.61% | 10,202,112/22,368,840 | 1h41m | 2.900 | — | — | — | —
07:48:59 | 4.3 | 5/10 | 2475/4369 |  45.66% | 10,214,912/22,368,840 | 1h41m | 2.883 | — | — | — | —
07:49:05 | 4.3 | 5/10 | 2500/4369 |  45.72% | 10,227,712/22,368,840 | 1h41m | 3.019 | — | — | — | —
07:49:11 | 4.3 | 5/10 | 2525/4369 |  45.78% | 10,240,512/22,368,840 | 1h41m | 2.849 | — | — | — | —
07:49:18 | 4.3 | 5/10 | 2550/4369 |  45.84% | 10,253,312/22,368,840 | 1h41m | 2.971 | — | — | — | —
07:49:24 | 4.3 | 5/10 | 2575/4369 |  45.89% | 10,266,112/22,368,840 | 1h41m | 2.891 | — | — | — | —
07:49:30 | 4.3 | 5/10 | 2600/4369 |  45.95% | 10,278,912/22,368,840 | 1h41m | 2.875 | — | — | — | —
07:49:36 | 4.3 | 5/10 | 2625/4369 |  46.01% | 10,291,712/22,368,840 | 1h41m | 2.835 | — | — | — | —
07:49:42 | 4.3 | 5/10 | 2650/4369 |  46.07% | 10,304,512/22,368,840 | 1h40m | 2.937 | — | — | — | —
07:49:48 | 4.3 | 5/10 | 2675/4369 |  46.12% | 10,317,312/22,368,840 | 1h40m | 2.779 | — | — | — | —
07:49:55 | 4.3 | 5/10 | 2700/4369 |  46.18% | 10,330,112/22,368,840 | 1h40m | 2.974 | — | — | — | —
07:50:01 | 4.3 | 5/10 | 2725/4369 |  46.24% | 10,342,912/22,368,840 | 1h40m | 2.926 | — | — | — | —
07:50:07 | 4.3 | 5/10 | 2750/4369 |  46.29% | 10,355,712/22,368,840 | 1h40m | 2.891 | — | — | — | —
07:50:13 | 4.3 | 5/10 | 2775/4369 |  46.35% | 10,368,512/22,368,840 | 1h40m | 2.950 | — | — | — | —
07:50:21 | 4.3 | 5/10 | 2800/4369 |  46.41% | 10,381,312/22,368,840 | 1h40m | 3.090 | — | — | — | —
07:50:27 | 4.3 | 5/10 | 2825/4369 |  46.47% | 10,394,112/22,368,840 | 1h40m | 2.873 | — | — | — | —
07:50:34 | 4.3 | 5/10 | 2850/4369 |  46.52% | 10,406,912/22,368,840 | 1h40m | 2.968 | — | — | — | —
07:50:40 | 4.3 | 5/10 | 2875/4369 |  46.58% | 10,419,712/22,368,840 | 1h39m | 2.863 | — | — | — | —
07:50:46 | 4.3 | 5/10 | 2900/4369 |  46.64% | 10,432,512/22,368,840 | 1h39m | 2.824 | — | — | — | —
07:50:52 | 4.3 | 5/10 | 2925/4369 |  46.69% | 10,445,312/22,368,840 | 1h39m | 2.923 | — | — | — | —
07:50:59 | 4.3 | 5/10 | 2950/4369 |  46.75% | 10,458,112/22,368,840 | 1h39m | 3.076 | — | — | — | —
07:51:06 | 4.3 | 5/10 | 2975/4369 |  46.81% | 10,470,912/22,368,840 | 1h39m | 2.893 | — | — | — | —
07:51:12 | 4.3 | 5/10 | 3000/4369 |  46.87% | 10,483,712/22,368,840 | 1h39m | 2.966 | — | — | — | —
07:51:18 | 4.3 | 5/10 | 3025/4369 |  46.92% | 10,496,512/22,368,840 | 1h39m | 2.915 | — | — | — | —
07:51:24 | 4.3 | 5/10 | 3050/4369 |  46.98% | 10,509,312/22,368,840 | 1h39m | 2.937 | — | — | — | —
07:51:31 | 4.3 | 5/10 | 3075/4369 |  47.04% | 10,522,112/22,368,840 | 1h39m | 2.876 | — | — | — | —
07:51:37 | 4.3 | 5/10 | 3100/4369 |  47.10% | 10,534,912/22,368,840 | 1h38m | 2.773 | — | — | — | —
07:51:44 | 4.3 | 5/10 | 3125/4369 |  47.15% | 10,547,712/22,368,840 | 1h38m | 2.950 | — | — | — | —
07:51:50 | 4.3 | 5/10 | 3150/4369 |  47.21% | 10,560,512/22,368,840 | 1h38m | 2.920 | — | — | — | —
07:51:56 | 4.3 | 5/10 | 3175/4369 |  47.27% | 10,573,312/22,368,840 | 1h38m | 3.048 | — | — | — | —
07:52:02 | 4.3 | 5/10 | 3200/4369 |  47.32% | 10,586,112/22,368,840 | 1h38m | 2.835 | — | — | — | —
07:52:08 | 4.3 | 5/10 | 3225/4369 |  47.38% | 10,598,912/22,368,840 | 1h38m | 2.863 | — | — | — | —
07:52:15 | 4.3 | 5/10 | 3250/4369 |  47.44% | 10,611,712/22,368,840 | 1h38m | 3.008 | — | — | — | —
07:52:22 | 4.3 | 5/10 | 3275/4369 |  47.50% | 10,624,512/22,368,840 | 1h38m | 2.970 | — | — | — | —
07:52:28 | 4.3 | 5/10 | 3300/4369 |  47.55% | 10,637,312/22,368,840 | 1h38m | 2.806 | — | — | — | —
07:52:34 | 4.3 | 5/10 | 3325/4369 |  47.61% | 10,650,112/22,368,840 | 1h37m | 2.920 | — | — | — | —
07:52:41 | 4.3 | 5/10 | 3350/4369 |  47.67% | 10,662,912/22,368,840 | 1h37m | 2.896 | — | — | — | —
07:52:47 | 4.3 | 5/10 | 3375/4369 |  47.72% | 10,675,712/22,368,840 | 1h37m | 2.815 | — | — | — | —
07:52:53 | 4.3 | 5/10 | 3400/4369 |  47.78% | 10,688,512/22,368,840 | 1h37m | 2.911 | — | — | — | —
07:53:00 | 4.3 | 5/10 | 3425/4369 |  47.84% | 10,701,312/22,368,840 | 1h37m | 2.986 | — | — | — | —
07:53:06 | 4.3 | 5/10 | 3450/4369 |  47.90% | 10,714,112/22,368,840 | 1h37m | 3.039 | — | — | — | —
07:53:13 | 4.3 | 5/10 | 3475/4369 |  47.95% | 10,726,912/22,368,840 | 1h37m | 2.875 | — | — | — | —
07:53:19 | 4.3 | 5/10 | 3500/4369 |  48.01% | 10,739,712/22,368,840 | 1h37m | 2.948 | — | — | — | —
07:53:25 | 4.3 | 5/10 | 3525/4369 |  48.07% | 10,752,512/22,368,840 | 1h37m | 2.957 | — | — | — | —
07:53:31 | 4.3 | 5/10 | 3550/4369 |  48.13% | 10,765,312/22,368,840 | 1h37m | 3.108 | — | — | — | —
07:53:38 | 4.3 | 5/10 | 3575/4369 |  48.18% | 10,778,112/22,368,840 | 1h36m | 2.911 | — | — | — | —
07:53:45 | 4.3 | 5/10 | 3600/4369 |  48.24% | 10,790,912/22,368,840 | 1h36m | 2.863 | — | — | — | —
07:53:51 | 4.3 | 5/10 | 3625/4369 |  48.30% | 10,803,712/22,368,840 | 1h36m | 2.831 | — | — | — | —
07:53:57 | 4.3 | 5/10 | 3650/4369 |  48.35% | 10,816,512/22,368,840 | 1h36m | 2.933 | — | — | — | —
07:54:04 | 4.3 | 5/10 | 3675/4369 |  48.41% | 10,829,312/22,368,840 | 1h36m | 2.852 | — | — | — | —
07:54:10 | 4.3 | 5/10 | 3700/4369 |  48.47% | 10,842,112/22,368,840 | 1h36m | 2.958 | — | — | — | —
07:54:16 | 4.3 | 5/10 | 3725/4369 |  48.53% | 10,854,912/22,368,840 | 1h36m | 2.815 | — | — | — | —
07:54:23 | 4.3 | 5/10 | 3750/4369 |  48.58% | 10,867,712/22,368,840 | 1h36m | 2.921 | — | — | — | —
07:54:29 | 4.3 | 5/10 | 3775/4369 |  48.64% | 10,880,512/22,368,840 | 1h36m | 2.927 | — | — | — | —
07:54:36 | 4.3 | 5/10 | 3800/4369 |  48.70% | 10,893,312/22,368,840 | 1h35m | 3.012 | — | — | — | —
07:54:42 | 4.3 | 5/10 | 3825/4369 |  48.75% | 10,906,112/22,368,840 | 1h35m | 2.824 | — | — | — | —
07:54:48 | 4.3 | 5/10 | 3850/4369 |  48.81% | 10,918,912/22,368,840 | 1h35m | 3.018 | — | — | — | —
07:54:54 | 4.3 | 5/10 | 3875/4369 |  48.87% | 10,931,712/22,368,840 | 1h35m | 3.085 | — | — | — | —
07:55:01 | 4.3 | 5/10 | 3900/4369 |  48.93% | 10,944,512/22,368,840 | 1h35m | 3.030 | — | — | — | —
07:55:08 | 4.3 | 5/10 | 3925/4369 |  48.98% | 10,957,312/22,368,840 | 1h35m | 2.832 | — | — | — | —
07:55:14 | 4.3 | 5/10 | 3950/4369 |  49.04% | 10,970,112/22,368,840 | 1h35m | 2.953 | — | — | — | —
07:55:20 | 4.3 | 5/10 | 3975/4369 |  49.10% | 10,982,912/22,368,840 | 1h35m | 2.878 | — | — | — | —
07:55:26 | 4.3 | 5/10 | 4000/4369 |  49.16% | 10,995,712/22,368,840 | 1h35m | 2.803 | — | — | — | —
07:55:33 | 4.3 | 5/10 | 4025/4369 |  49.21% | 11,008,512/22,368,840 | 1h34m | 2.998 | — | — | — | —
07:55:39 | 4.3 | 5/10 | 4050/4369 |  49.27% | 11,021,312/22,368,840 | 1h34m | 2.817 | — | — | — | —
07:55:46 | 4.3 | 5/10 | 4075/4369 |  49.33% | 11,034,112/22,368,840 | 1h34m | 2.897 | — | — | — | —
07:55:52 | 4.3 | 5/10 | 4100/4369 |  49.38% | 11,046,912/22,368,840 | 1h34m | 2.965 | — | — | — | —
07:55:58 | 4.3 | 5/10 | 4125/4369 |  49.44% | 11,059,712/22,368,840 | 1h34m | 3.038 | — | — | — | —
07:56:04 | 4.3 | 5/10 | 4150/4369 |  49.50% | 11,072,512/22,368,840 | 1h34m | 2.977 | — | — | — | —
07:56:11 | 4.3 | 5/10 | 4175/4369 |  49.56% | 11,085,312/22,368,840 | 1h34m | 3.015 | — | — | — | —
07:56:18 | 4.3 | 5/10 | 4200/4369 |  49.61% | 11,098,112/22,368,840 | 1h34m | 2.804 | — | — | — | —
07:56:24 | 4.3 | 5/10 | 4225/4369 |  49.67% | 11,110,912/22,368,840 | 1h34m | 2.776 | — | — | — | —
07:56:31 | 4.3 | 5/10 | 4250/4369 |  49.73% | 11,123,712/22,368,840 | 1h33m | 2.943 | — | — | — | —
07:56:37 | 4.3 | 5/10 | 4275/4369 |  49.78% | 11,136,512/22,368,840 | 1h33m | 2.983 | — | — | — | —
07:56:43 | 4.3 | 5/10 | 4300/4369 |  49.84% | 11,149,312/22,368,840 | 1h33m | 2.872 | — | — | — | —
07:56:50 | 4.3 | 5/10 | 4325/4369 |  49.90% | 11,162,112/22,368,840 | 1h33m | 3.040 | — | — | — | —
07:56:56 | 4.3 | 5/10 | 4350/4369 |  49.96% | 11,174,912/22,368,840 | 1h33m | 2.859 | — | — | — | —
07:57:01 | 4.3 | 5/10 | 4369/4369 |  50.00% | 11,184,640/22,368,840 | 1h33m | 2.879 | — | — | — | —
07:57:11 | validation | 5/10 | epoch-end |  50.00% | 11,184,420/22,368,840 | 1h33m | 2.932 |  55.07% |  44.30% |   5.79% | 1.522
07:57:12 | 4.3 | 6/10 | 1/4369 |  50.00% | 11,185,152/22,368,840 | 1h33m | 2.883 | — | — | — | —
07:57:18 | 4.3 | 6/10 | 25/4369 |  50.06% | 11,197,440/22,368,840 | 1h33m | 2.916 | — | — | — | —
07:57:24 | 4.3 | 6/10 | 50/4369 |  50.11% | 11,210,240/22,368,840 | 1h33m | 2.888 | — | — | — | —
07:57:31 | 4.3 | 6/10 | 75/4369 |  50.17% | 11,223,040/22,368,840 | 1h33m | 2.909 | — | — | — | —
07:57:37 | 4.3 | 6/10 | 100/4369 |  50.23% | 11,235,840/22,368,840 | 1h33m | 2.896 | — | — | — | —
07:57:43 | 4.3 | 6/10 | 125/4369 |  50.29% | 11,248,640/22,368,840 | 1h33m | 2.858 | — | — | — | —
07:57:50 | 4.3 | 6/10 | 150/4369 |  50.34% | 11,261,440/22,368,840 | 1h33m | 2.791 | — | — | — | —
07:57:56 | 4.3 | 6/10 | 175/4369 |  50.40% | 11,274,240/22,368,840 | 1h32m | 2.950 | — | — | — | —
07:58:03 | 4.3 | 6/10 | 200/4369 |  50.46% | 11,287,040/22,368,840 | 1h32m | 3.036 | — | — | — | —
07:58:09 | 4.3 | 6/10 | 225/4369 |  50.51% | 11,299,840/22,368,840 | 1h32m | 2.931 | — | — | — | —
07:58:15 | 4.3 | 6/10 | 250/4369 |  50.57% | 11,312,640/22,368,840 | 1h32m | 3.047 | — | — | — | —
07:58:21 | 4.3 | 6/10 | 275/4369 |  50.63% | 11,325,440/22,368,840 | 1h32m | 2.953 | — | — | — | —
07:58:28 | 4.3 | 6/10 | 300/4369 |  50.69% | 11,338,240/22,368,840 | 1h32m | 2.824 | — | — | — | —
07:58:35 | 4.3 | 6/10 | 325/4369 |  50.74% | 11,351,040/22,368,840 | 1h32m | 2.804 | — | — | — | —
07:58:41 | 4.3 | 6/10 | 350/4369 |  50.80% | 11,363,840/22,368,840 | 1h32m | 2.969 | — | — | — | —
07:58:47 | 4.3 | 6/10 | 375/4369 |  50.86% | 11,376,640/22,368,840 | 1h32m | 2.845 | — | — | — | —
07:58:54 | 4.3 | 6/10 | 400/4369 |  50.92% | 11,389,440/22,368,840 | 1h31m | 2.982 | — | — | — | —
07:59:00 | 4.3 | 6/10 | 425/4369 |  50.97% | 11,402,240/22,368,840 | 1h31m | 2.867 | — | — | — | —
07:59:07 | 4.3 | 6/10 | 450/4369 |  51.03% | 11,415,040/22,368,840 | 1h31m | 2.895 | — | — | — | —
07:59:14 | 4.3 | 6/10 | 475/4369 |  51.09% | 11,427,840/22,368,840 | 1h31m | 3.001 | — | — | — | —
07:59:20 | 4.3 | 6/10 | 500/4369 |  51.14% | 11,440,640/22,368,840 | 1h31m | 2.724 | — | — | — | —
07:59:26 | 4.3 | 6/10 | 525/4369 |  51.20% | 11,453,440/22,368,840 | 1h31m | 2.825 | — | — | — | —
07:59:32 | 4.3 | 6/10 | 550/4369 |  51.26% | 11,466,240/22,368,840 | 1h31m | 2.846 | — | — | — | —
07:59:39 | 4.3 | 6/10 | 575/4369 |  51.32% | 11,479,040/22,368,840 | 1h31m | 2.850 | — | — | — | —
07:59:46 | 4.3 | 6/10 | 600/4369 |  51.37% | 11,491,840/22,368,840 | 1h31m | 2.908 | — | — | — | —
07:59:52 | 4.3 | 6/10 | 625/4369 |  51.43% | 11,504,640/22,368,840 | 1h30m | 2.859 | — | — | — | —
07:59:59 | 4.3 | 6/10 | 650/4369 |  51.49% | 11,517,440/22,368,840 | 1h30m | 2.908 | — | — | — | —
08:00:05 | 4.3 | 6/10 | 675/4369 |  51.54% | 11,530,240/22,368,840 | 1h30m | 2.925 | — | — | — | —
08:00:11 | 4.3 | 6/10 | 700/4369 |  51.60% | 11,543,040/22,368,840 | 1h30m | 2.783 | — | — | — | —
08:00:17 | 4.3 | 6/10 | 725/4369 |  51.66% | 11,555,840/22,368,840 | 1h30m | 2.906 | — | — | — | —
08:00:24 | 4.3 | 6/10 | 750/4369 |  51.72% | 11,568,640/22,368,840 | 1h30m | 2.877 | — | — | — | —
08:00:31 | 4.3 | 6/10 | 775/4369 |  51.77% | 11,581,440/22,368,840 | 1h30m | 2.878 | — | — | — | —
08:00:37 | 4.3 | 6/10 | 800/4369 |  51.83% | 11,594,240/22,368,840 | 1h30m | 2.940 | — | — | — | —
08:00:43 | 4.3 | 6/10 | 825/4369 |  51.89% | 11,607,040/22,368,840 | 1h30m | 2.850 | — | — | — | —
08:00:50 | 4.3 | 6/10 | 850/4369 |  51.95% | 11,619,840/22,368,840 | 1h30m | 2.862 | — | — | — | —
08:00:56 | 4.3 | 6/10 | 875/4369 |  52.00% | 11,632,640/22,368,840 | 1h29m | 3.011 | — | — | — | —
08:01:03 | 4.3 | 6/10 | 900/4369 |  52.06% | 11,645,440/22,368,840 | 1h29m | 2.896 | — | — | — | —
08:01:09 | 4.3 | 6/10 | 925/4369 |  52.12% | 11,658,240/22,368,840 | 1h29m | 2.971 | — | — | — | —
08:01:16 | 4.3 | 6/10 | 950/4369 |  52.17% | 11,671,040/22,368,840 | 1h29m | 2.977 | — | — | — | —
08:01:22 | 4.3 | 6/10 | 975/4369 |  52.23% | 11,683,840/22,368,840 | 1h29m | 2.803 | — | — | — | —
08:01:28 | 4.3 | 6/10 | 1000/4369 |  52.29% | 11,696,640/22,368,840 | 1h29m | 2.868 | — | — | — | —
08:01:35 | 4.3 | 6/10 | 1025/4369 |  52.35% | 11,709,440/22,368,840 | 1h29m | 3.043 | — | — | — | —
08:01:41 | 4.3 | 6/10 | 1050/4369 |  52.40% | 11,722,240/22,368,840 | 1h29m | 2.959 | — | — | — | —
08:01:47 | 4.3 | 6/10 | 1075/4369 |  52.46% | 11,735,040/22,368,840 | 1h29m | 2.945 | — | — | — | —
08:01:54 | 4.3 | 6/10 | 1100/4369 |  52.52% | 11,747,840/22,368,840 | 1h28m | 2.905 | — | — | — | —
08:02:00 | 4.3 | 6/10 | 1125/4369 |  52.57% | 11,760,640/22,368,840 | 1h28m | 2.856 | — | — | — | —
08:02:06 | 4.3 | 6/10 | 1150/4369 |  52.63% | 11,773,440/22,368,840 | 1h28m | 3.049 | — | — | — | —
08:02:13 | 4.3 | 6/10 | 1175/4369 |  52.69% | 11,786,240/22,368,840 | 1h28m | 2.895 | — | — | — | —
08:02:19 | 4.3 | 6/10 | 1200/4369 |  52.75% | 11,799,040/22,368,840 | 1h28m | 3.017 | — | — | — | —
08:02:26 | 4.3 | 6/10 | 1225/4369 |  52.80% | 11,811,840/22,368,840 | 1h28m | 2.882 | — | — | — | —
08:02:32 | 4.3 | 6/10 | 1250/4369 |  52.86% | 11,824,640/22,368,840 | 1h28m | 2.903 | — | — | — | —
08:02:39 | 4.3 | 6/10 | 1275/4369 |  52.92% | 11,837,440/22,368,840 | 1h28m | 2.937 | — | — | — | —
08:02:45 | 4.3 | 6/10 | 1300/4369 |  52.98% | 11,850,240/22,368,840 | 1h28m | 2.871 | — | — | — | —
08:02:51 | 4.3 | 6/10 | 1325/4369 |  53.03% | 11,863,040/22,368,840 | 1h27m | 2.908 | — | — | — | —
08:02:57 | 4.3 | 6/10 | 1350/4369 |  53.09% | 11,875,840/22,368,840 | 1h27m | 2.908 | — | — | — | —
08:03:04 | 4.3 | 6/10 | 1375/4369 |  53.15% | 11,888,640/22,368,840 | 1h27m | 2.905 | — | — | — | —
08:03:10 | 4.3 | 6/10 | 1400/4369 |  53.20% | 11,901,440/22,368,840 | 1h27m | 2.793 | — | — | — | —
08:03:16 | 4.3 | 6/10 | 1425/4369 |  53.26% | 11,914,240/22,368,840 | 1h27m | 3.024 | — | — | — | —
08:03:22 | 4.3 | 6/10 | 1450/4369 |  53.32% | 11,927,040/22,368,840 | 1h27m | 2.855 | — | — | — | —
08:03:28 | 4.3 | 6/10 | 1475/4369 |  53.38% | 11,939,840/22,368,840 | 1h27m | 2.759 | — | — | — | —
08:03:34 | 4.3 | 6/10 | 1500/4369 |  53.43% | 11,952,640/22,368,840 | 1h27m | 2.931 | — | — | — | —
08:03:41 | 4.3 | 6/10 | 1525/4369 |  53.49% | 11,965,440/22,368,840 | 1h27m | 2.819 | — | — | — | —
08:03:47 | 4.3 | 6/10 | 1550/4369 |  53.55% | 11,978,240/22,368,840 | 1h26m | 2.821 | — | — | — | —
08:03:53 | 4.3 | 6/10 | 1575/4369 |  53.60% | 11,991,040/22,368,840 | 1h26m | 2.839 | — | — | — | —
08:03:59 | 4.3 | 6/10 | 1600/4369 |  53.66% | 12,003,840/22,368,840 | 1h26m | 2.866 | — | — | — | —
08:04:05 | 4.3 | 6/10 | 1625/4369 |  53.72% | 12,016,640/22,368,840 | 1h26m | 2.982 | — | — | — | —
08:04:12 | 4.3 | 6/10 | 1650/4369 |  53.78% | 12,029,440/22,368,840 | 1h26m | 3.040 | — | — | — | —
08:04:18 | 4.3 | 6/10 | 1675/4369 |  53.83% | 12,042,240/22,368,840 | 1h26m | 2.938 | — | — | — | —
08:04:24 | 4.3 | 6/10 | 1700/4369 |  53.89% | 12,055,040/22,368,840 | 1h26m | 2.913 | — | — | — | —
08:04:31 | 4.3 | 6/10 | 1725/4369 |  53.95% | 12,067,840/22,368,840 | 1h26m | 2.855 | — | — | — | —
08:04:37 | 4.3 | 6/10 | 1750/4369 |  54.01% | 12,080,640/22,368,840 | 1h26m | 2.805 | — | — | — | —
08:04:43 | 4.3 | 6/10 | 1775/4369 |  54.06% | 12,093,440/22,368,840 | 1h25m | 2.792 | — | — | — | —
08:04:49 | 4.3 | 6/10 | 1800/4369 |  54.12% | 12,106,240/22,368,840 | 1h25m | 2.959 | — | — | — | —
08:04:55 | 4.3 | 6/10 | 1825/4369 |  54.18% | 12,119,040/22,368,840 | 1h25m | 2.764 | — | — | — | —
08:05:02 | 4.3 | 6/10 | 1850/4369 |  54.23% | 12,131,840/22,368,840 | 1h25m | 2.910 | — | — | — | —
08:05:08 | 4.3 | 6/10 | 1875/4369 |  54.29% | 12,144,640/22,368,840 | 1h25m | 2.891 | — | — | — | —
08:05:14 | 4.3 | 6/10 | 1900/4369 |  54.35% | 12,157,440/22,368,840 | 1h25m | 2.825 | — | — | — | —
08:05:20 | 4.3 | 6/10 | 1925/4369 |  54.41% | 12,170,240/22,368,840 | 1h25m | 2.960 | — | — | — | —
08:05:27 | 4.3 | 6/10 | 1950/4369 |  54.46% | 12,183,040/22,368,840 | 1h25m | 3.034 | — | — | — | —
08:05:33 | 4.3 | 6/10 | 1975/4369 |  54.52% | 12,195,840/22,368,840 | 1h25m | 2.824 | — | — | — | —
08:05:40 | 4.3 | 6/10 | 2000/4369 |  54.58% | 12,208,640/22,368,840 | 1h24m | 2.891 | — | — | — | —
08:05:46 | 4.3 | 6/10 | 2025/4369 |  54.63% | 12,221,440/22,368,840 | 1h24m | 2.859 | — | — | — | —
08:05:52 | 4.3 | 6/10 | 2050/4369 |  54.69% | 12,234,240/22,368,840 | 1h24m | 2.868 | — | — | — | —
08:05:58 | 4.3 | 6/10 | 2075/4369 |  54.75% | 12,247,040/22,368,840 | 1h24m | 2.933 | — | — | — | —
08:06:05 | 4.3 | 6/10 | 2100/4369 |  54.81% | 12,259,840/22,368,840 | 1h24m | 2.974 | — | — | — | —
08:06:11 | 4.3 | 6/10 | 2125/4369 |  54.86% | 12,272,640/22,368,840 | 1h24m | 3.009 | — | — | — | —
08:06:18 | 4.3 | 6/10 | 2150/4369 |  54.92% | 12,285,440/22,368,840 | 1h24m | 2.909 | — | — | — | —
08:06:24 | 4.3 | 6/10 | 2175/4369 |  54.98% | 12,298,240/22,368,840 | 1h24m | 2.786 | — | — | — | —
08:06:31 | 4.3 | 6/10 | 2200/4369 |  55.04% | 12,311,040/22,368,840 | 1h24m | 2.865 | — | — | — | —
08:06:37 | 4.3 | 6/10 | 2225/4369 |  55.09% | 12,323,840/22,368,840 | 1h24m | 2.858 | — | — | — | —
08:06:43 | 4.3 | 6/10 | 2250/4369 |  55.15% | 12,336,640/22,368,840 | 1h23m | 2.883 | — | — | — | —
08:06:49 | 4.3 | 6/10 | 2275/4369 |  55.21% | 12,349,440/22,368,840 | 1h23m | 2.986 | — | — | — | —
08:06:55 | 4.3 | 6/10 | 2300/4369 |  55.26% | 12,362,240/22,368,840 | 1h23m | 2.828 | — | — | — | —
08:07:02 | 4.3 | 6/10 | 2325/4369 |  55.32% | 12,375,040/22,368,840 | 1h23m | 2.737 | — | — | — | —
08:07:08 | 4.3 | 6/10 | 2350/4369 |  55.38% | 12,387,840/22,368,840 | 1h23m | 2.971 | — | — | — | —
08:07:14 | 4.3 | 6/10 | 2375/4369 |  55.44% | 12,400,640/22,368,840 | 1h23m | 2.924 | — | — | — | —
08:07:21 | 4.3 | 6/10 | 2400/4369 |  55.49% | 12,413,440/22,368,840 | 1h23m | 2.831 | — | — | — | —
08:07:27 | 4.3 | 6/10 | 2425/4369 |  55.55% | 12,426,240/22,368,840 | 1h23m | 2.849 | — | — | — | —
08:07:33 | 4.3 | 6/10 | 2450/4369 |  55.61% | 12,439,040/22,368,840 | 1h23m | 2.766 | — | — | — | —
08:07:40 | 4.3 | 6/10 | 2475/4369 |  55.66% | 12,451,840/22,368,840 | 1h22m | 2.959 | — | — | — | —
08:07:46 | 4.3 | 6/10 | 2500/4369 |  55.72% | 12,464,640/22,368,840 | 1h22m | 3.007 | — | — | — | —
08:07:52 | 4.3 | 6/10 | 2525/4369 |  55.78% | 12,477,440/22,368,840 | 1h22m | 2.918 | — | — | — | —
08:07:58 | 4.3 | 6/10 | 2550/4369 |  55.84% | 12,490,240/22,368,840 | 1h22m | 2.882 | — | — | — | —
08:08:04 | 4.3 | 6/10 | 2575/4369 |  55.89% | 12,503,040/22,368,840 | 1h22m | 2.775 | — | — | — | —
08:08:11 | 4.3 | 6/10 | 2600/4369 |  55.95% | 12,515,840/22,368,840 | 1h22m | 2.855 | — | — | — | —
08:08:17 | 4.3 | 6/10 | 2625/4369 |  56.01% | 12,528,640/22,368,840 | 1h22m | 2.853 | — | — | — | —
08:08:24 | 4.3 | 6/10 | 2650/4369 |  56.07% | 12,541,440/22,368,840 | 1h22m | 2.880 | — | — | — | —
08:08:30 | 4.3 | 6/10 | 2675/4369 |  56.12% | 12,554,240/22,368,840 | 1h22m | 2.831 | — | — | — | —
08:08:36 | 4.3 | 6/10 | 2700/4369 |  56.18% | 12,567,040/22,368,840 | 1h21m | 2.757 | — | — | — | —
08:08:43 | 4.3 | 6/10 | 2725/4369 |  56.24% | 12,579,840/22,368,840 | 1h21m | 2.989 | — | — | — | —
08:08:49 | 4.3 | 6/10 | 2750/4369 |  56.29% | 12,592,640/22,368,840 | 1h21m | 2.808 | — | — | — | —
08:08:55 | 4.3 | 6/10 | 2775/4369 |  56.35% | 12,605,440/22,368,840 | 1h21m | 2.849 | — | — | — | —
08:09:02 | 4.3 | 6/10 | 2800/4369 |  56.41% | 12,618,240/22,368,840 | 1h21m | 2.845 | — | — | — | —
08:09:09 | 4.3 | 6/10 | 2825/4369 |  56.47% | 12,631,040/22,368,840 | 1h21m | 2.806 | — | — | — | —
08:09:15 | 4.3 | 6/10 | 2850/4369 |  56.52% | 12,643,840/22,368,840 | 1h21m | 2.885 | — | — | — | —
08:09:21 | 4.3 | 6/10 | 2875/4369 |  56.58% | 12,656,640/22,368,840 | 1h21m | 2.948 | — | — | — | —
08:09:27 | 4.3 | 6/10 | 2900/4369 |  56.64% | 12,669,440/22,368,840 | 1h21m | 2.934 | — | — | — | —
08:09:33 | 4.3 | 6/10 | 2925/4369 |  56.69% | 12,682,240/22,368,840 | 1h20m | 2.835 | — | — | — | —
08:09:40 | 4.3 | 6/10 | 2950/4369 |  56.75% | 12,695,040/22,368,840 | 1h20m | 3.078 | — | — | — | —
08:09:46 | 4.3 | 6/10 | 2975/4369 |  56.81% | 12,707,840/22,368,840 | 1h20m | 2.917 | — | — | — | —
08:09:52 | 4.3 | 6/10 | 3000/4369 |  56.87% | 12,720,640/22,368,840 | 1h20m | 2.810 | — | — | — | —
08:09:59 | 4.3 | 6/10 | 3025/4369 |  56.92% | 12,733,440/22,368,840 | 1h20m | 2.854 | — | — | — | —
08:10:05 | 4.3 | 6/10 | 3050/4369 |  56.98% | 12,746,240/22,368,840 | 1h20m | 2.749 | — | — | — | —
08:10:11 | 4.3 | 6/10 | 3075/4369 |  57.04% | 12,759,040/22,368,840 | 1h20m | 2.974 | — | — | — | —
08:10:18 | 4.3 | 6/10 | 3100/4369 |  57.10% | 12,771,840/22,368,840 | 1h20m | 2.869 | — | — | — | —
08:10:24 | 4.3 | 6/10 | 3125/4369 |  57.15% | 12,784,640/22,368,840 | 1h20m | 2.840 | — | — | — | —
08:10:30 | 4.3 | 6/10 | 3150/4369 |  57.21% | 12,797,440/22,368,840 | 1h20m | 2.924 | — | — | — | —
08:10:36 | 4.3 | 6/10 | 3175/4369 |  57.27% | 12,810,240/22,368,840 | 1h19m | 2.862 | — | — | — | —
08:10:43 | 4.3 | 6/10 | 3200/4369 |  57.32% | 12,823,040/22,368,840 | 1h19m | 2.813 | — | — | — | —
08:10:49 | 4.3 | 6/10 | 3225/4369 |  57.38% | 12,835,840/22,368,840 | 1h19m | 2.859 | — | — | — | —
08:10:56 | 4.3 | 6/10 | 3250/4369 |  57.44% | 12,848,640/22,368,840 | 1h19m | 2.863 | — | — | — | —
08:11:02 | 4.3 | 6/10 | 3275/4369 |  57.50% | 12,861,440/22,368,840 | 1h19m | 2.887 | — | — | — | —
08:11:08 | 4.3 | 6/10 | 3300/4369 |  57.55% | 12,874,240/22,368,840 | 1h19m | 2.838 | — | — | — | —
08:11:15 | 4.3 | 6/10 | 3325/4369 |  57.61% | 12,887,040/22,368,840 | 1h19m | 2.896 | — | — | — | —
08:11:21 | 4.3 | 6/10 | 3350/4369 |  57.67% | 12,899,840/22,368,840 | 1h19m | 2.888 | — | — | — | —
08:11:27 | 4.3 | 6/10 | 3375/4369 |  57.72% | 12,912,640/22,368,840 | 1h19m | 2.920 | — | — | — | —
08:11:33 | 4.3 | 6/10 | 3400/4369 |  57.78% | 12,925,440/22,368,840 | 1h18m | 2.953 | — | — | — | —
08:11:40 | 4.3 | 6/10 | 3425/4369 |  57.84% | 12,938,240/22,368,840 | 1h18m | 2.951 | — | — | — | —
08:11:47 | 4.3 | 6/10 | 3450/4369 |  57.90% | 12,951,040/22,368,840 | 1h18m | 2.980 | — | — | — | —
08:11:53 | 4.3 | 6/10 | 3475/4369 |  57.95% | 12,963,840/22,368,840 | 1h18m | 2.821 | — | — | — | —
08:11:59 | 4.3 | 6/10 | 3500/4369 |  58.01% | 12,976,640/22,368,840 | 1h18m | 2.934 | — | — | — | —
08:12:05 | 4.3 | 6/10 | 3525/4369 |  58.07% | 12,989,440/22,368,840 | 1h18m | 2.820 | — | — | — | —
08:12:12 | 4.3 | 6/10 | 3550/4369 |  58.13% | 13,002,240/22,368,840 | 1h18m | 2.766 | — | — | — | —
08:12:18 | 4.3 | 6/10 | 3575/4369 |  58.18% | 13,015,040/22,368,840 | 1h18m | 2.938 | — | — | — | —
08:12:24 | 4.3 | 6/10 | 3600/4369 |  58.24% | 13,027,840/22,368,840 | 1h18m | 2.980 | — | — | — | —
08:12:31 | 4.3 | 6/10 | 3625/4369 |  58.30% | 13,040,640/22,368,840 | 1h17m | 2.794 | — | — | — | —
08:12:38 | 4.3 | 6/10 | 3650/4369 |  58.35% | 13,053,440/22,368,840 | 1h17m | 2.953 | — | — | — | —
08:12:45 | 4.3 | 6/10 | 3675/4369 |  58.41% | 13,066,240/22,368,840 | 1h17m | 2.832 | — | — | — | —
08:12:51 | 4.3 | 6/10 | 3700/4369 |  58.47% | 13,079,040/22,368,840 | 1h17m | 2.899 | — | — | — | —
08:12:57 | 4.3 | 6/10 | 3725/4369 |  58.53% | 13,091,840/22,368,840 | 1h17m | 2.886 | — | — | — | —
08:13:03 | 4.3 | 6/10 | 3750/4369 |  58.58% | 13,104,640/22,368,840 | 1h17m | 2.799 | — | — | — | —
08:13:09 | 4.3 | 6/10 | 3775/4369 |  58.64% | 13,117,440/22,368,840 | 1h17m | 2.861 | — | — | — | —
08:13:15 | 4.3 | 6/10 | 3800/4369 |  58.70% | 13,130,240/22,368,840 | 1h17m | 2.864 | — | — | — | —
08:13:22 | 4.3 | 6/10 | 3825/4369 |  58.75% | 13,143,040/22,368,840 | 1h17m | 2.763 | — | — | — | —
08:13:28 | 4.3 | 6/10 | 3850/4369 |  58.81% | 13,155,840/22,368,840 | 1h16m | 3.113 | — | — | — | —
08:13:36 | 4.3 | 6/10 | 3875/4369 |  58.87% | 13,168,640/22,368,840 | 1h16m | 2.916 | — | — | — | —
08:13:42 | 4.3 | 6/10 | 3900/4369 |  58.93% | 13,181,440/22,368,840 | 1h16m | 2.804 | — | — | — | —
08:13:48 | 4.3 | 6/10 | 3925/4369 |  58.98% | 13,194,240/22,368,840 | 1h16m | 2.928 | — | — | — | —
08:13:54 | 4.3 | 6/10 | 3950/4369 |  59.04% | 13,207,040/22,368,840 | 1h16m | 2.938 | — | — | — | —
08:14:00 | 4.3 | 6/10 | 3975/4369 |  59.10% | 13,219,840/22,368,840 | 1h16m | 2.789 | — | — | — | —
08:14:06 | 4.3 | 6/10 | 4000/4369 |  59.16% | 13,232,640/22,368,840 | 1h16m | 2.959 | — | — | — | —
08:14:13 | 4.3 | 6/10 | 4025/4369 |  59.21% | 13,245,440/22,368,840 | 1h16m | 2.905 | — | — | — | —
08:14:19 | 4.3 | 6/10 | 4050/4369 |  59.27% | 13,258,240/22,368,840 | 1h16m | 2.949 | — | — | — | —
08:14:26 | 4.3 | 6/10 | 4075/4369 |  59.33% | 13,271,040/22,368,840 | 1h16m | 2.900 | — | — | — | —
08:14:32 | 4.3 | 6/10 | 4100/4369 |  59.38% | 13,283,840/22,368,840 | 1h15m | 2.878 | — | — | — | —
08:14:39 | 4.3 | 6/10 | 4125/4369 |  59.44% | 13,296,640/22,368,840 | 1h15m | 2.822 | — | — | — | —
08:14:45 | 4.3 | 6/10 | 4150/4369 |  59.50% | 13,309,440/22,368,840 | 1h15m | 2.831 | — | — | — | —
08:14:51 | 4.3 | 6/10 | 4175/4369 |  59.56% | 13,322,240/22,368,840 | 1h15m | 2.909 | — | — | — | —
08:14:58 | 4.3 | 6/10 | 4200/4369 |  59.61% | 13,335,040/22,368,840 | 1h15m | 2.915 | — | — | — | —
08:15:04 | 4.3 | 6/10 | 4225/4369 |  59.67% | 13,347,840/22,368,840 | 1h15m | 3.058 | — | — | — | —
08:15:11 | 4.3 | 6/10 | 4250/4369 |  59.73% | 13,360,640/22,368,840 | 1h15m | 2.876 | — | — | — | —
08:15:17 | 4.3 | 6/10 | 4275/4369 |  59.78% | 13,373,440/22,368,840 | 1h15m | 3.070 | — | — | — | —
08:15:23 | 4.3 | 6/10 | 4300/4369 |  59.84% | 13,386,240/22,368,840 | 1h15m | 2.934 | — | — | — | —
08:15:30 | 4.3 | 6/10 | 4325/4369 |  59.90% | 13,399,040/22,368,840 | 1h14m | 3.033 | — | — | — | —
08:15:36 | 4.3 | 6/10 | 4350/4369 |  59.96% | 13,411,840/22,368,840 | 1h14m | 2.836 | — | — | — | —
08:15:40 | 4.3 | 6/10 | 4369/4369 |  60.00% | 13,421,568/22,368,840 | 1h14m | 2.697 | — | — | — | —
08:15:52 | validation | 6/10 | epoch-end |  60.00% | 13,421,304/22,368,840 | 1h14m | 2.890 |  55.28% |  44.40% |   5.55% | 1.503
08:15:52 | 4.3 | 7/10 | 1/4369 |  60.00% | 13,422,080/22,368,840 | 1h14m | 2.830 | — | — | — | —
08:15:58 | 4.3 | 7/10 | 25/4369 |  60.06% | 13,434,368/22,368,840 | 1h14m | 2.849 | — | — | — | —
08:16:04 | 4.3 | 7/10 | 50/4369 |  60.11% | 13,447,168/22,368,840 | 1h14m | 2.814 | — | — | — | —
08:16:11 | 4.3 | 7/10 | 75/4369 |  60.17% | 13,459,968/22,368,840 | 1h14m | 2.929 | — | — | — | —
08:16:17 | 4.3 | 7/10 | 100/4369 |  60.23% | 13,472,768/22,368,840 | 1h14m | 2.831 | — | — | — | —
08:16:23 | 4.3 | 7/10 | 125/4369 |  60.29% | 13,485,568/22,368,840 | 1h14m | 2.811 | — | — | — | —
08:16:30 | 4.3 | 7/10 | 150/4369 |  60.34% | 13,498,368/22,368,840 | 1h14m | 2.869 | — | — | — | —
08:16:36 | 4.3 | 7/10 | 175/4369 |  60.40% | 13,511,168/22,368,840 | 1h14m | 2.898 | — | — | — | —
08:16:42 | 4.3 | 7/10 | 200/4369 |  60.46% | 13,523,968/22,368,840 | 1h14m | 2.838 | — | — | — | —
08:16:48 | 4.3 | 7/10 | 225/4369 |  60.51% | 13,536,768/22,368,840 | 1h13m | 2.679 | — | — | — | —
08:16:55 | 4.3 | 7/10 | 250/4369 |  60.57% | 13,549,568/22,368,840 | 1h13m | 2.746 | — | — | — | —
08:17:01 | 4.3 | 7/10 | 275/4369 |  60.63% | 13,562,368/22,368,840 | 1h13m | 2.921 | — | — | — | —
08:17:07 | 4.3 | 7/10 | 300/4369 |  60.69% | 13,575,168/22,368,840 | 1h13m | 2.800 | — | — | — | —
08:17:14 | 4.3 | 7/10 | 325/4369 |  60.74% | 13,587,968/22,368,840 | 1h13m | 2.767 | — | — | — | —
08:17:20 | 4.3 | 7/10 | 350/4369 |  60.80% | 13,600,768/22,368,840 | 1h13m | 2.815 | — | — | — | —
08:17:27 | 4.3 | 7/10 | 375/4369 |  60.86% | 13,613,568/22,368,840 | 1h13m | 2.888 | — | — | — | —
08:17:33 | 4.3 | 7/10 | 400/4369 |  60.92% | 13,626,368/22,368,840 | 1h13m | 2.850 | — | — | — | —
08:17:39 | 4.3 | 7/10 | 425/4369 |  60.97% | 13,639,168/22,368,840 | 1h13m | 2.874 | — | — | — | —
08:17:46 | 4.3 | 7/10 | 450/4369 |  61.03% | 13,651,968/22,368,840 | 1h12m | 2.784 | — | — | — | —
08:17:53 | 4.3 | 7/10 | 475/4369 |  61.09% | 13,664,768/22,368,840 | 1h12m | 2.785 | — | — | — | —
08:17:59 | 4.3 | 7/10 | 500/4369 |  61.14% | 13,677,568/22,368,840 | 1h12m | 2.931 | — | — | — | —
08:18:05 | 4.3 | 7/10 | 525/4369 |  61.20% | 13,690,368/22,368,840 | 1h12m | 2.902 | — | — | — | —
08:18:11 | 4.3 | 7/10 | 550/4369 |  61.26% | 13,703,168/22,368,840 | 1h12m | 3.010 | — | — | — | —
08:18:17 | 4.3 | 7/10 | 575/4369 |  61.32% | 13,715,968/22,368,840 | 1h12m | 2.845 | — | — | — | —
08:18:23 | 4.3 | 7/10 | 600/4369 |  61.37% | 13,728,768/22,368,840 | 1h12m | 2.865 | — | — | — | —
08:18:30 | 4.3 | 7/10 | 625/4369 |  61.43% | 13,741,568/22,368,840 | 1h12m | 2.832 | — | — | — | —
08:18:36 | 4.3 | 7/10 | 650/4369 |  61.49% | 13,754,368/22,368,840 | 1h12m | 2.923 | — | — | — | —
08:18:43 | 4.3 | 7/10 | 675/4369 |  61.54% | 13,767,168/22,368,840 | 1h11m | 2.918 | — | — | — | —
08:18:49 | 4.3 | 7/10 | 700/4369 |  61.60% | 13,779,968/22,368,840 | 1h11m | 2.722 | — | — | — | —
08:18:56 | 4.3 | 7/10 | 725/4369 |  61.66% | 13,792,768/22,368,840 | 1h11m | 2.822 | — | — | — | —
08:19:02 | 4.3 | 7/10 | 750/4369 |  61.72% | 13,805,568/22,368,840 | 1h11m | 2.824 | — | — | — | —
08:19:08 | 4.3 | 7/10 | 775/4369 |  61.77% | 13,818,368/22,368,840 | 1h11m | 2.825 | — | — | — | —
08:19:14 | 4.3 | 7/10 | 800/4369 |  61.83% | 13,831,168/22,368,840 | 1h11m | 2.731 | — | — | — | —
08:19:21 | 4.3 | 7/10 | 825/4369 |  61.89% | 13,843,968/22,368,840 | 1h11m | 2.861 | — | — | — | —
08:19:27 | 4.3 | 7/10 | 850/4369 |  61.95% | 13,856,768/22,368,840 | 1h11m | 2.929 | — | — | — | —
08:19:34 | 4.3 | 7/10 | 875/4369 |  62.00% | 13,869,568/22,368,840 | 1h11m | 2.946 | — | — | — | —
08:19:40 | 4.3 | 7/10 | 900/4369 |  62.06% | 13,882,368/22,368,840 | 1h10m | 2.839 | — | — | — | —
08:19:46 | 4.3 | 7/10 | 925/4369 |  62.12% | 13,895,168/22,368,840 | 1h10m | 2.803 | — | — | — | —
08:19:52 | 4.3 | 7/10 | 950/4369 |  62.17% | 13,907,968/22,368,840 | 1h10m | 2.994 | — | — | — | —
08:19:59 | 4.3 | 7/10 | 975/4369 |  62.23% | 13,920,768/22,368,840 | 1h10m | 2.891 | — | — | — | —
08:20:06 | 4.3 | 7/10 | 1000/4369 |  62.29% | 13,933,568/22,368,840 | 1h10m | 2.887 | — | — | — | —
08:20:12 | 4.3 | 7/10 | 1025/4369 |  62.35% | 13,946,368/22,368,840 | 1h10m | 2.840 | — | — | — | —
08:20:18 | 4.3 | 7/10 | 1050/4369 |  62.40% | 13,959,168/22,368,840 | 1h10m | 2.841 | — | — | — | —
08:20:24 | 4.3 | 7/10 | 1075/4369 |  62.46% | 13,971,968/22,368,840 | 1h10m | 2.802 | — | — | — | —
08:20:31 | 4.3 | 7/10 | 1100/4369 |  62.52% | 13,984,768/22,368,840 | 1h10m | 2.694 | — | — | — | —
08:20:37 | 4.3 | 7/10 | 1125/4369 |  62.57% | 13,997,568/22,368,840 | 1h10m | 2.829 | — | — | — | —
08:20:44 | 4.3 | 7/10 | 1150/4369 |  62.63% | 14,010,368/22,368,840 | 1h09m | 2.986 | — | — | — | —
08:20:51 | 4.3 | 7/10 | 1175/4369 |  62.69% | 14,023,168/22,368,840 | 1h09m | 2.939 | — | — | — | —
08:20:57 | 4.3 | 7/10 | 1200/4369 |  62.75% | 14,035,968/22,368,840 | 1h09m | 2.926 | — | — | — | —
08:21:03 | 4.3 | 7/10 | 1225/4369 |  62.80% | 14,048,768/22,368,840 | 1h09m | 2.890 | — | — | — | —
08:21:09 | 4.3 | 7/10 | 1250/4369 |  62.86% | 14,061,568/22,368,840 | 1h09m | 2.837 | — | — | — | —
08:21:15 | 4.3 | 7/10 | 1275/4369 |  62.92% | 14,074,368/22,368,840 | 1h09m | 2.677 | — | — | — | —
08:21:22 | 4.3 | 7/10 | 1300/4369 |  62.98% | 14,087,168/22,368,840 | 1h09m | 2.925 | — | — | — | —
08:21:29 | 4.3 | 7/10 | 1325/4369 |  63.03% | 14,099,968/22,368,840 | 1h09m | 2.779 | — | — | — | —
08:21:35 | 4.3 | 7/10 | 1350/4369 |  63.09% | 14,112,768/22,368,840 | 1h09m | 2.709 | — | — | — | —
08:21:41 | 4.3 | 7/10 | 1375/4369 |  63.15% | 14,125,568/22,368,840 | 1h08m | 2.949 | — | — | — | —
08:21:47 | 4.3 | 7/10 | 1400/4369 |  63.20% | 14,138,368/22,368,840 | 1h08m | 3.015 | — | — | — | —
08:21:53 | 4.3 | 7/10 | 1425/4369 |  63.26% | 14,151,168/22,368,840 | 1h08m | 2.778 | — | — | — | —
08:22:00 | 4.3 | 7/10 | 1450/4369 |  63.32% | 14,163,968/22,368,840 | 1h08m | 2.833 | — | — | — | —
08:22:06 | 4.3 | 7/10 | 1475/4369 |  63.38% | 14,176,768/22,368,840 | 1h08m | 2.797 | — | — | — | —
08:22:13 | 4.3 | 7/10 | 1500/4369 |  63.43% | 14,189,568/22,368,840 | 1h08m | 2.875 | — | — | — | —
08:22:19 | 4.3 | 7/10 | 1525/4369 |  63.49% | 14,202,368/22,368,840 | 1h08m | 2.894 | — | — | — | —
08:22:26 | 4.3 | 7/10 | 1550/4369 |  63.55% | 14,215,168/22,368,840 | 1h08m | 2.814 | — | — | — | —
08:22:32 | 4.3 | 7/10 | 1575/4369 |  63.60% | 14,227,968/22,368,840 | 1h08m | 2.730 | — | — | — | —
08:22:39 | 4.3 | 7/10 | 1600/4369 |  63.66% | 14,240,768/22,368,840 | 1h07m | 2.928 | — | — | — | —
08:22:45 | 4.3 | 7/10 | 1625/4369 |  63.72% | 14,253,568/22,368,840 | 1h07m | 2.845 | — | — | — | —
08:22:51 | 4.3 | 7/10 | 1650/4369 |  63.78% | 14,266,368/22,368,840 | 1h07m | 2.938 | — | — | — | —
08:22:58 | 4.3 | 7/10 | 1675/4369 |  63.83% | 14,279,168/22,368,840 | 1h07m | 2.977 | — | — | — | —
08:23:04 | 4.3 | 7/10 | 1700/4369 |  63.89% | 14,291,968/22,368,840 | 1h07m | 2.794 | — | — | — | —
08:23:10 | 4.3 | 7/10 | 1725/4369 |  63.95% | 14,304,768/22,368,840 | 1h07m | 2.631 | — | — | — | —
08:23:16 | 4.3 | 7/10 | 1750/4369 |  64.01% | 14,317,568/22,368,840 | 1h07m | 2.897 | — | — | — | —
08:23:23 | 4.3 | 7/10 | 1775/4369 |  64.06% | 14,330,368/22,368,840 | 1h07m | 2.951 | — | — | — | —
08:23:30 | 4.3 | 7/10 | 1800/4369 |  64.12% | 14,343,168/22,368,840 | 1h07m | 2.877 | — | — | — | —
08:23:36 | 4.3 | 7/10 | 1825/4369 |  64.18% | 14,355,968/22,368,840 | 1h07m | 2.709 | — | — | — | —
08:23:42 | 4.3 | 7/10 | 1850/4369 |  64.23% | 14,368,768/22,368,840 | 1h06m | 2.939 | — | — | — | —
08:23:49 | 4.3 | 7/10 | 1875/4369 |  64.29% | 14,381,568/22,368,840 | 1h06m | 2.745 | — | — | — | —
08:23:55 | 4.3 | 7/10 | 1900/4369 |  64.35% | 14,394,368/22,368,840 | 1h06m | 2.762 | — | — | — | —
08:24:02 | 4.3 | 7/10 | 1925/4369 |  64.41% | 14,407,168/22,368,840 | 1h06m | 2.854 | — | — | — | —
08:24:09 | 4.3 | 7/10 | 1950/4369 |  64.46% | 14,419,968/22,368,840 | 1h06m | 2.854 | — | — | — | —
08:24:15 | 4.3 | 7/10 | 1975/4369 |  64.52% | 14,432,768/22,368,840 | 1h06m | 2.906 | — | — | — | —
08:24:21 | 4.3 | 7/10 | 2000/4369 |  64.58% | 14,445,568/22,368,840 | 1h06m | 2.777 | — | — | — | —
08:24:27 | 4.3 | 7/10 | 2025/4369 |  64.63% | 14,458,368/22,368,840 | 1h06m | 2.884 | — | — | — | —
08:24:34 | 4.3 | 7/10 | 2050/4369 |  64.69% | 14,471,168/22,368,840 | 1h06m | 2.869 | — | — | — | —
08:24:41 | 4.3 | 7/10 | 2075/4369 |  64.75% | 14,483,968/22,368,840 | 1h05m | 2.819 | — | — | — | —
08:24:47 | 4.3 | 7/10 | 2100/4369 |  64.81% | 14,496,768/22,368,840 | 1h05m | 2.715 | — | — | — | —
08:24:53 | 4.3 | 7/10 | 2125/4369 |  64.86% | 14,509,568/22,368,840 | 1h05m | 2.702 | — | — | — | —
08:24:59 | 4.3 | 7/10 | 2150/4369 |  64.92% | 14,522,368/22,368,840 | 1h05m | 2.890 | — | — | — | —
08:25:06 | 4.3 | 7/10 | 2175/4369 |  64.98% | 14,535,168/22,368,840 | 1h05m | 2.918 | — | — | — | —
08:25:12 | 4.3 | 7/10 | 2200/4369 |  65.04% | 14,547,968/22,368,840 | 1h05m | 2.927 | — | — | — | —
08:25:18 | 4.3 | 7/10 | 2225/4369 |  65.09% | 14,560,768/22,368,840 | 1h05m | 2.893 | — | — | — | —
08:25:25 | 4.3 | 7/10 | 2250/4369 |  65.15% | 14,573,568/22,368,840 | 1h05m | 2.902 | — | — | — | —
08:25:31 | 4.3 | 7/10 | 2275/4369 |  65.21% | 14,586,368/22,368,840 | 1h05m | 2.961 | — | — | — | —
08:25:38 | 4.3 | 7/10 | 2300/4369 |  65.26% | 14,599,168/22,368,840 | 1h04m | 2.900 | — | — | — | —
08:25:44 | 4.3 | 7/10 | 2325/4369 |  65.32% | 14,611,968/22,368,840 | 1h04m | 2.921 | — | — | — | —
08:25:50 | 4.3 | 7/10 | 2350/4369 |  65.38% | 14,624,768/22,368,840 | 1h04m | 2.769 | — | — | — | —
08:25:57 | 4.3 | 7/10 | 2375/4369 |  65.44% | 14,637,568/22,368,840 | 1h04m | 2.734 | — | — | — | —
08:26:03 | 4.3 | 7/10 | 2400/4369 |  65.49% | 14,650,368/22,368,840 | 1h04m | 2.839 | — | — | — | —
08:26:09 | 4.3 | 7/10 | 2425/4369 |  65.55% | 14,663,168/22,368,840 | 1h04m | 2.716 | — | — | — | —
08:26:16 | 4.3 | 7/10 | 2450/4369 |  65.61% | 14,675,968/22,368,840 | 1h04m | 2.795 | — | — | — | —
08:26:22 | 4.3 | 7/10 | 2475/4369 |  65.66% | 14,688,768/22,368,840 | 1h04m | 2.791 | — | — | — | —
08:26:28 | 4.3 | 7/10 | 2500/4369 |  65.72% | 14,701,568/22,368,840 | 1h04m | 2.951 | — | — | — | —
08:26:35 | 4.3 | 7/10 | 2525/4369 |  65.78% | 14,714,368/22,368,840 | 1h04m | 2.916 | — | — | — | —
08:26:42 | 4.3 | 7/10 | 2550/4369 |  65.84% | 14,727,168/22,368,840 | 1h03m | 2.987 | — | — | — | —
08:26:48 | 4.3 | 7/10 | 2575/4369 |  65.89% | 14,739,968/22,368,840 | 1h03m | 2.798 | — | — | — | —
08:26:54 | 4.3 | 7/10 | 2600/4369 |  65.95% | 14,752,768/22,368,840 | 1h03m | 2.826 | — | — | — | —
08:27:01 | 4.3 | 7/10 | 2625/4369 |  66.01% | 14,765,568/22,368,840 | 1h03m | 2.945 | — | — | — | —
08:27:08 | 4.3 | 7/10 | 2650/4369 |  66.07% | 14,778,368/22,368,840 | 1h03m | 2.830 | — | — | — | —
08:27:14 | 4.3 | 7/10 | 2675/4369 |  66.12% | 14,791,168/22,368,840 | 1h03m | 2.861 | — | — | — | —
08:27:20 | 4.3 | 7/10 | 2700/4369 |  66.18% | 14,803,968/22,368,840 | 1h03m | 2.773 | — | — | — | —
08:27:27 | 4.3 | 7/10 | 2725/4369 |  66.24% | 14,816,768/22,368,840 | 1h03m | 2.876 | — | — | — | —
08:27:33 | 4.3 | 7/10 | 2750/4369 |  66.29% | 14,829,568/22,368,840 | 1h03m | 2.924 | — | — | — | —
08:27:40 | 4.3 | 7/10 | 2775/4369 |  66.35% | 14,842,368/22,368,840 | 1h02m | 2.873 | — | — | — | —
08:27:46 | 4.3 | 7/10 | 2800/4369 |  66.41% | 14,855,168/22,368,840 | 1h02m | 2.905 | — | — | — | —
08:27:52 | 4.3 | 7/10 | 2825/4369 |  66.47% | 14,867,968/22,368,840 | 1h02m | 2.794 | — | — | — | —
08:27:59 | 4.3 | 7/10 | 2850/4369 |  66.52% | 14,880,768/22,368,840 | 1h02m | 2.783 | — | — | — | —
08:28:05 | 4.3 | 7/10 | 2875/4369 |  66.58% | 14,893,568/22,368,840 | 1h02m | 2.922 | — | — | — | —
08:28:11 | 4.3 | 7/10 | 2900/4369 |  66.64% | 14,906,368/22,368,840 | 1h02m | 2.927 | — | — | — | —
08:28:19 | 4.3 | 7/10 | 2925/4369 |  66.69% | 14,919,168/22,368,840 | 1h02m | 2.893 | — | — | — | —
08:28:25 | 4.3 | 7/10 | 2950/4369 |  66.75% | 14,931,968/22,368,840 | 1h02m | 2.990 | — | — | — | —
08:28:32 | 4.3 | 7/10 | 2975/4369 |  66.81% | 14,944,768/22,368,840 | 1h02m | 2.861 | — | — | — | —
08:28:38 | 4.3 | 7/10 | 3000/4369 |  66.87% | 14,957,568/22,368,840 | 1h01m | 2.863 | — | — | — | —
08:28:44 | 4.3 | 7/10 | 3025/4369 |  66.92% | 14,970,368/22,368,840 | 1h01m | 2.748 | — | — | — | —
08:28:51 | 4.3 | 7/10 | 3050/4369 |  66.98% | 14,983,168/22,368,840 | 1h01m | 2.861 | — | — | — | —
08:28:57 | 4.3 | 7/10 | 3075/4369 |  67.04% | 14,995,968/22,368,840 | 1h01m | 2.903 | — | — | — | —
08:29:04 | 4.3 | 7/10 | 3100/4369 |  67.10% | 15,008,768/22,368,840 | 1h01m | 2.849 | — | — | — | —
08:29:11 | 4.3 | 7/10 | 3125/4369 |  67.15% | 15,021,568/22,368,840 | 1h01m | 2.729 | — | — | — | —
08:29:17 | 4.3 | 7/10 | 3150/4369 |  67.21% | 15,034,368/22,368,840 | 1h01m | 2.821 | — | — | — | —
08:29:23 | 4.3 | 7/10 | 3175/4369 |  67.27% | 15,047,168/22,368,840 | 1h01m | 2.807 | — | — | — | —
08:29:29 | 4.3 | 7/10 | 3200/4369 |  67.32% | 15,059,968/22,368,840 | 1h01m | 2.884 | — | — | — | —
08:29:36 | 4.3 | 7/10 | 3225/4369 |  67.38% | 15,072,768/22,368,840 | 1h01m | 2.844 | — | — | — | —
08:29:43 | 4.3 | 7/10 | 3250/4369 |  67.44% | 15,085,568/22,368,840 | 1h00m | 2.865 | — | — | — | —
08:29:49 | 4.3 | 7/10 | 3275/4369 |  67.50% | 15,098,368/22,368,840 | 1h00m | 2.837 | — | — | — | —
08:29:55 | 4.3 | 7/10 | 3300/4369 |  67.55% | 15,111,168/22,368,840 | 1h00m | 2.810 | — | — | — | —
08:30:01 | 4.3 | 7/10 | 3325/4369 |  67.61% | 15,123,968/22,368,840 | 1h00m | 2.793 | — | — | — | —
08:30:08 | 4.3 | 7/10 | 3350/4369 |  67.67% | 15,136,768/22,368,840 | 1h00m | 2.897 | — | — | — | —
08:30:15 | 4.3 | 7/10 | 3375/4369 |  67.72% | 15,149,568/22,368,840 | 1h00m | 2.892 | — | — | — | —
08:30:22 | 4.3 | 7/10 | 3400/4369 |  67.78% | 15,162,368/22,368,840 | 1h00m | 2.949 | — | — | — | —
08:30:28 | 4.3 | 7/10 | 3425/4369 |  67.84% | 15,175,168/22,368,840 | 1h00m | 2.857 | — | — | — | —
08:30:34 | 4.3 | 7/10 | 3450/4369 |  67.90% | 15,187,968/22,368,840 | 1h00m | 2.755 | — | — | — | —
08:30:40 | 4.3 | 7/10 | 3475/4369 |  67.95% | 15,200,768/22,368,840 | 59m57s | 2.962 | — | — | — | —
08:30:47 | 4.3 | 7/10 | 3500/4369 |  68.01% | 15,213,568/22,368,840 | 59m50s | 2.802 | — | — | — | —
08:30:54 | 4.3 | 7/10 | 3525/4369 |  68.07% | 15,226,368/22,368,840 | 59m44s | 2.884 | — | — | — | —
08:31:00 | 4.3 | 7/10 | 3550/4369 |  68.13% | 15,239,168/22,368,840 | 59m38s | 2.889 | — | — | — | —
08:31:06 | 4.3 | 7/10 | 3575/4369 |  68.18% | 15,251,968/22,368,840 | 59m31s | 2.795 | — | — | — | —
08:31:12 | 4.3 | 7/10 | 3600/4369 |  68.24% | 15,264,768/22,368,840 | 59m25s | 2.873 | — | — | — | —
08:31:19 | 4.3 | 7/10 | 3625/4369 |  68.30% | 15,277,568/22,368,840 | 59m18s | 2.858 | — | — | — | —
08:31:25 | 4.3 | 7/10 | 3650/4369 |  68.35% | 15,290,368/22,368,840 | 59m12s | 2.866 | — | — | — | —
08:31:32 | 4.3 | 7/10 | 3675/4369 |  68.41% | 15,303,168/22,368,840 | 59m06s | 2.852 | — | — | — | —
08:31:38 | 4.3 | 7/10 | 3700/4369 |  68.47% | 15,315,968/22,368,840 | 58m59s | 2.857 | — | — | — | —
08:31:44 | 4.3 | 7/10 | 3725/4369 |  68.53% | 15,328,768/22,368,840 | 58m53s | 2.801 | — | — | — | —
08:31:51 | 4.3 | 7/10 | 3750/4369 |  68.58% | 15,341,568/22,368,840 | 58m46s | 2.722 | — | — | — | —
08:31:57 | 4.3 | 7/10 | 3775/4369 |  68.64% | 15,354,368/22,368,840 | 58m40s | 2.881 | — | — | — | —
08:32:03 | 4.3 | 7/10 | 3800/4369 |  68.70% | 15,367,168/22,368,840 | 58m33s | 2.880 | — | — | — | —
08:32:10 | 4.3 | 7/10 | 3825/4369 |  68.75% | 15,379,968/22,368,840 | 58m27s | 2.831 | — | — | — | —
08:32:16 | 4.3 | 7/10 | 3850/4369 |  68.81% | 15,392,768/22,368,840 | 58m20s | 2.962 | — | — | — | —
08:32:22 | 4.3 | 7/10 | 3875/4369 |  68.87% | 15,405,568/22,368,840 | 58m14s | 2.855 | — | — | — | —
08:32:29 | 4.3 | 7/10 | 3900/4369 |  68.93% | 15,418,368/22,368,840 | 58m07s | 2.727 | — | — | — | —
08:32:35 | 4.3 | 7/10 | 3925/4369 |  68.98% | 15,431,168/22,368,840 | 58m01s | 2.887 | — | — | — | —
08:32:42 | 4.3 | 7/10 | 3950/4369 |  69.04% | 15,443,968/22,368,840 | 57m55s | 2.757 | — | — | — | —
08:32:48 | 4.3 | 7/10 | 3975/4369 |  69.10% | 15,456,768/22,368,840 | 57m48s | 2.816 | — | — | — | —
08:32:54 | 4.3 | 7/10 | 4000/4369 |  69.16% | 15,469,568/22,368,840 | 57m42s | 2.707 | — | — | — | —
08:33:01 | 4.3 | 7/10 | 4025/4369 |  69.21% | 15,482,368/22,368,840 | 57m35s | 2.761 | — | — | — | —
08:33:07 | 4.3 | 7/10 | 4050/4369 |  69.27% | 15,495,168/22,368,840 | 57m29s | 2.861 | — | — | — | —
08:33:14 | 4.3 | 7/10 | 4075/4369 |  69.33% | 15,507,968/22,368,840 | 57m23s | 2.878 | — | — | — | —
08:33:21 | 4.3 | 7/10 | 4100/4369 |  69.38% | 15,520,768/22,368,840 | 57m16s | 2.828 | — | — | — | —
08:33:27 | 4.3 | 7/10 | 4125/4369 |  69.44% | 15,533,568/22,368,840 | 57m10s | 2.834 | — | — | — | —
08:33:33 | 4.3 | 7/10 | 4150/4369 |  69.50% | 15,546,368/22,368,840 | 57m03s | 2.888 | — | — | — | —
08:33:39 | 4.3 | 7/10 | 4175/4369 |  69.56% | 15,559,168/22,368,840 | 56m57s | 2.777 | — | — | — | —
08:33:45 | 4.3 | 7/10 | 4200/4369 |  69.61% | 15,571,968/22,368,840 | 56m50s | 2.970 | — | — | — | —
08:33:52 | 4.3 | 7/10 | 4225/4369 |  69.67% | 15,584,768/22,368,840 | 56m44s | 2.714 | — | — | — | —
08:33:58 | 4.3 | 7/10 | 4250/4369 |  69.73% | 15,597,568/22,368,840 | 56m37s | 2.719 | — | — | — | —
08:34:04 | 4.3 | 7/10 | 4275/4369 |  69.78% | 15,610,368/22,368,840 | 56m31s | 2.754 | — | — | — | —
08:34:10 | 4.3 | 7/10 | 4300/4369 |  69.84% | 15,623,168/22,368,840 | 56m24s | 2.810 | — | — | — | —
08:34:16 | 4.3 | 7/10 | 4325/4369 |  69.90% | 15,635,968/22,368,840 | 56m17s | 2.866 | — | — | — | —
08:34:22 | 4.3 | 7/10 | 4350/4369 |  69.96% | 15,648,768/22,368,840 | 56m11s | 2.744 | — | — | — | —
08:34:27 | 4.3 | 7/10 | 4369/4369 |  70.00% | 15,658,496/22,368,840 | 56m06s | 2.700 | — | — | — | —
08:34:37 | validation | 7/10 | epoch-end |  70.00% | 15,658,188/22,368,840 | 56m10s | 2.856 |  55.42% |  44.48% |   5.84% | 1.511
08:34:38 | 4.3 | 8/10 | 1/4369 |  70.00% | 15,659,008/22,368,840 | 56m10s | 2.778 | — | — | — | —
08:34:44 | 4.3 | 8/10 | 25/4369 |  70.06% | 15,671,296/22,368,840 | 56m04s | 2.845 | — | — | — | —
08:34:50 | 4.3 | 8/10 | 50/4369 |  70.11% | 15,684,096/22,368,840 | 55m57s | 2.820 | — | — | — | —
08:34:56 | 4.3 | 8/10 | 75/4369 |  70.17% | 15,696,896/22,368,840 | 55m51s | 2.814 | — | — | — | —
08:35:03 | 4.3 | 8/10 | 100/4369 |  70.23% | 15,709,696/22,368,840 | 55m45s | 2.885 | — | — | — | —
08:35:09 | 4.3 | 8/10 | 125/4369 |  70.29% | 15,722,496/22,368,840 | 55m38s | 2.872 | — | — | — | —
08:35:15 | 4.3 | 8/10 | 150/4369 |  70.34% | 15,735,296/22,368,840 | 55m31s | 2.958 | — | — | — | —
08:35:21 | 4.3 | 8/10 | 175/4369 |  70.40% | 15,748,096/22,368,840 | 55m25s | 2.850 | — | — | — | —
08:35:27 | 4.3 | 8/10 | 200/4369 |  70.46% | 15,760,896/22,368,840 | 55m18s | 2.736 | — | — | — | —
08:35:34 | 4.3 | 8/10 | 225/4369 |  70.51% | 15,773,696/22,368,840 | 55m12s | 2.791 | — | — | — | —
08:35:40 | 4.3 | 8/10 | 250/4369 |  70.57% | 15,786,496/22,368,840 | 55m06s | 2.694 | — | — | — | —
08:35:47 | 4.3 | 8/10 | 275/4369 |  70.63% | 15,799,296/22,368,840 | 54m59s | 2.874 | — | — | — | —
08:35:53 | 4.3 | 8/10 | 300/4369 |  70.69% | 15,812,096/22,368,840 | 54m53s | 2.870 | — | — | — | —
08:35:59 | 4.3 | 8/10 | 325/4369 |  70.74% | 15,824,896/22,368,840 | 54m46s | 2.819 | — | — | — | —
08:36:06 | 4.3 | 8/10 | 350/4369 |  70.80% | 15,837,696/22,368,840 | 54m40s | 3.045 | — | — | — | —
08:36:12 | 4.3 | 8/10 | 375/4369 |  70.86% | 15,850,496/22,368,840 | 54m33s | 2.735 | — | — | — | —
08:36:19 | 4.3 | 8/10 | 400/4369 |  70.92% | 15,863,296/22,368,840 | 54m27s | 2.810 | — | — | — | —
08:36:25 | 4.3 | 8/10 | 425/4369 |  70.97% | 15,876,096/22,368,840 | 54m20s | 2.866 | — | — | — | —
08:36:31 | 4.3 | 8/10 | 450/4369 |  71.03% | 15,888,896/22,368,840 | 54m14s | 2.731 | — | — | — | —
08:36:37 | 4.3 | 8/10 | 475/4369 |  71.09% | 15,901,696/22,368,840 | 54m07s | 3.004 | — | — | — | —
08:36:44 | 4.3 | 8/10 | 500/4369 |  71.14% | 15,914,496/22,368,840 | 54m01s | 2.905 | — | — | — | —
08:36:50 | 4.3 | 8/10 | 525/4369 |  71.20% | 15,927,296/22,368,840 | 53m54s | 2.854 | — | — | — | —
08:36:56 | 4.3 | 8/10 | 550/4369 |  71.26% | 15,940,096/22,368,840 | 53m48s | 2.805 | — | — | — | —
08:37:02 | 4.3 | 8/10 | 575/4369 |  71.32% | 15,952,896/22,368,840 | 53m41s | 2.816 | — | — | — | —
08:37:09 | 4.3 | 8/10 | 600/4369 |  71.37% | 15,965,696/22,368,840 | 53m35s | 2.757 | — | — | — | —
08:37:15 | 4.3 | 8/10 | 625/4369 |  71.43% | 15,978,496/22,368,840 | 53m28s | 2.915 | — | — | — | —
08:37:21 | 4.3 | 8/10 | 650/4369 |  71.49% | 15,991,296/22,368,840 | 53m22s | 2.855 | — | — | — | —
08:37:28 | 4.3 | 8/10 | 675/4369 |  71.54% | 16,004,096/22,368,840 | 53m15s | 2.809 | — | — | — | —
08:37:34 | 4.3 | 8/10 | 700/4369 |  71.60% | 16,016,896/22,368,840 | 53m09s | 2.730 | — | — | — | —
08:37:40 | 4.3 | 8/10 | 725/4369 |  71.66% | 16,029,696/22,368,840 | 53m02s | 2.857 | — | — | — | —
08:37:47 | 4.3 | 8/10 | 750/4369 |  71.72% | 16,042,496/22,368,840 | 52m56s | 2.929 | — | — | — | —
08:37:53 | 4.3 | 8/10 | 775/4369 |  71.77% | 16,055,296/22,368,840 | 52m50s | 2.859 | — | — | — | —
08:37:59 | 4.3 | 8/10 | 800/4369 |  71.83% | 16,068,096/22,368,840 | 52m43s | 2.694 | — | — | — | —
08:38:06 | 4.3 | 8/10 | 825/4369 |  71.89% | 16,080,896/22,368,840 | 52m37s | 2.762 | — | — | — | —
08:38:12 | 4.3 | 8/10 | 850/4369 |  71.95% | 16,093,696/22,368,840 | 52m30s | 2.924 | — | — | — | —
08:38:18 | 4.3 | 8/10 | 875/4369 |  72.00% | 16,106,496/22,368,840 | 52m24s | 2.866 | — | — | — | —
08:38:25 | 4.3 | 8/10 | 900/4369 |  72.06% | 16,119,296/22,368,840 | 52m17s | 2.949 | — | — | — | —
08:38:31 | 4.3 | 8/10 | 925/4369 |  72.12% | 16,132,096/22,368,840 | 52m11s | 2.808 | — | — | — | —
08:38:38 | 4.3 | 8/10 | 950/4369 |  72.17% | 16,144,896/22,368,840 | 52m05s | 2.902 | — | — | — | —
08:38:44 | 4.3 | 8/10 | 975/4369 |  72.23% | 16,157,696/22,368,840 | 51m58s | 2.806 | — | — | — | —
08:38:50 | 4.3 | 8/10 | 1000/4369 |  72.29% | 16,170,496/22,368,840 | 51m51s | 2.760 | — | — | — | —
08:38:56 | 4.3 | 8/10 | 1025/4369 |  72.35% | 16,183,296/22,368,840 | 51m45s | 2.842 | — | — | — | —
08:39:02 | 4.3 | 8/10 | 1050/4369 |  72.40% | 16,196,096/22,368,840 | 51m38s | 2.799 | — | — | — | —
08:39:09 | 4.3 | 8/10 | 1075/4369 |  72.46% | 16,208,896/22,368,840 | 51m32s | 2.749 | — | — | — | —
08:39:16 | 4.3 | 8/10 | 1100/4369 |  72.52% | 16,221,696/22,368,840 | 51m26s | 2.830 | — | — | — | —
08:39:22 | 4.3 | 8/10 | 1125/4369 |  72.57% | 16,234,496/22,368,840 | 51m19s | 2.734 | — | — | — | —
08:39:29 | 4.3 | 8/10 | 1150/4369 |  72.63% | 16,247,296/22,368,840 | 51m13s | 2.804 | — | — | — | —
08:39:35 | 4.3 | 8/10 | 1175/4369 |  72.69% | 16,260,096/22,368,840 | 51m06s | 2.808 | — | — | — | —
08:39:41 | 4.3 | 8/10 | 1200/4369 |  72.75% | 16,272,896/22,368,840 | 51m00s | 2.881 | — | — | — | —
08:39:47 | 4.3 | 8/10 | 1225/4369 |  72.80% | 16,285,696/22,368,840 | 50m53s | 2.979 | — | — | — | —
08:39:54 | 4.3 | 8/10 | 1250/4369 |  72.86% | 16,298,496/22,368,840 | 50m47s | 2.677 | — | — | — | —
08:40:00 | 4.3 | 8/10 | 1275/4369 |  72.92% | 16,311,296/22,368,840 | 50m41s | 2.882 | — | — | — | —
08:40:06 | 4.3 | 8/10 | 1300/4369 |  72.98% | 16,324,096/22,368,840 | 50m34s | 2.917 | — | — | — | —
08:40:13 | 4.3 | 8/10 | 1325/4369 |  73.03% | 16,336,896/22,368,840 | 50m28s | 2.880 | — | — | — | —
08:40:19 | 4.3 | 8/10 | 1350/4369 |  73.09% | 16,349,696/22,368,840 | 50m21s | 2.752 | — | — | — | —
08:40:26 | 4.3 | 8/10 | 1375/4369 |  73.15% | 16,362,496/22,368,840 | 50m15s | 2.890 | — | — | — | —
08:40:32 | 4.3 | 8/10 | 1400/4369 |  73.20% | 16,375,296/22,368,840 | 50m08s | 2.822 | — | — | — | —
08:40:38 | 4.3 | 8/10 | 1425/4369 |  73.26% | 16,388,096/22,368,840 | 50m02s | 2.759 | — | — | — | —
08:40:44 | 4.3 | 8/10 | 1450/4369 |  73.32% | 16,400,896/22,368,840 | 49m55s | 2.851 | — | — | — | —
08:40:50 | 4.3 | 8/10 | 1475/4369 |  73.38% | 16,413,696/22,368,840 | 49m49s | 3.031 | — | — | — | —
08:40:57 | 4.3 | 8/10 | 1500/4369 |  73.43% | 16,426,496/22,368,840 | 49m43s | 2.877 | — | — | — | —
08:41:04 | 4.3 | 8/10 | 1525/4369 |  73.49% | 16,439,296/22,368,840 | 49m36s | 2.751 | — | — | — | —
08:41:10 | 4.3 | 8/10 | 1550/4369 |  73.55% | 16,452,096/22,368,840 | 49m30s | 2.799 | — | — | — | —
08:41:16 | 4.3 | 8/10 | 1575/4369 |  73.60% | 16,464,896/22,368,840 | 49m23s | 2.669 | — | — | — | —
08:41:22 | 4.3 | 8/10 | 1600/4369 |  73.66% | 16,477,696/22,368,840 | 49m17s | 2.687 | — | — | — | —
08:41:29 | 4.3 | 8/10 | 1625/4369 |  73.72% | 16,490,496/22,368,840 | 49m10s | 2.729 | — | — | — | —
08:41:35 | 4.3 | 8/10 | 1650/4369 |  73.78% | 16,503,296/22,368,840 | 49m04s | 2.884 | — | — | — | —
08:41:41 | 4.3 | 8/10 | 1675/4369 |  73.83% | 16,516,096/22,368,840 | 48m57s | 2.816 | — | — | — | —
08:41:47 | 4.3 | 8/10 | 1700/4369 |  73.89% | 16,528,896/22,368,840 | 48m51s | 2.805 | — | — | — | —
08:41:54 | 4.3 | 8/10 | 1725/4369 |  73.95% | 16,541,696/22,368,840 | 48m44s | 2.796 | — | — | — | —
08:42:00 | 4.3 | 8/10 | 1750/4369 |  74.01% | 16,554,496/22,368,840 | 48m38s | 2.958 | — | — | — | —
08:42:07 | 4.3 | 8/10 | 1775/4369 |  74.06% | 16,567,296/22,368,840 | 48m31s | 2.860 | — | — | — | —
08:42:13 | 4.3 | 8/10 | 1800/4369 |  74.12% | 16,580,096/22,368,840 | 48m25s | 2.726 | — | — | — | —
08:42:19 | 4.3 | 8/10 | 1825/4369 |  74.18% | 16,592,896/22,368,840 | 48m18s | 2.867 | — | — | — | —
08:42:26 | 4.3 | 8/10 | 1850/4369 |  74.23% | 16,605,696/22,368,840 | 48m12s | 2.813 | — | — | — | —
08:42:32 | 4.3 | 8/10 | 1875/4369 |  74.29% | 16,618,496/22,368,840 | 48m06s | 2.820 | — | — | — | —
08:42:38 | 4.3 | 8/10 | 1900/4369 |  74.35% | 16,631,296/22,368,840 | 47m59s | 3.008 | — | — | — | —
08:42:45 | 4.3 | 8/10 | 1925/4369 |  74.41% | 16,644,096/22,368,840 | 47m53s | 2.848 | — | — | — | —
08:42:51 | 4.3 | 8/10 | 1950/4369 |  74.46% | 16,656,896/22,368,840 | 47m46s | 2.752 | — | — | — | —
08:42:57 | 4.3 | 8/10 | 1975/4369 |  74.52% | 16,669,696/22,368,840 | 47m40s | 2.812 | — | — | — | —
08:43:04 | 4.3 | 8/10 | 2000/4369 |  74.58% | 16,682,496/22,368,840 | 47m33s | 2.908 | — | — | — | —
08:43:10 | 4.3 | 8/10 | 2025/4369 |  74.63% | 16,695,296/22,368,840 | 47m27s | 2.782 | — | — | — | —
08:43:16 | 4.3 | 8/10 | 2050/4369 |  74.69% | 16,708,096/22,368,840 | 47m20s | 2.812 | — | — | — | —
08:43:23 | 4.3 | 8/10 | 2075/4369 |  74.75% | 16,720,896/22,368,840 | 47m14s | 2.781 | — | — | — | —
08:43:29 | 4.3 | 8/10 | 2100/4369 |  74.81% | 16,733,696/22,368,840 | 47m08s | 2.776 | — | — | — | —
08:43:35 | 4.3 | 8/10 | 2125/4369 |  74.86% | 16,746,496/22,368,840 | 47m01s | 3.035 | — | — | — | —
08:43:42 | 4.3 | 8/10 | 2150/4369 |  74.92% | 16,759,296/22,368,840 | 46m55s | 2.756 | — | — | — | —
08:43:48 | 4.3 | 8/10 | 2175/4369 |  74.98% | 16,772,096/22,368,840 | 46m48s | 2.679 | — | — | — | —
08:43:54 | 4.3 | 8/10 | 2200/4369 |  75.04% | 16,784,896/22,368,840 | 46m42s | 2.891 | — | — | — | —
08:44:00 | 4.3 | 8/10 | 2225/4369 |  75.09% | 16,797,696/22,368,840 | 46m35s | 2.886 | — | — | — | —
08:44:07 | 4.3 | 8/10 | 2250/4369 |  75.15% | 16,810,496/22,368,840 | 46m29s | 2.846 | — | — | — | —
08:44:14 | 4.3 | 8/10 | 2275/4369 |  75.21% | 16,823,296/22,368,840 | 46m22s | 2.806 | — | — | — | —
08:44:20 | 4.3 | 8/10 | 2300/4369 |  75.26% | 16,836,096/22,368,840 | 46m16s | 2.830 | — | — | — | —
08:44:26 | 4.3 | 8/10 | 2325/4369 |  75.32% | 16,848,896/22,368,840 | 46m09s | 2.813 | — | — | — | —
08:44:32 | 4.3 | 8/10 | 2350/4369 |  75.38% | 16,861,696/22,368,840 | 46m03s | 2.807 | — | — | — | —
08:44:38 | 4.3 | 8/10 | 2375/4369 |  75.44% | 16,874,496/22,368,840 | 45m56s | 2.843 | — | — | — | —
08:44:45 | 4.3 | 8/10 | 2400/4369 |  75.49% | 16,887,296/22,368,840 | 45m50s | 2.978 | — | — | — | —
08:44:51 | 4.3 | 8/10 | 2425/4369 |  75.55% | 16,900,096/22,368,840 | 45m43s | 2.840 | — | — | — | —
08:44:57 | 4.3 | 8/10 | 2450/4369 |  75.61% | 16,912,896/22,368,840 | 45m37s | 2.840 | — | — | — | —
08:45:04 | 4.3 | 8/10 | 2475/4369 |  75.66% | 16,925,696/22,368,840 | 45m31s | 2.925 | — | — | — | —
08:45:10 | 4.3 | 8/10 | 2500/4369 |  75.72% | 16,938,496/22,368,840 | 45m24s | 2.848 | — | — | — | —
08:45:17 | 4.3 | 8/10 | 2525/4369 |  75.78% | 16,951,296/22,368,840 | 45m18s | 2.799 | — | — | — | —
08:45:23 | 4.3 | 8/10 | 2550/4369 |  75.84% | 16,964,096/22,368,840 | 45m11s | 2.882 | — | — | — | —
08:45:29 | 4.3 | 8/10 | 2575/4369 |  75.89% | 16,976,896/22,368,840 | 45m05s | 2.786 | — | — | — | —
08:45:36 | 4.3 | 8/10 | 2600/4369 |  75.95% | 16,989,696/22,368,840 | 44m58s | 2.849 | — | — | — | —
08:45:42 | 4.3 | 8/10 | 2625/4369 |  76.01% | 17,002,496/22,368,840 | 44m52s | 2.800 | — | — | — | —
08:45:49 | 4.3 | 8/10 | 2650/4369 |  76.07% | 17,015,296/22,368,840 | 44m46s | 2.829 | — | — | — | —
08:45:55 | 4.3 | 8/10 | 2675/4369 |  76.12% | 17,028,096/22,368,840 | 44m39s | 2.777 | — | — | — | —
08:46:01 | 4.3 | 8/10 | 2700/4369 |  76.18% | 17,040,896/22,368,840 | 44m33s | 2.736 | — | — | — | —
08:46:08 | 4.3 | 8/10 | 2725/4369 |  76.24% | 17,053,696/22,368,840 | 44m26s | 2.777 | — | — | — | —
08:46:14 | 4.3 | 8/10 | 2750/4369 |  76.29% | 17,066,496/22,368,840 | 44m20s | 2.817 | — | — | — | —
08:46:20 | 4.3 | 8/10 | 2775/4369 |  76.35% | 17,079,296/22,368,840 | 44m13s | 2.870 | — | — | — | —
08:46:27 | 4.3 | 8/10 | 2800/4369 |  76.41% | 17,092,096/22,368,840 | 44m07s | 2.791 | — | — | — | —
08:46:33 | 4.3 | 8/10 | 2825/4369 |  76.47% | 17,104,896/22,368,840 | 44m00s | 2.865 | — | — | — | —
08:46:39 | 4.3 | 8/10 | 2850/4369 |  76.52% | 17,117,696/22,368,840 | 43m54s | 2.828 | — | — | — | —
08:46:46 | 4.3 | 8/10 | 2875/4369 |  76.58% | 17,130,496/22,368,840 | 43m48s | 2.770 | — | — | — | —
08:46:52 | 4.3 | 8/10 | 2900/4369 |  76.64% | 17,143,296/22,368,840 | 43m41s | 2.780 | — | — | — | —
08:46:58 | 4.3 | 8/10 | 2925/4369 |  76.69% | 17,156,096/22,368,840 | 43m35s | 2.861 | — | — | — | —
08:47:05 | 4.3 | 8/10 | 2950/4369 |  76.75% | 17,168,896/22,368,840 | 43m28s | 2.769 | — | — | — | —
08:47:11 | 4.3 | 8/10 | 2975/4369 |  76.81% | 17,181,696/22,368,840 | 43m22s | 2.814 | — | — | — | —
08:47:18 | 4.3 | 8/10 | 3000/4369 |  76.87% | 17,194,496/22,368,840 | 43m15s | 2.817 | — | — | — | —
08:47:24 | 4.3 | 8/10 | 3025/4369 |  76.92% | 17,207,296/22,368,840 | 43m09s | 2.737 | — | — | — | —
08:47:30 | 4.3 | 8/10 | 3050/4369 |  76.98% | 17,220,096/22,368,840 | 43m03s | 2.806 | — | — | — | —
08:47:36 | 4.3 | 8/10 | 3075/4369 |  77.04% | 17,232,896/22,368,840 | 42m56s | 2.767 | — | — | — | —
08:47:43 | 4.3 | 8/10 | 3100/4369 |  77.10% | 17,245,696/22,368,840 | 42m50s | 2.814 | — | — | — | —
08:47:49 | 4.3 | 8/10 | 3125/4369 |  77.15% | 17,258,496/22,368,840 | 42m43s | 2.957 | — | — | — | —
08:47:55 | 4.3 | 8/10 | 3150/4369 |  77.21% | 17,271,296/22,368,840 | 42m37s | 2.880 | — | — | — | —
08:48:02 | 4.3 | 8/10 | 3175/4369 |  77.27% | 17,284,096/22,368,840 | 42m30s | 2.730 | — | — | — | —
08:48:08 | 4.3 | 8/10 | 3200/4369 |  77.32% | 17,296,896/22,368,840 | 42m24s | 2.791 | — | — | — | —
08:48:14 | 4.3 | 8/10 | 3225/4369 |  77.38% | 17,309,696/22,368,840 | 42m17s | 2.921 | — | — | — | —
08:48:21 | 4.3 | 8/10 | 3250/4369 |  77.44% | 17,322,496/22,368,840 | 42m11s | 2.783 | — | — | — | —
08:48:28 | 4.3 | 8/10 | 3275/4369 |  77.50% | 17,335,296/22,368,840 | 42m05s | 2.806 | — | — | — | —
08:48:34 | 4.3 | 8/10 | 3300/4369 |  77.55% | 17,348,096/22,368,840 | 41m58s | 2.833 | — | — | — | —
08:48:40 | 4.3 | 8/10 | 3325/4369 |  77.61% | 17,360,896/22,368,840 | 41m52s | 2.826 | — | — | — | —
08:48:47 | 4.3 | 8/10 | 3350/4369 |  77.67% | 17,373,696/22,368,840 | 41m45s | 2.896 | — | — | — | —
08:48:53 | 4.3 | 8/10 | 3375/4369 |  77.72% | 17,386,496/22,368,840 | 41m39s | 2.765 | — | — | — | —
08:48:59 | 4.3 | 8/10 | 3400/4369 |  77.78% | 17,399,296/22,368,840 | 41m32s | 2.835 | — | — | — | —
08:49:06 | 4.3 | 8/10 | 3425/4369 |  77.84% | 17,412,096/22,368,840 | 41m26s | 2.928 | — | — | — | —
08:49:12 | 4.3 | 8/10 | 3450/4369 |  77.90% | 17,424,896/22,368,840 | 41m20s | 2.855 | — | — | — | —
08:49:18 | 4.3 | 8/10 | 3475/4369 |  77.95% | 17,437,696/22,368,840 | 41m13s | 2.864 | — | — | — | —
08:49:24 | 4.3 | 8/10 | 3500/4369 |  78.01% | 17,450,496/22,368,840 | 41m07s | 2.842 | — | — | — | —
08:49:31 | 4.3 | 8/10 | 3525/4369 |  78.07% | 17,463,296/22,368,840 | 41m00s | 2.762 | — | — | — | —
08:49:38 | 4.3 | 8/10 | 3550/4369 |  78.13% | 17,476,096/22,368,840 | 40m54s | 2.875 | — | — | — | —
08:49:44 | 4.3 | 8/10 | 3575/4369 |  78.18% | 17,488,896/22,368,840 | 40m47s | 2.836 | — | — | — | —
08:49:50 | 4.3 | 8/10 | 3600/4369 |  78.24% | 17,501,696/22,368,840 | 40m41s | 2.848 | — | — | — | —
08:49:56 | 4.3 | 8/10 | 3625/4369 |  78.30% | 17,514,496/22,368,840 | 40m34s | 2.852 | — | — | — | —
08:50:03 | 4.3 | 8/10 | 3650/4369 |  78.35% | 17,527,296/22,368,840 | 40m28s | 2.875 | — | — | — | —
08:50:09 | 4.3 | 8/10 | 3675/4369 |  78.41% | 17,540,096/22,368,840 | 40m22s | 2.910 | — | — | — | —
08:50:16 | 4.3 | 8/10 | 3700/4369 |  78.47% | 17,552,896/22,368,840 | 40m15s | 3.089 | — | — | — | —
08:50:22 | 4.3 | 8/10 | 3725/4369 |  78.53% | 17,565,696/22,368,840 | 40m09s | 2.715 | — | — | — | —
08:50:28 | 4.3 | 8/10 | 3750/4369 |  78.58% | 17,578,496/22,368,840 | 40m02s | 2.736 | — | — | — | —
08:50:34 | 4.3 | 8/10 | 3775/4369 |  78.64% | 17,591,296/22,368,840 | 39m56s | 2.880 | — | — | — | —
08:50:41 | 4.3 | 8/10 | 3800/4369 |  78.70% | 17,604,096/22,368,840 | 39m49s | 2.842 | — | — | — | —
08:50:47 | 4.3 | 8/10 | 3825/4369 |  78.75% | 17,616,896/22,368,840 | 39m43s | 2.812 | — | — | — | —
08:50:54 | 4.3 | 8/10 | 3850/4369 |  78.81% | 17,629,696/22,368,840 | 39m37s | 2.858 | — | — | — | —
08:51:00 | 4.3 | 8/10 | 3875/4369 |  78.87% | 17,642,496/22,368,840 | 39m30s | 2.798 | — | — | — | —
08:51:06 | 4.3 | 8/10 | 3900/4369 |  78.93% | 17,655,296/22,368,840 | 39m24s | 2.783 | — | — | — | —
08:51:12 | 4.3 | 8/10 | 3925/4369 |  78.98% | 17,668,096/22,368,840 | 39m17s | 2.744 | — | — | — | —
08:51:19 | 4.3 | 8/10 | 3950/4369 |  79.04% | 17,680,896/22,368,840 | 39m11s | 2.850 | — | — | — | —
08:51:25 | 4.3 | 8/10 | 3975/4369 |  79.10% | 17,693,696/22,368,840 | 39m04s | 2.963 | — | — | — | —
08:51:32 | 4.3 | 8/10 | 4000/4369 |  79.16% | 17,706,496/22,368,840 | 38m58s | 2.864 | — | — | — | —
08:51:39 | 4.3 | 8/10 | 4025/4369 |  79.21% | 17,719,296/22,368,840 | 38m52s | 2.740 | — | — | — | —
08:51:45 | 4.3 | 8/10 | 4050/4369 |  79.27% | 17,732,096/22,368,840 | 38m45s | 2.810 | — | — | — | —
08:51:51 | 4.3 | 8/10 | 4075/4369 |  79.33% | 17,744,896/22,368,840 | 38m39s | 2.870 | — | — | — | —
08:51:57 | 4.3 | 8/10 | 4100/4369 |  79.38% | 17,757,696/22,368,840 | 38m32s | 2.967 | — | — | — | —
08:52:03 | 4.3 | 8/10 | 4125/4369 |  79.44% | 17,770,496/22,368,840 | 38m26s | 2.919 | — | — | — | —
08:52:11 | 4.3 | 8/10 | 4150/4369 |  79.50% | 17,783,296/22,368,840 | 38m19s | 2.797 | — | — | — | —
08:52:17 | 4.3 | 8/10 | 4175/4369 |  79.56% | 17,796,096/22,368,840 | 38m13s | 2.844 | — | — | — | —
08:52:23 | 4.3 | 8/10 | 4200/4369 |  79.61% | 17,808,896/22,368,840 | 38m06s | 2.713 | — | — | — | —
08:52:29 | 4.3 | 8/10 | 4225/4369 |  79.67% | 17,821,696/22,368,840 | 38m00s | 2.668 | — | — | — | —
08:52:35 | 4.3 | 8/10 | 4250/4369 |  79.73% | 17,834,496/22,368,840 | 37m54s | 2.809 | — | — | — | —
08:52:42 | 4.3 | 8/10 | 4275/4369 |  79.78% | 17,847,296/22,368,840 | 37m47s | 2.834 | — | — | — | —
08:52:49 | 4.3 | 8/10 | 4300/4369 |  79.84% | 17,860,096/22,368,840 | 37m41s | 2.853 | — | — | — | —
08:52:55 | 4.3 | 8/10 | 4325/4369 |  79.90% | 17,872,896/22,368,840 | 37m34s | 2.701 | — | — | — | —
08:53:01 | 4.3 | 8/10 | 4350/4369 |  79.96% | 17,885,696/22,368,840 | 37m28s | 2.834 | — | — | — | —
08:53:06 | 4.3 | 8/10 | 4369/4369 |  80.00% | 17,895,424/22,368,840 | 37m23s | 2.758 | — | — | — | —
08:53:16 | validation | 8/10 | epoch-end |  80.00% | 17,895,072/22,368,840 | 37m26s | 2.831 |  55.52% |  44.77% |   5.82% | 1.501
08:53:17 | 4.3 | 9/10 | 1/4369 |  80.00% | 17,895,936/22,368,840 | 37m25s | 2.828 | — | — | — | —
08:53:23 | 4.3 | 9/10 | 25/4369 |  80.06% | 17,908,224/22,368,840 | 37m19s | 2.841 | — | — | — | —
08:53:30 | 4.3 | 9/10 | 50/4369 |  80.11% | 17,921,024/22,368,840 | 37m13s | 2.838 | — | — | — | —
08:53:36 | 4.3 | 9/10 | 75/4369 |  80.17% | 17,933,824/22,368,840 | 37m06s | 2.888 | — | — | — | —
08:53:42 | 4.3 | 9/10 | 100/4369 |  80.23% | 17,946,624/22,368,840 | 37m00s | 2.833 | — | — | — | —
08:53:48 | 4.3 | 9/10 | 125/4369 |  80.29% | 17,959,424/22,368,840 | 36m53s | 2.833 | — | — | — | —
08:53:55 | 4.3 | 9/10 | 150/4369 |  80.34% | 17,972,224/22,368,840 | 36m47s | 2.808 | — | — | — | —
08:54:02 | 4.3 | 9/10 | 175/4369 |  80.40% | 17,985,024/22,368,840 | 36m41s | 2.783 | — | — | — | —
08:54:08 | 4.3 | 9/10 | 200/4369 |  80.46% | 17,997,824/22,368,840 | 36m34s | 2.935 | — | — | — | —
08:54:14 | 4.3 | 9/10 | 225/4369 |  80.51% | 18,010,624/22,368,840 | 36m28s | 2.750 | — | — | — | —
08:54:20 | 4.3 | 9/10 | 250/4369 |  80.57% | 18,023,424/22,368,840 | 36m21s | 2.821 | — | — | — | —
08:54:27 | 4.3 | 9/10 | 275/4369 |  80.63% | 18,036,224/22,368,840 | 36m15s | 2.795 | — | — | — | —
08:54:34 | 4.3 | 9/10 | 300/4369 |  80.69% | 18,049,024/22,368,840 | 36m09s | 2.682 | — | — | — | —
08:54:41 | 4.3 | 9/10 | 325/4369 |  80.74% | 18,061,824/22,368,840 | 36m02s | 2.927 | — | — | — | —
08:54:47 | 4.3 | 9/10 | 350/4369 |  80.80% | 18,074,624/22,368,840 | 35m56s | 2.795 | — | — | — | —
08:54:53 | 4.3 | 9/10 | 375/4369 |  80.86% | 18,087,424/22,368,840 | 35m49s | 2.728 | — | — | — | —
08:54:59 | 4.3 | 9/10 | 400/4369 |  80.92% | 18,100,224/22,368,840 | 35m43s | 2.954 | — | — | — | —
08:55:05 | 4.3 | 9/10 | 425/4369 |  80.97% | 18,113,024/22,368,840 | 35m36s | 2.688 | — | — | — | —
08:55:12 | 4.3 | 9/10 | 450/4369 |  81.03% | 18,125,824/22,368,840 | 35m30s | 2.759 | — | — | — | —
08:55:19 | 4.3 | 9/10 | 475/4369 |  81.09% | 18,138,624/22,368,840 | 35m24s | 2.775 | — | — | — | —
08:55:25 | 4.3 | 9/10 | 500/4369 |  81.14% | 18,151,424/22,368,840 | 35m17s | 2.687 | — | — | — | —
08:55:31 | 4.3 | 9/10 | 525/4369 |  81.20% | 18,164,224/22,368,840 | 35m11s | 2.635 | — | — | — | —
08:55:37 | 4.3 | 9/10 | 550/4369 |  81.26% | 18,177,024/22,368,840 | 35m04s | 2.750 | — | — | — | —
08:55:44 | 4.3 | 9/10 | 575/4369 |  81.32% | 18,189,824/22,368,840 | 34m58s | 2.712 | — | — | — | —
08:55:51 | 4.3 | 9/10 | 600/4369 |  81.37% | 18,202,624/22,368,840 | 34m51s | 2.749 | — | — | — | —
08:55:57 | 4.3 | 9/10 | 625/4369 |  81.43% | 18,215,424/22,368,840 | 34m45s | 2.864 | — | — | — | —
08:56:03 | 4.3 | 9/10 | 650/4369 |  81.49% | 18,228,224/22,368,840 | 34m38s | 2.801 | — | — | — | —
08:56:09 | 4.3 | 9/10 | 675/4369 |  81.54% | 18,241,024/22,368,840 | 34m32s | 2.936 | — | — | — | —
08:56:16 | 4.3 | 9/10 | 700/4369 |  81.60% | 18,253,824/22,368,840 | 34m26s | 2.879 | — | — | — | —
08:56:23 | 4.3 | 9/10 | 725/4369 |  81.66% | 18,266,624/22,368,840 | 34m19s | 2.930 | — | — | — | —
08:56:29 | 4.3 | 9/10 | 750/4369 |  81.72% | 18,279,424/22,368,840 | 34m13s | 2.752 | — | — | — | —
08:56:35 | 4.3 | 9/10 | 775/4369 |  81.77% | 18,292,224/22,368,840 | 34m06s | 2.916 | — | — | — | —
08:56:41 | 4.3 | 9/10 | 800/4369 |  81.83% | 18,305,024/22,368,840 | 34m00s | 2.830 | — | — | — | —
08:56:48 | 4.3 | 9/10 | 825/4369 |  81.89% | 18,317,824/22,368,840 | 33m53s | 2.773 | — | — | — | —
08:56:55 | 4.3 | 9/10 | 850/4369 |  81.95% | 18,330,624/22,368,840 | 33m47s | 2.871 | — | — | — | —
08:57:01 | 4.3 | 9/10 | 875/4369 |  82.00% | 18,343,424/22,368,840 | 33m41s | 2.850 | — | — | — | —
08:57:07 | 4.3 | 9/10 | 900/4369 |  82.06% | 18,356,224/22,368,840 | 33m34s | 2.730 | — | — | — | —
08:57:14 | 4.3 | 9/10 | 925/4369 |  82.12% | 18,369,024/22,368,840 | 33m28s | 2.768 | — | — | — | —
08:57:20 | 4.3 | 9/10 | 950/4369 |  82.17% | 18,381,824/22,368,840 | 33m21s | 2.894 | — | — | — | —
08:57:27 | 4.3 | 9/10 | 975/4369 |  82.23% | 18,394,624/22,368,840 | 33m15s | 2.741 | — | — | — | —
08:57:33 | 4.3 | 9/10 | 1000/4369 |  82.29% | 18,407,424/22,368,840 | 33m09s | 2.825 | — | — | — | —
08:57:40 | 4.3 | 9/10 | 1025/4369 |  82.35% | 18,420,224/22,368,840 | 33m02s | 2.718 | — | — | — | —
08:57:46 | 4.3 | 9/10 | 1050/4369 |  82.40% | 18,433,024/22,368,840 | 32m56s | 2.840 | — | — | — | —
08:57:52 | 4.3 | 9/10 | 1075/4369 |  82.46% | 18,445,824/22,368,840 | 32m49s | 2.792 | — | — | — | —
08:57:59 | 4.3 | 9/10 | 1100/4369 |  82.52% | 18,458,624/22,368,840 | 32m43s | 2.836 | — | — | — | —
08:58:05 | 4.3 | 9/10 | 1125/4369 |  82.57% | 18,471,424/22,368,840 | 32m36s | 2.997 | — | — | — | —
08:58:12 | 4.3 | 9/10 | 1150/4369 |  82.63% | 18,484,224/22,368,840 | 32m30s | 2.705 | — | — | — | —
08:58:18 | 4.3 | 9/10 | 1175/4369 |  82.69% | 18,497,024/22,368,840 | 32m23s | 2.828 | — | — | — | —
08:58:24 | 4.3 | 9/10 | 1200/4369 |  82.75% | 18,509,824/22,368,840 | 32m17s | 2.753 | — | — | — | —
08:58:31 | 4.3 | 9/10 | 1225/4369 |  82.80% | 18,522,624/22,368,840 | 32m11s | 2.772 | — | — | — | —
08:58:38 | 4.3 | 9/10 | 1250/4369 |  82.86% | 18,535,424/22,368,840 | 32m04s | 2.782 | — | — | — | —
08:58:44 | 4.3 | 9/10 | 1275/4369 |  82.92% | 18,548,224/22,368,840 | 31m58s | 2.814 | — | — | — | —
08:58:50 | 4.3 | 9/10 | 1300/4369 |  82.98% | 18,561,024/22,368,840 | 31m51s | 2.940 | — | — | — | —
08:58:56 | 4.3 | 9/10 | 1325/4369 |  83.03% | 18,573,824/22,368,840 | 31m45s | 2.797 | — | — | — | —
08:59:03 | 4.3 | 9/10 | 1350/4369 |  83.09% | 18,586,624/22,368,840 | 31m38s | 2.897 | — | — | — | —
08:59:10 | 4.3 | 9/10 | 1375/4369 |  83.15% | 18,599,424/22,368,840 | 31m32s | 2.707 | — | — | — | —
08:59:16 | 4.3 | 9/10 | 1400/4369 |  83.20% | 18,612,224/22,368,840 | 31m26s | 2.649 | — | — | — | —
08:59:22 | 4.3 | 9/10 | 1425/4369 |  83.26% | 18,625,024/22,368,840 | 31m19s | 2.978 | — | — | — | —
08:59:29 | 4.3 | 9/10 | 1450/4369 |  83.32% | 18,637,824/22,368,840 | 31m13s | 2.895 | — | — | — | —
08:59:35 | 4.3 | 9/10 | 1475/4369 |  83.38% | 18,650,624/22,368,840 | 31m06s | 2.765 | — | — | — | —
08:59:42 | 4.3 | 9/10 | 1500/4369 |  83.43% | 18,663,424/22,368,840 | 31m00s | 2.829 | — | — | — | —
08:59:48 | 4.3 | 9/10 | 1525/4369 |  83.49% | 18,676,224/22,368,840 | 30m54s | 2.873 | — | — | — | —
08:59:55 | 4.3 | 9/10 | 1550/4369 |  83.55% | 18,689,024/22,368,840 | 30m47s | 2.813 | — | — | — | —
09:00:01 | 4.3 | 9/10 | 1575/4369 |  83.60% | 18,701,824/22,368,840 | 30m41s | 2.811 | — | — | — | —
09:00:07 | 4.3 | 9/10 | 1600/4369 |  83.66% | 18,714,624/22,368,840 | 30m34s | 2.905 | — | — | — | —
09:00:13 | 4.3 | 9/10 | 1625/4369 |  83.72% | 18,727,424/22,368,840 | 30m28s | 2.955 | — | — | — | —
09:00:20 | 4.3 | 9/10 | 1650/4369 |  83.78% | 18,740,224/22,368,840 | 30m21s | 2.833 | — | — | — | —
09:00:26 | 4.3 | 9/10 | 1675/4369 |  83.83% | 18,753,024/22,368,840 | 30m15s | 2.834 | — | — | — | —
09:00:33 | 4.3 | 9/10 | 1700/4369 |  83.89% | 18,765,824/22,368,840 | 30m08s | 2.789 | — | — | — | —
09:00:39 | 4.3 | 9/10 | 1725/4369 |  83.95% | 18,778,624/22,368,840 | 30m02s | 2.928 | — | — | — | —
09:00:46 | 4.3 | 9/10 | 1750/4369 |  84.01% | 18,791,424/22,368,840 | 29m56s | 2.803 | — | — | — | —
09:00:53 | 4.3 | 9/10 | 1775/4369 |  84.06% | 18,804,224/22,368,840 | 29m49s | 2.848 | — | — | — | —
09:00:59 | 4.3 | 9/10 | 1800/4369 |  84.12% | 18,817,024/22,368,840 | 29m43s | 2.855 | — | — | — | —
09:01:05 | 4.3 | 9/10 | 1825/4369 |  84.18% | 18,829,824/22,368,840 | 29m36s | 2.830 | — | — | — | —
09:01:12 | 4.3 | 9/10 | 1850/4369 |  84.23% | 18,842,624/22,368,840 | 29m30s | 2.754 | — | — | — | —
09:01:18 | 4.3 | 9/10 | 1875/4369 |  84.29% | 18,855,424/22,368,840 | 29m24s | 2.689 | — | — | — | —
09:01:25 | 4.3 | 9/10 | 1900/4369 |  84.35% | 18,868,224/22,368,840 | 29m17s | 2.838 | — | — | — | —
09:01:31 | 4.3 | 9/10 | 1925/4369 |  84.41% | 18,881,024/22,368,840 | 29m11s | 2.898 | — | — | — | —
09:01:37 | 4.3 | 9/10 | 1950/4369 |  84.46% | 18,893,824/22,368,840 | 29m04s | 2.857 | — | — | — | —
09:01:43 | 4.3 | 9/10 | 1975/4369 |  84.52% | 18,906,624/22,368,840 | 28m58s | 2.777 | — | — | — | —
09:01:49 | 4.3 | 9/10 | 2000/4369 |  84.58% | 18,919,424/22,368,840 | 28m51s | 2.784 | — | — | — | —
09:01:56 | 4.3 | 9/10 | 2025/4369 |  84.63% | 18,932,224/22,368,840 | 28m45s | 2.901 | — | — | — | —
09:02:02 | 4.3 | 9/10 | 2050/4369 |  84.69% | 18,945,024/22,368,840 | 28m38s | 2.748 | — | — | — | —
09:02:08 | 4.3 | 9/10 | 2075/4369 |  84.75% | 18,957,824/22,368,840 | 28m32s | 2.947 | — | — | — | —
09:02:14 | 4.3 | 9/10 | 2100/4369 |  84.81% | 18,970,624/22,368,840 | 28m25s | 2.757 | — | — | — | —
09:02:20 | 4.3 | 9/10 | 2125/4369 |  84.86% | 18,983,424/22,368,840 | 28m19s | 2.766 | — | — | — | —
09:02:27 | 4.3 | 9/10 | 2150/4369 |  84.92% | 18,996,224/22,368,840 | 28m13s | 2.903 | — | — | — | —
09:02:33 | 4.3 | 9/10 | 2175/4369 |  84.98% | 19,009,024/22,368,840 | 28m06s | 2.792 | — | — | — | —
09:02:39 | 4.3 | 9/10 | 2200/4369 |  85.04% | 19,021,824/22,368,840 | 28m00s | 2.852 | — | — | — | —
09:02:45 | 4.3 | 9/10 | 2225/4369 |  85.09% | 19,034,624/22,368,840 | 27m53s | 2.822 | — | — | — | —
09:02:51 | 4.3 | 9/10 | 2250/4369 |  85.15% | 19,047,424/22,368,840 | 27m47s | 2.808 | — | — | — | —
09:02:58 | 4.3 | 9/10 | 2275/4369 |  85.21% | 19,060,224/22,368,840 | 27m40s | 2.841 | — | — | — | —
09:03:04 | 4.3 | 9/10 | 2300/4369 |  85.26% | 19,073,024/22,368,840 | 27m34s | 2.722 | — | — | — | —
09:03:10 | 4.3 | 9/10 | 2325/4369 |  85.32% | 19,085,824/22,368,840 | 27m27s | 2.779 | — | — | — | —
09:03:17 | 4.3 | 9/10 | 2350/4369 |  85.38% | 19,098,624/22,368,840 | 27m21s | 2.696 | — | — | — | —
09:03:23 | 4.3 | 9/10 | 2375/4369 |  85.44% | 19,111,424/22,368,840 | 27m14s | 2.789 | — | — | — | —
09:03:29 | 4.3 | 9/10 | 2400/4369 |  85.49% | 19,124,224/22,368,840 | 27m08s | 2.890 | — | — | — | —
09:03:36 | 4.3 | 9/10 | 2425/4369 |  85.55% | 19,137,024/22,368,840 | 27m02s | 2.656 | — | — | — | —
09:03:42 | 4.3 | 9/10 | 2450/4369 |  85.61% | 19,149,824/22,368,840 | 26m55s | 2.772 | — | — | — | —
09:03:49 | 4.3 | 9/10 | 2475/4369 |  85.66% | 19,162,624/22,368,840 | 26m49s | 2.705 | — | — | — | —
09:03:55 | 4.3 | 9/10 | 2500/4369 |  85.72% | 19,175,424/22,368,840 | 26m42s | 2.832 | — | — | — | —
09:04:01 | 4.3 | 9/10 | 2525/4369 |  85.78% | 19,188,224/22,368,840 | 26m36s | 2.879 | — | — | — | —
09:04:08 | 4.3 | 9/10 | 2550/4369 |  85.84% | 19,201,024/22,368,840 | 26m29s | 2.834 | — | — | — | —
09:04:14 | 4.3 | 9/10 | 2575/4369 |  85.89% | 19,213,824/22,368,840 | 26m23s | 2.814 | — | — | — | —
09:04:20 | 4.3 | 9/10 | 2600/4369 |  85.95% | 19,226,624/22,368,840 | 26m17s | 2.855 | — | — | — | —
09:04:27 | 4.3 | 9/10 | 2625/4369 |  86.01% | 19,239,424/22,368,840 | 26m10s | 2.733 | — | — | — | —
09:04:33 | 4.3 | 9/10 | 2650/4369 |  86.07% | 19,252,224/22,368,840 | 26m04s | 2.819 | — | — | — | —
09:04:39 | 4.3 | 9/10 | 2675/4369 |  86.12% | 19,265,024/22,368,840 | 25m57s | 2.872 | — | — | — | —
09:04:46 | 4.3 | 9/10 | 2700/4369 |  86.18% | 19,277,824/22,368,840 | 25m51s | 2.873 | — | — | — | —
09:04:52 | 4.3 | 9/10 | 2725/4369 |  86.24% | 19,290,624/22,368,840 | 25m44s | 2.876 | — | — | — | —
09:04:58 | 4.3 | 9/10 | 2750/4369 |  86.29% | 19,303,424/22,368,840 | 25m38s | 2.740 | — | — | — | —
09:05:05 | 4.3 | 9/10 | 2775/4369 |  86.35% | 19,316,224/22,368,840 | 25m32s | 2.824 | — | — | — | —
09:05:11 | 4.3 | 9/10 | 2800/4369 |  86.41% | 19,329,024/22,368,840 | 25m25s | 2.879 | — | — | — | —
09:05:18 | 4.3 | 9/10 | 2825/4369 |  86.47% | 19,341,824/22,368,840 | 25m19s | 2.889 | — | — | — | —
09:05:24 | 4.3 | 9/10 | 2850/4369 |  86.52% | 19,354,624/22,368,840 | 25m12s | 2.834 | — | — | — | —
09:05:30 | 4.3 | 9/10 | 2875/4369 |  86.58% | 19,367,424/22,368,840 | 25m06s | 2.833 | — | — | — | —
09:05:36 | 4.3 | 9/10 | 2900/4369 |  86.64% | 19,380,224/22,368,840 | 24m59s | 2.726 | — | — | — | —
09:05:43 | 4.3 | 9/10 | 2925/4369 |  86.69% | 19,393,024/22,368,840 | 24m53s | 2.773 | — | — | — | —
09:05:50 | 4.3 | 9/10 | 2950/4369 |  86.75% | 19,405,824/22,368,840 | 24m47s | 2.711 | — | — | — | —
09:05:56 | 4.3 | 9/10 | 2975/4369 |  86.81% | 19,418,624/22,368,840 | 24m40s | 2.755 | — | — | — | —
09:06:02 | 4.3 | 9/10 | 3000/4369 |  86.87% | 19,431,424/22,368,840 | 24m34s | 2.873 | — | — | — | —
09:06:08 | 4.3 | 9/10 | 3025/4369 |  86.92% | 19,444,224/22,368,840 | 24m27s | 2.865 | — | — | — | —
09:06:15 | 4.3 | 9/10 | 3050/4369 |  86.98% | 19,457,024/22,368,840 | 24m21s | 2.963 | — | — | — | —
09:06:21 | 4.3 | 9/10 | 3075/4369 |  87.04% | 19,469,824/22,368,840 | 24m14s | 2.810 | — | — | — | —
09:06:27 | 4.3 | 9/10 | 3100/4369 |  87.10% | 19,482,624/22,368,840 | 24m08s | 2.820 | — | — | — | —
09:06:34 | 4.3 | 9/10 | 3125/4369 |  87.15% | 19,495,424/22,368,840 | 24m02s | 2.801 | — | — | — | —
09:06:40 | 4.3 | 9/10 | 3150/4369 |  87.21% | 19,508,224/22,368,840 | 23m55s | 2.730 | — | — | — | —
09:06:46 | 4.3 | 9/10 | 3175/4369 |  87.27% | 19,521,024/22,368,840 | 23m49s | 2.782 | — | — | — | —
09:06:53 | 4.3 | 9/10 | 3200/4369 |  87.32% | 19,533,824/22,368,840 | 23m42s | 2.824 | — | — | — | —
09:06:59 | 4.3 | 9/10 | 3225/4369 |  87.38% | 19,546,624/22,368,840 | 23m36s | 2.944 | — | — | — | —
09:07:05 | 4.3 | 9/10 | 3250/4369 |  87.44% | 19,559,424/22,368,840 | 23m29s | 2.764 | — | — | — | —
09:07:13 | 4.3 | 9/10 | 3275/4369 |  87.50% | 19,572,224/22,368,840 | 23m23s | 2.707 | — | — | — | —
09:07:19 | 4.3 | 9/10 | 3300/4369 |  87.55% | 19,585,024/22,368,840 | 23m17s | 2.855 | — | — | — | —
09:07:25 | 4.3 | 9/10 | 3325/4369 |  87.61% | 19,597,824/22,368,840 | 23m10s | 2.790 | — | — | — | —
09:07:31 | 4.3 | 9/10 | 3350/4369 |  87.67% | 19,610,624/22,368,840 | 23m04s | 2.890 | — | — | — | —
09:07:38 | 4.3 | 9/10 | 3375/4369 |  87.72% | 19,623,424/22,368,840 | 22m57s | 2.883 | — | — | — | —
09:07:44 | 4.3 | 9/10 | 3400/4369 |  87.78% | 19,636,224/22,368,840 | 22m51s | 2.857 | — | — | — | —
09:07:51 | 4.3 | 9/10 | 3425/4369 |  87.84% | 19,649,024/22,368,840 | 22m44s | 2.848 | — | — | — | —
09:07:57 | 4.3 | 9/10 | 3450/4369 |  87.90% | 19,661,824/22,368,840 | 22m38s | 2.873 | — | — | — | —
09:08:04 | 4.3 | 9/10 | 3475/4369 |  87.95% | 19,674,624/22,368,840 | 22m32s | 2.945 | — | — | — | —
09:08:10 | 4.3 | 9/10 | 3500/4369 |  88.01% | 19,687,424/22,368,840 | 22m25s | 3.016 | — | — | — | —
09:08:16 | 4.3 | 9/10 | 3525/4369 |  88.07% | 19,700,224/22,368,840 | 22m19s | 2.812 | — | — | — | —
09:08:22 | 4.3 | 9/10 | 3550/4369 |  88.13% | 19,713,024/22,368,840 | 22m12s | 2.861 | — | — | — | —
09:08:29 | 4.3 | 9/10 | 3575/4369 |  88.18% | 19,725,824/22,368,840 | 22m06s | 2.827 | — | — | — | —
09:08:35 | 4.3 | 9/10 | 3600/4369 |  88.24% | 19,738,624/22,368,840 | 21m59s | 2.799 | — | — | — | —
09:08:42 | 4.3 | 9/10 | 3625/4369 |  88.30% | 19,751,424/22,368,840 | 21m53s | 2.927 | — | — | — | —
09:08:48 | 4.3 | 9/10 | 3650/4369 |  88.35% | 19,764,224/22,368,840 | 21m46s | 2.900 | — | — | — | —
09:08:54 | 4.3 | 9/10 | 3675/4369 |  88.41% | 19,777,024/22,368,840 | 21m40s | 2.741 | — | — | — | —
09:09:00 | 4.3 | 9/10 | 3700/4369 |  88.47% | 19,789,824/22,368,840 | 21m34s | 2.870 | — | — | — | —
09:09:07 | 4.3 | 9/10 | 3725/4369 |  88.53% | 19,802,624/22,368,840 | 21m27s | 2.806 | — | — | — | —
09:09:14 | 4.3 | 9/10 | 3750/4369 |  88.58% | 19,815,424/22,368,840 | 21m21s | 2.794 | — | — | — | —
09:09:21 | 4.3 | 9/10 | 3775/4369 |  88.64% | 19,828,224/22,368,840 | 21m14s | 2.847 | — | — | — | —
09:09:27 | 4.3 | 9/10 | 3800/4369 |  88.70% | 19,841,024/22,368,840 | 21m08s | 2.839 | — | — | — | —
09:09:34 | 4.3 | 9/10 | 3825/4369 |  88.75% | 19,853,824/22,368,840 | 21m02s | 2.855 | — | — | — | —
09:09:41 | 4.3 | 9/10 | 3850/4369 |  88.81% | 19,866,624/22,368,840 | 20m55s | 2.775 | — | — | — | —
09:09:47 | 4.3 | 9/10 | 3875/4369 |  88.87% | 19,879,424/22,368,840 | 20m49s | 2.948 | — | — | — | —
09:09:53 | 4.3 | 9/10 | 3900/4369 |  88.93% | 19,892,224/22,368,840 | 20m42s | 2.812 | — | — | — | —
09:10:00 | 4.3 | 9/10 | 3925/4369 |  88.98% | 19,905,024/22,368,840 | 20m36s | 2.832 | — | — | — | —
09:10:06 | 4.3 | 9/10 | 3950/4369 |  89.04% | 19,917,824/22,368,840 | 20m30s | 2.729 | — | — | — | —
09:10:13 | 4.3 | 9/10 | 3975/4369 |  89.10% | 19,930,624/22,368,840 | 20m23s | 2.681 | — | — | — | —
09:10:20 | 4.3 | 9/10 | 4000/4369 |  89.16% | 19,943,424/22,368,840 | 20m17s | 2.783 | — | — | — | —
09:10:26 | 4.3 | 9/10 | 4025/4369 |  89.21% | 19,956,224/22,368,840 | 20m10s | 2.717 | — | — | — | —
09:10:33 | 4.3 | 9/10 | 4050/4369 |  89.27% | 19,969,024/22,368,840 | 20m04s | 2.838 | — | — | — | —
09:10:39 | 4.3 | 9/10 | 4075/4369 |  89.33% | 19,981,824/22,368,840 | 19m58s | 2.836 | — | — | — | —
09:10:45 | 4.3 | 9/10 | 4100/4369 |  89.38% | 19,994,624/22,368,840 | 19m51s | 2.848 | — | — | — | —
09:10:52 | 4.3 | 9/10 | 4125/4369 |  89.44% | 20,007,424/22,368,840 | 19m45s | 2.757 | — | — | — | —
09:10:58 | 4.3 | 9/10 | 4150/4369 |  89.50% | 20,020,224/22,368,840 | 19m38s | 2.733 | — | — | — | —
09:11:05 | 4.3 | 9/10 | 4175/4369 |  89.56% | 20,033,024/22,368,840 | 19m32s | 2.845 | — | — | — | —
09:11:11 | 4.3 | 9/10 | 4200/4369 |  89.61% | 20,045,824/22,368,840 | 19m25s | 2.703 | — | — | — | —
09:11:17 | 4.3 | 9/10 | 4225/4369 |  89.67% | 20,058,624/22,368,840 | 19m19s | 2.787 | — | — | — | —
09:11:24 | 4.3 | 9/10 | 4250/4369 |  89.73% | 20,071,424/22,368,840 | 19m13s | 2.815 | — | — | — | —
09:11:31 | 4.3 | 9/10 | 4275/4369 |  89.78% | 20,084,224/22,368,840 | 19m06s | 2.863 | — | — | — | —
09:11:38 | 4.3 | 9/10 | 4300/4369 |  89.84% | 20,097,024/22,368,840 | 19m00s | 2.802 | — | — | — | —
09:11:44 | 4.3 | 9/10 | 4325/4369 |  89.90% | 20,109,824/22,368,840 | 18m53s | 2.647 | — | — | — | —
09:11:50 | 4.3 | 9/10 | 4350/4369 |  89.96% | 20,122,624/22,368,840 | 18m47s | 2.753 | — | — | — | —
09:11:55 | 4.3 | 9/10 | 4369/4369 |  90.00% | 20,132,352/22,368,840 | 18m42s | 2.915 | — | — | — | —
09:12:05 | validation | 9/10 | epoch-end |  90.00% | 20,131,956/22,368,840 | 18m43s | 2.815 |  55.87% |  44.71% |   5.83% | 1.503
09:12:06 | 4.3 | 10/10 | 1/4369 |  90.00% | 20,132,864/22,368,840 | 18m43s | 2.802 | — | — | — | —
09:12:12 | 4.3 | 10/10 | 25/4369 |  90.06% | 20,145,152/22,368,840 | 18m37s | 2.702 | — | — | — | —
09:12:19 | 4.3 | 10/10 | 50/4369 |  90.11% | 20,157,952/22,368,840 | 18m30s | 2.724 | — | — | — | —
09:12:25 | 4.3 | 10/10 | 75/4369 |  90.17% | 20,170,752/22,368,840 | 18m24s | 2.862 | — | — | — | —
09:12:31 | 4.3 | 10/10 | 100/4369 |  90.23% | 20,183,552/22,368,840 | 18m17s | 2.887 | — | — | — | —
09:12:38 | 4.3 | 10/10 | 125/4369 |  90.29% | 20,196,352/22,368,840 | 18m11s | 2.808 | — | — | — | —
09:12:44 | 4.3 | 10/10 | 150/4369 |  90.34% | 20,209,152/22,368,840 | 18m05s | 2.921 | — | — | — | —
09:12:51 | 4.3 | 10/10 | 175/4369 |  90.40% | 20,221,952/22,368,840 | 17m58s | 2.687 | — | — | — | —
09:12:57 | 4.3 | 10/10 | 200/4369 |  90.46% | 20,234,752/22,368,840 | 17m52s | 2.826 | — | — | — | —
09:13:04 | 4.3 | 10/10 | 225/4369 |  90.51% | 20,247,552/22,368,840 | 17m45s | 2.796 | — | — | — | —
09:13:10 | 4.3 | 10/10 | 250/4369 |  90.57% | 20,260,352/22,368,840 | 17m39s | 2.683 | — | — | — | —
09:13:16 | 4.3 | 10/10 | 275/4369 |  90.63% | 20,273,152/22,368,840 | 17m33s | 2.732 | — | — | — | —
09:13:22 | 4.3 | 10/10 | 300/4369 |  90.69% | 20,285,952/22,368,840 | 17m26s | 2.704 | — | — | — | —
09:13:29 | 4.3 | 10/10 | 325/4369 |  90.74% | 20,298,752/22,368,840 | 17m20s | 2.772 | — | — | — | —
09:13:35 | 4.3 | 10/10 | 350/4369 |  90.80% | 20,311,552/22,368,840 | 17m13s | 2.837 | — | — | — | —
09:13:42 | 4.3 | 10/10 | 375/4369 |  90.86% | 20,324,352/22,368,840 | 17m07s | 2.697 | — | — | — | —
09:13:48 | 4.3 | 10/10 | 400/4369 |  90.92% | 20,337,152/22,368,840 | 17m00s | 2.796 | — | — | — | —
09:13:54 | 4.3 | 10/10 | 425/4369 |  90.97% | 20,349,952/22,368,840 | 16m54s | 2.779 | — | — | — | —
09:14:01 | 4.3 | 10/10 | 450/4369 |  91.03% | 20,362,752/22,368,840 | 16m47s | 2.599 | — | — | — | —
09:14:07 | 4.3 | 10/10 | 475/4369 |  91.09% | 20,375,552/22,368,840 | 16m41s | 2.804 | — | — | — | —
09:14:14 | 4.3 | 10/10 | 500/4369 |  91.14% | 20,388,352/22,368,840 | 16m35s | 2.784 | — | — | — | —
09:14:20 | 4.3 | 10/10 | 525/4369 |  91.20% | 20,401,152/22,368,840 | 16m28s | 2.901 | — | — | — | —
09:14:26 | 4.3 | 10/10 | 550/4369 |  91.26% | 20,413,952/22,368,840 | 16m22s | 2.846 | — | — | — | —
09:14:33 | 4.3 | 10/10 | 575/4369 |  91.32% | 20,426,752/22,368,840 | 16m15s | 2.722 | — | — | — | —
09:14:39 | 4.3 | 10/10 | 600/4369 |  91.37% | 20,439,552/22,368,840 | 16m09s | 2.800 | — | — | — | —
09:14:46 | 4.3 | 10/10 | 625/4369 |  91.43% | 20,452,352/22,368,840 | 16m02s | 2.866 | — | — | — | —
09:14:52 | 4.3 | 10/10 | 650/4369 |  91.49% | 20,465,152/22,368,840 | 15m56s | 2.798 | — | — | — | —
09:14:58 | 4.3 | 10/10 | 675/4369 |  91.54% | 20,477,952/22,368,840 | 15m50s | 2.624 | — | — | — | —
09:15:04 | 4.3 | 10/10 | 700/4369 |  91.60% | 20,490,752/22,368,840 | 15m43s | 2.661 | — | — | — | —
09:15:11 | 4.3 | 10/10 | 725/4369 |  91.66% | 20,503,552/22,368,840 | 15m37s | 2.841 | — | — | — | —
09:15:18 | 4.3 | 10/10 | 750/4369 |  91.72% | 20,516,352/22,368,840 | 15m30s | 2.809 | — | — | — | —
09:15:24 | 4.3 | 10/10 | 775/4369 |  91.77% | 20,529,152/22,368,840 | 15m24s | 2.871 | — | — | — | —
09:15:30 | 4.3 | 10/10 | 800/4369 |  91.83% | 20,541,952/22,368,840 | 15m17s | 2.882 | — | — | — | —
09:15:36 | 4.3 | 10/10 | 825/4369 |  91.89% | 20,554,752/22,368,840 | 15m11s | 2.785 | — | — | — | —
09:15:43 | 4.3 | 10/10 | 850/4369 |  91.95% | 20,567,552/22,368,840 | 15m04s | 2.658 | — | — | — | —
09:15:50 | 4.3 | 10/10 | 875/4369 |  92.00% | 20,580,352/22,368,840 | 14m58s | 2.822 | — | — | — | —
09:15:56 | 4.3 | 10/10 | 900/4369 |  92.06% | 20,593,152/22,368,840 | 14m52s | 2.747 | — | — | — | —
09:16:02 | 4.3 | 10/10 | 925/4369 |  92.12% | 20,605,952/22,368,840 | 14m45s | 2.775 | — | — | — | —
09:16:09 | 4.3 | 10/10 | 950/4369 |  92.17% | 20,618,752/22,368,840 | 14m39s | 2.753 | — | — | — | —
09:16:15 | 4.3 | 10/10 | 975/4369 |  92.23% | 20,631,552/22,368,840 | 14m32s | 2.903 | — | — | — | —
09:16:22 | 4.3 | 10/10 | 1000/4369 |  92.29% | 20,644,352/22,368,840 | 14m26s | 2.795 | — | — | — | —
09:16:28 | 4.3 | 10/10 | 1025/4369 |  92.35% | 20,657,152/22,368,840 | 14m20s | 2.852 | — | — | — | —
09:16:34 | 4.3 | 10/10 | 1050/4369 |  92.40% | 20,669,952/22,368,840 | 14m13s | 2.777 | — | — | — | —
09:16:41 | 4.3 | 10/10 | 1075/4369 |  92.46% | 20,682,752/22,368,840 | 14m07s | 2.687 | — | — | — | —
09:16:48 | 4.3 | 10/10 | 1100/4369 |  92.52% | 20,695,552/22,368,840 | 14m00s | 2.903 | — | — | — | —
09:16:54 | 4.3 | 10/10 | 1125/4369 |  92.57% | 20,708,352/22,368,840 | 13m54s | 2.820 | — | — | — | —
09:17:00 | 4.3 | 10/10 | 1150/4369 |  92.63% | 20,721,152/22,368,840 | 13m47s | 2.758 | — | — | — | —
09:17:07 | 4.3 | 10/10 | 1175/4369 |  92.69% | 20,733,952/22,368,840 | 13m41s | 2.802 | — | — | — | —
09:17:13 | 4.3 | 10/10 | 1200/4369 |  92.75% | 20,746,752/22,368,840 | 13m35s | 2.932 | — | — | — | —
09:17:19 | 4.3 | 10/10 | 1225/4369 |  92.80% | 20,759,552/22,368,840 | 13m28s | 2.795 | — | — | — | —
09:17:26 | 4.3 | 10/10 | 1250/4369 |  92.86% | 20,772,352/22,368,840 | 13m22s | 2.767 | — | — | — | —
09:17:32 | 4.3 | 10/10 | 1275/4369 |  92.92% | 20,785,152/22,368,840 | 13m15s | 2.830 | — | — | — | —
09:17:39 | 4.3 | 10/10 | 1300/4369 |  92.98% | 20,797,952/22,368,840 | 13m09s | 2.803 | — | — | — | —
09:17:45 | 4.3 | 10/10 | 1325/4369 |  93.03% | 20,810,752/22,368,840 | 13m02s | 2.915 | — | — | — | —
09:17:52 | 4.3 | 10/10 | 1350/4369 |  93.09% | 20,823,552/22,368,840 | 12m56s | 2.847 | — | — | — | —
09:17:58 | 4.3 | 10/10 | 1375/4369 |  93.15% | 20,836,352/22,368,840 | 12m49s | 2.899 | — | — | — | —
09:18:04 | 4.3 | 10/10 | 1400/4369 |  93.20% | 20,849,152/22,368,840 | 12m43s | 2.789 | — | — | — | —
09:18:11 | 4.3 | 10/10 | 1425/4369 |  93.26% | 20,861,952/22,368,840 | 12m37s | 2.818 | — | — | — | —
09:18:17 | 4.3 | 10/10 | 1450/4369 |  93.32% | 20,874,752/22,368,840 | 12m30s | 2.797 | — | — | — | —
09:18:23 | 4.3 | 10/10 | 1475/4369 |  93.38% | 20,887,552/22,368,840 | 12m24s | 2.904 | — | — | — | —
09:18:29 | 4.3 | 10/10 | 1500/4369 |  93.43% | 20,900,352/22,368,840 | 12m17s | 2.801 | — | — | — | —
09:18:35 | 4.3 | 10/10 | 1525/4369 |  93.49% | 20,913,152/22,368,840 | 12m11s | 2.729 | — | — | — | —
09:18:41 | 4.3 | 10/10 | 1550/4369 |  93.55% | 20,925,952/22,368,840 | 12m04s | 2.878 | — | — | — | —
09:18:48 | 4.3 | 10/10 | 1575/4369 |  93.60% | 20,938,752/22,368,840 | 11m58s | 2.779 | — | — | — | —
09:18:54 | 4.3 | 10/10 | 1600/4369 |  93.66% | 20,951,552/22,368,840 | 11m51s | 2.755 | — | — | — | —
09:19:00 | 4.3 | 10/10 | 1625/4369 |  93.72% | 20,964,352/22,368,840 | 11m45s | 2.609 | — | — | — | —
09:19:06 | 4.3 | 10/10 | 1650/4369 |  93.78% | 20,977,152/22,368,840 | 11m39s | 2.918 | — | — | — | —
09:19:13 | 4.3 | 10/10 | 1675/4369 |  93.83% | 20,989,952/22,368,840 | 11m32s | 2.805 | — | — | — | —
09:19:19 | 4.3 | 10/10 | 1700/4369 |  93.89% | 21,002,752/22,368,840 | 11m26s | 2.850 | — | — | — | —
09:19:26 | 4.3 | 10/10 | 1725/4369 |  93.95% | 21,015,552/22,368,840 | 11m19s | 2.726 | — | — | — | —
09:19:32 | 4.3 | 10/10 | 1750/4369 |  94.01% | 21,028,352/22,368,840 | 11m13s | 2.644 | — | — | — | —
09:19:38 | 4.3 | 10/10 | 1775/4369 |  94.06% | 21,041,152/22,368,840 | 11m06s | 2.834 | — | — | — | —
09:19:44 | 4.3 | 10/10 | 1800/4369 |  94.12% | 21,053,952/22,368,840 | 11m00s | 2.784 | — | — | — | —
09:19:50 | 4.3 | 10/10 | 1825/4369 |  94.18% | 21,066,752/22,368,840 | 10m54s | 2.763 | — | — | — | —
09:19:57 | 4.3 | 10/10 | 1850/4369 |  94.23% | 21,079,552/22,368,840 | 10m47s | 2.929 | — | — | — | —
09:20:03 | 4.3 | 10/10 | 1875/4369 |  94.29% | 21,092,352/22,368,840 | 10m41s | 2.859 | — | — | — | —
09:20:10 | 4.3 | 10/10 | 1900/4369 |  94.35% | 21,105,152/22,368,840 | 10m34s | 2.822 | — | — | — | —
09:20:16 | 4.3 | 10/10 | 1925/4369 |  94.41% | 21,117,952/22,368,840 | 10m28s | 2.823 | — | — | — | —
09:20:22 | 4.3 | 10/10 | 1950/4369 |  94.46% | 21,130,752/22,368,840 | 10m21s | 2.745 | — | — | — | —
09:20:29 | 4.3 | 10/10 | 1975/4369 |  94.52% | 21,143,552/22,368,840 | 10m15s | 2.712 | — | — | — | —
09:20:35 | 4.3 | 10/10 | 2000/4369 |  94.58% | 21,156,352/22,368,840 | 10m09s | 2.700 | — | — | — | —
09:20:41 | 4.3 | 10/10 | 2025/4369 |  94.63% | 21,169,152/22,368,840 | 10m02s | 2.818 | — | — | — | —
09:20:48 | 4.3 | 10/10 | 2050/4369 |  94.69% | 21,181,952/22,368,840 | 09m56s | 2.807 | — | — | — | —
09:20:54 | 4.3 | 10/10 | 2075/4369 |  94.75% | 21,194,752/22,368,840 | 09m49s | 2.778 | — | — | — | —
09:21:00 | 4.3 | 10/10 | 2100/4369 |  94.81% | 21,207,552/22,368,840 | 09m43s | 2.850 | — | — | — | —
09:21:07 | 4.3 | 10/10 | 2125/4369 |  94.86% | 21,220,352/22,368,840 | 09m36s | 2.803 | — | — | — | —
09:21:13 | 4.3 | 10/10 | 2150/4369 |  94.92% | 21,233,152/22,368,840 | 09m30s | 2.772 | — | — | — | —
09:21:19 | 4.3 | 10/10 | 2175/4369 |  94.98% | 21,245,952/22,368,840 | 09m23s | 2.820 | — | — | — | —
09:21:25 | 4.3 | 10/10 | 2200/4369 |  95.04% | 21,258,752/22,368,840 | 09m17s | 2.835 | — | — | — | —
09:21:32 | 4.3 | 10/10 | 2225/4369 |  95.09% | 21,271,552/22,368,840 | 09m11s | 2.820 | — | — | — | —
09:21:39 | 4.3 | 10/10 | 2250/4369 |  95.15% | 21,284,352/22,368,840 | 09m04s | 2.864 | — | — | — | —
09:21:45 | 4.3 | 10/10 | 2275/4369 |  95.21% | 21,297,152/22,368,840 | 08m58s | 2.841 | — | — | — | —
09:21:51 | 4.3 | 10/10 | 2300/4369 |  95.26% | 21,309,952/22,368,840 | 08m51s | 2.881 | — | — | — | —
09:21:57 | 4.3 | 10/10 | 2325/4369 |  95.32% | 21,322,752/22,368,840 | 08m45s | 2.680 | — | — | — | —
09:22:03 | 4.3 | 10/10 | 2350/4369 |  95.38% | 21,335,552/22,368,840 | 08m38s | 2.782 | — | — | — | —
09:22:09 | 4.3 | 10/10 | 2375/4369 |  95.44% | 21,348,352/22,368,840 | 08m32s | 2.787 | — | — | — | —
09:22:17 | 4.3 | 10/10 | 2400/4369 |  95.49% | 21,361,152/22,368,840 | 08m26s | 2.849 | — | — | — | —
09:22:23 | 4.3 | 10/10 | 2425/4369 |  95.55% | 21,373,952/22,368,840 | 08m19s | 2.864 | — | — | — | —
09:22:29 | 4.3 | 10/10 | 2450/4369 |  95.61% | 21,386,752/22,368,840 | 08m13s | 2.847 | — | — | — | —
09:22:36 | 4.3 | 10/10 | 2475/4369 |  95.66% | 21,399,552/22,368,840 | 08m06s | 3.035 | — | — | — | —
09:22:42 | 4.3 | 10/10 | 2500/4369 |  95.72% | 21,412,352/22,368,840 | 08m00s | 2.782 | — | — | — | —
09:22:48 | 4.3 | 10/10 | 2525/4369 |  95.78% | 21,425,152/22,368,840 | 07m53s | 2.839 | — | — | — | —
09:22:54 | 4.3 | 10/10 | 2550/4369 |  95.84% | 21,437,952/22,368,840 | 07m47s | 2.852 | — | — | — | —
09:23:01 | 4.3 | 10/10 | 2575/4369 |  95.89% | 21,450,752/22,368,840 | 07m41s | 2.852 | — | — | — | —
09:23:08 | 4.3 | 10/10 | 2600/4369 |  95.95% | 21,463,552/22,368,840 | 07m34s | 2.708 | — | — | — | —
09:23:14 | 4.3 | 10/10 | 2625/4369 |  96.01% | 21,476,352/22,368,840 | 07m28s | 2.821 | — | — | — | —
09:23:20 | 4.3 | 10/10 | 2650/4369 |  96.07% | 21,489,152/22,368,840 | 07m21s | 2.938 | — | — | — | —
09:23:26 | 4.3 | 10/10 | 2675/4369 |  96.12% | 21,501,952/22,368,840 | 07m15s | 2.778 | — | — | — | —
09:23:33 | 4.3 | 10/10 | 2700/4369 |  96.18% | 21,514,752/22,368,840 | 07m08s | 2.928 | — | — | — | —
09:23:39 | 4.3 | 10/10 | 2725/4369 |  96.24% | 21,527,552/22,368,840 | 07m02s | 2.865 | — | — | — | —
09:23:45 | 4.3 | 10/10 | 2750/4369 |  96.29% | 21,540,352/22,368,840 | 06m56s | 2.833 | — | — | — | —
09:23:52 | 4.3 | 10/10 | 2775/4369 |  96.35% | 21,553,152/22,368,840 | 06m49s | 2.818 | — | — | — | —
09:23:58 | 4.3 | 10/10 | 2800/4369 |  96.41% | 21,565,952/22,368,840 | 06m43s | 2.762 | — | — | — | —
09:24:05 | 4.3 | 10/10 | 2825/4369 |  96.47% | 21,578,752/22,368,840 | 06m36s | 2.694 | — | — | — | —
09:24:11 | 4.3 | 10/10 | 2850/4369 |  96.52% | 21,591,552/22,368,840 | 06m30s | 2.640 | — | — | — | —
09:24:18 | 4.3 | 10/10 | 2875/4369 |  96.58% | 21,604,352/22,368,840 | 06m24s | 2.804 | — | — | — | —
09:24:24 | 4.3 | 10/10 | 2900/4369 |  96.64% | 21,617,152/22,368,840 | 06m17s | 2.871 | — | — | — | —
09:24:30 | 4.3 | 10/10 | 2925/4369 |  96.69% | 21,629,952/22,368,840 | 06m11s | 2.662 | — | — | — | —
09:24:37 | 4.3 | 10/10 | 2950/4369 |  96.75% | 21,642,752/22,368,840 | 06m04s | 2.834 | — | — | — | —
09:24:43 | 4.3 | 10/10 | 2975/4369 |  96.81% | 21,655,552/22,368,840 | 05m58s | 2.826 | — | — | — | —
09:24:50 | 4.3 | 10/10 | 3000/4369 |  96.87% | 21,668,352/22,368,840 | 05m51s | 2.882 | — | — | — | —
09:24:56 | 4.3 | 10/10 | 3025/4369 |  96.92% | 21,681,152/22,368,840 | 05m45s | 2.901 | — | — | — | —
09:25:02 | 4.3 | 10/10 | 3050/4369 |  96.98% | 21,693,952/22,368,840 | 05m39s | 2.821 | — | — | — | —
09:25:08 | 4.3 | 10/10 | 3075/4369 |  97.04% | 21,706,752/22,368,840 | 05m32s | 2.929 | — | — | — | —
09:25:15 | 4.3 | 10/10 | 3100/4369 |  97.10% | 21,719,552/22,368,840 | 05m26s | 2.742 | — | — | — | —
09:25:21 | 4.3 | 10/10 | 3125/4369 |  97.15% | 21,732,352/22,368,840 | 05m19s | 2.800 | — | — | — | —
09:25:28 | 4.3 | 10/10 | 3150/4369 |  97.21% | 21,745,152/22,368,840 | 05m13s | 2.820 | — | — | — | —
09:25:34 | 4.3 | 10/10 | 3175/4369 |  97.27% | 21,757,952/22,368,840 | 05m06s | 2.860 | — | — | — | —
09:25:40 | 4.3 | 10/10 | 3200/4369 |  97.32% | 21,770,752/22,368,840 | 05m00s | 2.766 | — | — | — | —
09:25:47 | 4.3 | 10/10 | 3225/4369 |  97.38% | 21,783,552/22,368,840 | 04m54s | 2.792 | — | — | — | —
09:25:53 | 4.3 | 10/10 | 3250/4369 |  97.44% | 21,796,352/22,368,840 | 04m47s | 2.669 | — | — | — | —
09:26:00 | 4.3 | 10/10 | 3275/4369 |  97.50% | 21,809,152/22,368,840 | 04m41s | 2.806 | — | — | — | —
09:26:06 | 4.3 | 10/10 | 3300/4369 |  97.55% | 21,821,952/22,368,840 | 04m34s | 2.820 | — | — | — | —
09:26:12 | 4.3 | 10/10 | 3325/4369 |  97.61% | 21,834,752/22,368,840 | 04m28s | 2.854 | — | — | — | —
09:26:19 | 4.3 | 10/10 | 3350/4369 |  97.67% | 21,847,552/22,368,840 | 04m21s | 2.847 | — | — | — | —
09:26:25 | 4.3 | 10/10 | 3375/4369 |  97.72% | 21,860,352/22,368,840 | 04m15s | 2.868 | — | — | — | —
09:26:31 | 4.3 | 10/10 | 3400/4369 |  97.78% | 21,873,152/22,368,840 | 04m09s | 2.864 | — | — | — | —
09:26:38 | 4.3 | 10/10 | 3425/4369 |  97.84% | 21,885,952/22,368,840 | 04m02s | 2.797 | — | — | — | —
09:26:45 | 4.3 | 10/10 | 3450/4369 |  97.90% | 21,898,752/22,368,840 | 03m56s | 2.649 | — | — | — | —
09:26:51 | 4.3 | 10/10 | 3475/4369 |  97.95% | 21,911,552/22,368,840 | 03m49s | 2.881 | — | — | — | —
09:26:57 | 4.3 | 10/10 | 3500/4369 |  98.01% | 21,924,352/22,368,840 | 03m43s | 2.837 | — | — | — | —
09:27:03 | 4.3 | 10/10 | 3525/4369 |  98.07% | 21,937,152/22,368,840 | 03m36s | 2.729 | — | — | — | —
09:27:10 | 4.3 | 10/10 | 3550/4369 |  98.13% | 21,949,952/22,368,840 | 03m30s | 2.779 | — | — | — | —
09:27:17 | 4.3 | 10/10 | 3575/4369 |  98.18% | 21,962,752/22,368,840 | 03m24s | 2.841 | — | — | — | —
09:27:23 | 4.3 | 10/10 | 3600/4369 |  98.24% | 21,975,552/22,368,840 | 03m17s | 2.834 | — | — | — | —
09:27:29 | 4.3 | 10/10 | 3625/4369 |  98.30% | 21,988,352/22,368,840 | 03m11s | 2.841 | — | — | — | —
09:27:35 | 4.3 | 10/10 | 3650/4369 |  98.35% | 22,001,152/22,368,840 | 03m04s | 2.809 | — | — | — | —
09:27:41 | 4.3 | 10/10 | 3675/4369 |  98.41% | 22,013,952/22,368,840 | 02m58s | 2.678 | — | — | — | —
09:27:48 | 4.3 | 10/10 | 3700/4369 |  98.47% | 22,026,752/22,368,840 | 02m51s | 3.042 | — | — | — | —
09:27:54 | 4.3 | 10/10 | 3725/4369 |  98.53% | 22,039,552/22,368,840 | 02m45s | 2.761 | — | — | — | —
09:28:01 | 4.3 | 10/10 | 3750/4369 |  98.58% | 22,052,352/22,368,840 | 02m39s | 2.879 | — | — | — | —
09:28:07 | 4.3 | 10/10 | 3775/4369 |  98.64% | 22,065,152/22,368,840 | 02m32s | 2.744 | — | — | — | —
09:28:13 | 4.3 | 10/10 | 3800/4369 |  98.70% | 22,077,952/22,368,840 | 02m26s | 2.898 | — | — | — | —
09:28:19 | 4.3 | 10/10 | 3825/4369 |  98.75% | 22,090,752/22,368,840 | 02m19s | 2.752 | — | — | — | —
09:28:27 | 4.3 | 10/10 | 3850/4369 |  98.81% | 22,103,552/22,368,840 | 02m13s | 2.633 | — | — | — | —
09:28:33 | 4.3 | 10/10 | 3875/4369 |  98.87% | 22,116,352/22,368,840 | 02m06s | 2.963 | — | — | — | —
09:28:40 | 4.3 | 10/10 | 3900/4369 |  98.93% | 22,129,152/22,368,840 | 02m00s | 2.854 | — | — | — | —
09:28:46 | 4.3 | 10/10 | 3925/4369 |  98.98% | 22,141,952/22,368,840 | 01m54s | 2.825 | — | — | — | —
09:28:52 | 4.3 | 10/10 | 3950/4369 |  99.04% | 22,154,752/22,368,840 | 01m47s | 2.828 | — | — | — | —
09:28:59 | 4.3 | 10/10 | 3975/4369 |  99.10% | 22,167,552/22,368,840 | 01m41s | 2.706 | — | — | — | —
09:29:05 | 4.3 | 10/10 | 4000/4369 |  99.16% | 22,180,352/22,368,840 | 01m34s | 2.932 | — | — | — | —
09:29:12 | 4.3 | 10/10 | 4025/4369 |  99.21% | 22,193,152/22,368,840 | 01m28s | 2.749 | — | — | — | —
09:29:18 | 4.3 | 10/10 | 4050/4369 |  99.27% | 22,205,952/22,368,840 | 01m21s | 2.843 | — | — | — | —
09:29:25 | 4.3 | 10/10 | 4075/4369 |  99.33% | 22,218,752/22,368,840 | 01m15s | 2.664 | — | — | — | —
09:29:31 | 4.3 | 10/10 | 4100/4369 |  99.38% | 22,231,552/22,368,840 | 01m09s | 2.885 | — | — | — | —
09:29:38 | 4.3 | 10/10 | 4125/4369 |  99.44% | 22,244,352/22,368,840 | 01m02s | 2.855 | — | — | — | —
09:29:44 | 4.3 | 10/10 | 4150/4369 |  99.50% | 22,257,152/22,368,840 | 00m56s | 2.729 | — | — | — | —
09:29:50 | 4.3 | 10/10 | 4175/4369 |  99.56% | 22,269,952/22,368,840 | 00m49s | 2.794 | — | — | — | —
09:29:57 | 4.3 | 10/10 | 4200/4369 |  99.61% | 22,282,752/22,368,840 | 00m43s | 2.831 | — | — | — | —
09:30:03 | 4.3 | 10/10 | 4225/4369 |  99.67% | 22,295,552/22,368,840 | 00m37s | 2.737 | — | — | — | —
09:30:11 | 4.3 | 10/10 | 4250/4369 |  99.73% | 22,308,352/22,368,840 | 00m30s | 2.818 | — | — | — | —
09:30:17 | 4.3 | 10/10 | 4275/4369 |  99.78% | 22,321,152/22,368,840 | 00m24s | 2.815 | — | — | — | —
09:30:23 | 4.3 | 10/10 | 4300/4369 |  99.84% | 22,333,952/22,368,840 | 00m17s | 2.765 | — | — | — | —
09:30:29 | 4.3 | 10/10 | 4325/4369 |  99.90% | 22,346,752/22,368,840 | 00m11s | 2.885 | — | — | — | —
09:30:35 | 4.3 | 10/10 | 4350/4369 |  99.96% | 22,359,552/22,368,840 | 00m04s | 2.664 | — | — | — | —
09:30:40 | 4.3 | 10/10 | 4369/4369 | 100.00% | 22,368,840/22,368,840 | done | 2.805 | — | — | — | —
09:30:52 | validation | 10/10 | epoch-end | 100.00% | 22,368,840/22,368,840 | done | 2.805 |  55.72% |  44.82% |   6.06% | 1.502
